key	alignment	segment	mode	shift	runes	log_lr_nats
K-A primes	per-section	7	sub	0	729	-87.55
K-A primes	per-section	8	sub	0	1145	-134.84
K-A primes	per-section	9	sub	0	1729	-210.04
K-A primes	per-section	10	sub	0	9	-3.05
K-A primes	per-section	11	sub	0	1894	-246.70
K-A primes	per-section	12	sub	0	1021	-125.16
K-A primes	per-section	13	sub	0	1524	-184.95
K-A primes	per-section	14	sub	0	1589	-168.89
K-A primes	per-section	15	sub	0	3316	-391.92
K-A primes	continuous	7-15	sub	0	12956	-1554.77
K-A primes	per-section	7	sub	1	729	-84.59
K-A primes	per-section	8	sub	1	1145	-148.30
K-A primes	per-section	9	sub	1	1729	-188.70
K-A primes	per-section	10	sub	1	9	-3.95
K-A primes	per-section	11	sub	1	1894	-229.25
K-A primes	per-section	12	sub	1	1021	-121.18
K-A primes	per-section	13	sub	1	1524	-168.03
K-A primes	per-section	14	sub	1	1589	-200.09
K-A primes	per-section	15	sub	1	3316	-405.63
K-A primes	continuous	7-15	sub	1	12956	-1531.49
K-A primes	per-section	7	sub	2	729	-107.63
K-A primes	per-section	8	sub	2	1145	-126.29
K-A primes	per-section	9	sub	2	1729	-193.87
K-A primes	per-section	10	sub	2	9	-6.31
K-A primes	per-section	11	sub	2	1894	-219.05
K-A primes	per-section	12	sub	2	1021	-123.19
K-A primes	per-section	13	sub	2	1524	-186.62
K-A primes	per-section	14	sub	2	1589	-204.73
K-A primes	per-section	15	sub	2	3316	-399.63
K-A primes	continuous	7-15	sub	2	12956	-1489.20
K-A primes	per-section	7	sub	3	729	-87.41
K-A primes	per-section	8	sub	3	1145	-149.19
K-A primes	per-section	9	sub	3	1729	-216.16
K-A primes	per-section	10	sub	3	9	-3.39
K-A primes	per-section	11	sub	3	1894	-227.30
K-A primes	per-section	12	sub	3	1021	-126.68
K-A primes	per-section	13	sub	3	1524	-183.20
K-A primes	per-section	14	sub	3	1589	-190.37
K-A primes	per-section	15	sub	3	3316	-397.42
K-A primes	continuous	7-15	sub	3	12956	-1490.77
K-A primes	per-section	7	sub	4	729	-88.56
K-A primes	per-section	8	sub	4	1145	-112.70
K-A primes	per-section	9	sub	4	1729	-196.64
K-A primes	per-section	10	sub	4	9	-0.58
K-A primes	per-section	11	sub	4	1894	-242.14
K-A primes	per-section	12	sub	4	1021	-115.21
K-A primes	per-section	13	sub	4	1524	-189.72
K-A primes	per-section	14	sub	4	1589	-191.56
K-A primes	per-section	15	sub	4	3316	-392.41
K-A primes	continuous	7-15	sub	4	12956	-1549.31
K-A primes	per-section	7	sub	5	729	-102.41
K-A primes	per-section	8	sub	5	1145	-146.78
K-A primes	per-section	9	sub	5	1729	-207.18
K-A primes	per-section	10	sub	5	9	-5.49
K-A primes	per-section	11	sub	5	1894	-230.26
K-A primes	per-section	12	sub	5	1021	-132.84
K-A primes	per-section	13	sub	5	1524	-184.42
K-A primes	per-section	14	sub	5	1589	-209.45
K-A primes	per-section	15	sub	5	3316	-374.14
K-A primes	continuous	7-15	sub	5	12956	-1520.07
K-A primes	per-section	7	sub	6	729	-91.17
K-A primes	per-section	8	sub	6	1145	-133.52
K-A primes	per-section	9	sub	6	1729	-200.34
K-A primes	per-section	10	sub	6	9	-0.59
K-A primes	per-section	11	sub	6	1894	-240.19
K-A primes	per-section	12	sub	6	1021	-133.32
K-A primes	per-section	13	sub	6	1524	-179.83
K-A primes	per-section	14	sub	6	1589	-188.24
K-A primes	per-section	15	sub	6	3316	-407.10
K-A primes	continuous	7-15	sub	6	12956	-1522.01
K-A primes	per-section	7	sub	7	729	-91.66
K-A primes	per-section	8	sub	7	1145	-126.81
K-A primes	per-section	9	sub	7	1729	-213.51
K-A primes	per-section	10	sub	7	9	-2.44
K-A primes	per-section	11	sub	7	1894	-223.20
K-A primes	per-section	12	sub	7	1021	-124.58
K-A primes	per-section	13	sub	7	1524	-184.15
K-A primes	per-section	14	sub	7	1589	-203.15
K-A primes	per-section	15	sub	7	3316	-379.83
K-A primes	continuous	7-15	sub	7	12956	-1560.55
K-A primes	per-section	7	sub	8	729	-81.61
K-A primes	per-section	8	sub	8	1145	-132.64
K-A primes	per-section	9	sub	8	1729	-219.88
K-A primes	per-section	10	sub	8	9	-0.68
K-A primes	per-section	11	sub	8	1894	-232.23
K-A primes	per-section	12	sub	8	1021	-120.92
K-A primes	per-section	13	sub	8	1524	-185.66
K-A primes	per-section	14	sub	8	1589	-195.71
K-A primes	per-section	15	sub	8	3316	-389.82
K-A primes	continuous	7-15	sub	8	12956	-1543.13
K-A primes	per-section	7	sub	9	729	-98.16
K-A primes	per-section	8	sub	9	1145	-135.48
K-A primes	per-section	9	sub	9	1729	-220.54
K-A primes	per-section	10	sub	9	9	0.83
K-A primes	per-section	11	sub	9	1894	-242.38
K-A primes	per-section	12	sub	9	1021	-136.10
K-A primes	per-section	13	sub	9	1524	-179.18
K-A primes	per-section	14	sub	9	1589	-206.61
K-A primes	per-section	15	sub	9	3316	-403.55
K-A primes	continuous	7-15	sub	9	12956	-1556.15
K-A primes	per-section	7	sub	10	729	-89.42
K-A primes	per-section	8	sub	10	1145	-137.22
K-A primes	per-section	9	sub	10	1729	-213.83
K-A primes	per-section	10	sub	10	9	-0.54
K-A primes	per-section	11	sub	10	1894	-226.26
K-A primes	per-section	12	sub	10	1021	-140.57
K-A primes	per-section	13	sub	10	1524	-200.04
K-A primes	per-section	14	sub	10	1589	-198.04
K-A primes	per-section	15	sub	10	3316	-388.12
K-A primes	continuous	7-15	sub	10	12956	-1541.42
K-A primes	per-section	7	sub	11	729	-85.77
K-A primes	per-section	8	sub	11	1145	-147.55
K-A primes	per-section	9	sub	11	1729	-226.66
K-A primes	per-section	10	sub	11	9	0.46
K-A primes	per-section	11	sub	11	1894	-210.31
K-A primes	per-section	12	sub	11	1021	-130.38
K-A primes	per-section	13	sub	11	1524	-188.92
K-A primes	per-section	14	sub	11	1589	-184.58
K-A primes	per-section	15	sub	11	3316	-393.96
K-A primes	continuous	7-15	sub	11	12956	-1502.04
K-A primes	per-section	7	sub	12	729	-102.26
K-A primes	per-section	8	sub	12	1145	-141.38
K-A primes	per-section	9	sub	12	1729	-209.60
K-A primes	per-section	10	sub	12	9	3.33
K-A primes	per-section	11	sub	12	1894	-213.26
K-A primes	per-section	12	sub	12	1021	-130.52
K-A primes	per-section	13	sub	12	1524	-157.80
K-A primes	per-section	14	sub	12	1589	-197.98
K-A primes	per-section	15	sub	12	3316	-408.46
K-A primes	continuous	7-15	sub	12	12956	-1584.59
K-A primes	per-section	7	sub	13	729	-96.72
K-A primes	per-section	8	sub	13	1145	-140.84
K-A primes	per-section	9	sub	13	1729	-215.47
K-A primes	per-section	10	sub	13	9	-5.61
K-A primes	per-section	11	sub	13	1894	-227.00
K-A primes	per-section	12	sub	13	1021	-121.85
K-A primes	per-section	13	sub	13	1524	-174.85
K-A primes	per-section	14	sub	13	1589	-179.47
K-A primes	per-section	15	sub	13	3316	-389.66
K-A primes	continuous	7-15	sub	13	12956	-1519.80
K-A primes	per-section	7	sub	14	729	-95.65
K-A primes	per-section	8	sub	14	1145	-139.34
K-A primes	per-section	9	sub	14	1729	-213.18
K-A primes	per-section	10	sub	14	9	-1.12
K-A primes	per-section	11	sub	14	1894	-204.86
K-A primes	per-section	12	sub	14	1021	-118.53
K-A primes	per-section	13	sub	14	1524	-195.07
K-A primes	per-section	14	sub	14	1589	-193.03
K-A primes	per-section	15	sub	14	3316	-404.79
K-A primes	continuous	7-15	sub	14	12956	-1547.39
K-A primes	per-section	7	sub	15	729	-90.26
K-A primes	per-section	8	sub	15	1145	-141.44
K-A primes	per-section	9	sub	15	1729	-196.66
K-A primes	per-section	10	sub	15	9	-7.48
K-A primes	per-section	11	sub	15	1894	-214.21
K-A primes	per-section	12	sub	15	1021	-120.64
K-A primes	per-section	13	sub	15	1524	-171.47
K-A primes	per-section	14	sub	15	1589	-192.72
K-A primes	per-section	15	sub	15	3316	-409.19
K-A primes	continuous	7-15	sub	15	12956	-1518.41
K-A primes	per-section	7	sub	16	729	-77.73
K-A primes	per-section	8	sub	16	1145	-141.52
K-A primes	per-section	9	sub	16	1729	-219.64
K-A primes	per-section	10	sub	16	9	-5.34
K-A primes	per-section	11	sub	16	1894	-228.65
K-A primes	per-section	12	sub	16	1021	-135.92
K-A primes	per-section	13	sub	16	1524	-180.32
K-A primes	per-section	14	sub	16	1589	-170.97
K-A primes	per-section	15	sub	16	3316	-353.45
K-A primes	continuous	7-15	sub	16	12956	-1523.98
K-A primes	per-section	7	sub	17	729	-89.19
K-A primes	per-section	8	sub	17	1145	-122.01
K-A primes	per-section	9	sub	17	1729	-209.27
K-A primes	per-section	10	sub	17	9	-3.82
K-A primes	per-section	11	sub	17	1894	-224.35
K-A primes	per-section	12	sub	17	1021	-124.47
K-A primes	per-section	13	sub	17	1524	-165.10
K-A primes	per-section	14	sub	17	1589	-192.25
K-A primes	per-section	15	sub	17	3316	-394.90
K-A primes	continuous	7-15	sub	17	12956	-1554.57
K-A primes	per-section	7	sub	18	729	-82.09
K-A primes	per-section	8	sub	18	1145	-143.33
K-A primes	per-section	9	sub	18	1729	-221.81
K-A primes	per-section	10	sub	18	9	0.19
K-A primes	per-section	11	sub	18	1894	-241.06
K-A primes	per-section	12	sub	18	1021	-137.56
K-A primes	per-section	13	sub	18	1524	-196.53
K-A primes	per-section	14	sub	18	1589	-195.98
K-A primes	per-section	15	sub	18	3316	-412.51
K-A primes	continuous	7-15	sub	18	12956	-1549.74
K-A primes	per-section	7	sub	19	729	-93.48
K-A primes	per-section	8	sub	19	1145	-134.43
K-A primes	per-section	9	sub	19	1729	-206.33
K-A primes	per-section	10	sub	19	9	-4.01
K-A primes	per-section	11	sub	19	1894	-229.30
K-A primes	per-section	12	sub	19	1021	-130.72
K-A primes	per-section	13	sub	19	1524	-192.61
K-A primes	per-section	14	sub	19	1589	-214.83
K-A primes	per-section	15	sub	19	3316	-387.55
K-A primes	continuous	7-15	sub	19	12956	-1522.21
K-A primes	per-section	7	sub	20	729	-100.04
K-A primes	per-section	8	sub	20	1145	-137.97
K-A primes	per-section	9	sub	20	1729	-205.30
K-A primes	per-section	10	sub	20	9	-1.51
K-A primes	per-section	11	sub	20	1894	-232.19
K-A primes	per-section	12	sub	20	1021	-143.63
K-A primes	per-section	13	sub	20	1524	-190.72
K-A primes	per-section	14	sub	20	1589	-208.05
K-A primes	per-section	15	sub	20	3316	-380.62
K-A primes	continuous	7-15	sub	20	12956	-1558.44
K-A primes	per-section	7	sub	21	729	-83.63
K-A primes	per-section	8	sub	21	1145	-131.71
K-A primes	per-section	9	sub	21	1729	-215.30
K-A primes	per-section	10	sub	21	9	-2.60
K-A primes	per-section	11	sub	21	1894	-220.21
K-A primes	per-section	12	sub	21	1021	-118.56
K-A primes	per-section	13	sub	21	1524	-181.26
K-A primes	per-section	14	sub	21	1589	-205.36
K-A primes	per-section	15	sub	21	3316	-377.40
K-A primes	continuous	7-15	sub	21	12956	-1532.03
K-A primes	per-section	7	sub	22	729	-91.16
K-A primes	per-section	8	sub	22	1145	-145.38
K-A primes	per-section	9	sub	22	1729	-218.16
K-A primes	per-section	10	sub	22	9	-1.63
K-A primes	per-section	11	sub	22	1894	-229.25
K-A primes	per-section	12	sub	22	1021	-149.82
K-A primes	per-section	13	sub	22	1524	-175.83
K-A primes	per-section	14	sub	22	1589	-193.11
K-A primes	per-section	15	sub	22	3316	-388.55
K-A primes	continuous	7-15	sub	22	12956	-1529.88
K-A primes	per-section	7	sub	23	729	-94.58
K-A primes	per-section	8	sub	23	1145	-150.05
K-A primes	per-section	9	sub	23	1729	-200.04
K-A primes	per-section	10	sub	23	9	1.05
K-A primes	per-section	11	sub	23	1894	-238.56
K-A primes	per-section	12	sub	23	1021	-113.88
K-A primes	per-section	13	sub	23	1524	-191.49
K-A primes	per-section	14	sub	23	1589	-196.27
K-A primes	per-section	15	sub	23	3316	-384.17
K-A primes	continuous	7-15	sub	23	12956	-1536.50
K-A primes	per-section	7	sub	24	729	-87.44
K-A primes	per-section	8	sub	24	1145	-134.52
K-A primes	per-section	9	sub	24	1729	-211.62
K-A primes	per-section	10	sub	24	9	0.77
K-A primes	per-section	11	sub	24	1894	-236.42
K-A primes	per-section	12	sub	24	1021	-126.16
K-A primes	per-section	13	sub	24	1524	-195.18
K-A primes	per-section	14	sub	24	1589	-198.22
K-A primes	per-section	15	sub	24	3316	-377.85
K-A primes	continuous	7-15	sub	24	12956	-1569.02
K-A primes	per-section	7	sub	25	729	-95.81
K-A primes	per-section	8	sub	25	1145	-146.30
K-A primes	per-section	9	sub	25	1729	-215.73
K-A primes	per-section	10	sub	25	9	-1.37
K-A primes	per-section	11	sub	25	1894	-244.54
K-A primes	per-section	12	sub	25	1021	-135.64
K-A primes	per-section	13	sub	25	1524	-184.39
K-A primes	per-section	14	sub	25	1589	-201.00
K-A primes	per-section	15	sub	25	3316	-407.55
K-A primes	continuous	7-15	sub	25	12956	-1575.65
K-A primes	per-section	7	sub	26	729	-93.38
K-A primes	per-section	8	sub	26	1145	-134.70
K-A primes	per-section	9	sub	26	1729	-201.93
K-A primes	per-section	10	sub	26	9	2.21
K-A primes	per-section	11	sub	26	1894	-219.86
K-A primes	per-section	12	sub	26	1021	-115.91
K-A primes	per-section	13	sub	26	1524	-187.29
K-A primes	per-section	14	sub	26	1589	-182.51
K-A primes	per-section	15	sub	26	3316	-379.85
K-A primes	continuous	7-15	sub	26	12956	-1488.11
K-A primes	per-section	7	sub	27	729	-88.60
K-A primes	per-section	8	sub	27	1145	-132.19
K-A primes	per-section	9	sub	27	1729	-204.27
K-A primes	per-section	10	sub	27	9	-3.11
K-A primes	per-section	11	sub	27	1894	-233.92
K-A primes	per-section	12	sub	27	1021	-131.50
K-A primes	per-section	13	sub	27	1524	-182.90
K-A primes	per-section	14	sub	27	1589	-185.02
K-A primes	per-section	15	sub	27	3316	-417.64
K-A primes	continuous	7-15	sub	27	12956	-1543.23
K-A primes	per-section	7	sub	28	729	-92.62
K-A primes	per-section	8	sub	28	1145	-154.99
K-A primes	per-section	9	sub	28	1729	-212.07
K-A primes	per-section	10	sub	28	9	-2.21
K-A primes	per-section	11	sub	28	1894	-229.68
K-A primes	per-section	12	sub	28	1021	-117.01
K-A primes	per-section	13	sub	28	1524	-171.62
K-A primes	per-section	14	sub	28	1589	-193.38
K-A primes	per-section	15	sub	28	3316	-390.76
K-A primes	continuous	7-15	sub	28	12956	-1550.15
K-A primes	per-section	7	add	0	729	-81.16
K-A primes	per-section	8	add	0	1145	-136.16
K-A primes	per-section	9	add	0	1729	-217.53
K-A primes	per-section	10	add	0	9	-0.76
K-A primes	per-section	11	add	0	1894	-225.02
K-A primes	per-section	12	add	0	1021	-123.52
K-A primes	per-section	13	add	0	1524	-175.73
K-A primes	per-section	14	add	0	1589	-204.51
K-A primes	per-section	15	add	0	3316	-398.99
K-A primes	continuous	7-15	add	0	12956	-1484.28
K-A primes	per-section	7	add	1	729	-78.40
K-A primes	per-section	8	add	1	1145	-137.13
K-A primes	per-section	9	add	1	1729	-216.08
K-A primes	per-section	10	add	1	9	-2.15
K-A primes	per-section	11	add	1	1894	-241.53
K-A primes	per-section	12	add	1	1021	-112.15
K-A primes	per-section	13	add	1	1524	-182.80
K-A primes	per-section	14	add	1	1589	-206.85
K-A primes	per-section	15	add	1	3316	-402.21
K-A primes	continuous	7-15	add	1	12956	-1515.27
K-A primes	per-section	7	add	2	729	-86.28
K-A primes	per-section	8	add	2	1145	-147.01
K-A primes	per-section	9	add	2	1729	-214.73
K-A primes	per-section	10	add	2	9	1.12
K-A primes	per-section	11	add	2	1894	-216.04
K-A primes	per-section	12	add	2	1021	-134.74
K-A primes	per-section	13	add	2	1524	-202.24
K-A primes	per-section	14	add	2	1589	-188.07
K-A primes	per-section	15	add	2	3316	-388.88
K-A primes	continuous	7-15	add	2	12956	-1563.94
K-A primes	per-section	7	add	3	729	-94.35
K-A primes	per-section	8	add	3	1145	-128.71
K-A primes	per-section	9	add	3	1729	-196.28
K-A primes	per-section	10	add	3	9	-2.39
K-A primes	per-section	11	add	3	1894	-250.14
K-A primes	per-section	12	add	3	1021	-131.54
K-A primes	per-section	13	add	3	1524	-194.60
K-A primes	per-section	14	add	3	1589	-184.87
K-A primes	per-section	15	add	3	3316	-387.53
K-A primes	continuous	7-15	add	3	12956	-1558.33
K-A primes	per-section	7	add	4	729	-91.83
K-A primes	per-section	8	add	4	1145	-133.29
K-A primes	per-section	9	add	4	1729	-213.37
K-A primes	per-section	10	add	4	9	-0.17
K-A primes	per-section	11	add	4	1894	-218.10
K-A primes	per-section	12	add	4	1021	-107.99
K-A primes	per-section	13	add	4	1524	-170.26
K-A primes	per-section	14	add	4	1589	-172.85
K-A primes	per-section	15	add	4	3316	-415.81
K-A primes	continuous	7-15	add	4	12956	-1496.28
K-A primes	per-section	7	add	5	729	-93.46
K-A primes	per-section	8	add	5	1145	-142.06
K-A primes	per-section	9	add	5	1729	-218.32
K-A primes	per-section	10	add	5	9	-0.98
K-A primes	per-section	11	add	5	1894	-239.40
K-A primes	per-section	12	add	5	1021	-108.49
K-A primes	per-section	13	add	5	1524	-178.91
K-A primes	per-section	14	add	5	1589	-189.63
K-A primes	per-section	15	add	5	3316	-413.26
K-A primes	continuous	7-15	add	5	12956	-1542.50
K-A primes	per-section	7	add	6	729	-85.05
K-A primes	per-section	8	add	6	1145	-150.01
K-A primes	per-section	9	add	6	1729	-203.94
K-A primes	per-section	10	add	6	9	2.21
K-A primes	per-section	11	add	6	1894	-226.14
K-A primes	per-section	12	add	6	1021	-116.50
K-A primes	per-section	13	add	6	1524	-195.23
K-A primes	per-section	14	add	6	1589	-179.71
K-A primes	per-section	15	add	6	3316	-403.75
K-A primes	continuous	7-15	add	6	12956	-1519.49
K-A primes	per-section	7	add	7	729	-88.98
K-A primes	per-section	8	add	7	1145	-144.42
K-A primes	per-section	9	add	7	1729	-200.55
K-A primes	per-section	10	add	7	9	-1.91
K-A primes	per-section	11	add	7	1894	-221.84
K-A primes	per-section	12	add	7	1021	-139.91
K-A primes	per-section	13	add	7	1524	-191.63
K-A primes	per-section	14	add	7	1589	-192.96
K-A primes	per-section	15	add	7	3316	-390.52
K-A primes	continuous	7-15	add	7	12956	-1503.09
K-A primes	per-section	7	add	8	729	-93.06
K-A primes	per-section	8	add	8	1145	-137.75
K-A primes	per-section	9	add	8	1729	-208.46
K-A primes	per-section	10	add	8	9	-0.02
K-A primes	per-section	11	add	8	1894	-215.84
K-A primes	per-section	12	add	8	1021	-141.52
K-A primes	per-section	13	add	8	1524	-158.20
K-A primes	per-section	14	add	8	1589	-204.91
K-A primes	per-section	15	add	8	3316	-383.63
K-A primes	continuous	7-15	add	8	12956	-1537.48
K-A primes	per-section	7	add	9	729	-87.88
K-A primes	per-section	8	add	9	1145	-142.73
K-A primes	per-section	9	add	9	1729	-212.98
K-A primes	per-section	10	add	9	9	-5.65
K-A primes	per-section	11	add	9	1894	-235.12
K-A primes	per-section	12	add	9	1021	-109.41
K-A primes	per-section	13	add	9	1524	-200.00
K-A primes	per-section	14	add	9	1589	-188.36
K-A primes	per-section	15	add	9	3316	-406.45
K-A primes	continuous	7-15	add	9	12956	-1505.64
K-A primes	per-section	7	add	10	729	-99.85
K-A primes	per-section	8	add	10	1145	-145.04
K-A primes	per-section	9	add	10	1729	-217.28
K-A primes	per-section	10	add	10	9	-5.65
K-A primes	per-section	11	add	10	1894	-216.21
K-A primes	per-section	12	add	10	1021	-121.20
K-A primes	per-section	13	add	10	1524	-177.58
K-A primes	per-section	14	add	10	1589	-182.36
K-A primes	per-section	15	add	10	3316	-420.55
K-A primes	continuous	7-15	add	10	12956	-1506.65
K-A primes	per-section	7	add	11	729	-75.59
K-A primes	per-section	8	add	11	1145	-149.43
K-A primes	per-section	9	add	11	1729	-213.10
K-A primes	per-section	10	add	11	9	-3.99
K-A primes	per-section	11	add	11	1894	-205.52
K-A primes	per-section	12	add	11	1021	-120.47
K-A primes	per-section	13	add	11	1524	-177.96
K-A primes	per-section	14	add	11	1589	-177.75
K-A primes	per-section	15	add	11	3316	-400.16
K-A primes	continuous	7-15	add	11	12956	-1547.51
K-A primes	per-section	7	add	12	729	-85.62
K-A primes	per-section	8	add	12	1145	-146.17
K-A primes	per-section	9	add	12	1729	-206.16
K-A primes	per-section	10	add	12	9	1.59
K-A primes	per-section	11	add	12	1894	-233.02
K-A primes	per-section	12	add	12	1021	-130.10
K-A primes	per-section	13	add	12	1524	-190.57
K-A primes	per-section	14	add	12	1589	-197.56
K-A primes	per-section	15	add	12	3316	-393.32
K-A primes	continuous	7-15	add	12	12956	-1527.05
K-A primes	per-section	7	add	13	729	-84.18
K-A primes	per-section	8	add	13	1145	-136.28
K-A primes	per-section	9	add	13	1729	-184.14
K-A primes	per-section	10	add	13	9	-2.27
K-A primes	per-section	11	add	13	1894	-221.93
K-A primes	per-section	12	add	13	1021	-118.56
K-A primes	per-section	13	add	13	1524	-182.47
K-A primes	per-section	14	add	13	1589	-187.14
K-A primes	per-section	15	add	13	3316	-397.38
K-A primes	continuous	7-15	add	13	12956	-1532.13
K-A primes	per-section	7	add	14	729	-72.49
K-A primes	per-section	8	add	14	1145	-153.53
K-A primes	per-section	9	add	14	1729	-214.47
K-A primes	per-section	10	add	14	9	1.20
K-A primes	per-section	11	add	14	1894	-219.09
K-A primes	per-section	12	add	14	1021	-125.58
K-A primes	per-section	13	add	14	1524	-197.99
K-A primes	per-section	14	add	14	1589	-190.32
K-A primes	per-section	15	add	14	3316	-370.86
K-A primes	continuous	7-15	add	14	12956	-1490.04
K-A primes	per-section	7	add	15	729	-82.94
K-A primes	per-section	8	add	15	1145	-134.42
K-A primes	per-section	9	add	15	1729	-190.47
K-A primes	per-section	10	add	15	9	-3.80
K-A primes	per-section	11	add	15	1894	-234.41
K-A primes	per-section	12	add	15	1021	-133.55
K-A primes	per-section	13	add	15	1524	-189.92
K-A primes	per-section	14	add	15	1589	-191.45
K-A primes	per-section	15	add	15	3316	-405.34
K-A primes	continuous	7-15	add	15	12956	-1513.11
K-A primes	per-section	7	add	16	729	-88.81
K-A primes	per-section	8	add	16	1145	-149.09
K-A primes	per-section	9	add	16	1729	-211.08
K-A primes	per-section	10	add	16	9	-2.16
K-A primes	per-section	11	add	16	1894	-216.13
K-A primes	per-section	12	add	16	1021	-123.84
K-A primes	per-section	13	add	16	1524	-190.68
K-A primes	per-section	14	add	16	1589	-195.78
K-A primes	per-section	15	add	16	3316	-397.42
K-A primes	continuous	7-15	add	16	12956	-1567.74
K-A primes	per-section	7	add	17	729	-102.84
K-A primes	per-section	8	add	17	1145	-130.85
K-A primes	per-section	9	add	17	1729	-206.80
K-A primes	per-section	10	add	17	9	-4.36
K-A primes	per-section	11	add	17	1894	-218.06
K-A primes	per-section	12	add	17	1021	-123.50
K-A primes	per-section	13	add	17	1524	-181.53
K-A primes	per-section	14	add	17	1589	-195.14
K-A primes	per-section	15	add	17	3316	-407.85
K-A primes	continuous	7-15	add	17	12956	-1534.58
K-A primes	per-section	7	add	18	729	-95.65
K-A primes	per-section	8	add	18	1145	-144.86
K-A primes	per-section	9	add	18	1729	-210.30
K-A primes	per-section	10	add	18	9	-1.30
K-A primes	per-section	11	add	18	1894	-225.79
K-A primes	per-section	12	add	18	1021	-127.54
K-A primes	per-section	13	add	18	1524	-181.78
K-A primes	per-section	14	add	18	1589	-203.12
K-A primes	per-section	15	add	18	3316	-399.76
K-A primes	continuous	7-15	add	18	12956	-1525.20
K-A primes	per-section	7	add	19	729	-95.90
K-A primes	per-section	8	add	19	1145	-137.02
K-A primes	per-section	9	add	19	1729	-207.22
K-A primes	per-section	10	add	19	9	-1.40
K-A primes	per-section	11	add	19	1894	-231.53
K-A primes	per-section	12	add	19	1021	-123.23
K-A primes	per-section	13	add	19	1524	-172.58
K-A primes	per-section	14	add	19	1589	-196.48
K-A primes	per-section	15	add	19	3316	-402.31
K-A primes	continuous	7-15	add	19	12956	-1509.81
K-A primes	per-section	7	add	20	729	-92.70
K-A primes	per-section	8	add	20	1145	-146.87
K-A primes	per-section	9	add	20	1729	-211.63
K-A primes	per-section	10	add	20	9	-0.11
K-A primes	per-section	11	add	20	1894	-223.49
K-A primes	per-section	12	add	20	1021	-137.44
K-A primes	per-section	13	add	20	1524	-193.86
K-A primes	per-section	14	add	20	1589	-183.48
K-A primes	per-section	15	add	20	3316	-397.75
K-A primes	continuous	7-15	add	20	12956	-1536.71
K-A primes	per-section	7	add	21	729	-69.51
K-A primes	per-section	8	add	21	1145	-149.49
K-A primes	per-section	9	add	21	1729	-216.49
K-A primes	per-section	10	add	21	9	-1.50
K-A primes	per-section	11	add	21	1894	-240.47
K-A primes	per-section	12	add	21	1021	-113.52
K-A primes	per-section	13	add	21	1524	-165.54
K-A primes	per-section	14	add	21	1589	-177.72
K-A primes	per-section	15	add	21	3316	-411.84
K-A primes	continuous	7-15	add	21	12956	-1524.70
K-A primes	per-section	7	add	22	729	-83.51
K-A primes	per-section	8	add	22	1145	-134.84
K-A primes	per-section	9	add	22	1729	-198.12
K-A primes	per-section	10	add	22	9	1.42
K-A primes	per-section	11	add	22	1894	-211.02
K-A primes	per-section	12	add	22	1021	-137.53
K-A primes	per-section	13	add	22	1524	-158.16
K-A primes	per-section	14	add	22	1589	-168.22
K-A primes	per-section	15	add	22	3316	-391.02
K-A primes	continuous	7-15	add	22	12956	-1491.18
K-A primes	per-section	7	add	23	729	-103.20
K-A primes	per-section	8	add	23	1145	-127.87
K-A primes	per-section	9	add	23	1729	-196.71
K-A primes	per-section	10	add	23	9	-3.10
K-A primes	per-section	11	add	23	1894	-233.57
K-A primes	per-section	12	add	23	1021	-125.67
K-A primes	per-section	13	add	23	1524	-178.47
K-A primes	per-section	14	add	23	1589	-192.56
K-A primes	per-section	15	add	23	3316	-414.64
K-A primes	continuous	7-15	add	23	12956	-1532.92
K-A primes	per-section	7	add	24	729	-98.50
K-A primes	per-section	8	add	24	1145	-149.91
K-A primes	per-section	9	add	24	1729	-207.82
K-A primes	per-section	10	add	24	9	-2.15
K-A primes	per-section	11	add	24	1894	-226.16
K-A primes	per-section	12	add	24	1021	-125.73
K-A primes	per-section	13	add	24	1524	-180.29
K-A primes	per-section	14	add	24	1589	-188.38
K-A primes	per-section	15	add	24	3316	-394.98
K-A primes	continuous	7-15	add	24	12956	-1602.89
K-A primes	per-section	7	add	25	729	-87.59
K-A primes	per-section	8	add	25	1145	-143.62
K-A primes	per-section	9	add	25	1729	-207.75
K-A primes	per-section	10	add	25	9	-6.22
K-A primes	per-section	11	add	25	1894	-231.96
K-A primes	per-section	12	add	25	1021	-121.47
K-A primes	per-section	13	add	25	1524	-178.55
K-A primes	per-section	14	add	25	1589	-201.91
K-A primes	per-section	15	add	25	3316	-386.71
K-A primes	continuous	7-15	add	25	12956	-1515.72
K-A primes	per-section	7	add	26	729	-91.66
K-A primes	per-section	8	add	26	1145	-145.51
K-A primes	per-section	9	add	26	1729	-201.04
K-A primes	per-section	10	add	26	9	-2.75
K-A primes	per-section	11	add	26	1894	-239.67
K-A primes	per-section	12	add	26	1021	-119.12
K-A primes	per-section	13	add	26	1524	-187.49
K-A primes	per-section	14	add	26	1589	-178.16
K-A primes	per-section	15	add	26	3316	-397.88
K-A primes	continuous	7-15	add	26	12956	-1574.41
K-A primes	per-section	7	add	27	729	-77.98
K-A primes	per-section	8	add	27	1145	-142.06
K-A primes	per-section	9	add	27	1729	-212.47
K-A primes	per-section	10	add	27	9	-0.03
K-A primes	per-section	11	add	27	1894	-225.70
K-A primes	per-section	12	add	27	1021	-120.12
K-A primes	per-section	13	add	27	1524	-195.51
K-A primes	per-section	14	add	27	1589	-177.59
K-A primes	per-section	15	add	27	3316	-399.22
K-A primes	continuous	7-15	add	27	12956	-1474.32
K-A primes	per-section	7	add	28	729	-86.61
K-A primes	per-section	8	add	28	1145	-146.35
K-A primes	per-section	9	add	28	1729	-209.49
K-A primes	per-section	10	add	28	9	0.12
K-A primes	per-section	11	add	28	1894	-223.56
K-A primes	per-section	12	add	28	1021	-117.26
K-A primes	per-section	13	add	28	1524	-187.34
K-A primes	per-section	14	add	28	1589	-195.53
K-A primes	per-section	15	add	28	3316	-411.14
K-A primes	continuous	7-15	add	28	12956	-1527.37
K-A primes	per-section	7	beaufort	0	729	-78.93
K-A primes	per-section	8	beaufort	0	1145	-133.65
K-A primes	per-section	9	beaufort	0	1729	-201.78
K-A primes	per-section	10	beaufort	0	9	-2.39
K-A primes	per-section	11	beaufort	0	1894	-232.04
K-A primes	per-section	12	beaufort	0	1021	-129.48
K-A primes	per-section	13	beaufort	0	1524	-185.12
K-A primes	per-section	14	beaufort	0	1589	-200.48
K-A primes	per-section	15	beaufort	0	3316	-393.37
K-A primes	continuous	7-15	beaufort	0	12956	-1569.71
K-A primes	per-section	7	beaufort	1	729	-102.03
K-A primes	per-section	8	beaufort	1	1145	-131.12
K-A primes	per-section	9	beaufort	1	1729	-207.21
K-A primes	per-section	10	beaufort	1	9	0.51
K-A primes	per-section	11	beaufort	1	1894	-201.22
K-A primes	per-section	12	beaufort	1	1021	-122.77
K-A primes	per-section	13	beaufort	1	1524	-180.49
K-A primes	per-section	14	beaufort	1	1589	-187.28
K-A primes	per-section	15	beaufort	1	3316	-402.94
K-A primes	continuous	7-15	beaufort	1	12956	-1508.90
K-A primes	per-section	7	beaufort	2	729	-81.64
K-A primes	per-section	8	beaufort	2	1145	-137.74
K-A primes	per-section	9	beaufort	2	1729	-216.73
K-A primes	per-section	10	beaufort	2	9	1.99
K-A primes	per-section	11	beaufort	2	1894	-214.36
K-A primes	per-section	12	beaufort	2	1021	-143.60
K-A primes	per-section	13	beaufort	2	1524	-173.38
K-A primes	per-section	14	beaufort	2	1589	-195.63
K-A primes	per-section	15	beaufort	2	3316	-380.78
K-A primes	continuous	7-15	beaufort	2	12956	-1476.79
K-A primes	per-section	7	beaufort	3	729	-92.27
K-A primes	per-section	8	beaufort	3	1145	-136.70
K-A primes	per-section	9	beaufort	3	1729	-210.43
K-A primes	per-section	10	beaufort	3	9	-2.02
K-A primes	per-section	11	beaufort	3	1894	-235.50
K-A primes	per-section	12	beaufort	3	1021	-133.41
K-A primes	per-section	13	beaufort	3	1524	-202.44
K-A primes	per-section	14	beaufort	3	1589	-175.42
K-A primes	per-section	15	beaufort	3	3316	-392.07
K-A primes	continuous	7-15	beaufort	3	12956	-1543.62
K-A primes	per-section	7	beaufort	4	729	-80.87
K-A primes	per-section	8	beaufort	4	1145	-150.30
K-A primes	per-section	9	beaufort	4	1729	-208.94
K-A primes	per-section	10	beaufort	4	9	1.57
K-A primes	per-section	11	beaufort	4	1894	-227.01
K-A primes	per-section	12	beaufort	4	1021	-113.36
K-A primes	per-section	13	beaufort	4	1524	-185.57
K-A primes	per-section	14	beaufort	4	1589	-191.74
K-A primes	per-section	15	beaufort	4	3316	-374.51
K-A primes	continuous	7-15	beaufort	4	12956	-1521.36
K-A primes	per-section	7	beaufort	5	729	-93.86
K-A primes	per-section	8	beaufort	5	1145	-131.34
K-A primes	per-section	9	beaufort	5	1729	-213.53
K-A primes	per-section	10	beaufort	5	9	-4.52
K-A primes	per-section	11	beaufort	5	1894	-233.31
K-A primes	per-section	12	beaufort	5	1021	-129.98
K-A primes	per-section	13	beaufort	5	1524	-178.08
K-A primes	per-section	14	beaufort	5	1589	-183.02
K-A primes	per-section	15	beaufort	5	3316	-391.85
K-A primes	continuous	7-15	beaufort	5	12956	-1545.38
K-A primes	per-section	7	beaufort	6	729	-94.75
K-A primes	per-section	8	beaufort	6	1145	-141.92
K-A primes	per-section	9	beaufort	6	1729	-214.32
K-A primes	per-section	10	beaufort	6	9	-1.11
K-A primes	per-section	11	beaufort	6	1894	-241.48
K-A primes	per-section	12	beaufort	6	1021	-139.57
K-A primes	per-section	13	beaufort	6	1524	-175.88
K-A primes	per-section	14	beaufort	6	1589	-176.79
K-A primes	per-section	15	beaufort	6	3316	-408.33
K-A primes	continuous	7-15	beaufort	6	12956	-1540.33
K-A primes	per-section	7	beaufort	7	729	-92.00
K-A primes	per-section	8	beaufort	7	1145	-140.03
K-A primes	per-section	9	beaufort	7	1729	-206.32
K-A primes	per-section	10	beaufort	7	9	-1.41
K-A primes	per-section	11	beaufort	7	1894	-232.36
K-A primes	per-section	12	beaufort	7	1021	-130.06
K-A primes	per-section	13	beaufort	7	1524	-173.21
K-A primes	per-section	14	beaufort	7	1589	-190.38
K-A primes	per-section	15	beaufort	7	3316	-394.19
K-A primes	continuous	7-15	beaufort	7	12956	-1461.95
K-A primes	per-section	7	beaufort	8	729	-99.73
K-A primes	per-section	8	beaufort	8	1145	-134.38
K-A primes	per-section	9	beaufort	8	1729	-226.97
K-A primes	per-section	10	beaufort	8	9	0.28
K-A primes	per-section	11	beaufort	8	1894	-224.41
K-A primes	per-section	12	beaufort	8	1021	-122.52
K-A primes	per-section	13	beaufort	8	1524	-182.11
K-A primes	per-section	14	beaufort	8	1589	-197.09
K-A primes	per-section	15	beaufort	8	3316	-387.79
K-A primes	continuous	7-15	beaufort	8	12956	-1539.46
K-A primes	per-section	7	beaufort	9	729	-95.59
K-A primes	per-section	8	beaufort	9	1145	-132.02
K-A primes	per-section	9	beaufort	9	1729	-224.73
K-A primes	per-section	10	beaufort	9	9	-7.22
K-A primes	per-section	11	beaufort	9	1894	-229.10
K-A primes	per-section	12	beaufort	9	1021	-128.76
K-A primes	per-section	13	beaufort	9	1524	-184.74
K-A primes	per-section	14	beaufort	9	1589	-187.55
K-A primes	per-section	15	beaufort	9	3316	-408.23
K-A primes	continuous	7-15	beaufort	9	12956	-1523.31
K-A primes	per-section	7	beaufort	10	729	-89.97
K-A primes	per-section	8	beaufort	10	1145	-142.89
K-A primes	per-section	9	beaufort	10	1729	-217.89
K-A primes	per-section	10	beaufort	10	9	-4.09
K-A primes	per-section	11	beaufort	10	1894	-241.28
K-A primes	per-section	12	beaufort	10	1021	-128.37
K-A primes	per-section	13	beaufort	10	1524	-168.54
K-A primes	per-section	14	beaufort	10	1589	-194.82
K-A primes	per-section	15	beaufort	10	3316	-416.22
K-A primes	continuous	7-15	beaufort	10	12956	-1527.45
K-A primes	per-section	7	beaufort	11	729	-88.30
K-A primes	per-section	8	beaufort	11	1145	-134.22
K-A primes	per-section	9	beaufort	11	1729	-209.03
K-A primes	per-section	10	beaufort	11	9	-4.02
K-A primes	per-section	11	beaufort	11	1894	-239.68
K-A primes	per-section	12	beaufort	11	1021	-121.60
K-A primes	per-section	13	beaufort	11	1524	-179.69
K-A primes	per-section	14	beaufort	11	1589	-206.21
K-A primes	per-section	15	beaufort	11	3316	-385.75
K-A primes	continuous	7-15	beaufort	11	12956	-1571.39
K-A primes	per-section	7	beaufort	12	729	-86.14
K-A primes	per-section	8	beaufort	12	1145	-145.12
K-A primes	per-section	9	beaufort	12	1729	-190.19
K-A primes	per-section	10	beaufort	12	9	-5.43
K-A primes	per-section	11	beaufort	12	1894	-239.29
K-A primes	per-section	12	beaufort	12	1021	-107.65
K-A primes	per-section	13	beaufort	12	1524	-187.83
K-A primes	per-section	14	beaufort	12	1589	-202.40
K-A primes	per-section	15	beaufort	12	3316	-384.24
K-A primes	continuous	7-15	beaufort	12	12956	-1521.96
K-A primes	per-section	7	beaufort	13	729	-90.47
K-A primes	per-section	8	beaufort	13	1145	-153.46
K-A primes	per-section	9	beaufort	13	1729	-203.22
K-A primes	per-section	10	beaufort	13	9	-2.24
K-A primes	per-section	11	beaufort	13	1894	-246.39
K-A primes	per-section	12	beaufort	13	1021	-142.74
K-A primes	per-section	13	beaufort	13	1524	-185.34
K-A primes	per-section	14	beaufort	13	1589	-191.00
K-A primes	per-section	15	beaufort	13	3316	-389.15
K-A primes	continuous	7-15	beaufort	13	12956	-1513.57
K-A primes	per-section	7	beaufort	14	729	-81.37
K-A primes	per-section	8	beaufort	14	1145	-153.63
K-A primes	per-section	9	beaufort	14	1729	-198.66
K-A primes	per-section	10	beaufort	14	9	0.25
K-A primes	per-section	11	beaufort	14	1894	-233.90
K-A primes	per-section	12	beaufort	14	1021	-140.59
K-A primes	per-section	13	beaufort	14	1524	-182.96
K-A primes	per-section	14	beaufort	14	1589	-201.97
K-A primes	per-section	15	beaufort	14	3316	-408.82
K-A primes	continuous	7-15	beaufort	14	12956	-1555.49
K-A primes	per-section	7	beaufort	15	729	-100.16
K-A primes	per-section	8	beaufort	15	1145	-141.37
K-A primes	per-section	9	beaufort	15	1729	-204.18
K-A primes	per-section	10	beaufort	15	9	-2.31
K-A primes	per-section	11	beaufort	15	1894	-234.75
K-A primes	per-section	12	beaufort	15	1021	-129.73
K-A primes	per-section	13	beaufort	15	1524	-186.70
K-A primes	per-section	14	beaufort	15	1589	-198.92
K-A primes	per-section	15	beaufort	15	3316	-392.36
K-A primes	continuous	7-15	beaufort	15	12956	-1541.41
K-A primes	per-section	7	beaufort	16	729	-91.66
K-A primes	per-section	8	beaufort	16	1145	-142.49
K-A primes	per-section	9	beaufort	16	1729	-211.30
K-A primes	per-section	10	beaufort	16	9	4.14
K-A primes	per-section	11	beaufort	16	1894	-231.30
K-A primes	per-section	12	beaufort	16	1021	-142.29
K-A primes	per-section	13	beaufort	16	1524	-181.10
K-A primes	per-section	14	beaufort	16	1589	-198.64
K-A primes	per-section	15	beaufort	16	3316	-389.98
K-A primes	continuous	7-15	beaufort	16	12956	-1539.01
K-A primes	per-section	7	beaufort	17	729	-95.74
K-A primes	per-section	8	beaufort	17	1145	-134.30
K-A primes	per-section	9	beaufort	17	1729	-213.75
K-A primes	per-section	10	beaufort	17	9	-1.29
K-A primes	per-section	11	beaufort	17	1894	-231.44
K-A primes	per-section	12	beaufort	17	1021	-140.86
K-A primes	per-section	13	beaufort	17	1524	-202.19
K-A primes	per-section	14	beaufort	17	1589	-190.83
K-A primes	per-section	15	beaufort	17	3316	-381.16
K-A primes	continuous	7-15	beaufort	17	12956	-1520.26
K-A primes	per-section	7	beaufort	18	729	-94.22
K-A primes	per-section	8	beaufort	18	1145	-135.21
K-A primes	per-section	9	beaufort	18	1729	-200.67
K-A primes	per-section	10	beaufort	18	9	0.98
K-A primes	per-section	11	beaufort	18	1894	-228.10
K-A primes	per-section	12	beaufort	18	1021	-121.29
K-A primes	per-section	13	beaufort	18	1524	-188.51
K-A primes	per-section	14	beaufort	18	1589	-189.34
K-A primes	per-section	15	beaufort	18	3316	-397.39
K-A primes	continuous	7-15	beaufort	18	12956	-1523.67
K-A primes	per-section	7	beaufort	19	729	-110.19
K-A primes	per-section	8	beaufort	19	1145	-146.74
K-A primes	per-section	9	beaufort	19	1729	-221.16
K-A primes	per-section	10	beaufort	19	9	0.51
K-A primes	per-section	11	beaufort	19	1894	-232.43
K-A primes	per-section	12	beaufort	19	1021	-131.36
K-A primes	per-section	13	beaufort	19	1524	-183.96
K-A primes	per-section	14	beaufort	19	1589	-196.60
K-A primes	per-section	15	beaufort	19	3316	-411.58
K-A primes	continuous	7-15	beaufort	19	12956	-1536.43
K-A primes	per-section	7	beaufort	20	729	-86.03
K-A primes	per-section	8	beaufort	20	1145	-142.22
K-A primes	per-section	9	beaufort	20	1729	-182.62
K-A primes	per-section	10	beaufort	20	9	-3.83
K-A primes	per-section	11	beaufort	20	1894	-231.89
K-A primes	per-section	12	beaufort	20	1021	-119.25
K-A primes	per-section	13	beaufort	20	1524	-176.83
K-A primes	per-section	14	beaufort	20	1589	-176.89
K-A primes	per-section	15	beaufort	20	3316	-364.31
K-A primes	continuous	7-15	beaufort	20	12956	-1491.14
K-A primes	per-section	7	beaufort	21	729	-93.13
K-A primes	per-section	8	beaufort	21	1145	-146.25
K-A primes	per-section	9	beaufort	21	1729	-217.61
K-A primes	per-section	10	beaufort	21	9	-0.23
K-A primes	per-section	11	beaufort	21	1894	-230.45
K-A primes	per-section	12	beaufort	21	1021	-127.14
K-A primes	per-section	13	beaufort	21	1524	-191.08
K-A primes	per-section	14	beaufort	21	1589	-187.23
K-A primes	per-section	15	beaufort	21	3316	-418.37
K-A primes	continuous	7-15	beaufort	21	12956	-1525.99
K-A primes	per-section	7	beaufort	22	729	-87.99
K-A primes	per-section	8	beaufort	22	1145	-140.11
K-A primes	per-section	9	beaufort	22	1729	-219.65
K-A primes	per-section	10	beaufort	22	9	0.37
K-A primes	per-section	11	beaufort	22	1894	-230.28
K-A primes	per-section	12	beaufort	22	1021	-118.41
K-A primes	per-section	13	beaufort	22	1524	-189.99
K-A primes	per-section	14	beaufort	22	1589	-190.12
K-A primes	per-section	15	beaufort	22	3316	-373.75
K-A primes	continuous	7-15	beaufort	22	12956	-1522.36
K-A primes	per-section	7	beaufort	23	729	-90.24
K-A primes	per-section	8	beaufort	23	1145	-138.28
K-A primes	per-section	9	beaufort	23	1729	-191.82
K-A primes	per-section	10	beaufort	23	9	-4.23
K-A primes	per-section	11	beaufort	23	1894	-215.04
K-A primes	per-section	12	beaufort	23	1021	-130.67
K-A primes	per-section	13	beaufort	23	1524	-181.92
K-A primes	per-section	14	beaufort	23	1589	-183.53
K-A primes	per-section	15	beaufort	23	3316	-364.28
K-A primes	continuous	7-15	beaufort	23	12956	-1582.69
K-A primes	per-section	7	beaufort	24	729	-88.91
K-A primes	per-section	8	beaufort	24	1145	-146.58
K-A primes	per-section	9	beaufort	24	1729	-217.87
K-A primes	per-section	10	beaufort	24	9	-3.38
K-A primes	per-section	11	beaufort	24	1894	-225.91
K-A primes	per-section	12	beaufort	24	1021	-128.52
K-A primes	per-section	13	beaufort	24	1524	-176.13
K-A primes	per-section	14	beaufort	24	1589	-192.13
K-A primes	per-section	15	beaufort	24	3316	-388.20
K-A primes	continuous	7-15	beaufort	24	12956	-1512.39
K-A primes	per-section	7	beaufort	25	729	-99.22
K-A primes	per-section	8	beaufort	25	1145	-129.76
K-A primes	per-section	9	beaufort	25	1729	-217.93
K-A primes	per-section	10	beaufort	25	9	-4.82
K-A primes	per-section	11	beaufort	25	1894	-210.02
K-A primes	per-section	12	beaufort	25	1021	-128.83
K-A primes	per-section	13	beaufort	25	1524	-184.66
K-A primes	per-section	14	beaufort	25	1589	-186.70
K-A primes	per-section	15	beaufort	25	3316	-404.84
K-A primes	continuous	7-15	beaufort	25	12956	-1555.60
K-A primes	per-section	7	beaufort	26	729	-93.98
K-A primes	per-section	8	beaufort	26	1145	-131.16
K-A primes	per-section	9	beaufort	26	1729	-194.79
K-A primes	per-section	10	beaufort	26	9	-4.19
K-A primes	per-section	11	beaufort	26	1894	-234.15
K-A primes	per-section	12	beaufort	26	1021	-139.61
K-A primes	per-section	13	beaufort	26	1524	-180.13
K-A primes	per-section	14	beaufort	26	1589	-186.17
K-A primes	per-section	15	beaufort	26	3316	-382.80
K-A primes	continuous	7-15	beaufort	26	12956	-1540.29
K-A primes	per-section	7	beaufort	27	729	-89.38
K-A primes	per-section	8	beaufort	27	1145	-134.80
K-A primes	per-section	9	beaufort	27	1729	-210.09
K-A primes	per-section	10	beaufort	27	9	-4.11
K-A primes	per-section	11	beaufort	27	1894	-226.94
K-A primes	per-section	12	beaufort	27	1021	-129.55
K-A primes	per-section	13	beaufort	27	1524	-176.20
K-A primes	per-section	14	beaufort	27	1589	-200.20
K-A primes	per-section	15	beaufort	27	3316	-399.76
K-A primes	continuous	7-15	beaufort	27	12956	-1520.84
K-A primes	per-section	7	beaufort	28	729	-84.85
K-A primes	per-section	8	beaufort	28	1145	-136.96
K-A primes	per-section	9	beaufort	28	1729	-202.04
K-A primes	per-section	10	beaufort	28	9	-1.81
K-A primes	per-section	11	beaufort	28	1894	-223.62
K-A primes	per-section	12	beaufort	28	1021	-120.76
K-A primes	per-section	13	beaufort	28	1524	-186.68
K-A primes	per-section	14	beaufort	28	1589	-199.25
K-A primes	per-section	15	beaufort	28	3316	-394.43
K-A primes	continuous	7-15	beaufort	28	12956	-1521.66
K-C word sums	per-section	7	sub	0	729	-88.22
K-C word sums	per-section	8	sub	0	1145	-97.09
K-C word sums	per-section	9	sub	0	1729	-99.55
K-C word sums	per-section	10	sub	0	9	-3.26
K-C word sums	per-section	11	sub	0	1894	-95.89
K-C word sums	per-section	12	sub	0	1021	-101.87
K-C word sums	per-section	13	sub	0	1524	-100.92
K-C word sums	per-section	14	sub	0	1589	-97.39
K-C word sums	per-section	15	sub	0	3316	-94.47
K-C word sums	continuous	7-15	sub	0	12956	-88.22
K-C word sums	per-section	7	sub	1	729	-113.38
K-C word sums	per-section	8	sub	1	1145	-90.82
K-C word sums	per-section	9	sub	1	1729	-97.40
K-C word sums	per-section	10	sub	1	9	-2.55
K-C word sums	per-section	11	sub	1	1894	-100.15
K-C word sums	per-section	12	sub	1	1021	-99.09
K-C word sums	per-section	13	sub	1	1524	-105.94
K-C word sums	per-section	14	sub	1	1589	-93.26
K-C word sums	per-section	15	sub	1	3316	-90.86
K-C word sums	continuous	7-15	sub	1	12956	-113.38
K-C word sums	per-section	7	sub	2	729	-95.58
K-C word sums	per-section	8	sub	2	1145	-95.06
K-C word sums	per-section	9	sub	2	1729	-72.51
K-C word sums	per-section	10	sub	2	9	-4.73
K-C word sums	per-section	11	sub	2	1894	-103.29
K-C word sums	per-section	12	sub	2	1021	-93.20
K-C word sums	per-section	13	sub	2	1524	-97.19
K-C word sums	per-section	14	sub	2	1589	-86.44
K-C word sums	per-section	15	sub	2	3316	-99.53
K-C word sums	continuous	7-15	sub	2	12956	-95.58
K-C word sums	per-section	7	sub	3	729	-93.29
K-C word sums	per-section	8	sub	3	1145	-93.94
K-C word sums	per-section	9	sub	3	1729	-88.16
K-C word sums	per-section	10	sub	3	9	-3.55
K-C word sums	per-section	11	sub	3	1894	-102.84
K-C word sums	per-section	12	sub	3	1021	-83.34
K-C word sums	per-section	13	sub	3	1524	-103.75
K-C word sums	per-section	14	sub	3	1589	-84.13
K-C word sums	per-section	15	sub	3	3316	-98.20
K-C word sums	continuous	7-15	sub	3	12956	-93.39
K-C word sums	per-section	7	sub	4	729	-101.42
K-C word sums	per-section	8	sub	4	1145	-112.05
K-C word sums	per-section	9	sub	4	1729	-95.99
K-C word sums	per-section	10	sub	4	9	-1.22
K-C word sums	per-section	11	sub	4	1894	-98.42
K-C word sums	per-section	12	sub	4	1021	-81.88
K-C word sums	per-section	13	sub	4	1524	-78.30
K-C word sums	per-section	14	sub	4	1589	-94.42
K-C word sums	per-section	15	sub	4	3316	-88.47
K-C word sums	continuous	7-15	sub	4	12956	-103.55
K-C word sums	per-section	7	sub	5	729	-88.50
K-C word sums	per-section	8	sub	5	1145	-109.40
K-C word sums	per-section	9	sub	5	1729	-103.14
K-C word sums	per-section	10	sub	5	9	-4.96
K-C word sums	per-section	11	sub	5	1894	-87.97
K-C word sums	per-section	12	sub	5	1021	-97.80
K-C word sums	per-section	13	sub	5	1524	-73.37
K-C word sums	per-section	14	sub	5	1589	-89.72
K-C word sums	per-section	15	sub	5	3316	-109.43
K-C word sums	continuous	7-15	sub	5	12956	-88.50
K-C word sums	per-section	7	sub	6	729	-109.18
K-C word sums	per-section	8	sub	6	1145	-109.62
K-C word sums	per-section	9	sub	6	1729	-112.06
K-C word sums	per-section	10	sub	6	9	-4.28
K-C word sums	per-section	11	sub	6	1894	-90.24
K-C word sums	per-section	12	sub	6	1021	-88.87
K-C word sums	per-section	13	sub	6	1524	-93.98
K-C word sums	per-section	14	sub	6	1589	-113.82
K-C word sums	per-section	15	sub	6	3316	-95.06
K-C word sums	continuous	7-15	sub	6	12956	-109.18
K-C word sums	per-section	7	sub	7	729	-114.30
K-C word sums	per-section	8	sub	7	1145	-102.36
K-C word sums	per-section	9	sub	7	1729	-94.65
K-C word sums	per-section	10	sub	7	9	-3.43
K-C word sums	per-section	11	sub	7	1894	-108.51
K-C word sums	per-section	12	sub	7	1021	-104.34
K-C word sums	per-section	13	sub	7	1524	-97.39
K-C word sums	per-section	14	sub	7	1589	-81.20
K-C word sums	per-section	15	sub	7	3316	-97.85
K-C word sums	continuous	7-15	sub	7	12956	-114.28
K-C word sums	per-section	7	sub	8	729	-94.94
K-C word sums	per-section	8	sub	8	1145	-93.93
K-C word sums	per-section	9	sub	8	1729	-91.68
K-C word sums	per-section	10	sub	8	9	-4.79
K-C word sums	per-section	11	sub	8	1894	-93.14
K-C word sums	per-section	12	sub	8	1021	-111.30
K-C word sums	per-section	13	sub	8	1524	-100.88
K-C word sums	per-section	14	sub	8	1589	-104.00
K-C word sums	per-section	15	sub	8	3316	-100.84
K-C word sums	continuous	7-15	sub	8	12956	-94.91
K-C word sums	per-section	7	sub	9	729	-89.61
K-C word sums	per-section	8	sub	9	1145	-85.26
K-C word sums	per-section	9	sub	9	1729	-83.26
K-C word sums	per-section	10	sub	9	9	-0.47
K-C word sums	per-section	11	sub	9	1894	-98.61
K-C word sums	per-section	12	sub	9	1021	-100.39
K-C word sums	per-section	13	sub	9	1524	-95.73
K-C word sums	per-section	14	sub	9	1589	-100.99
K-C word sums	per-section	15	sub	9	3316	-85.40
K-C word sums	continuous	7-15	sub	9	12956	-89.61
K-C word sums	per-section	7	sub	10	729	-86.40
K-C word sums	per-section	8	sub	10	1145	-105.65
K-C word sums	per-section	9	sub	10	1729	-98.44
K-C word sums	per-section	10	sub	10	9	1.27
K-C word sums	per-section	11	sub	10	1894	-87.54
K-C word sums	per-section	12	sub	10	1021	-96.38
K-C word sums	per-section	13	sub	10	1524	-98.29
K-C word sums	per-section	14	sub	10	1589	-90.45
K-C word sums	per-section	15	sub	10	3316	-101.38
K-C word sums	continuous	7-15	sub	10	12956	-86.40
K-C word sums	per-section	7	sub	11	729	-92.21
K-C word sums	per-section	8	sub	11	1145	-85.56
K-C word sums	per-section	9	sub	11	1729	-87.13
K-C word sums	per-section	10	sub	11	9	0.87
K-C word sums	per-section	11	sub	11	1894	-95.83
K-C word sums	per-section	12	sub	11	1021	-96.62
K-C word sums	per-section	13	sub	11	1524	-105.14
K-C word sums	per-section	14	sub	11	1589	-96.57
K-C word sums	per-section	15	sub	11	3316	-96.49
K-C word sums	continuous	7-15	sub	11	12956	-92.21
K-C word sums	per-section	7	sub	12	729	-107.29
K-C word sums	per-section	8	sub	12	1145	-104.13
K-C word sums	per-section	9	sub	12	1729	-81.42
K-C word sums	per-section	10	sub	12	9	1.59
K-C word sums	per-section	11	sub	12	1894	-99.79
K-C word sums	per-section	12	sub	12	1021	-75.51
K-C word sums	per-section	13	sub	12	1524	-85.69
K-C word sums	per-section	14	sub	12	1589	-108.01
K-C word sums	per-section	15	sub	12	3316	-105.54
K-C word sums	continuous	7-15	sub	12	12956	-107.30
K-C word sums	per-section	7	sub	13	729	-107.53
K-C word sums	per-section	8	sub	13	1145	-90.06
K-C word sums	per-section	9	sub	13	1729	-112.20
K-C word sums	per-section	10	sub	13	9	-3.68
K-C word sums	per-section	11	sub	13	1894	-87.04
K-C word sums	per-section	12	sub	13	1021	-95.63
K-C word sums	per-section	13	sub	13	1524	-92.31
K-C word sums	per-section	14	sub	13	1589	-105.02
K-C word sums	per-section	15	sub	13	3316	-90.31
K-C word sums	continuous	7-15	sub	13	12956	-107.52
K-C word sums	per-section	7	sub	14	729	-101.85
K-C word sums	per-section	8	sub	14	1145	-102.35
K-C word sums	per-section	9	sub	14	1729	-116.35
K-C word sums	per-section	10	sub	14	9	-2.92
K-C word sums	per-section	11	sub	14	1894	-90.71
K-C word sums	per-section	12	sub	14	1021	-94.12
K-C word sums	per-section	13	sub	14	1524	-100.31
K-C word sums	per-section	14	sub	14	1589	-108.03
K-C word sums	per-section	15	sub	14	3316	-90.24
K-C word sums	continuous	7-15	sub	14	12956	-101.91
K-C word sums	per-section	7	sub	15	729	-109.41
K-C word sums	per-section	8	sub	15	1145	-82.66
K-C word sums	per-section	9	sub	15	1729	-87.51
K-C word sums	per-section	10	sub	15	9	-3.85
K-C word sums	per-section	11	sub	15	1894	-109.32
K-C word sums	per-section	12	sub	15	1021	-109.15
K-C word sums	per-section	13	sub	15	1524	-102.32
K-C word sums	per-section	14	sub	15	1589	-92.30
K-C word sums	per-section	15	sub	15	3316	-84.95
K-C word sums	continuous	7-15	sub	15	12956	-109.70
K-C word sums	per-section	7	sub	16	729	-79.71
K-C word sums	per-section	8	sub	16	1145	-92.05
K-C word sums	per-section	9	sub	16	1729	-94.37
K-C word sums	per-section	10	sub	16	9	-3.34
K-C word sums	per-section	11	sub	16	1894	-76.45
K-C word sums	per-section	12	sub	16	1021	-112.93
K-C word sums	per-section	13	sub	16	1524	-97.83
K-C word sums	per-section	14	sub	16	1589	-87.18
K-C word sums	per-section	15	sub	16	3316	-97.92
K-C word sums	continuous	7-15	sub	16	12956	-79.71
K-C word sums	per-section	7	sub	17	729	-100.44
K-C word sums	per-section	8	sub	17	1145	-95.64
K-C word sums	per-section	9	sub	17	1729	-78.85
K-C word sums	per-section	10	sub	17	9	-0.63
K-C word sums	per-section	11	sub	17	1894	-96.44
K-C word sums	per-section	12	sub	17	1021	-82.28
K-C word sums	per-section	13	sub	17	1524	-102.81
K-C word sums	per-section	14	sub	17	1589	-92.01
K-C word sums	per-section	15	sub	17	3316	-81.94
K-C word sums	continuous	7-15	sub	17	12956	-103.55
K-C word sums	per-section	7	sub	18	729	-92.06
K-C word sums	per-section	8	sub	18	1145	-94.25
K-C word sums	per-section	9	sub	18	1729	-89.01
K-C word sums	per-section	10	sub	18	9	0.68
K-C word sums	per-section	11	sub	18	1894	-99.10
K-C word sums	per-section	12	sub	18	1021	-85.86
K-C word sums	per-section	13	sub	18	1524	-97.03
K-C word sums	per-section	14	sub	18	1589	-103.42
K-C word sums	per-section	15	sub	18	3316	-102.62
K-C word sums	continuous	7-15	sub	18	12956	-92.09
K-C word sums	per-section	7	sub	19	729	-100.21
K-C word sums	per-section	8	sub	19	1145	-106.27
K-C word sums	per-section	9	sub	19	1729	-101.26
K-C word sums	per-section	10	sub	19	9	-2.45
K-C word sums	per-section	11	sub	19	1894	-77.16
K-C word sums	per-section	12	sub	19	1021	-86.99
K-C word sums	per-section	13	sub	19	1524	-88.49
K-C word sums	per-section	14	sub	19	1589	-85.09
K-C word sums	per-section	15	sub	19	3316	-97.75
K-C word sums	continuous	7-15	sub	19	12956	-101.45
K-C word sums	per-section	7	sub	20	729	-91.78
K-C word sums	per-section	8	sub	20	1145	-109.88
K-C word sums	per-section	9	sub	20	1729	-104.27
K-C word sums	per-section	10	sub	20	9	-3.05
K-C word sums	per-section	11	sub	20	1894	-94.35
K-C word sums	per-section	12	sub	20	1021	-89.74
K-C word sums	per-section	13	sub	20	1524	-81.43
K-C word sums	per-section	14	sub	20	1589	-99.36
K-C word sums	per-section	15	sub	20	3316	-101.15
K-C word sums	continuous	7-15	sub	20	12956	-91.78
K-C word sums	per-section	7	sub	21	729	-101.08
K-C word sums	per-section	8	sub	21	1145	-106.83
K-C word sums	per-section	9	sub	21	1729	-98.16
K-C word sums	per-section	10	sub	21	9	-2.57
K-C word sums	per-section	11	sub	21	1894	-101.18
K-C word sums	per-section	12	sub	21	1021	-98.43
K-C word sums	per-section	13	sub	21	1524	-100.18
K-C word sums	per-section	14	sub	21	1589	-98.61
K-C word sums	per-section	15	sub	21	3316	-110.89
K-C word sums	continuous	7-15	sub	21	12956	-99.88
K-C word sums	per-section	7	sub	22	729	-102.13
K-C word sums	per-section	8	sub	22	1145	-106.19
K-C word sums	per-section	9	sub	22	1729	-104.11
K-C word sums	per-section	10	sub	22	9	-3.26
K-C word sums	per-section	11	sub	22	1894	-78.03
K-C word sums	per-section	12	sub	22	1021	-112.76
K-C word sums	per-section	13	sub	22	1524	-101.07
K-C word sums	per-section	14	sub	22	1589	-102.68
K-C word sums	per-section	15	sub	22	3316	-96.88
K-C word sums	continuous	7-15	sub	22	12956	-102.13
K-C word sums	per-section	7	sub	23	729	-94.58
K-C word sums	per-section	8	sub	23	1145	-94.92
K-C word sums	per-section	9	sub	23	1729	-92.86
K-C word sums	per-section	10	sub	23	9	-3.25
K-C word sums	per-section	11	sub	23	1894	-97.94
K-C word sums	per-section	12	sub	23	1021	-118.24
K-C word sums	per-section	13	sub	23	1524	-89.84
K-C word sums	per-section	14	sub	23	1589	-89.97
K-C word sums	per-section	15	sub	23	3316	-94.40
K-C word sums	continuous	7-15	sub	23	12956	-94.58
K-C word sums	per-section	7	sub	24	729	-95.24
K-C word sums	per-section	8	sub	24	1145	-82.65
K-C word sums	per-section	9	sub	24	1729	-83.25
K-C word sums	per-section	10	sub	24	9	-0.39
K-C word sums	per-section	11	sub	24	1894	-98.92
K-C word sums	per-section	12	sub	24	1021	-100.10
K-C word sums	per-section	13	sub	24	1524	-100.99
K-C word sums	per-section	14	sub	24	1589	-103.87
K-C word sums	per-section	15	sub	24	3316	-96.58
K-C word sums	continuous	7-15	sub	24	12956	-95.24
K-C word sums	per-section	7	sub	25	729	-92.68
K-C word sums	per-section	8	sub	25	1145	-97.57
K-C word sums	per-section	9	sub	25	1729	-87.11
K-C word sums	per-section	10	sub	25	9	1.58
K-C word sums	per-section	11	sub	25	1894	-107.68
K-C word sums	per-section	12	sub	25	1021	-92.76
K-C word sums	per-section	13	sub	25	1524	-88.28
K-C word sums	per-section	14	sub	25	1589	-77.00
K-C word sums	per-section	15	sub	25	3316	-96.09
K-C word sums	continuous	7-15	sub	25	12956	-92.69
K-C word sums	per-section	7	sub	26	729	-93.17
K-C word sums	per-section	8	sub	26	1145	-99.12
K-C word sums	per-section	9	sub	26	1729	-93.08
K-C word sums	per-section	10	sub	26	9	-1.72
K-C word sums	per-section	11	sub	26	1894	-82.06
K-C word sums	per-section	12	sub	26	1021	-87.68
K-C word sums	per-section	13	sub	26	1524	-103.30
K-C word sums	per-section	14	sub	26	1589	-76.25
K-C word sums	per-section	15	sub	26	3316	-93.79
K-C word sums	continuous	7-15	sub	26	12956	-95.42
K-C word sums	per-section	7	sub	27	729	-81.19
K-C word sums	per-section	8	sub	27	1145	-95.73
K-C word sums	per-section	9	sub	27	1729	-99.65
K-C word sums	per-section	10	sub	27	9	-5.33
K-C word sums	per-section	11	sub	27	1894	-93.03
K-C word sums	per-section	12	sub	27	1021	-83.13
K-C word sums	per-section	13	sub	27	1524	-98.98
K-C word sums	per-section	14	sub	27	1589	-105.88
K-C word sums	per-section	15	sub	27	3316	-93.08
K-C word sums	continuous	7-15	sub	27	12956	-84.94
K-C word sums	per-section	7	sub	28	729	-102.59
K-C word sums	per-section	8	sub	28	1145	-82.07
K-C word sums	per-section	9	sub	28	1729	-96.07
K-C word sums	per-section	10	sub	28	9	-3.44
K-C word sums	per-section	11	sub	28	1894	-86.25
K-C word sums	per-section	12	sub	28	1021	-82.25
K-C word sums	per-section	13	sub	28	1524	-96.82
K-C word sums	per-section	14	sub	28	1589	-100.39
K-C word sums	per-section	15	sub	28	3316	-88.87
K-C word sums	continuous	7-15	sub	28	12956	-102.57
K-C word sums	per-section	7	add	0	729	-87.24
K-C word sums	per-section	8	add	0	1145	-90.97
K-C word sums	per-section	9	add	0	1729	-97.80
K-C word sums	per-section	10	add	0	9	-3.24
K-C word sums	per-section	11	add	0	1894	-107.57
K-C word sums	per-section	12	add	0	1021	-100.99
K-C word sums	per-section	13	add	0	1524	-76.92
K-C word sums	per-section	14	add	0	1589	-101.85
K-C word sums	per-section	15	add	0	3316	-97.33
K-C word sums	continuous	7-15	add	0	12956	-87.24
K-C word sums	per-section	7	add	1	729	-105.46
K-C word sums	per-section	8	add	1	1145	-112.73
K-C word sums	per-section	9	add	1	1729	-86.96
K-C word sums	per-section	10	add	1	9	-4.17
K-C word sums	per-section	11	add	1	1894	-115.31
K-C word sums	per-section	12	add	1	1021	-105.58
K-C word sums	per-section	13	add	1	1524	-75.17
K-C word sums	per-section	14	add	1	1589	-97.90
K-C word sums	per-section	15	add	1	3316	-94.65
K-C word sums	continuous	7-15	add	1	12956	-105.46
K-C word sums	per-section	7	add	2	729	-90.21
K-C word sums	per-section	8	add	2	1145	-99.03
K-C word sums	per-section	9	add	2	1729	-99.65
K-C word sums	per-section	10	add	2	9	-6.80
K-C word sums	per-section	11	add	2	1894	-79.32
K-C word sums	per-section	12	add	2	1021	-113.53
K-C word sums	per-section	13	add	2	1524	-105.45
K-C word sums	per-section	14	add	2	1589	-84.16
K-C word sums	per-section	15	add	2	3316	-88.85
K-C word sums	continuous	7-15	add	2	12956	-90.56
K-C word sums	per-section	7	add	3	729	-89.82
K-C word sums	per-section	8	add	3	1145	-87.45
K-C word sums	per-section	9	add	3	1729	-101.49
K-C word sums	per-section	10	add	3	9	-0.68
K-C word sums	per-section	11	add	3	1894	-81.31
K-C word sums	per-section	12	add	3	1021	-90.00
K-C word sums	per-section	13	add	3	1524	-113.68
K-C word sums	per-section	14	add	3	1589	-88.77
K-C word sums	per-section	15	add	3	3316	-95.69
K-C word sums	continuous	7-15	add	3	12956	-89.82
K-C word sums	per-section	7	add	4	729	-91.65
K-C word sums	per-section	8	add	4	1145	-106.34
K-C word sums	per-section	9	add	4	1729	-101.17
K-C word sums	per-section	10	add	4	9	-1.15
K-C word sums	per-section	11	add	4	1894	-79.11
K-C word sums	per-section	12	add	4	1021	-87.95
K-C word sums	per-section	13	add	4	1524	-98.05
K-C word sums	per-section	14	add	4	1589	-110.56
K-C word sums	per-section	15	add	4	3316	-88.40
K-C word sums	continuous	7-15	add	4	12956	-91.65
K-C word sums	per-section	7	add	5	729	-109.61
K-C word sums	per-section	8	add	5	1145	-93.70
K-C word sums	per-section	9	add	5	1729	-86.51
K-C word sums	per-section	10	add	5	9	0.61
K-C word sums	per-section	11	add	5	1894	-96.90
K-C word sums	per-section	12	add	5	1021	-83.73
K-C word sums	per-section	13	add	5	1524	-99.70
K-C word sums	per-section	14	add	5	1589	-95.74
K-C word sums	per-section	15	add	5	3316	-89.23
K-C word sums	continuous	7-15	add	5	12956	-110.42
K-C word sums	per-section	7	add	6	729	-94.15
K-C word sums	per-section	8	add	6	1145	-109.33
K-C word sums	per-section	9	add	6	1729	-97.15
K-C word sums	per-section	10	add	6	9	0.21
K-C word sums	per-section	11	add	6	1894	-99.57
K-C word sums	per-section	12	add	6	1021	-101.25
K-C word sums	per-section	13	add	6	1524	-94.29
K-C word sums	per-section	14	add	6	1589	-88.48
K-C word sums	per-section	15	add	6	3316	-93.77
K-C word sums	continuous	7-15	add	6	12956	-94.15
K-C word sums	per-section	7	add	7	729	-97.98
K-C word sums	per-section	8	add	7	1145	-106.71
K-C word sums	per-section	9	add	7	1729	-108.39
K-C word sums	per-section	10	add	7	9	-2.21
K-C word sums	per-section	11	add	7	1894	-86.25
K-C word sums	per-section	12	add	7	1021	-98.31
K-C word sums	per-section	13	add	7	1524	-112.72
K-C word sums	per-section	14	add	7	1589	-97.67
K-C word sums	per-section	15	add	7	3316	-84.46
K-C word sums	continuous	7-15	add	7	12956	-97.98
K-C word sums	per-section	7	add	8	729	-98.13
K-C word sums	per-section	8	add	8	1145	-96.79
K-C word sums	per-section	9	add	8	1729	-86.31
K-C word sums	per-section	10	add	8	9	-2.01
K-C word sums	per-section	11	add	8	1894	-107.06
K-C word sums	per-section	12	add	8	1021	-92.31
K-C word sums	per-section	13	add	8	1524	-93.73
K-C word sums	per-section	14	add	8	1589	-94.96
K-C word sums	per-section	15	add	8	3316	-95.80
K-C word sums	continuous	7-15	add	8	12956	-98.11
K-C word sums	per-section	7	add	9	729	-96.49
K-C word sums	per-section	8	add	9	1145	-98.44
K-C word sums	per-section	9	add	9	1729	-88.18
K-C word sums	per-section	10	add	9	9	-1.56
K-C word sums	per-section	11	add	9	1894	-104.34
K-C word sums	per-section	12	add	9	1021	-100.90
K-C word sums	per-section	13	add	9	1524	-88.07
K-C word sums	per-section	14	add	9	1589	-87.63
K-C word sums	per-section	15	add	9	3316	-96.60
K-C word sums	continuous	7-15	add	9	12956	-96.51
K-C word sums	per-section	7	add	10	729	-72.57
K-C word sums	per-section	8	add	10	1145	-101.90
K-C word sums	per-section	9	add	10	1729	-94.98
K-C word sums	per-section	10	add	10	9	-3.40
K-C word sums	per-section	11	add	10	1894	-98.07
K-C word sums	per-section	12	add	10	1021	-97.86
K-C word sums	per-section	13	add	10	1524	-106.45
K-C word sums	per-section	14	add	10	1589	-92.33
K-C word sums	per-section	15	add	10	3316	-80.73
K-C word sums	continuous	7-15	add	10	12956	-72.76
K-C word sums	per-section	7	add	11	729	-95.34
K-C word sums	per-section	8	add	11	1145	-84.89
K-C word sums	per-section	9	add	11	1729	-95.33
K-C word sums	per-section	10	add	11	9	-0.83
K-C word sums	per-section	11	add	11	1894	-93.08
K-C word sums	per-section	12	add	11	1021	-93.42
K-C word sums	per-section	13	add	11	1524	-103.33
K-C word sums	per-section	14	add	11	1589	-82.06
K-C word sums	per-section	15	add	11	3316	-101.08
K-C word sums	continuous	7-15	add	11	12956	-96.57
K-C word sums	per-section	7	add	12	729	-97.34
K-C word sums	per-section	8	add	12	1145	-100.80
K-C word sums	per-section	9	add	12	1729	-113.68
K-C word sums	per-section	10	add	12	9	-5.14
K-C word sums	per-section	11	add	12	1894	-106.37
K-C word sums	per-section	12	add	12	1021	-93.03
K-C word sums	per-section	13	add	12	1524	-103.79
K-C word sums	per-section	14	add	12	1589	-86.40
K-C word sums	per-section	15	add	12	3316	-96.32
K-C word sums	continuous	7-15	add	12	12956	-97.35
K-C word sums	per-section	7	add	13	729	-80.12
K-C word sums	per-section	8	add	13	1145	-100.30
K-C word sums	per-section	9	add	13	1729	-79.16
K-C word sums	per-section	10	add	13	9	-2.50
K-C word sums	per-section	11	add	13	1894	-96.96
K-C word sums	per-section	12	add	13	1021	-95.56
K-C word sums	per-section	13	add	13	1524	-92.37
K-C word sums	per-section	14	add	13	1589	-95.15
K-C word sums	per-section	15	add	13	3316	-93.88
K-C word sums	continuous	7-15	add	13	12956	-80.12
K-C word sums	per-section	7	add	14	729	-97.39
K-C word sums	per-section	8	add	14	1145	-103.27
K-C word sums	per-section	9	add	14	1729	-101.58
K-C word sums	per-section	10	add	14	9	-0.83
K-C word sums	per-section	11	add	14	1894	-101.14
K-C word sums	per-section	12	add	14	1021	-103.25
K-C word sums	per-section	13	add	14	1524	-94.18
K-C word sums	per-section	14	add	14	1589	-96.67
K-C word sums	per-section	15	add	14	3316	-112.45
K-C word sums	continuous	7-15	add	14	12956	-97.39
K-C word sums	per-section	7	add	15	729	-112.87
K-C word sums	per-section	8	add	15	1145	-105.89
K-C word sums	per-section	9	add	15	1729	-109.69
K-C word sums	per-section	10	add	15	9	-3.87
K-C word sums	per-section	11	add	15	1894	-111.90
K-C word sums	per-section	12	add	15	1021	-98.43
K-C word sums	per-section	13	add	15	1524	-94.45
K-C word sums	per-section	14	add	15	1589	-104.38
K-C word sums	per-section	15	add	15	3316	-96.95
K-C word sums	continuous	7-15	add	15	12956	-112.87
K-C word sums	per-section	7	add	16	729	-88.23
K-C word sums	per-section	8	add	16	1145	-96.59
K-C word sums	per-section	9	add	16	1729	-100.70
K-C word sums	per-section	10	add	16	9	-2.05
K-C word sums	per-section	11	add	16	1894	-94.97
K-C word sums	per-section	12	add	16	1021	-114.04
K-C word sums	per-section	13	add	16	1524	-80.35
K-C word sums	per-section	14	add	16	1589	-96.22
K-C word sums	per-section	15	add	16	3316	-107.30
K-C word sums	continuous	7-15	add	16	12956	-88.23
K-C word sums	per-section	7	add	17	729	-99.15
K-C word sums	per-section	8	add	17	1145	-91.74
K-C word sums	per-section	9	add	17	1729	-96.47
K-C word sums	per-section	10	add	17	9	-2.15
K-C word sums	per-section	11	add	17	1894	-97.49
K-C word sums	per-section	12	add	17	1021	-104.60
K-C word sums	per-section	13	add	17	1524	-104.10
K-C word sums	per-section	14	add	17	1589	-97.95
K-C word sums	per-section	15	add	17	3316	-97.58
K-C word sums	continuous	7-15	add	17	12956	-99.19
K-C word sums	per-section	7	add	18	729	-106.49
K-C word sums	per-section	8	add	18	1145	-105.47
K-C word sums	per-section	9	add	18	1729	-104.21
K-C word sums	per-section	10	add	18	9	-6.58
K-C word sums	per-section	11	add	18	1894	-80.03
K-C word sums	per-section	12	add	18	1021	-97.23
K-C word sums	per-section	13	add	18	1524	-99.56
K-C word sums	per-section	14	add	18	1589	-109.35
K-C word sums	per-section	15	add	18	3316	-88.39
K-C word sums	continuous	7-15	add	18	12956	-106.95
K-C word sums	per-section	7	add	19	729	-98.10
K-C word sums	per-section	8	add	19	1145	-95.84
K-C word sums	per-section	9	add	19	1729	-106.04
K-C word sums	per-section	10	add	19	9	0.72
K-C word sums	per-section	11	add	19	1894	-95.33
K-C word sums	per-section	12	add	19	1021	-88.64
K-C word sums	per-section	13	add	19	1524	-111.30
K-C word sums	per-section	14	add	19	1589	-107.74
K-C word sums	per-section	15	add	19	3316	-68.07
K-C word sums	continuous	7-15	add	19	12956	-98.10
K-C word sums	per-section	7	add	20	729	-103.92
K-C word sums	per-section	8	add	20	1145	-109.14
K-C word sums	per-section	9	add	20	1729	-115.04
K-C word sums	per-section	10	add	20	9	0.01
K-C word sums	per-section	11	add	20	1894	-96.42
K-C word sums	per-section	12	add	20	1021	-78.74
K-C word sums	per-section	13	add	20	1524	-84.32
K-C word sums	per-section	14	add	20	1589	-108.82
K-C word sums	per-section	15	add	20	3316	-95.70
K-C word sums	continuous	7-15	add	20	12956	-104.00
K-C word sums	per-section	7	add	21	729	-104.30
K-C word sums	per-section	8	add	21	1145	-103.21
K-C word sums	per-section	9	add	21	1729	-95.85
K-C word sums	per-section	10	add	21	9	-1.76
K-C word sums	per-section	11	add	21	1894	-90.05
K-C word sums	per-section	12	add	21	1021	-94.11
K-C word sums	per-section	13	add	21	1524	-103.58
K-C word sums	per-section	14	add	21	1589	-82.54
K-C word sums	per-section	15	add	21	3316	-106.94
K-C word sums	continuous	7-15	add	21	12956	-107.76
K-C word sums	per-section	7	add	22	729	-104.21
K-C word sums	per-section	8	add	22	1145	-92.85
K-C word sums	per-section	9	add	22	1729	-91.08
K-C word sums	per-section	10	add	22	9	-1.92
K-C word sums	per-section	11	add	22	1894	-97.71
K-C word sums	per-section	12	add	22	1021	-89.77
K-C word sums	per-section	13	add	22	1524	-104.79
K-C word sums	per-section	14	add	22	1589	-97.10
K-C word sums	per-section	15	add	22	3316	-102.14
K-C word sums	continuous	7-15	add	22	12956	-104.45
K-C word sums	per-section	7	add	23	729	-106.56
K-C word sums	per-section	8	add	23	1145	-73.93
K-C word sums	per-section	9	add	23	1729	-82.89
K-C word sums	per-section	10	add	23	9	-3.12
K-C word sums	per-section	11	add	23	1894	-90.76
K-C word sums	per-section	12	add	23	1021	-77.21
K-C word sums	per-section	13	add	23	1524	-105.65
K-C word sums	per-section	14	add	23	1589	-94.75
K-C word sums	per-section	15	add	23	3316	-92.11
K-C word sums	continuous	7-15	add	23	12956	-107.02
K-C word sums	per-section	7	add	24	729	-98.43
K-C word sums	per-section	8	add	24	1145	-101.54
K-C word sums	per-section	9	add	24	1729	-87.65
K-C word sums	per-section	10	add	24	9	-4.35
K-C word sums	per-section	11	add	24	1894	-93.26
K-C word sums	per-section	12	add	24	1021	-104.19
K-C word sums	per-section	13	add	24	1524	-102.21
K-C word sums	per-section	14	add	24	1589	-98.90
K-C word sums	per-section	15	add	24	3316	-88.73
K-C word sums	continuous	7-15	add	24	12956	-99.49
K-C word sums	per-section	7	add	25	729	-80.82
K-C word sums	per-section	8	add	25	1145	-88.09
K-C word sums	per-section	9	add	25	1729	-93.01
K-C word sums	per-section	10	add	25	9	-0.26
K-C word sums	per-section	11	add	25	1894	-93.96
K-C word sums	per-section	12	add	25	1021	-102.46
K-C word sums	per-section	13	add	25	1524	-109.17
K-C word sums	per-section	14	add	25	1589	-103.89
K-C word sums	per-section	15	add	25	3316	-91.78
K-C word sums	continuous	7-15	add	25	12956	-80.82
K-C word sums	per-section	7	add	26	729	-92.04
K-C word sums	per-section	8	add	26	1145	-95.21
K-C word sums	per-section	9	add	26	1729	-94.41
K-C word sums	per-section	10	add	26	9	-2.55
K-C word sums	per-section	11	add	26	1894	-93.44
K-C word sums	per-section	12	add	26	1021	-96.48
K-C word sums	per-section	13	add	26	1524	-87.70
K-C word sums	per-section	14	add	26	1589	-90.27
K-C word sums	per-section	15	add	26	3316	-99.66
K-C word sums	continuous	7-15	add	26	12956	-92.26
K-C word sums	per-section	7	add	27	729	-97.47
K-C word sums	per-section	8	add	27	1145	-97.34
K-C word sums	per-section	9	add	27	1729	-81.95
K-C word sums	per-section	10	add	27	9	-2.99
K-C word sums	per-section	11	add	27	1894	-92.82
K-C word sums	per-section	12	add	27	1021	-100.38
K-C word sums	per-section	13	add	27	1524	-97.93
K-C word sums	per-section	14	add	27	1589	-97.24
K-C word sums	per-section	15	add	27	3316	-87.14
K-C word sums	continuous	7-15	add	27	12956	-97.47
K-C word sums	per-section	7	add	28	729	-94.28
K-C word sums	per-section	8	add	28	1145	-101.74
K-C word sums	per-section	9	add	28	1729	-85.42
K-C word sums	per-section	10	add	28	9	-2.88
K-C word sums	per-section	11	add	28	1894	-109.31
K-C word sums	per-section	12	add	28	1021	-93.13
K-C word sums	per-section	13	add	28	1524	-86.26
K-C word sums	per-section	14	add	28	1589	-95.52
K-C word sums	per-section	15	add	28	3316	-102.22
K-C word sums	continuous	7-15	add	28	12956	-93.66
K-C word sums	per-section	7	beaufort	0	729	-83.61
K-C word sums	per-section	8	beaufort	0	1145	-99.11
K-C word sums	per-section	9	beaufort	0	1729	-104.01
K-C word sums	per-section	10	beaufort	0	9	-0.30
K-C word sums	per-section	11	beaufort	0	1894	-101.91
K-C word sums	per-section	12	beaufort	0	1021	-107.78
K-C word sums	per-section	13	beaufort	0	1524	-89.66
K-C word sums	per-section	14	beaufort	0	1589	-93.23
K-C word sums	per-section	15	beaufort	0	3316	-103.19
K-C word sums	continuous	7-15	beaufort	0	12956	-83.61
K-C word sums	per-section	7	beaufort	1	729	-106.42
K-C word sums	per-section	8	beaufort	1	1145	-95.94
K-C word sums	per-section	9	beaufort	1	1729	-79.38
K-C word sums	per-section	10	beaufort	1	9	0.44
K-C word sums	per-section	11	beaufort	1	1894	-101.97
K-C word sums	per-section	12	beaufort	1	1021	-91.71
K-C word sums	per-section	13	beaufort	1	1524	-102.00
K-C word sums	per-section	14	beaufort	1	1589	-65.54
K-C word sums	per-section	15	beaufort	1	3316	-71.34
K-C word sums	continuous	7-15	beaufort	1	12956	-106.42
K-C word sums	per-section	7	beaufort	2	729	-105.98
K-C word sums	per-section	8	beaufort	2	1145	-109.12
K-C word sums	per-section	9	beaufort	2	1729	-116.47
K-C word sums	per-section	10	beaufort	2	9	-2.04
K-C word sums	per-section	11	beaufort	2	1894	-93.53
K-C word sums	per-section	12	beaufort	2	1021	-78.04
K-C word sums	per-section	13	beaufort	2	1524	-87.64
K-C word sums	per-section	14	beaufort	2	1589	-119.87
K-C word sums	per-section	15	beaufort	2	3316	-108.84
K-C word sums	continuous	7-15	beaufort	2	12956	-106.00
K-C word sums	per-section	7	beaufort	3	729	-100.71
K-C word sums	per-section	8	beaufort	3	1145	-72.03
K-C word sums	per-section	9	beaufort	3	1729	-108.99
K-C word sums	per-section	10	beaufort	3	9	-2.34
K-C word sums	per-section	11	beaufort	3	1894	-90.45
K-C word sums	per-section	12	beaufort	3	1021	-91.51
K-C word sums	per-section	13	beaufort	3	1524	-78.33
K-C word sums	per-section	14	beaufort	3	1589	-92.11
K-C word sums	per-section	15	beaufort	3	3316	-93.78
K-C word sums	continuous	7-15	beaufort	3	12956	-100.72
K-C word sums	per-section	7	beaufort	4	729	-92.79
K-C word sums	per-section	8	beaufort	4	1145	-111.88
K-C word sums	per-section	9	beaufort	4	1729	-113.76
K-C word sums	per-section	10	beaufort	4	9	-2.89
K-C word sums	per-section	11	beaufort	4	1894	-91.99
K-C word sums	per-section	12	beaufort	4	1021	-112.86
K-C word sums	per-section	13	beaufort	4	1524	-104.68
K-C word sums	per-section	14	beaufort	4	1589	-109.44
K-C word sums	per-section	15	beaufort	4	3316	-108.92
K-C word sums	continuous	7-15	beaufort	4	12956	-92.80
K-C word sums	per-section	7	beaufort	5	729	-105.69
K-C word sums	per-section	8	beaufort	5	1145	-97.05
K-C word sums	per-section	9	beaufort	5	1729	-80.78
K-C word sums	per-section	10	beaufort	5	9	-0.96
K-C word sums	per-section	11	beaufort	5	1894	-96.97
K-C word sums	per-section	12	beaufort	5	1021	-112.45
K-C word sums	per-section	13	beaufort	5	1524	-114.97
K-C word sums	per-section	14	beaufort	5	1589	-102.94
K-C word sums	per-section	15	beaufort	5	3316	-82.03
K-C word sums	continuous	7-15	beaufort	5	12956	-106.47
K-C word sums	per-section	7	beaufort	6	729	-80.39
K-C word sums	per-section	8	beaufort	6	1145	-95.64
K-C word sums	per-section	9	beaufort	6	1729	-96.84
K-C word sums	per-section	10	beaufort	6	9	1.02
K-C word sums	per-section	11	beaufort	6	1894	-80.08
K-C word sums	per-section	12	beaufort	6	1021	-102.02
K-C word sums	per-section	13	beaufort	6	1524	-111.40
K-C word sums	per-section	14	beaufort	6	1589	-80.59
K-C word sums	per-section	15	beaufort	6	3316	-99.31
K-C word sums	continuous	7-15	beaufort	6	12956	-80.39
K-C word sums	per-section	7	beaufort	7	729	-88.82
K-C word sums	per-section	8	beaufort	7	1145	-85.23
K-C word sums	per-section	9	beaufort	7	1729	-82.44
K-C word sums	per-section	10	beaufort	7	9	-1.32
K-C word sums	per-section	11	beaufort	7	1894	-94.22
K-C word sums	per-section	12	beaufort	7	1021	-88.20
K-C word sums	per-section	13	beaufort	7	1524	-102.86
K-C word sums	per-section	14	beaufort	7	1589	-94.93
K-C word sums	per-section	15	beaufort	7	3316	-71.84
K-C word sums	continuous	7-15	beaufort	7	12956	-88.82
K-C word sums	per-section	7	beaufort	8	729	-100.96
K-C word sums	per-section	8	beaufort	8	1145	-99.82
K-C word sums	per-section	9	beaufort	8	1729	-94.67
K-C word sums	per-section	10	beaufort	8	9	-1.39
K-C word sums	per-section	11	beaufort	8	1894	-95.54
K-C word sums	per-section	12	beaufort	8	1021	-74.81
K-C word sums	per-section	13	beaufort	8	1524	-85.82
K-C word sums	per-section	14	beaufort	8	1589	-99.35
K-C word sums	per-section	15	beaufort	8	3316	-83.89
K-C word sums	continuous	7-15	beaufort	8	12956	-100.96
K-C word sums	per-section	7	beaufort	9	729	-104.83
K-C word sums	per-section	8	beaufort	9	1145	-98.46
K-C word sums	per-section	9	beaufort	9	1729	-85.04
K-C word sums	per-section	10	beaufort	9	9	-4.67
K-C word sums	per-section	11	beaufort	9	1894	-83.96
K-C word sums	per-section	12	beaufort	9	1021	-68.68
K-C word sums	per-section	13	beaufort	9	1524	-73.35
K-C word sums	per-section	14	beaufort	9	1589	-90.58
K-C word sums	per-section	15	beaufort	9	3316	-80.66
K-C word sums	continuous	7-15	beaufort	9	12956	-104.83
K-C word sums	per-section	7	beaufort	10	729	-97.96
K-C word sums	per-section	8	beaufort	10	1145	-112.47
K-C word sums	per-section	9	beaufort	10	1729	-115.37
K-C word sums	per-section	10	beaufort	10	9	-4.75
K-C word sums	per-section	11	beaufort	10	1894	-108.10
K-C word sums	per-section	12	beaufort	10	1021	-98.00
K-C word sums	per-section	13	beaufort	10	1524	-103.67
K-C word sums	per-section	14	beaufort	10	1589	-108.61
K-C word sums	per-section	15	beaufort	10	3316	-93.18
K-C word sums	continuous	7-15	beaufort	10	12956	-98.72
K-C word sums	per-section	7	beaufort	11	729	-118.20
K-C word sums	per-section	8	beaufort	11	1145	-98.04
K-C word sums	per-section	9	beaufort	11	1729	-101.30
K-C word sums	per-section	10	beaufort	11	9	-4.50
K-C word sums	per-section	11	beaufort	11	1894	-102.89
K-C word sums	per-section	12	beaufort	11	1021	-93.54
K-C word sums	per-section	13	beaufort	11	1524	-88.55
K-C word sums	per-section	14	beaufort	11	1589	-89.83
K-C word sums	per-section	15	beaufort	11	3316	-98.12
K-C word sums	continuous	7-15	beaufort	11	12956	-120.28
K-C word sums	per-section	7	beaufort	12	729	-87.62
K-C word sums	per-section	8	beaufort	12	1145	-98.20
K-C word sums	per-section	9	beaufort	12	1729	-97.37
K-C word sums	per-section	10	beaufort	12	9	-7.70
K-C word sums	per-section	11	beaufort	12	1894	-86.93
K-C word sums	per-section	12	beaufort	12	1021	-105.81
K-C word sums	per-section	13	beaufort	12	1524	-97.51
K-C word sums	per-section	14	beaufort	12	1589	-81.95
K-C word sums	per-section	15	beaufort	12	3316	-91.13
K-C word sums	continuous	7-15	beaufort	12	12956	-87.62
K-C word sums	per-section	7	beaufort	13	729	-101.67
K-C word sums	per-section	8	beaufort	13	1145	-103.68
K-C word sums	per-section	9	beaufort	13	1729	-96.53
K-C word sums	per-section	10	beaufort	13	9	-3.40
K-C word sums	per-section	11	beaufort	13	1894	-115.24
K-C word sums	per-section	12	beaufort	13	1021	-98.22
K-C word sums	per-section	13	beaufort	13	1524	-102.21
K-C word sums	per-section	14	beaufort	13	1589	-92.74
K-C word sums	per-section	15	beaufort	13	3316	-100.15
K-C word sums	continuous	7-15	beaufort	13	12956	-101.67
K-C word sums	per-section	7	beaufort	14	729	-90.21
K-C word sums	per-section	8	beaufort	14	1145	-84.84
K-C word sums	per-section	9	beaufort	14	1729	-91.19
K-C word sums	per-section	10	beaufort	14	9	-0.35
K-C word sums	per-section	11	beaufort	14	1894	-100.56
K-C word sums	per-section	12	beaufort	14	1021	-96.74
K-C word sums	per-section	13	beaufort	14	1524	-92.62
K-C word sums	per-section	14	beaufort	14	1589	-74.84
K-C word sums	per-section	15	beaufort	14	3316	-88.05
K-C word sums	continuous	7-15	beaufort	14	12956	-90.21
K-C word sums	per-section	7	beaufort	15	729	-87.21
K-C word sums	per-section	8	beaufort	15	1145	-98.46
K-C word sums	per-section	9	beaufort	15	1729	-97.60
K-C word sums	per-section	10	beaufort	15	9	-2.34
K-C word sums	per-section	11	beaufort	15	1894	-101.79
K-C word sums	per-section	12	beaufort	15	1021	-99.97
K-C word sums	per-section	13	beaufort	15	1524	-85.54
K-C word sums	per-section	14	beaufort	15	1589	-85.67
K-C word sums	per-section	15	beaufort	15	3316	-97.19
K-C word sums	continuous	7-15	beaufort	15	12956	-87.21
K-C word sums	per-section	7	beaufort	16	729	-109.29
K-C word sums	per-section	8	beaufort	16	1145	-104.50
K-C word sums	per-section	9	beaufort	16	1729	-94.32
K-C word sums	per-section	10	beaufort	16	9	-0.47
K-C word sums	per-section	11	beaufort	16	1894	-101.39
K-C word sums	per-section	12	beaufort	16	1021	-91.40
K-C word sums	per-section	13	beaufort	16	1524	-71.52
K-C word sums	per-section	14	beaufort	16	1589	-107.24
K-C word sums	per-section	15	beaufort	16	3316	-81.97
K-C word sums	continuous	7-15	beaufort	16	12956	-109.85
K-C word sums	per-section	7	beaufort	17	729	-93.18
K-C word sums	per-section	8	beaufort	17	1145	-99.69
K-C word sums	per-section	9	beaufort	17	1729	-102.67
K-C word sums	per-section	10	beaufort	17	9	-1.86
K-C word sums	per-section	11	beaufort	17	1894	-97.64
K-C word sums	per-section	12	beaufort	17	1021	-92.59
K-C word sums	per-section	13	beaufort	17	1524	-90.87
K-C word sums	per-section	14	beaufort	17	1589	-92.37
K-C word sums	per-section	15	beaufort	17	3316	-108.93
K-C word sums	continuous	7-15	beaufort	17	12956	-92.12
K-C word sums	per-section	7	beaufort	18	729	-93.88
K-C word sums	per-section	8	beaufort	18	1145	-102.11
K-C word sums	per-section	9	beaufort	18	1729	-117.49
K-C word sums	per-section	10	beaufort	18	9	-3.78
K-C word sums	per-section	11	beaufort	18	1894	-71.21
K-C word sums	per-section	12	beaufort	18	1021	-92.79
K-C word sums	per-section	13	beaufort	18	1524	-104.55
K-C word sums	per-section	14	beaufort	18	1589	-110.44
K-C word sums	per-section	15	beaufort	18	3316	-103.17
K-C word sums	continuous	7-15	beaufort	18	12956	-94.19
K-C word sums	per-section	7	beaufort	19	729	-105.19
K-C word sums	per-section	8	beaufort	19	1145	-96.86
K-C word sums	per-section	9	beaufort	19	1729	-97.87
K-C word sums	per-section	10	beaufort	19	9	-3.65
K-C word sums	per-section	11	beaufort	19	1894	-98.04
K-C word sums	per-section	12	beaufort	19	1021	-93.27
K-C word sums	per-section	13	beaufort	19	1524	-95.40
K-C word sums	per-section	14	beaufort	19	1589	-109.16
K-C word sums	per-section	15	beaufort	19	3316	-95.53
K-C word sums	continuous	7-15	beaufort	19	12956	-107.84
K-C word sums	per-section	7	beaufort	20	729	-90.86
K-C word sums	per-section	8	beaufort	20	1145	-91.42
K-C word sums	per-section	9	beaufort	20	1729	-90.32
K-C word sums	per-section	10	beaufort	20	9	-2.51
K-C word sums	per-section	11	beaufort	20	1894	-89.15
K-C word sums	per-section	12	beaufort	20	1021	-122.08
K-C word sums	per-section	13	beaufort	20	1524	-113.96
K-C word sums	per-section	14	beaufort	20	1589	-89.25
K-C word sums	per-section	15	beaufort	20	3316	-94.34
K-C word sums	continuous	7-15	beaufort	20	12956	-90.86
K-C word sums	per-section	7	beaufort	21	729	-93.11
K-C word sums	per-section	8	beaufort	21	1145	-101.96
K-C word sums	per-section	9	beaufort	21	1729	-90.18
K-C word sums	per-section	10	beaufort	21	9	-2.09
K-C word sums	per-section	11	beaufort	21	1894	-99.79
K-C word sums	per-section	12	beaufort	21	1021	-97.82
K-C word sums	per-section	13	beaufort	21	1524	-108.95
K-C word sums	per-section	14	beaufort	21	1589	-106.62
K-C word sums	per-section	15	beaufort	21	3316	-93.05
K-C word sums	continuous	7-15	beaufort	21	12956	-93.11
K-C word sums	per-section	7	beaufort	22	729	-94.77
K-C word sums	per-section	8	beaufort	22	1145	-99.39
K-C word sums	per-section	9	beaufort	22	1729	-88.64
K-C word sums	per-section	10	beaufort	22	9	0.54
K-C word sums	per-section	11	beaufort	22	1894	-93.41
K-C word sums	per-section	12	beaufort	22	1021	-84.12
K-C word sums	per-section	13	beaufort	22	1524	-100.97
K-C word sums	per-section	14	beaufort	22	1589	-87.24
K-C word sums	per-section	15	beaufort	22	3316	-81.52
K-C word sums	continuous	7-15	beaufort	22	12956	-94.77
K-C word sums	per-section	7	beaufort	23	729	-87.34
K-C word sums	per-section	8	beaufort	23	1145	-96.94
K-C word sums	per-section	9	beaufort	23	1729	-107.69
K-C word sums	per-section	10	beaufort	23	9	-1.95
K-C word sums	per-section	11	beaufort	23	1894	-85.92
K-C word sums	per-section	12	beaufort	23	1021	-88.07
K-C word sums	per-section	13	beaufort	23	1524	-100.17
K-C word sums	per-section	14	beaufort	23	1589	-97.07
K-C word sums	per-section	15	beaufort	23	3316	-106.20
K-C word sums	continuous	7-15	beaufort	23	12956	-87.35
K-C word sums	per-section	7	beaufort	24	729	-107.26
K-C word sums	per-section	8	beaufort	24	1145	-91.20
K-C word sums	per-section	9	beaufort	24	1729	-99.54
K-C word sums	per-section	10	beaufort	24	9	-2.09
K-C word sums	per-section	11	beaufort	24	1894	-94.99
K-C word sums	per-section	12	beaufort	24	1021	-70.09
K-C word sums	per-section	13	beaufort	24	1524	-101.38
K-C word sums	per-section	14	beaufort	24	1589	-83.06
K-C word sums	per-section	15	beaufort	24	3316	-83.23
K-C word sums	continuous	7-15	beaufort	24	12956	-108.85
K-C word sums	per-section	7	beaufort	25	729	-97.99
K-C word sums	per-section	8	beaufort	25	1145	-114.04
K-C word sums	per-section	9	beaufort	25	1729	-96.42
K-C word sums	per-section	10	beaufort	25	9	-3.42
K-C word sums	per-section	11	beaufort	25	1894	-112.39
K-C word sums	per-section	12	beaufort	25	1021	-87.17
K-C word sums	per-section	13	beaufort	25	1524	-97.53
K-C word sums	per-section	14	beaufort	25	1589	-93.90
K-C word sums	per-section	15	beaufort	25	3316	-92.57
K-C word sums	continuous	7-15	beaufort	25	12956	-98.01
K-C word sums	per-section	7	beaufort	26	729	-106.65
K-C word sums	per-section	8	beaufort	26	1145	-90.51
K-C word sums	per-section	9	beaufort	26	1729	-96.18
K-C word sums	per-section	10	beaufort	26	9	-4.43
K-C word sums	per-section	11	beaufort	26	1894	-86.04
K-C word sums	per-section	12	beaufort	26	1021	-105.91
K-C word sums	per-section	13	beaufort	26	1524	-101.10
K-C word sums	per-section	14	beaufort	26	1589	-102.58
K-C word sums	per-section	15	beaufort	26	3316	-104.56
K-C word sums	continuous	7-15	beaufort	26	12956	-106.65
K-C word sums	per-section	7	beaufort	27	729	-104.51
K-C word sums	per-section	8	beaufort	27	1145	-92.18
K-C word sums	per-section	9	beaufort	27	1729	-95.61
K-C word sums	per-section	10	beaufort	27	9	-2.40
K-C word sums	per-section	11	beaufort	27	1894	-90.44
K-C word sums	per-section	12	beaufort	27	1021	-97.41
K-C word sums	per-section	13	beaufort	27	1524	-94.80
K-C word sums	per-section	14	beaufort	27	1589	-104.44
K-C word sums	per-section	15	beaufort	27	3316	-104.69
K-C word sums	continuous	7-15	beaufort	27	12956	-104.51
K-C word sums	per-section	7	beaufort	28	729	-88.32
K-C word sums	per-section	8	beaufort	28	1145	-89.94
K-C word sums	per-section	9	beaufort	28	1729	-83.06
K-C word sums	per-section	10	beaufort	28	9	-0.79
K-C word sums	per-section	11	beaufort	28	1894	-99.45
K-C word sums	per-section	12	beaufort	28	1021	-99.93
K-C word sums	per-section	13	beaufort	28	1524	-106.37
K-C word sums	per-section	14	beaufort	28	1589	-99.67
K-C word sums	per-section	15	beaufort	28	3316	-110.24
K-C word sums	continuous	7-15	beaufort	28	12956	-89.00
K-D plaintext values	per-section	7	sub	0	729	-109.52
K-D plaintext values	per-section	8	sub	0	1145	-158.33
K-D plaintext values	per-section	9	sub	0	1729	-253.05
K-D plaintext values	per-section	10	sub	0	9	-1.46
K-D plaintext values	per-section	11	sub	0	1894	-237.71
K-D plaintext values	per-section	12	sub	0	1021	-159.94
K-D plaintext values	per-section	13	sub	0	1524	-187.35
K-D plaintext values	per-section	14	sub	0	1589	-215.02
K-D plaintext values	per-section	15	sub	0	3316	-382.95
K-D plaintext values	continuous	7-15	sub	0	12956	-396.63
K-D plaintext values	per-section	7	sub	1	729	-98.46
K-D plaintext values	per-section	8	sub	1	1145	-127.71
K-D plaintext values	per-section	9	sub	1	1729	-211.98
K-D plaintext values	per-section	10	sub	1	9	0.20
K-D plaintext values	per-section	11	sub	1	1894	-259.75
K-D plaintext values	per-section	12	sub	1	1021	-159.28
K-D plaintext values	per-section	13	sub	1	1524	-215.46
K-D plaintext values	per-section	14	sub	1	1589	-231.85
K-D plaintext values	per-section	15	sub	1	3316	-393.85
K-D plaintext values	continuous	7-15	sub	1	12956	-380.14
K-D plaintext values	per-section	7	sub	2	729	-88.62
K-D plaintext values	per-section	8	sub	2	1145	-149.78
K-D plaintext values	per-section	9	sub	2	1729	-234.68
K-D plaintext values	per-section	10	sub	2	9	-2.60
K-D plaintext values	per-section	11	sub	2	1894	-251.48
K-D plaintext values	per-section	12	sub	2	1021	-131.12
K-D plaintext values	per-section	13	sub	2	1524	-186.44
K-D plaintext values	per-section	14	sub	2	1589	-233.26
K-D plaintext values	per-section	15	sub	2	3316	-405.95
K-D plaintext values	continuous	7-15	sub	2	12956	-348.45
K-D plaintext values	per-section	7	sub	3	729	-92.70
K-D plaintext values	per-section	8	sub	3	1145	-170.17
K-D plaintext values	per-section	9	sub	3	1729	-211.75
K-D plaintext values	per-section	10	sub	3	9	-0.45
K-D plaintext values	per-section	11	sub	3	1894	-238.34
K-D plaintext values	per-section	12	sub	3	1021	-137.30
K-D plaintext values	per-section	13	sub	3	1524	-205.00
K-D plaintext values	per-section	14	sub	3	1589	-220.06
K-D plaintext values	per-section	15	sub	3	3316	-401.06
K-D plaintext values	continuous	7-15	sub	3	12956	-369.58
K-D plaintext values	per-section	7	sub	4	729	-97.66
K-D plaintext values	per-section	8	sub	4	1145	-183.54
K-D plaintext values	per-section	9	sub	4	1729	-217.68
K-D plaintext values	per-section	10	sub	4	9	1.38
K-D plaintext values	per-section	11	sub	4	1894	-241.93
K-D plaintext values	per-section	12	sub	4	1021	-134.30
K-D plaintext values	per-section	13	sub	4	1524	-203.52
K-D plaintext values	per-section	14	sub	4	1589	-219.62
K-D plaintext values	per-section	15	sub	4	3316	-374.25
K-D plaintext values	continuous	7-15	sub	4	12956	-387.32
K-D plaintext values	per-section	7	sub	5	729	-114.03
K-D plaintext values	per-section	8	sub	5	1145	-188.32
K-D plaintext values	per-section	9	sub	5	1729	-247.99
K-D plaintext values	per-section	10	sub	5	9	-0.66
K-D plaintext values	per-section	11	sub	5	1894	-243.75
K-D plaintext values	per-section	12	sub	5	1021	-128.97
K-D plaintext values	per-section	13	sub	5	1524	-197.47
K-D plaintext values	per-section	14	sub	5	1589	-205.23
K-D plaintext values	per-section	15	sub	5	3316	-375.37
K-D plaintext values	continuous	7-15	sub	5	12956	-404.26
K-D plaintext values	per-section	7	sub	6	729	-107.82
K-D plaintext values	per-section	8	sub	6	1145	-158.14
K-D plaintext values	per-section	9	sub	6	1729	-242.25
K-D plaintext values	per-section	10	sub	6	9	1.14
K-D plaintext values	per-section	11	sub	6	1894	-236.25
K-D plaintext values	per-section	12	sub	6	1021	-134.14
K-D plaintext values	per-section	13	sub	6	1524	-182.32
K-D plaintext values	per-section	14	sub	6	1589	-195.87
K-D plaintext values	per-section	15	sub	6	3316	-349.30
K-D plaintext values	continuous	7-15	sub	6	12956	-388.65
K-D plaintext values	per-section	7	sub	7	729	-118.87
K-D plaintext values	per-section	8	sub	7	1145	-138.42
K-D plaintext values	per-section	9	sub	7	1729	-253.01
K-D plaintext values	per-section	10	sub	7	9	-2.00
K-D plaintext values	per-section	11	sub	7	1894	-235.41
K-D plaintext values	per-section	12	sub	7	1021	-152.23
K-D plaintext values	per-section	13	sub	7	1524	-183.65
K-D plaintext values	per-section	14	sub	7	1589	-230.90
K-D plaintext values	per-section	15	sub	7	3316	-349.14
K-D plaintext values	continuous	7-15	sub	7	12956	-407.90
K-D plaintext values	per-section	7	sub	8	729	-116.45
K-D plaintext values	per-section	8	sub	8	1145	-131.36
K-D plaintext values	per-section	9	sub	8	1729	-245.84
K-D plaintext values	per-section	10	sub	8	9	-1.87
K-D plaintext values	per-section	11	sub	8	1894	-243.57
K-D plaintext values	per-section	12	sub	8	1021	-118.69
K-D plaintext values	per-section	13	sub	8	1524	-203.34
K-D plaintext values	per-section	14	sub	8	1589	-217.61
K-D plaintext values	per-section	15	sub	8	3316	-392.55
K-D plaintext values	continuous	7-15	sub	8	12956	-403.42
K-D plaintext values	per-section	7	sub	9	729	-95.49
K-D plaintext values	per-section	8	sub	9	1145	-138.79
K-D plaintext values	per-section	9	sub	9	1729	-233.20
K-D plaintext values	per-section	10	sub	9	9	-2.55
K-D plaintext values	per-section	11	sub	9	1894	-256.13
K-D plaintext values	per-section	12	sub	9	1021	-144.14
K-D plaintext values	per-section	13	sub	9	1524	-213.77
K-D plaintext values	per-section	14	sub	9	1589	-209.04
K-D plaintext values	per-section	15	sub	9	3316	-380.37
K-D plaintext values	continuous	7-15	sub	9	12956	-319.93
K-D plaintext values	per-section	7	sub	10	729	-80.59
K-D plaintext values	per-section	8	sub	10	1145	-131.81
K-D plaintext values	per-section	9	sub	10	1729	-181.75
K-D plaintext values	per-section	10	sub	10	9	-0.22
K-D plaintext values	per-section	11	sub	10	1894	-269.88
K-D plaintext values	per-section	12	sub	10	1021	-119.42
K-D plaintext values	per-section	13	sub	10	1524	-208.37
K-D plaintext values	per-section	14	sub	10	1589	-212.02
K-D plaintext values	per-section	15	sub	10	3316	-399.33
K-D plaintext values	continuous	7-15	sub	10	12956	-339.52
K-D plaintext values	per-section	7	sub	11	729	-81.20
K-D plaintext values	per-section	8	sub	11	1145	-174.29
K-D plaintext values	per-section	9	sub	11	1729	-235.93
K-D plaintext values	per-section	10	sub	11	9	-3.94
K-D plaintext values	per-section	11	sub	11	1894	-249.91
K-D plaintext values	per-section	12	sub	11	1021	-136.19
K-D plaintext values	per-section	13	sub	11	1524	-182.35
K-D plaintext values	per-section	14	sub	11	1589	-207.55
K-D plaintext values	per-section	15	sub	11	3316	-382.86
K-D plaintext values	continuous	7-15	sub	11	12956	-367.09
K-D plaintext values	per-section	7	sub	12	729	-91.85
K-D plaintext values	per-section	8	sub	12	1145	-163.93
K-D plaintext values	per-section	9	sub	12	1729	-226.47
K-D plaintext values	per-section	10	sub	12	9	-2.71
K-D plaintext values	per-section	11	sub	12	1894	-242.17
K-D plaintext values	per-section	12	sub	12	1021	-130.67
K-D plaintext values	per-section	13	sub	12	1524	-185.83
K-D plaintext values	per-section	14	sub	12	1589	-221.08
K-D plaintext values	per-section	15	sub	12	3316	-363.00
K-D plaintext values	continuous	7-15	sub	12	12956	-388.77
K-D plaintext values	per-section	7	sub	13	729	-96.94
K-D plaintext values	per-section	8	sub	13	1145	-166.71
K-D plaintext values	per-section	9	sub	13	1729	-233.35
K-D plaintext values	per-section	10	sub	13	9	-4.76
K-D plaintext values	per-section	11	sub	13	1894	-227.95
K-D plaintext values	per-section	12	sub	13	1021	-131.48
K-D plaintext values	per-section	13	sub	13	1524	-191.14
K-D plaintext values	per-section	14	sub	13	1589	-205.72
K-D plaintext values	per-section	15	sub	13	3316	-351.76
K-D plaintext values	continuous	7-15	sub	13	12956	-391.77
K-D plaintext values	per-section	7	sub	14	729	-114.34
K-D plaintext values	per-section	8	sub	14	1145	-177.36
K-D plaintext values	per-section	9	sub	14	1729	-236.90
K-D plaintext values	per-section	10	sub	14	9	-3.65
K-D plaintext values	per-section	11	sub	14	1894	-240.62
K-D plaintext values	per-section	12	sub	14	1021	-133.93
K-D plaintext values	per-section	13	sub	14	1524	-200.72
K-D plaintext values	per-section	14	sub	14	1589	-207.08
K-D plaintext values	per-section	15	sub	14	3316	-345.20
K-D plaintext values	continuous	7-15	sub	14	12956	-372.38
K-D plaintext values	per-section	7	sub	15	729	-109.13
K-D plaintext values	per-section	8	sub	15	1145	-138.36
K-D plaintext values	per-section	9	sub	15	1729	-230.49
K-D plaintext values	per-section	10	sub	15	9	-3.35
K-D plaintext values	per-section	11	sub	15	1894	-229.89
K-D plaintext values	per-section	12	sub	15	1021	-145.07
K-D plaintext values	per-section	13	sub	15	1524	-218.52
K-D plaintext values	per-section	14	sub	15	1589	-216.99
K-D plaintext values	per-section	15	sub	15	3316	-377.89
K-D plaintext values	continuous	7-15	sub	15	12956	-377.30
K-D plaintext values	per-section	7	sub	16	729	-88.79
K-D plaintext values	per-section	8	sub	16	1145	-146.37
K-D plaintext values	per-section	9	sub	16	1729	-223.93
K-D plaintext values	per-section	10	sub	16	9	-0.14
K-D plaintext values	per-section	11	sub	16	1894	-257.88
K-D plaintext values	per-section	12	sub	16	1021	-148.23
K-D plaintext values	per-section	13	sub	16	1524	-204.62
K-D plaintext values	per-section	14	sub	16	1589	-220.45
K-D plaintext values	per-section	15	sub	16	3316	-421.15
K-D plaintext values	continuous	7-15	sub	16	12956	-345.99
K-D plaintext values	per-section	7	sub	17	729	-81.74
K-D plaintext values	per-section	8	sub	17	1145	-158.48
K-D plaintext values	per-section	9	sub	17	1729	-221.28
K-D plaintext values	per-section	10	sub	17	9	-3.48
K-D plaintext values	per-section	11	sub	17	1894	-262.49
K-D plaintext values	per-section	12	sub	17	1021	-147.33
K-D plaintext values	per-section	13	sub	17	1524	-193.08
K-D plaintext values	per-section	14	sub	17	1589	-220.24
K-D plaintext values	per-section	15	sub	17	3316	-424.56
K-D plaintext values	continuous	7-15	sub	17	12956	-373.75
K-D plaintext values	per-section	7	sub	18	729	-104.19
K-D plaintext values	per-section	8	sub	18	1145	-186.54
K-D plaintext values	per-section	9	sub	18	1729	-199.48
K-D plaintext values	per-section	10	sub	18	9	-1.79
K-D plaintext values	per-section	11	sub	18	1894	-240.39
K-D plaintext values	per-section	12	sub	18	1021	-138.71
K-D plaintext values	per-section	13	sub	18	1524	-184.31
K-D plaintext values	per-section	14	sub	18	1589	-211.71
K-D plaintext values	per-section	15	sub	18	3316	-396.47
K-D plaintext values	continuous	7-15	sub	18	12956	-375.29
K-D plaintext values	per-section	7	sub	19	729	-88.86
K-D plaintext values	per-section	8	sub	19	1145	-186.37
K-D plaintext values	per-section	9	sub	19	1729	-245.11
K-D plaintext values	per-section	10	sub	19	9	-1.12
K-D plaintext values	per-section	11	sub	19	1894	-249.11
K-D plaintext values	per-section	12	sub	19	1021	-114.46
K-D plaintext values	per-section	13	sub	19	1524	-191.56
K-D plaintext values	per-section	14	sub	19	1589	-210.00
K-D plaintext values	per-section	15	sub	19	3316	-378.74
K-D plaintext values	continuous	7-15	sub	19	12956	-395.00
K-D plaintext values	per-section	7	sub	20	729	-115.25
K-D plaintext values	per-section	8	sub	20	1145	-187.13
K-D plaintext values	per-section	9	sub	20	1729	-228.10
K-D plaintext values	per-section	10	sub	20	9	-1.43
K-D plaintext values	per-section	11	sub	20	1894	-255.96
K-D plaintext values	per-section	12	sub	20	1021	-105.30
K-D plaintext values	per-section	13	sub	20	1524	-208.75
K-D plaintext values	per-section	14	sub	20	1589	-208.60
K-D plaintext values	per-section	15	sub	20	3316	-349.43
K-D plaintext values	continuous	7-15	sub	20	12956	-410.10
K-D plaintext values	per-section	7	sub	21	729	-116.68
K-D plaintext values	per-section	8	sub	21	1145	-149.10
K-D plaintext values	per-section	9	sub	21	1729	-241.67
K-D plaintext values	per-section	10	sub	21	9	0.10
K-D plaintext values	per-section	11	sub	21	1894	-230.84
K-D plaintext values	per-section	12	sub	21	1021	-144.18
K-D plaintext values	per-section	13	sub	21	1524	-179.40
K-D plaintext values	per-section	14	sub	21	1589	-217.74
K-D plaintext values	per-section	15	sub	21	3316	-356.41
K-D plaintext values	continuous	7-15	sub	21	12956	-406.74
K-D plaintext values	per-section	7	sub	22	729	-125.63
K-D plaintext values	per-section	8	sub	22	1145	-126.62
K-D plaintext values	per-section	9	sub	22	1729	-254.17
K-D plaintext values	per-section	10	sub	22	9	-0.08
K-D plaintext values	per-section	11	sub	22	1894	-240.62
K-D plaintext values	per-section	12	sub	22	1021	-138.81
K-D plaintext values	per-section	13	sub	22	1524	-196.25
K-D plaintext values	per-section	14	sub	22	1589	-198.39
K-D plaintext values	per-section	15	sub	22	3316	-355.28
K-D plaintext values	continuous	7-15	sub	22	12956	-406.54
K-D plaintext values	per-section	7	sub	23	729	-100.69
K-D plaintext values	per-section	8	sub	23	1145	-139.63
K-D plaintext values	per-section	9	sub	23	1729	-269.66
K-D plaintext values	per-section	10	sub	23	9	-5.22
K-D plaintext values	per-section	11	sub	23	1894	-250.33
K-D plaintext values	per-section	12	sub	23	1021	-151.89
K-D plaintext values	per-section	13	sub	23	1524	-205.97
K-D plaintext values	per-section	14	sub	23	1589	-204.79
K-D plaintext values	per-section	15	sub	23	3316	-404.62
K-D plaintext values	continuous	7-15	sub	23	12956	-369.56
K-D plaintext values	per-section	7	sub	24	729	-93.20
K-D plaintext values	per-section	8	sub	24	1145	-127.24
K-D plaintext values	per-section	9	sub	24	1729	-218.16
K-D plaintext values	per-section	10	sub	24	9	0.49
K-D plaintext values	per-section	11	sub	24	1894	-233.50
K-D plaintext values	per-section	12	sub	24	1021	-140.59
K-D plaintext values	per-section	13	sub	24	1524	-225.78
K-D plaintext values	per-section	14	sub	24	1589	-204.36
K-D plaintext values	per-section	15	sub	24	3316	-384.69
K-D plaintext values	continuous	7-15	sub	24	12956	-335.43
K-D plaintext values	per-section	7	sub	25	729	-88.67
K-D plaintext values	per-section	8	sub	25	1145	-171.74
K-D plaintext values	per-section	9	sub	25	1729	-229.18
K-D plaintext values	per-section	10	sub	25	9	-2.94
K-D plaintext values	per-section	11	sub	25	1894	-248.81
K-D plaintext values	per-section	12	sub	25	1021	-127.12
K-D plaintext values	per-section	13	sub	25	1524	-202.11
K-D plaintext values	per-section	14	sub	25	1589	-219.79
K-D plaintext values	per-section	15	sub	25	3316	-382.71
K-D plaintext values	continuous	7-15	sub	25	12956	-368.88
K-D plaintext values	per-section	7	sub	26	729	-102.16
K-D plaintext values	per-section	8	sub	26	1145	-168.96
K-D plaintext values	per-section	9	sub	26	1729	-212.84
K-D plaintext values	per-section	10	sub	26	9	-7.16
K-D plaintext values	per-section	11	sub	26	1894	-266.84
K-D plaintext values	per-section	12	sub	26	1021	-132.15
K-D plaintext values	per-section	13	sub	26	1524	-197.45
K-D plaintext values	per-section	14	sub	26	1589	-200.71
K-D plaintext values	per-section	15	sub	26	3316	-371.55
K-D plaintext values	continuous	7-15	sub	26	12956	-385.74
K-D plaintext values	per-section	7	sub	27	729	-91.46
K-D plaintext values	per-section	8	sub	27	1145	-187.98
K-D plaintext values	per-section	9	sub	27	1729	-234.31
K-D plaintext values	per-section	10	sub	27	9	-5.16
K-D plaintext values	per-section	11	sub	27	1894	-256.40
K-D plaintext values	per-section	12	sub	27	1021	-125.41
K-D plaintext values	per-section	13	sub	27	1524	-197.74
K-D plaintext values	per-section	14	sub	27	1589	-196.41
K-D plaintext values	per-section	15	sub	27	3316	-366.46
K-D plaintext values	continuous	7-15	sub	27	12956	-409.11
K-D plaintext values	per-section	7	sub	28	729	-110.68
K-D plaintext values	per-section	8	sub	28	1145	-181.27
K-D plaintext values	per-section	9	sub	28	1729	-243.27
K-D plaintext values	per-section	10	sub	28	9	-2.51
K-D plaintext values	per-section	11	sub	28	1894	-259.07
K-D plaintext values	per-section	12	sub	28	1021	-122.40
K-D plaintext values	per-section	13	sub	28	1524	-192.97
K-D plaintext values	per-section	14	sub	28	1589	-206.21
K-D plaintext values	per-section	15	sub	28	3316	-374.36
K-D plaintext values	continuous	7-15	sub	28	12956	-394.10
K-D plaintext values	per-section	7	add	0	729	-88.55
K-D plaintext values	per-section	8	add	0	1145	-177.32
K-D plaintext values	per-section	9	add	0	1729	-220.73
K-D plaintext values	per-section	10	add	0	9	1.69
K-D plaintext values	per-section	11	add	0	1894	-230.75
K-D plaintext values	per-section	12	add	0	1021	-121.24
K-D plaintext values	per-section	13	add	0	1524	-206.63
K-D plaintext values	per-section	14	add	0	1589	-191.47
K-D plaintext values	per-section	15	add	0	3316	-353.80
K-D plaintext values	continuous	7-15	add	0	12956	-374.33
K-D plaintext values	per-section	7	add	1	729	-87.24
K-D plaintext values	per-section	8	add	1	1145	-147.83
K-D plaintext values	per-section	9	add	1	1729	-222.23
K-D plaintext values	per-section	10	add	1	9	-5.51
K-D plaintext values	per-section	11	add	1	1894	-249.58
K-D plaintext values	per-section	12	add	1	1021	-129.17
K-D plaintext values	per-section	13	add	1	1524	-204.79
K-D plaintext values	per-section	14	add	1	1589	-217.72
K-D plaintext values	per-section	15	add	1	3316	-401.16
K-D plaintext values	continuous	7-15	add	1	12956	-350.49
K-D plaintext values	per-section	7	add	2	729	-96.42
K-D plaintext values	per-section	8	add	2	1145	-135.11
K-D plaintext values	per-section	9	add	2	1729	-225.35
K-D plaintext values	per-section	10	add	2	9	-4.93
K-D plaintext values	per-section	11	add	2	1894	-247.65
K-D plaintext values	per-section	12	add	2	1021	-146.61
K-D plaintext values	per-section	13	add	2	1524	-206.95
K-D plaintext values	per-section	14	add	2	1589	-231.60
K-D plaintext values	per-section	15	add	2	3316	-381.29
K-D plaintext values	continuous	7-15	add	2	12956	-367.60
K-D plaintext values	per-section	7	add	3	729	-99.34
K-D plaintext values	per-section	8	add	3	1145	-116.15
K-D plaintext values	per-section	9	add	3	1729	-235.64
K-D plaintext values	per-section	10	add	3	9	-0.94
K-D plaintext values	per-section	11	add	3	1894	-231.64
K-D plaintext values	per-section	12	add	3	1021	-154.03
K-D plaintext values	per-section	13	add	3	1524	-206.47
K-D plaintext values	per-section	14	add	3	1589	-225.84
K-D plaintext values	per-section	15	add	3	3316	-388.01
K-D plaintext values	continuous	7-15	add	3	12956	-371.57
K-D plaintext values	per-section	7	add	4	729	-99.54
K-D plaintext values	per-section	8	add	4	1145	-141.79
K-D plaintext values	per-section	9	add	4	1729	-222.46
K-D plaintext values	per-section	10	add	4	9	-3.49
K-D plaintext values	per-section	11	add	4	1894	-264.45
K-D plaintext values	per-section	12	add	4	1021	-143.59
K-D plaintext values	per-section	13	add	4	1524	-215.01
K-D plaintext values	per-section	14	add	4	1589	-212.00
K-D plaintext values	per-section	15	add	4	3316	-376.40
K-D plaintext values	continuous	7-15	add	4	12956	-379.97
K-D plaintext values	per-section	7	add	5	729	-112.38
K-D plaintext values	per-section	8	add	5	1145	-172.87
K-D plaintext values	per-section	9	add	5	1729	-223.66
K-D plaintext values	per-section	10	add	5	9	-2.35
K-D plaintext values	per-section	11	add	5	1894	-266.81
K-D plaintext values	per-section	12	add	5	1021	-138.43
K-D plaintext values	per-section	13	add	5	1524	-194.20
K-D plaintext values	per-section	14	add	5	1589	-227.84
K-D plaintext values	per-section	15	add	5	3316	-365.17
K-D plaintext values	continuous	7-15	add	5	12956	-413.90
K-D plaintext values	per-section	7	add	6	729	-114.72
K-D plaintext values	per-section	8	add	6	1145	-193.08
K-D plaintext values	per-section	9	add	6	1729	-232.71
K-D plaintext values	per-section	10	add	6	9	0.19
K-D plaintext values	per-section	11	add	6	1894	-250.03
K-D plaintext values	per-section	12	add	6	1021	-141.25
K-D plaintext values	per-section	13	add	6	1524	-203.14
K-D plaintext values	per-section	14	add	6	1589	-201.27
K-D plaintext values	per-section	15	add	6	3316	-338.43
K-D plaintext values	continuous	7-15	add	6	12956	-407.99
K-D plaintext values	per-section	7	add	7	729	-93.24
K-D plaintext values	per-section	8	add	7	1145	-171.82
K-D plaintext values	per-section	9	add	7	1729	-207.48
K-D plaintext values	per-section	10	add	7	9	-2.04
K-D plaintext values	per-section	11	add	7	1894	-268.81
K-D plaintext values	per-section	12	add	7	1021	-131.90
K-D plaintext values	per-section	13	add	7	1524	-179.79
K-D plaintext values	per-section	14	add	7	1589	-199.94
K-D plaintext values	per-section	15	add	7	3316	-372.59
K-D plaintext values	continuous	7-15	add	7	12956	-372.84
K-D plaintext values	per-section	7	add	8	729	-97.71
K-D plaintext values	per-section	8	add	8	1145	-160.56
K-D plaintext values	per-section	9	add	8	1729	-197.68
K-D plaintext values	per-section	10	add	8	9	1.94
K-D plaintext values	per-section	11	add	8	1894	-260.91
K-D plaintext values	per-section	12	add	8	1021	-129.42
K-D plaintext values	per-section	13	add	8	1524	-221.17
K-D plaintext values	per-section	14	add	8	1589	-229.16
K-D plaintext values	per-section	15	add	8	3316	-388.35
K-D plaintext values	continuous	7-15	add	8	12956	-375.09
K-D plaintext values	per-section	7	add	9	729	-81.18
K-D plaintext values	per-section	8	add	9	1145	-140.60
K-D plaintext values	per-section	9	add	9	1729	-231.40
K-D plaintext values	per-section	10	add	9	9	-1.76
K-D plaintext values	per-section	11	add	9	1894	-234.25
K-D plaintext values	per-section	12	add	9	1021	-157.57
K-D plaintext values	per-section	13	add	9	1524	-214.79
K-D plaintext values	per-section	14	add	9	1589	-222.74
K-D plaintext values	per-section	15	add	9	3316	-401.39
K-D plaintext values	continuous	7-15	add	9	12956	-328.91
K-D plaintext values	per-section	7	add	10	729	-105.56
K-D plaintext values	per-section	8	add	10	1145	-117.23
K-D plaintext values	per-section	9	add	10	1729	-221.00
K-D plaintext values	per-section	10	add	10	9	-3.24
K-D plaintext values	per-section	11	add	10	1894	-245.08
K-D plaintext values	per-section	12	add	10	1021	-145.02
K-D plaintext values	per-section	13	add	10	1524	-222.67
K-D plaintext values	per-section	14	add	10	1589	-216.77
K-D plaintext values	per-section	15	add	10	3316	-383.85
K-D plaintext values	continuous	7-15	add	10	12956	-360.58
K-D plaintext values	per-section	7	add	11	729	-96.60
K-D plaintext values	per-section	8	add	11	1145	-137.45
K-D plaintext values	per-section	9	add	11	1729	-265.14
K-D plaintext values	per-section	10	add	11	9	-6.90
K-D plaintext values	per-section	11	add	11	1894	-251.63
K-D plaintext values	per-section	12	add	11	1021	-161.45
K-D plaintext values	per-section	13	add	11	1524	-190.18
K-D plaintext values	per-section	14	add	11	1589	-226.89
K-D plaintext values	per-section	15	add	11	3316	-370.79
K-D plaintext values	continuous	7-15	add	11	12956	-388.20
K-D plaintext values	per-section	7	add	12	729	-101.75
K-D plaintext values	per-section	8	add	12	1145	-152.27
K-D plaintext values	per-section	9	add	12	1729	-247.38
K-D plaintext values	per-section	10	add	12	9	-3.77
K-D plaintext values	per-section	11	add	12	1894	-255.42
K-D plaintext values	per-section	12	add	12	1021	-139.82
K-D plaintext values	per-section	13	add	12	1524	-191.85
K-D plaintext values	per-section	14	add	12	1589	-197.92
K-D plaintext values	per-section	15	add	12	3316	-350.51
K-D plaintext values	continuous	7-15	add	12	12956	-394.36
K-D plaintext values	per-section	7	add	13	729	-109.55
K-D plaintext values	per-section	8	add	13	1145	-163.61
K-D plaintext values	per-section	9	add	13	1729	-228.11
K-D plaintext values	per-section	10	add	13	9	-1.48
K-D plaintext values	per-section	11	add	13	1894	-227.98
K-D plaintext values	per-section	12	add	13	1021	-114.31
K-D plaintext values	per-section	13	add	13	1524	-187.73
K-D plaintext values	per-section	14	add	13	1589	-211.56
K-D plaintext values	per-section	15	add	13	3316	-335.32
K-D plaintext values	continuous	7-15	add	13	12956	-425.96
K-D plaintext values	per-section	7	add	14	729	-93.90
K-D plaintext values	per-section	8	add	14	1145	-169.50
K-D plaintext values	per-section	9	add	14	1729	-213.20
K-D plaintext values	per-section	10	add	14	9	2.06
K-D plaintext values	per-section	11	add	14	1894	-273.33
K-D plaintext values	per-section	12	add	14	1021	-146.41
K-D plaintext values	per-section	13	add	14	1524	-223.38
K-D plaintext values	per-section	14	add	14	1589	-194.97
K-D plaintext values	per-section	15	add	14	3316	-343.10
K-D plaintext values	continuous	7-15	add	14	12956	-381.23
K-D plaintext values	per-section	7	add	15	729	-85.35
K-D plaintext values	per-section	8	add	15	1145	-169.11
K-D plaintext values	per-section	9	add	15	1729	-223.58
K-D plaintext values	per-section	10	add	15	9	-4.46
K-D plaintext values	per-section	11	add	15	1894	-248.96
K-D plaintext values	per-section	12	add	15	1021	-138.33
K-D plaintext values	per-section	13	add	15	1524	-223.11
K-D plaintext values	per-section	14	add	15	1589	-222.90
K-D plaintext values	per-section	15	add	15	3316	-403.69
K-D plaintext values	continuous	7-15	add	15	12956	-357.36
K-D plaintext values	per-section	7	add	16	729	-96.21
K-D plaintext values	per-section	8	add	16	1145	-138.88
K-D plaintext values	per-section	9	add	16	1729	-228.34
K-D plaintext values	per-section	10	add	16	9	-1.97
K-D plaintext values	per-section	11	add	16	1894	-243.19
K-D plaintext values	per-section	12	add	16	1021	-133.85
K-D plaintext values	per-section	13	add	16	1524	-213.57
K-D plaintext values	per-section	14	add	16	1589	-216.03
K-D plaintext values	per-section	15	add	16	3316	-388.40
K-D plaintext values	continuous	7-15	add	16	12956	-368.26
K-D plaintext values	per-section	7	add	17	729	-92.38
K-D plaintext values	per-section	8	add	17	1145	-128.07
K-D plaintext values	per-section	9	add	17	1729	-228.35
K-D plaintext values	per-section	10	add	17	9	-3.41
K-D plaintext values	per-section	11	add	17	1894	-253.04
K-D plaintext values	per-section	12	add	17	1021	-155.10
K-D plaintext values	per-section	13	add	17	1524	-213.75
K-D plaintext values	per-section	14	add	17	1589	-241.31
K-D plaintext values	per-section	15	add	17	3316	-405.67
K-D plaintext values	continuous	7-15	add	17	12956	-372.60
K-D plaintext values	per-section	7	add	18	729	-102.83
K-D plaintext values	per-section	8	add	18	1145	-131.14
K-D plaintext values	per-section	9	add	18	1729	-226.51
K-D plaintext values	per-section	10	add	18	9	-1.34
K-D plaintext values	per-section	11	add	18	1894	-260.60
K-D plaintext values	per-section	12	add	18	1021	-149.97
K-D plaintext values	per-section	13	add	18	1524	-209.75
K-D plaintext values	per-section	14	add	18	1589	-208.68
K-D plaintext values	per-section	15	add	18	3316	-374.44
K-D plaintext values	continuous	7-15	add	18	12956	-353.70
K-D plaintext values	per-section	7	add	19	729	-112.28
K-D plaintext values	per-section	8	add	19	1145	-156.45
K-D plaintext values	per-section	9	add	19	1729	-254.79
K-D plaintext values	per-section	10	add	19	9	-2.49
K-D plaintext values	per-section	11	add	19	1894	-252.50
K-D plaintext values	per-section	12	add	19	1021	-124.44
K-D plaintext values	per-section	13	add	19	1524	-190.73
K-D plaintext values	per-section	14	add	19	1589	-226.36
K-D plaintext values	per-section	15	add	19	3316	-379.22
K-D plaintext values	continuous	7-15	add	19	12956	-415.76
K-D plaintext values	per-section	7	add	20	729	-108.59
K-D plaintext values	per-section	8	add	20	1145	-173.16
K-D plaintext values	per-section	9	add	20	1729	-212.55
K-D plaintext values	per-section	10	add	20	9	-1.76
K-D plaintext values	per-section	11	add	20	1894	-251.63
K-D plaintext values	per-section	12	add	20	1021	-115.94
K-D plaintext values	per-section	13	add	20	1524	-214.89
K-D plaintext values	per-section	14	add	20	1589	-217.69
K-D plaintext values	per-section	15	add	20	3316	-366.23
K-D plaintext values	continuous	7-15	add	20	12956	-387.47
K-D plaintext values	per-section	7	add	21	729	-106.10
K-D plaintext values	per-section	8	add	21	1145	-188.18
K-D plaintext values	per-section	9	add	21	1729	-229.43
K-D plaintext values	per-section	10	add	21	9	-4.92
K-D plaintext values	per-section	11	add	21	1894	-237.08
K-D plaintext values	per-section	12	add	21	1021	-135.08
K-D plaintext values	per-section	13	add	21	1524	-193.56
K-D plaintext values	per-section	14	add	21	1589	-199.37
K-D plaintext values	per-section	15	add	21	3316	-373.06
K-D plaintext values	continuous	7-15	add	21	12956	-397.75
K-D plaintext values	per-section	7	add	22	729	-82.00
K-D plaintext values	per-section	8	add	22	1145	-153.98
K-D plaintext values	per-section	9	add	22	1729	-205.56
K-D plaintext values	per-section	10	add	22	9	-1.72
K-D plaintext values	per-section	11	add	22	1894	-260.67
K-D plaintext values	per-section	12	add	22	1021	-142.46
K-D plaintext values	per-section	13	add	22	1524	-213.20
K-D plaintext values	per-section	14	add	22	1589	-209.05
K-D plaintext values	per-section	15	add	22	3316	-408.93
K-D plaintext values	continuous	7-15	add	22	12956	-372.45
K-D plaintext values	per-section	7	add	23	729	-86.05
K-D plaintext values	per-section	8	add	23	1145	-155.09
K-D plaintext values	per-section	9	add	23	1729	-203.63
K-D plaintext values	per-section	10	add	23	9	-2.15
K-D plaintext values	per-section	11	add	23	1894	-255.47
K-D plaintext values	per-section	12	add	23	1021	-139.43
K-D plaintext values	per-section	13	add	23	1524	-223.34
K-D plaintext values	per-section	14	add	23	1589	-231.46
K-D plaintext values	per-section	15	add	23	3316	-420.90
K-D plaintext values	continuous	7-15	add	23	12956	-356.52
K-D plaintext values	per-section	7	add	24	729	-101.01
K-D plaintext values	per-section	8	add	24	1145	-140.94
K-D plaintext values	per-section	9	add	24	1729	-242.80
K-D plaintext values	per-section	10	add	24	9	-2.88
K-D plaintext values	per-section	11	add	24	1894	-246.41
K-D plaintext values	per-section	12	add	24	1021	-140.83
K-D plaintext values	per-section	13	add	24	1524	-209.46
K-D plaintext values	per-section	14	add	24	1589	-197.19
K-D plaintext values	per-section	15	add	24	3316	-391.70
K-D plaintext values	continuous	7-15	add	24	12956	-358.45
K-D plaintext values	per-section	7	add	25	729	-112.74
K-D plaintext values	per-section	8	add	25	1145	-142.21
K-D plaintext values	per-section	9	add	25	1729	-234.99
K-D plaintext values	per-section	10	add	25	9	-3.96
K-D plaintext values	per-section	11	add	25	1894	-241.44
K-D plaintext values	per-section	12	add	25	1021	-147.63
K-D plaintext values	per-section	13	add	25	1524	-213.77
K-D plaintext values	per-section	14	add	25	1589	-234.49
K-D plaintext values	per-section	15	add	25	3316	-376.97
K-D plaintext values	continuous	7-15	add	25	12956	-392.82
K-D plaintext values	per-section	7	add	26	729	-108.28
K-D plaintext values	per-section	8	add	26	1145	-143.84
K-D plaintext values	per-section	9	add	26	1729	-251.36
K-D plaintext values	per-section	10	add	26	9	-4.79
K-D plaintext values	per-section	11	add	26	1894	-252.66
K-D plaintext values	per-section	12	add	26	1021	-148.95
K-D plaintext values	per-section	13	add	26	1524	-190.97
K-D plaintext values	per-section	14	add	26	1589	-224.42
K-D plaintext values	per-section	15	add	26	3316	-356.15
K-D plaintext values	continuous	7-15	add	26	12956	-394.90
K-D plaintext values	per-section	7	add	27	729	-94.36
K-D plaintext values	per-section	8	add	27	1145	-169.88
K-D plaintext values	per-section	9	add	27	1729	-250.31
K-D plaintext values	per-section	10	add	27	9	-2.35
K-D plaintext values	per-section	11	add	27	1894	-248.23
K-D plaintext values	per-section	12	add	27	1021	-140.65
K-D plaintext values	per-section	13	add	27	1524	-199.43
K-D plaintext values	per-section	14	add	27	1589	-218.85
K-D plaintext values	per-section	15	add	27	3316	-341.05
K-D plaintext values	continuous	7-15	add	27	12956	-406.36
K-D plaintext values	per-section	7	add	28	729	-109.28
K-D plaintext values	per-section	8	add	28	1145	-174.16
K-D plaintext values	per-section	9	add	28	1729	-228.18
K-D plaintext values	per-section	10	add	28	9	-0.80
K-D plaintext values	per-section	11	add	28	1894	-262.62
K-D plaintext values	per-section	12	add	28	1021	-134.49
K-D plaintext values	per-section	13	add	28	1524	-193.98
K-D plaintext values	per-section	14	add	28	1589	-207.82
K-D plaintext values	per-section	15	add	28	3316	-374.05
K-D plaintext values	continuous	7-15	add	28	12956	-383.25
K-D plaintext values	per-section	7	beaufort	0	729	-88.19
K-D plaintext values	per-section	8	beaufort	0	1145	-136.94
K-D plaintext values	per-section	9	beaufort	0	1729	-218.13
K-D plaintext values	per-section	10	beaufort	0	9	-0.73
K-D plaintext values	per-section	11	beaufort	0	1894	-259.77
K-D plaintext values	per-section	12	beaufort	0	1021	-137.84
K-D plaintext values	per-section	13	beaufort	0	1524	-213.10
K-D plaintext values	per-section	14	beaufort	0	1589	-201.76
K-D plaintext values	per-section	15	beaufort	0	3316	-394.34
K-D plaintext values	continuous	7-15	beaufort	0	12956	-344.37
K-D plaintext values	per-section	7	beaufort	1	729	-108.18
K-D plaintext values	per-section	8	beaufort	1	1145	-151.81
K-D plaintext values	per-section	9	beaufort	1	1729	-216.69
K-D plaintext values	per-section	10	beaufort	1	9	-6.37
K-D plaintext values	per-section	11	beaufort	1	1894	-272.74
K-D plaintext values	per-section	12	beaufort	1	1021	-110.67
K-D plaintext values	per-section	13	beaufort	1	1524	-212.44
K-D plaintext values	per-section	14	beaufort	1	1589	-194.72
K-D plaintext values	per-section	15	beaufort	1	3316	-403.02
K-D plaintext values	continuous	7-15	beaufort	1	12956	-368.59
K-D plaintext values	per-section	7	beaufort	2	729	-107.48
K-D plaintext values	per-section	8	beaufort	2	1145	-178.68
K-D plaintext values	per-section	9	beaufort	2	1729	-217.56
K-D plaintext values	per-section	10	beaufort	2	9	-3.06
K-D plaintext values	per-section	11	beaufort	2	1894	-226.29
K-D plaintext values	per-section	12	beaufort	2	1021	-134.32
K-D plaintext values	per-section	13	beaufort	2	1524	-215.41
K-D plaintext values	per-section	14	beaufort	2	1589	-191.76
K-D plaintext values	per-section	15	beaufort	2	3316	-379.99
K-D plaintext values	continuous	7-15	beaufort	2	12956	-401.65
K-D plaintext values	per-section	7	beaufort	3	729	-99.96
K-D plaintext values	per-section	8	beaufort	3	1145	-176.57
K-D plaintext values	per-section	9	beaufort	3	1729	-252.14
K-D plaintext values	per-section	10	beaufort	3	9	-5.12
K-D plaintext values	per-section	11	beaufort	3	1894	-241.49
K-D plaintext values	per-section	12	beaufort	3	1021	-101.88
K-D plaintext values	per-section	13	beaufort	3	1524	-176.17
K-D plaintext values	per-section	14	beaufort	3	1589	-209.18
K-D plaintext values	per-section	15	beaufort	3	3316	-368.90
K-D plaintext values	continuous	7-15	beaufort	3	12956	-402.87
K-D plaintext values	per-section	7	beaufort	4	729	-120.83
K-D plaintext values	per-section	8	beaufort	4	1145	-151.49
K-D plaintext values	per-section	9	beaufort	4	1729	-242.72
K-D plaintext values	per-section	10	beaufort	4	9	-4.52
K-D plaintext values	per-section	11	beaufort	4	1894	-267.29
K-D plaintext values	per-section	12	beaufort	4	1021	-127.54
K-D plaintext values	per-section	13	beaufort	4	1524	-179.70
K-D plaintext values	per-section	14	beaufort	4	1589	-187.44
K-D plaintext values	per-section	15	beaufort	4	3316	-360.90
K-D plaintext values	continuous	7-15	beaufort	4	12956	-402.50
K-D plaintext values	per-section	7	beaufort	5	729	-92.33
K-D plaintext values	per-section	8	beaufort	5	1145	-133.65
K-D plaintext values	per-section	9	beaufort	5	1729	-247.14
K-D plaintext values	per-section	10	beaufort	5	9	-2.60
K-D plaintext values	per-section	11	beaufort	5	1894	-254.91
K-D plaintext values	per-section	12	beaufort	5	1021	-156.11
K-D plaintext values	per-section	13	beaufort	5	1524	-218.60
K-D plaintext values	per-section	14	beaufort	5	1589	-219.16
K-D plaintext values	per-section	15	beaufort	5	3316	-351.65
K-D plaintext values	continuous	7-15	beaufort	5	12956	-395.41
K-D plaintext values	per-section	7	beaufort	6	729	-101.08
K-D plaintext values	per-section	8	beaufort	6	1145	-142.10
K-D plaintext values	per-section	9	beaufort	6	1729	-227.05
K-D plaintext values	per-section	10	beaufort	6	9	-0.57
K-D plaintext values	per-section	11	beaufort	6	1894	-232.86
K-D plaintext values	per-section	12	beaufort	6	1021	-137.14
K-D plaintext values	per-section	13	beaufort	6	1524	-213.40
K-D plaintext values	per-section	14	beaufort	6	1589	-219.19
K-D plaintext values	per-section	15	beaufort	6	3316	-379.40
K-D plaintext values	continuous	7-15	beaufort	6	12956	-353.23
K-D plaintext values	per-section	7	beaufort	7	729	-87.93
K-D plaintext values	per-section	8	beaufort	7	1145	-140.80
K-D plaintext values	per-section	9	beaufort	7	1729	-251.23
K-D plaintext values	per-section	10	beaufort	7	9	-7.18
K-D plaintext values	per-section	11	beaufort	7	1894	-260.04
K-D plaintext values	per-section	12	beaufort	7	1021	-148.01
K-D plaintext values	per-section	13	beaufort	7	1524	-200.85
K-D plaintext values	per-section	14	beaufort	7	1589	-220.01
K-D plaintext values	per-section	15	beaufort	7	3316	-398.87
K-D plaintext values	continuous	7-15	beaufort	7	12956	-353.46
K-D plaintext values	per-section	7	beaufort	8	729	-77.40
K-D plaintext values	per-section	8	beaufort	8	1145	-163.52
K-D plaintext values	per-section	9	beaufort	8	1729	-195.43
K-D plaintext values	per-section	10	beaufort	8	9	-1.67
K-D plaintext values	per-section	11	beaufort	8	1894	-248.05
K-D plaintext values	per-section	12	beaufort	8	1021	-116.16
K-D plaintext values	per-section	13	beaufort	8	1524	-216.80
K-D plaintext values	per-section	14	beaufort	8	1589	-217.10
K-D plaintext values	per-section	15	beaufort	8	3316	-393.84
K-D plaintext values	continuous	7-15	beaufort	8	12956	-354.86
K-D plaintext values	per-section	7	beaufort	9	729	-91.62
K-D plaintext values	per-section	8	beaufort	9	1145	-177.64
K-D plaintext values	per-section	9	beaufort	9	1729	-205.38
K-D plaintext values	per-section	10	beaufort	9	9	-4.30
K-D plaintext values	per-section	11	beaufort	9	1894	-239.21
K-D plaintext values	per-section	12	beaufort	9	1021	-115.08
K-D plaintext values	per-section	13	beaufort	9	1524	-217.38
K-D plaintext values	per-section	14	beaufort	9	1589	-218.17
K-D plaintext values	per-section	15	beaufort	9	3316	-382.97
K-D plaintext values	continuous	7-15	beaufort	9	12956	-380.97
K-D plaintext values	per-section	7	beaufort	10	729	-121.07
K-D plaintext values	per-section	8	beaufort	10	1145	-177.35
K-D plaintext values	per-section	9	beaufort	10	1729	-236.20
K-D plaintext values	per-section	10	beaufort	10	9	0.16
K-D plaintext values	per-section	11	beaufort	10	1894	-261.70
K-D plaintext values	per-section	12	beaufort	10	1021	-140.02
K-D plaintext values	per-section	13	beaufort	10	1524	-206.65
K-D plaintext values	per-section	14	beaufort	10	1589	-189.45
K-D plaintext values	per-section	15	beaufort	10	3316	-366.41
K-D plaintext values	continuous	7-15	beaufort	10	12956	-422.34
K-D plaintext values	per-section	7	beaufort	11	729	-117.97
K-D plaintext values	per-section	8	beaufort	11	1145	-164.16
K-D plaintext values	per-section	9	beaufort	11	1729	-234.13
K-D plaintext values	per-section	10	beaufort	11	9	-0.12
K-D plaintext values	per-section	11	beaufort	11	1894	-255.19
K-D plaintext values	per-section	12	beaufort	11	1021	-143.75
K-D plaintext values	per-section	13	beaufort	11	1524	-195.82
K-D plaintext values	per-section	14	beaufort	11	1589	-233.32
K-D plaintext values	per-section	15	beaufort	11	3316	-359.96
K-D plaintext values	continuous	7-15	beaufort	11	12956	-401.40
K-D plaintext values	per-section	7	beaufort	12	729	-129.67
K-D plaintext values	per-section	8	beaufort	12	1145	-164.90
K-D plaintext values	per-section	9	beaufort	12	1729	-228.62
K-D plaintext values	per-section	10	beaufort	12	9	-1.49
K-D plaintext values	per-section	11	beaufort	12	1894	-250.75
K-D plaintext values	per-section	12	beaufort	12	1021	-150.29
K-D plaintext values	per-section	13	beaufort	12	1524	-198.23
K-D plaintext values	per-section	14	beaufort	12	1589	-199.79
K-D plaintext values	per-section	15	beaufort	12	3316	-391.65
K-D plaintext values	continuous	7-15	beaufort	12	12956	-420.58
K-D plaintext values	per-section	7	beaufort	13	729	-100.48
K-D plaintext values	per-section	8	beaufort	13	1145	-142.14
K-D plaintext values	per-section	9	beaufort	13	1729	-236.38
K-D plaintext values	per-section	10	beaufort	13	9	0.75
K-D plaintext values	per-section	11	beaufort	13	1894	-255.86
K-D plaintext values	per-section	12	beaufort	13	1021	-134.52
K-D plaintext values	per-section	13	beaufort	13	1524	-196.21
K-D plaintext values	per-section	14	beaufort	13	1589	-228.69
K-D plaintext values	per-section	15	beaufort	13	3316	-401.52
K-D plaintext values	continuous	7-15	beaufort	13	12956	-383.35
K-D plaintext values	per-section	7	beaufort	14	729	-96.76
K-D plaintext values	per-section	8	beaufort	14	1145	-134.63
K-D plaintext values	per-section	9	beaufort	14	1729	-215.10
K-D plaintext values	per-section	10	beaufort	14	9	1.24
K-D plaintext values	per-section	11	beaufort	14	1894	-274.43
K-D plaintext values	per-section	12	beaufort	14	1021	-143.89
K-D plaintext values	per-section	13	beaufort	14	1524	-201.65
K-D plaintext values	per-section	14	beaufort	14	1589	-224.93
K-D plaintext values	per-section	15	beaufort	14	3316	-408.15
K-D plaintext values	continuous	7-15	beaufort	14	12956	-335.85
K-D plaintext values	per-section	7	beaufort	15	729	-80.13
K-D plaintext values	per-section	8	beaufort	15	1145	-168.46
K-D plaintext values	per-section	9	beaufort	15	1729	-225.43
K-D plaintext values	per-section	10	beaufort	15	9	-3.69
K-D plaintext values	per-section	11	beaufort	15	1894	-279.43
K-D plaintext values	per-section	12	beaufort	15	1021	-140.01
K-D plaintext values	per-section	13	beaufort	15	1524	-212.12
K-D plaintext values	per-section	14	beaufort	15	1589	-190.97
K-D plaintext values	per-section	15	beaufort	15	3316	-411.43
K-D plaintext values	continuous	7-15	beaufort	15	12956	-356.12
K-D plaintext values	per-section	7	beaufort	16	729	-103.69
K-D plaintext values	per-section	8	beaufort	16	1145	-178.48
K-D plaintext values	per-section	9	beaufort	16	1729	-190.35
K-D plaintext values	per-section	10	beaufort	16	9	-2.85
K-D plaintext values	per-section	11	beaufort	16	1894	-243.70
K-D plaintext values	per-section	12	beaufort	16	1021	-135.46
K-D plaintext values	per-section	13	beaufort	16	1524	-187.59
K-D plaintext values	per-section	14	beaufort	16	1589	-203.44
K-D plaintext values	per-section	15	beaufort	16	3316	-389.44
K-D plaintext values	continuous	7-15	beaufort	16	12956	-372.74
K-D plaintext values	per-section	7	beaufort	17	729	-87.34
K-D plaintext values	per-section	8	beaufort	17	1145	-165.95
K-D plaintext values	per-section	9	beaufort	17	1729	-246.20
K-D plaintext values	per-section	10	beaufort	17	9	-2.80
K-D plaintext values	per-section	11	beaufort	17	1894	-247.69
K-D plaintext values	per-section	12	beaufort	17	1021	-122.82
K-D plaintext values	per-section	13	beaufort	17	1524	-202.64
K-D plaintext values	per-section	14	beaufort	17	1589	-213.92
K-D plaintext values	per-section	15	beaufort	17	3316	-361.86
K-D plaintext values	continuous	7-15	beaufort	17	12956	-392.81
K-D plaintext values	per-section	7	beaufort	18	729	-113.42
K-D plaintext values	per-section	8	beaufort	18	1145	-170.83
K-D plaintext values	per-section	9	beaufort	18	1729	-244.70
K-D plaintext values	per-section	10	beaufort	18	9	-1.93
K-D plaintext values	per-section	11	beaufort	18	1894	-244.23
K-D plaintext values	per-section	12	beaufort	18	1021	-129.52
K-D plaintext values	per-section	13	beaufort	18	1524	-199.96
K-D plaintext values	per-section	14	beaufort	18	1589	-201.14
K-D plaintext values	per-section	15	beaufort	18	3316	-353.10
K-D plaintext values	continuous	7-15	beaufort	18	12956	-423.83
K-D plaintext values	per-section	7	beaufort	19	729	-118.93
K-D plaintext values	per-section	8	beaufort	19	1145	-146.73
K-D plaintext values	per-section	9	beaufort	19	1729	-242.09
K-D plaintext values	per-section	10	beaufort	19	9	-4.33
K-D plaintext values	per-section	11	beaufort	19	1894	-219.11
K-D plaintext values	per-section	12	beaufort	19	1021	-158.74
K-D plaintext values	per-section	13	beaufort	19	1524	-200.77
K-D plaintext values	per-section	14	beaufort	19	1589	-202.07
K-D plaintext values	per-section	15	beaufort	19	3316	-343.99
K-D plaintext values	continuous	7-15	beaufort	19	12956	-389.73
K-D plaintext values	per-section	7	beaufort	20	729	-99.64
K-D plaintext values	per-section	8	beaufort	20	1145	-122.71
K-D plaintext values	per-section	9	beaufort	20	1729	-221.73
K-D plaintext values	per-section	10	beaufort	20	9	-2.90
K-D plaintext values	per-section	11	beaufort	20	1894	-237.22
K-D plaintext values	per-section	12	beaufort	20	1021	-148.34
K-D plaintext values	per-section	13	beaufort	20	1524	-216.89
K-D plaintext values	per-section	14	beaufort	20	1589	-213.79
K-D plaintext values	per-section	15	beaufort	20	3316	-373.45
K-D plaintext values	continuous	7-15	beaufort	20	12956	-375.02
K-D plaintext values	per-section	7	beaufort	21	729	-90.77
K-D plaintext values	per-section	8	beaufort	21	1145	-152.39
K-D plaintext values	per-section	9	beaufort	21	1729	-244.11
K-D plaintext values	per-section	10	beaufort	21	9	-5.14
K-D plaintext values	per-section	11	beaufort	21	1894	-266.10
K-D plaintext values	per-section	12	beaufort	21	1021	-141.03
K-D plaintext values	per-section	13	beaufort	21	1524	-207.04
K-D plaintext values	per-section	14	beaufort	21	1589	-215.88
K-D plaintext values	per-section	15	beaufort	21	3316	-416.07
K-D plaintext values	continuous	7-15	beaufort	21	12956	-349.66
K-D plaintext values	per-section	7	beaufort	22	729	-80.48
K-D plaintext values	per-section	8	beaufort	22	1145	-153.58
K-D plaintext values	per-section	9	beaufort	22	1729	-195.43
K-D plaintext values	per-section	10	beaufort	22	9	-3.01
K-D plaintext values	per-section	11	beaufort	22	1894	-253.00
K-D plaintext values	per-section	12	beaufort	22	1021	-145.52
K-D plaintext values	per-section	13	beaufort	22	1524	-208.63
K-D plaintext values	per-section	14	beaufort	22	1589	-227.10
K-D plaintext values	per-section	15	beaufort	22	3316	-392.52
K-D plaintext values	continuous	7-15	beaufort	22	12956	-325.72
K-D plaintext values	per-section	7	beaufort	23	729	-99.03
K-D plaintext values	per-section	8	beaufort	23	1145	-170.12
K-D plaintext values	per-section	9	beaufort	23	1729	-218.15
K-D plaintext values	per-section	10	beaufort	23	9	-2.18
K-D plaintext values	per-section	11	beaufort	23	1894	-273.07
K-D plaintext values	per-section	12	beaufort	23	1021	-110.83
K-D plaintext values	per-section	13	beaufort	23	1524	-209.75
K-D plaintext values	per-section	14	beaufort	23	1589	-200.05
K-D plaintext values	per-section	15	beaufort	23	3316	-391.08
K-D plaintext values	continuous	7-15	beaufort	23	12956	-377.00
K-D plaintext values	per-section	7	beaufort	24	729	-104.23
K-D plaintext values	per-section	8	beaufort	24	1145	-186.88
K-D plaintext values	per-section	9	beaufort	24	1729	-229.50
K-D plaintext values	per-section	10	beaufort	24	9	-3.62
K-D plaintext values	per-section	11	beaufort	24	1894	-227.77
K-D plaintext values	per-section	12	beaufort	24	1021	-101.89
K-D plaintext values	per-section	13	beaufort	24	1524	-202.82
K-D plaintext values	per-section	14	beaufort	24	1589	-196.40
K-D plaintext values	per-section	15	beaufort	24	3316	-359.18
K-D plaintext values	continuous	7-15	beaufort	24	12956	-403.59
K-D plaintext values	per-section	7	beaufort	25	729	-104.41
K-D plaintext values	per-section	8	beaufort	25	1145	-177.89
K-D plaintext values	per-section	9	beaufort	25	1729	-227.51
K-D plaintext values	per-section	10	beaufort	25	9	-1.99
K-D plaintext values	per-section	11	beaufort	25	1894	-238.36
K-D plaintext values	per-section	12	beaufort	25	1021	-145.66
K-D plaintext values	per-section	13	beaufort	25	1524	-189.28
K-D plaintext values	per-section	14	beaufort	25	1589	-207.43
K-D plaintext values	per-section	15	beaufort	25	3316	-334.58
K-D plaintext values	continuous	7-15	beaufort	25	12956	-386.59
K-D plaintext values	per-section	7	beaufort	26	729	-112.45
K-D plaintext values	per-section	8	beaufort	26	1145	-159.75
K-D plaintext values	per-section	9	beaufort	26	1729	-248.52
K-D plaintext values	per-section	10	beaufort	26	9	1.78
K-D plaintext values	per-section	11	beaufort	26	1894	-239.63
K-D plaintext values	per-section	12	beaufort	26	1021	-150.86
K-D plaintext values	per-section	13	beaufort	26	1524	-189.67
K-D plaintext values	per-section	14	beaufort	26	1589	-223.68
K-D plaintext values	per-section	15	beaufort	26	3316	-358.34
K-D plaintext values	continuous	7-15	beaufort	26	12956	-403.85
K-D plaintext values	per-section	7	beaufort	27	729	-110.80
K-D plaintext values	per-section	8	beaufort	27	1145	-158.09
K-D plaintext values	per-section	9	beaufort	27	1729	-233.38
K-D plaintext values	per-section	10	beaufort	27	9	0.44
K-D plaintext values	per-section	11	beaufort	27	1894	-247.16
K-D plaintext values	per-section	12	beaufort	27	1021	-143.50
K-D plaintext values	per-section	13	beaufort	27	1524	-194.37
K-D plaintext values	per-section	14	beaufort	27	1589	-224.87
K-D plaintext values	per-section	15	beaufort	27	3316	-390.77
K-D plaintext values	continuous	7-15	beaufort	27	12956	-381.57
K-D plaintext values	per-section	7	beaufort	28	729	-93.20
K-D plaintext values	per-section	8	beaufort	28	1145	-125.43
K-D plaintext values	per-section	9	beaufort	28	1729	-232.62
K-D plaintext values	per-section	10	beaufort	28	9	0.59
K-D plaintext values	per-section	11	beaufort	28	1894	-249.84
K-D plaintext values	per-section	12	beaufort	28	1021	-144.64
K-D plaintext values	per-section	13	beaufort	28	1524	-210.30
K-D plaintext values	per-section	14	beaufort	28	1589	-234.21
K-D plaintext values	per-section	15	beaufort	28	3316	-422.88
K-D plaintext values	continuous	7-15	beaufort	28	12956	-335.77
