kind	family	size	detail
alphabets	-	68	DIVINITY=ᛞᛁᚢᛁᚾᛁᛏᚣ, FIRFUMFERENFE=ᚠᛁᚱᚠᚢᛗᚠᛖᚱᛖᚾᚠᛖ, AWARNING=ᚪᚹᚪᚱᚾᛝ, WELCOME=ᚹᛖᛚᚳᚩᛗᛖ, WISDOM=ᚹᛁᛋᛞᚩᛗ, SOMEWISDOM=ᛋᚩᛗᛖᚹᛁᛋᛞᚩᛗ, KNOWTHIS=ᚳᚾᚩᚹᚦᛁᛋ, AKOAN=ᚪᚳᚩᚪᚾ, ANINSTRUCTION=ᚪᚾᛁᚾᛋᛏᚱᚢᚳᛏᛡᚾ, THELOSSOFDIVINITY=ᚦᛖᛚᚩᛋᛋᚩᚠᛞᛁᚢᛁᚾᛁᛏᚣ, ANEND=ᚪᚾᛖᚾᛞ, PARABLE=ᛈᚪᚱᚪᛒᛚᛖ, LIKE=ᛚᛁᚳᛖ, THE=ᚦᛖ, INSTAR=ᛁᚾᛋᛏᚪᚱ, TUNNELING=ᛏᚢᚾᚾᛖᛚᛝ, TO=ᛏᚩ, SURFACE=ᛋᚢᚱᚠᚪᚳᛖ, WE=ᚹᛖ, MUST=ᛗᚢᛋᛏ, SHED=ᛋᚻᛖᛞ, OUR=ᚩᚢᚱ, OWN=ᚩᚹᚾ, CIRCUMFERENCES=ᚳᛁᚱᚳᚢᛗᚠᛖᚱᛖᚾᚳᛖᛋ, FIND=ᚠᛁᚾᛞ, WITHIN=ᚹᛁᚦᛁᚾ, AND=ᚪᚾᛞ, EMERGE=ᛖᛗᛖᚱᚷᛖ, CIRCUMFERENCE=ᚳᛁᚱᚳᚢᛗᚠᛖᚱᛖᚾᚳᛖ, LIBERPRIMUS=ᛚᛁᛒᛖᚱᛈᚱᛁᛗᚢᛋ, PRIMUS=ᛈᚱᛁᛗᚢᛋ, CICADA=ᚳᛁᚳᚪᛞᚪ, PRIMES=ᛈᚱᛁᛗᛖᛋ, TOTIENT=ᛏᚩᛏᛁᛖᚾᛏ
gate_G1	English runes	50	worst own-member best LLR +73.72 ok
gate_G1	English prime values	50	worst own-member best LLR +118.28 ok
gate_G1	English Latin A-Z	50	worst own-member best LLR +65.88 ok
gate_G1	decimal digits	50	worst own-member best LLR +130.91 ok
gate_G1	hex digits	50	worst own-member best LLR +36.97 ok
gate_G1	letters A-Z	50	worst own-member best LLR +4.83 ok
gate_G2	English runes	20	testable 314432 / 314432
gate_G2	English prime values	20	testable 314432 / 314432
gate_G2	English Latin A-Z	20	testable 314432 / 314432
gate_G2	decimal digits	20	testable 314432 / 314432
gate_G2	hex digits	20	testable 312810 / 314432
gate_G2	letters A-Z	20	testable 41792 / 314432
identity	English runes	-	best LLR -293.36
lp2	English runes	314432	excluded 314432; not excluded, testable 0; untestable, not excluded 0; leads 0; max -27.88
identity	English prime values	-	best LLR -259.01
lp2	English prime values	314432	excluded 314432; not excluded, testable 0; untestable, not excluded 0; leads 0; max -39.25
identity	English Latin A-Z	-	best LLR -121.67
lp2	English Latin A-Z	314432	excluded 314432; not excluded, testable 0; untestable, not excluded 0; leads 0; max -32.65
identity	decimal digits	-	best LLR -214.35
lp2	decimal digits	314432	excluded 314432; not excluded, testable 0; untestable, not excluded 0; leads 0; max -51.04
identity	hex digits	-	best LLR -19.48
lp2	hex digits	314432	excluded 314001; not excluded, testable 135; untestable, not excluded 296; leads 0; max -1.18
member	hex digits	id | KNOWTHIS | AKOAN	best LLR -6.22; testable
member	hex digits	id | MUST | AKOAN	best LLR -9.44; testable
member	hex digits	id | OWN | AKOAN	best LLR -9.67; testable
member	hex digits	id | DIVINITY | ANEND^-1	best LLR -9.07; testable
member	hex digits	id | FIRFUMFERENFE | ANEND^-1	best LLR -9.71; testable
member	hex digits	id | WISDOM^-1 | ANEND^-1	best LLR -9.83; testable
member	hex digits	id | KNOWTHIS | ANEND^-1	best LLR -7.42; testable
member	hex digits	id | LIKE^-1 | ANEND^-1	best LLR -4.27; testable
member	hex digits	id | TO^-1 | ANEND^-1	best LLR -9.41; testable
member	hex digits	id | WE^-1 | ANEND^-1	best LLR -4.53; testable
member	hex digits	id | MUST^-1 | ANEND^-1	best LLR -7.62; testable
member	hex digits	id | CICADA^-1 | ANEND^-1	best LLR -4.13; testable
member	hex digits	id | TOTIENT | ANEND^-1	best LLR -5.53; testable
member	hex digits	id | SOMEWISDOM | THE	best LLR -9.55; testable
member	hex digits	id | SOMEWISDOM^-1 | THE	best LLR -9.20; testable
member	hex digits	id | AKOAN | THE	best LLR -8.41; testable
member	hex digits	id | THELOSSOFDIVINITY | THE	best LLR -8.43; testable
member	hex digits	id | ANEND^-1 | THE	best LLR -6.83; testable
member	hex digits	id | LIKE | THE	best LLR -8.34; testable
member	hex digits	id | LIKE^-1 | THE	best LLR -7.71; testable
member	hex digits	id | TUNNELING^-1 | THE	best LLR -7.27; testable
member	hex digits	id | SURFACE^-1 | THE	best LLR -9.51; testable
member	hex digits	id | FIND | THE	best LLR -9.03; testable
member	hex digits	id | WITHIN^-1 | THE	best LLR -8.20; testable
member	hex digits	id | AND^-1 | THE	best LLR -6.60; testable
member	hex digits	id | LIBERPRIMUS | THE	best LLR -8.21; testable
member	hex digits	id | PRIMUS^-1 | THE	best LLR -9.83; testable
member	hex digits	id | CICADA | THE	best LLR -9.54; testable
member	hex digits	id | CIRCUMFERENCES | THE^-1	best LLR -8.86; testable
member	hex digits	id | PRIMUS^-1 | THE^-1	best LLR -9.06; testable
member	hex digits	id | CIRCUMFERENCES | TO	best LLR -8.86; testable
member	hex digits	id | PRIMUS^-1 | TO	best LLR -9.06; testable
member	hex digits	id | SOMEWISDOM | WE	best LLR -9.55; testable
member	hex digits	id | SOMEWISDOM^-1 | WE	best LLR -9.20; testable
member	hex digits	id | AKOAN | WE	best LLR -8.41; testable
member	hex digits	id | THELOSSOFDIVINITY | WE	best LLR -8.43; testable
member	hex digits	id | ANEND^-1 | WE	best LLR -6.83; testable
member	hex digits	id | LIKE | WE	best LLR -8.34; testable
member	hex digits	id | LIKE^-1 | WE	best LLR -7.71; testable
member	hex digits	id | TUNNELING^-1 | WE	best LLR -7.27; testable
member	hex digits	id | SURFACE^-1 | WE	best LLR -9.51; testable
member	hex digits	id | FIND | WE	best LLR -9.03; testable
member	hex digits	id | WITHIN^-1 | WE	best LLR -8.20; testable
member	hex digits	id | AND^-1 | WE	best LLR -6.60; testable
member	hex digits	id | LIBERPRIMUS | WE	best LLR -8.21; testable
member	hex digits	id | PRIMUS^-1 | WE	best LLR -9.83; testable
member	hex digits	id | CICADA | WE	best LLR -9.54; testable
member	hex digits	id | CIRCUMFERENCES | WE^-1	best LLR -8.86; testable
member	hex digits	id | PRIMUS^-1 | WE^-1	best LLR -9.06; testable
member	hex digits	id | DIVINITY | FIND	best LLR -7.93; testable
member	hex digits	id | FIRFUMFERENFE | FIND	best LLR -5.87; testable
member	hex digits	id | LIKE | FIND	best LLR -6.12; testable
member	hex digits	id | FIND | FIND	best LLR -7.82; testable
member	hex digits	id | CIRCUMFERENCE | FIND	best LLR -7.63; testable
member	hex digits	id | TOTIENT | FIND	best LLR -6.14; testable
member	hex digits	id | CIRCUMFERENCES | AND^-1	best LLR -8.86; testable
member	hex digits	id | PRIMUS^-1 | AND^-1	best LLR -9.06; testable
member	hex digits	id | THE^-1 | PRIMUS	best LLR -9.76; testable
member	hex digits	id | WE^-1 | PRIMUS	best LLR -7.67; testable
member	hex digits	TO | WE^-1 | id	best LLR -9.06; testable
member	hex digits	TO | WE^-1 | KNOWTHIS	best LLR -9.06; testable
member	hex digits	TO | WE^-1 | KNOWTHIS^-1	best LLR -9.06; testable
member	hex digits	TO | WE^-1 | AKOAN^-1	best LLR -9.06; testable
member	hex digits	TO | KNOWTHIS | THE^-1	best LLR -9.47; testable
member	hex digits	TO | WE | THE^-1	best LLR -3.49; testable
member	hex digits	TO | KNOWTHIS | TO	best LLR -6.35; testable
member	hex digits	TO | WE^-1 | TO^-1	best LLR -9.06; testable
member	hex digits	TO | KNOWTHIS | WE^-1	best LLR -9.47; testable
member	hex digits	TO | WE | WE^-1	best LLR -3.49; testable
member	hex digits	TO | WE^-1 | OUR	best LLR -9.06; testable
member	hex digits	TO | WE^-1 | OWN	best LLR -9.06; testable
member	hex digits	TO | WE^-1 | OWN^-1	best LLR -9.06; testable
member	hex digits	TO | WE^-1 | WITHIN	best LLR -9.06; testable
member	hex digits	TO | WE^-1 | WITHIN^-1	best LLR -9.06; testable
member	hex digits	TO | KNOWTHIS | AND^-1	best LLR -9.47; testable
member	hex digits	TO | WE | AND^-1	best LLR -3.49; testable
member	hex digits	TO | WE^-1 | EMERGE^-1	best LLR -9.06; testable
member	hex digits	TO^-1 | INSTAR | ANEND^-1	best LLR -9.82; testable
member	hex digits	SURFACE | KNOWTHIS^-1 | id	best LLR -9.30; testable
member	hex digits	SURFACE | CIRCUMFERENCE^-1 | AWARNING^-1	best LLR -6.83; testable
member	hex digits	SURFACE | KNOWTHIS^-1 | KNOWTHIS	best LLR -9.30; testable
member	hex digits	SURFACE | KNOWTHIS^-1 | KNOWTHIS^-1	best LLR -9.30; testable
member	hex digits	SURFACE | KNOWTHIS^-1 | AKOAN^-1	best LLR -9.30; testable
member	hex digits	SURFACE | KNOWTHIS^-1 | TO^-1	best LLR -9.30; testable
member	hex digits	SURFACE | KNOWTHIS^-1 | OUR	best LLR -9.30; testable
member	hex digits	SURFACE | KNOWTHIS^-1 | OWN	best LLR -9.30; testable
member	hex digits	SURFACE | KNOWTHIS^-1 | OWN^-1	best LLR -9.30; testable
member	hex digits	SURFACE | CIRCUMFERENCE^-1 | FIND^-1	best LLR -6.83; testable
member	hex digits	SURFACE | KNOWTHIS^-1 | WITHIN	best LLR -9.30; testable
member	hex digits	SURFACE | KNOWTHIS^-1 | WITHIN^-1	best LLR -9.30; testable
member	hex digits	SURFACE | KNOWTHIS^-1 | EMERGE^-1	best LLR -9.30; testable
member	hex digits	SURFACE | CIRCUMFERENCE^-1 | PRIMUS^-1	best LLR -6.83; testable
member	hex digits	WE | ANINSTRUCTION | THE^-1	best LLR -9.59; testable
member	hex digits	WE | ANINSTRUCTION | TO	best LLR -9.59; testable
member	hex digits	WE | ANINSTRUCTION | WE^-1	best LLR -9.59; testable
member	hex digits	WE | ANINSTRUCTION | AND^-1	best LLR -9.59; testable
member	hex digits	OUR | LIBERPRIMUS | ANEND^-1	best LLR -9.12; testable
member	hex digits	OWN^-1 | SOMEWISDOM^-1 | id	best LLR -9.58; testable
member	hex digits	OWN^-1 | INSTAR^-1 | id	best LLR -8.12; testable
member	hex digits	OWN^-1 | WE^-1 | id	best LLR -8.24; testable
member	hex digits	OWN^-1 | SOMEWISDOM^-1 | KNOWTHIS	best LLR -9.58; testable
member	hex digits	OWN^-1 | INSTAR^-1 | KNOWTHIS	best LLR -8.12; testable
member	hex digits	OWN^-1 | WE^-1 | KNOWTHIS	best LLR -8.24; testable
member	hex digits	OWN^-1 | SOMEWISDOM^-1 | KNOWTHIS^-1	best LLR -9.58; testable
member	hex digits	OWN^-1 | INSTAR^-1 | KNOWTHIS^-1	best LLR -8.12; testable
member	hex digits	OWN^-1 | WE^-1 | KNOWTHIS^-1	best LLR -8.24; testable
member	hex digits	OWN^-1 | SOMEWISDOM^-1 | AKOAN^-1	best LLR -9.58; testable
member	hex digits	OWN^-1 | INSTAR^-1 | AKOAN^-1	best LLR -8.12; testable
member	hex digits	OWN^-1 | WE^-1 | AKOAN^-1	best LLR -8.24; testable
member	hex digits	OWN^-1 | WELCOME^-1 | ANEND^-1	best LLR -5.69; testable
member	hex digits	OWN^-1 | PARABLE^-1 | ANEND^-1	best LLR -9.08; testable
member	hex digits	OWN^-1 | CIRCUMFERENCES | ANEND^-1	best LLR -9.08; testable
member	hex digits	OWN^-1 | EMERGE | ANEND^-1	best LLR -9.18; testable
member	hex digits	OWN^-1 | PRIMUS^-1 | ANEND^-1	best LLR -8.95; testable
member	hex digits	OWN^-1 | SOMEWISDOM^-1 | TO^-1	best LLR -9.58; testable
member	hex digits	OWN^-1 | INSTAR^-1 | TO^-1	best LLR -8.12; testable
member	hex digits	OWN^-1 | WE^-1 | TO^-1	best LLR -8.24; testable
member	hex digits	OWN^-1 | SOMEWISDOM^-1 | OUR	best LLR -9.58; testable
member	hex digits	OWN^-1 | INSTAR^-1 | OUR	best LLR -8.12; testable
member	hex digits	OWN^-1 | WE^-1 | OUR	best LLR -8.24; testable
member	hex digits	OWN^-1 | SOMEWISDOM^-1 | OWN	best LLR -9.58; testable
member	hex digits	OWN^-1 | INSTAR^-1 | OWN	best LLR -8.12; testable
member	hex digits	OWN^-1 | WE^-1 | OWN	best LLR -8.24; testable
member	hex digits	OWN^-1 | SOMEWISDOM^-1 | OWN^-1	best LLR -9.58; testable
member	hex digits	OWN^-1 | INSTAR^-1 | OWN^-1	best LLR -8.12; testable
member	hex digits	OWN^-1 | WE^-1 | OWN^-1	best LLR -8.24; testable
member	hex digits	OWN^-1 | SOMEWISDOM^-1 | WITHIN	best LLR -9.58; testable
member	hex digits	OWN^-1 | INSTAR^-1 | WITHIN	best LLR -8.12; testable
member	hex digits	OWN^-1 | WE^-1 | WITHIN	best LLR -8.24; testable
member	hex digits	OWN^-1 | SOMEWISDOM^-1 | WITHIN^-1	best LLR -9.58; testable
member	hex digits	OWN^-1 | INSTAR^-1 | WITHIN^-1	best LLR -8.12; testable
member	hex digits	OWN^-1 | WE^-1 | WITHIN^-1	best LLR -8.24; testable
member	hex digits	OWN^-1 | SOMEWISDOM^-1 | EMERGE^-1	best LLR -9.58; testable
member	hex digits	OWN^-1 | INSTAR^-1 | EMERGE^-1	best LLR -8.12; testable
member	hex digits	OWN^-1 | WE^-1 | EMERGE^-1	best LLR -8.24; testable
identity	letters A-Z	-	best LLR -14.27
lp2	letters A-Z	314432	excluded 103864; not excluded, testable 10197; untestable, not excluded 200371; leads 0; max +6.51
member	letters A-Z	DIVINITY | WISDOM^-1 | DIVINITY^-1	best LLR -8.64; testable
member	letters A-Z	DIVINITY | ANEND^-1 | DIVINITY^-1	best LLR -8.58; testable
member	letters A-Z	DIVINITY | SHED^-1 | DIVINITY^-1	best LLR -5.43; testable
member	letters A-Z	DIVINITY^-1 | WE | id	best LLR -9.72; testable
member	letters A-Z	DIVINITY^-1 | WE | FIRFUMFERENFE	best LLR -9.72; testable
member	letters A-Z	DIVINITY^-1 | WE | FIRFUMFERENFE^-1	best LLR -9.72; testable
member	letters A-Z	DIVINITY^-1 | WE | AWARNING	best LLR -9.72; testable
member	letters A-Z	DIVINITY^-1 | WE | AWARNING^-1	best LLR -9.72; testable
member	letters A-Z	DIVINITY^-1 | WE | WELCOME	best LLR -9.72; testable
member	letters A-Z	DIVINITY^-1 | WE | WELCOME^-1	best LLR -9.72; testable
member	letters A-Z	DIVINITY^-1 | WE | WISDOM	best LLR -9.72; testable
member	letters A-Z	DIVINITY^-1 | WE | WISDOM^-1	best LLR -9.72; testable
member	letters A-Z	DIVINITY^-1 | WE | SOMEWISDOM	best LLR -9.72; testable
member	letters A-Z	DIVINITY^-1 | WE | SOMEWISDOM^-1	best LLR -9.72; testable
member	letters A-Z	DIVINITY^-1 | WE | KNOWTHIS	best LLR -9.72; testable
member	letters A-Z	DIVINITY^-1 | WE | KNOWTHIS^-1	best LLR -9.72; testable
member	letters A-Z	DIVINITY^-1 | WE | AKOAN	best LLR -9.72; testable
member	letters A-Z	DIVINITY^-1 | WE | AKOAN^-1	best LLR -9.72; testable
member	letters A-Z	DIVINITY^-1 | ANINSTRUCTION | THELOSSOFDIVINITY^-1	best LLR -9.21; testable
member	letters A-Z	DIVINITY^-1 | TUNNELING^-1 | THELOSSOFDIVINITY^-1	best LLR -9.41; testable
member	letters A-Z	DIVINITY^-1 | PRIMES^-1 | THELOSSOFDIVINITY^-1	best LLR -6.59; testable
member	letters A-Z	DIVINITY^-1 | WE | ANEND	best LLR -9.72; testable
member	letters A-Z	DIVINITY^-1 | WE | ANEND^-1	best LLR -9.72; testable
member	letters A-Z	DIVINITY^-1 | WE | PARABLE	best LLR -9.72; testable
member	letters A-Z	DIVINITY^-1 | WE | PARABLE^-1	best LLR -9.72; testable
member	letters A-Z	DIVINITY^-1 | WE | LIKE	best LLR -9.72; testable
member	letters A-Z	DIVINITY^-1 | WE | LIKE^-1	best LLR -9.72; testable
member	letters A-Z	DIVINITY^-1 | WE | THE	best LLR -9.72; testable
member	letters A-Z	DIVINITY^-1 | WE | THE^-1	best LLR -9.72; testable
member	letters A-Z	DIVINITY^-1 | WE | INSTAR	best LLR -9.72; testable
member	letters A-Z	DIVINITY^-1 | WE | INSTAR^-1	best LLR -9.72; testable
member	letters A-Z	DIVINITY^-1 | WE | TUNNELING	best LLR -9.72; testable
member	letters A-Z	DIVINITY^-1 | WE | TUNNELING^-1	best LLR -9.72; testable
member	letters A-Z	DIVINITY^-1 | WE | TO	best LLR -9.72; testable
member	letters A-Z	DIVINITY^-1 | WE | TO^-1	best LLR -9.72; testable
member	letters A-Z	DIVINITY^-1 | WE | SURFACE	best LLR -9.72; testable
member	letters A-Z	DIVINITY^-1 | WE | SURFACE^-1	best LLR -9.72; testable
member	letters A-Z	DIVINITY^-1 | WE | WE	best LLR -9.72; testable
member	letters A-Z	DIVINITY^-1 | WE | WE^-1	best LLR -9.72; testable
member	letters A-Z	DIVINITY^-1 | WE | MUST	best LLR -9.72; testable
member	letters A-Z	DIVINITY^-1 | WE | MUST^-1	best LLR -9.72; testable
member	letters A-Z	DIVINITY^-1 | WE | SHED	best LLR -9.72; testable
member	letters A-Z	DIVINITY^-1 | WE | SHED^-1	best LLR -9.72; testable
member	letters A-Z	DIVINITY^-1 | WE | OUR	best LLR -9.72; testable
member	letters A-Z	DIVINITY^-1 | WE | OWN	best LLR -9.72; testable
member	letters A-Z	DIVINITY^-1 | WE | OWN^-1	best LLR -9.72; testable
member	letters A-Z	DIVINITY^-1 | WE | CIRCUMFERENCES	best LLR -9.72; testable
member	letters A-Z	DIVINITY^-1 | WE | CIRCUMFERENCES^-1	best LLR -9.72; testable
member	letters A-Z	DIVINITY^-1 | WE | FIND	best LLR -9.72; testable
member	letters A-Z	DIVINITY^-1 | WE | FIND^-1	best LLR -9.72; testable
member	letters A-Z	DIVINITY^-1 | WE | WITHIN	best LLR -9.72; testable
member	letters A-Z	DIVINITY^-1 | WE | WITHIN^-1	best LLR -9.72; testable
member	letters A-Z	DIVINITY^-1 | WE | AND	best LLR -9.72; testable
member	letters A-Z	DIVINITY^-1 | WE | AND^-1	best LLR -9.72; testable
member	letters A-Z	DIVINITY^-1 | WE | EMERGE	best LLR -9.72; testable
member	letters A-Z	DIVINITY^-1 | WE | EMERGE^-1	best LLR -9.72; testable
member	letters A-Z	DIVINITY^-1 | WE | CIRCUMFERENCE	best LLR -9.72; testable
member	letters A-Z	DIVINITY^-1 | WE | CIRCUMFERENCE^-1	best LLR -9.72; testable
member	letters A-Z	DIVINITY^-1 | WE | LIBERPRIMUS	best LLR -9.72; testable
member	letters A-Z	DIVINITY^-1 | WE | LIBERPRIMUS^-1	best LLR -9.72; testable
member	letters A-Z	DIVINITY^-1 | WE | PRIMUS	best LLR -9.72; testable
member	letters A-Z	DIVINITY^-1 | WE | PRIMUS^-1	best LLR -9.72; testable
member	letters A-Z	DIVINITY^-1 | WE | CICADA	best LLR -9.72; testable
member	letters A-Z	DIVINITY^-1 | WE | CICADA^-1	best LLR -9.72; testable
member	letters A-Z	DIVINITY^-1 | WE | PRIMES	best LLR -9.72; testable
member	letters A-Z	DIVINITY^-1 | WE | PRIMES^-1	best LLR -9.72; testable
member	letters A-Z	DIVINITY^-1 | WE | TOTIENT	best LLR -9.72; testable
member	letters A-Z	DIVINITY^-1 | WE | TOTIENT^-1	best LLR -9.72; testable
member	letters A-Z	FIRFUMFERENFE^-1 | id | id	best LLR -9.65; testable
member	letters A-Z	FIRFUMFERENFE^-1 | DIVINITY | id	best LLR -8.91; testable
member	letters A-Z	FIRFUMFERENFE^-1 | FIRFUMFERENFE | id	best LLR -8.80; testable
member	letters A-Z	FIRFUMFERENFE^-1 | AKOAN | id	best LLR -7.58; testable
member	letters A-Z	FIRFUMFERENFE^-1 | ANINSTRUCTION | id	best LLR -7.37; testable
member	letters A-Z	FIRFUMFERENFE^-1 | LIKE | id	best LLR -9.52; testable
member	letters A-Z	FIRFUMFERENFE^-1 | INSTAR | id	best LLR -8.53; testable
member	letters A-Z	FIRFUMFERENFE^-1 | TUNNELING^-1 | id	best LLR -9.94; testable
member	letters A-Z	FIRFUMFERENFE^-1 | FIND | id	best LLR -7.21; testable
member	letters A-Z	FIRFUMFERENFE^-1 | LIBERPRIMUS | id	best LLR -9.98; testable
member	letters A-Z	FIRFUMFERENFE^-1 | CICADA | id	best LLR -7.14; testable
member	letters A-Z	FIRFUMFERENFE^-1 | TOTIENT | id	best LLR -8.65; testable
member	letters A-Z	FIRFUMFERENFE^-1 | DIVINITY | DIVINITY	best LLR -6.45; testable
member	letters A-Z	FIRFUMFERENFE^-1 | FIRFUMFERENFE | DIVINITY	best LLR -6.30; testable
member	letters A-Z	FIRFUMFERENFE^-1 | WISDOM | DIVINITY	best LLR -9.35; testable
member	letters A-Z	FIRFUMFERENFE^-1 | SOMEWISDOM | DIVINITY	best LLR -6.93; testable
member	letters A-Z	FIRFUMFERENFE^-1 | KNOWTHIS | DIVINITY	best LLR -7.06; testable
member	letters A-Z	FIRFUMFERENFE^-1 | ANINSTRUCTION | DIVINITY	best LLR -5.60; testable
member	letters A-Z	FIRFUMFERENFE^-1 | THELOSSOFDIVINITY | DIVINITY	best LLR -2.59; testable
member	letters A-Z	FIRFUMFERENFE^-1 | LIKE | DIVINITY	best LLR -5.40; testable
member	letters A-Z	FIRFUMFERENFE^-1 | TUNNELING | DIVINITY	best LLR -5.77; testable
member	letters A-Z	FIRFUMFERENFE^-1 | FIND | DIVINITY	best LLR -5.72; testable
member	letters A-Z	FIRFUMFERENFE^-1 | WITHIN | DIVINITY	best LLR -9.28; testable
member	letters A-Z	FIRFUMFERENFE^-1 | CIRCUMFERENCE | DIVINITY	best LLR -6.36; testable
member	letters A-Z	FIRFUMFERENFE^-1 | id | FIRFUMFERENFE	best LLR -9.65; testable
member	letters A-Z	FIRFUMFERENFE^-1 | DIVINITY | FIRFUMFERENFE	best LLR -8.91; testable
member	letters A-Z	FIRFUMFERENFE^-1 | FIRFUMFERENFE | FIRFUMFERENFE	best LLR -8.80; testable
member	letters A-Z	FIRFUMFERENFE^-1 | AKOAN | FIRFUMFERENFE	best LLR -7.58; testable
member	letters A-Z	FIRFUMFERENFE^-1 | ANINSTRUCTION | FIRFUMFERENFE	best LLR -7.37; testable
member	letters A-Z	FIRFUMFERENFE^-1 | LIKE | FIRFUMFERENFE	best LLR -9.52; testable
member	letters A-Z	FIRFUMFERENFE^-1 | INSTAR | FIRFUMFERENFE	best LLR -8.53; testable
member	letters A-Z	FIRFUMFERENFE^-1 | TUNNELING^-1 | FIRFUMFERENFE	best LLR -9.94; testable
member	letters A-Z	FIRFUMFERENFE^-1 | FIND | FIRFUMFERENFE	best LLR -7.21; testable
member	letters A-Z	FIRFUMFERENFE^-1 | LIBERPRIMUS | FIRFUMFERENFE	best LLR -9.98; testable
member	letters A-Z	FIRFUMFERENFE^-1 | CICADA | FIRFUMFERENFE	best LLR -7.14; testable
member	letters A-Z	FIRFUMFERENFE^-1 | TOTIENT | FIRFUMFERENFE	best LLR -8.65; testable
member	letters A-Z	FIRFUMFERENFE^-1 | id | FIRFUMFERENFE^-1	best LLR -9.65; testable
member	letters A-Z	FIRFUMFERENFE^-1 | DIVINITY | FIRFUMFERENFE^-1	best LLR -8.91; testable
member	letters A-Z	FIRFUMFERENFE^-1 | FIRFUMFERENFE | FIRFUMFERENFE^-1	best LLR -8.80; testable
member	letters A-Z	FIRFUMFERENFE^-1 | AKOAN | FIRFUMFERENFE^-1	best LLR -7.58; testable
member	letters A-Z	FIRFUMFERENFE^-1 | ANINSTRUCTION | FIRFUMFERENFE^-1	best LLR -7.37; testable
member	letters A-Z	FIRFUMFERENFE^-1 | LIKE | FIRFUMFERENFE^-1	best LLR -9.52; testable
member	letters A-Z	FIRFUMFERENFE^-1 | INSTAR | FIRFUMFERENFE^-1	best LLR -8.53; testable
member	letters A-Z	FIRFUMFERENFE^-1 | TUNNELING^-1 | FIRFUMFERENFE^-1	best LLR -9.94; testable
member	letters A-Z	FIRFUMFERENFE^-1 | FIND | FIRFUMFERENFE^-1	best LLR -7.21; testable
member	letters A-Z	FIRFUMFERENFE^-1 | LIBERPRIMUS | FIRFUMFERENFE^-1	best LLR -9.98; testable
member	letters A-Z	FIRFUMFERENFE^-1 | CICADA | FIRFUMFERENFE^-1	best LLR -7.14; testable
member	letters A-Z	FIRFUMFERENFE^-1 | TOTIENT | FIRFUMFERENFE^-1	best LLR -8.65; testable
member	letters A-Z	FIRFUMFERENFE^-1 | id | AWARNING	best LLR -9.65; testable
member	letters A-Z	FIRFUMFERENFE^-1 | DIVINITY | AWARNING	best LLR -8.91; testable
member	letters A-Z	FIRFUMFERENFE^-1 | FIRFUMFERENFE | AWARNING	best LLR -8.80; testable
member	letters A-Z	FIRFUMFERENFE^-1 | AKOAN | AWARNING	best LLR -7.58; testable
member	letters A-Z	FIRFUMFERENFE^-1 | ANINSTRUCTION | AWARNING	best LLR -7.37; testable
member	letters A-Z	FIRFUMFERENFE^-1 | LIKE | AWARNING	best LLR -9.52; testable
member	letters A-Z	FIRFUMFERENFE^-1 | INSTAR | AWARNING	best LLR -8.53; testable
member	letters A-Z	FIRFUMFERENFE^-1 | TUNNELING^-1 | AWARNING	best LLR -9.94; testable
member	letters A-Z	FIRFUMFERENFE^-1 | FIND | AWARNING	best LLR -7.21; testable
member	letters A-Z	FIRFUMFERENFE^-1 | LIBERPRIMUS | AWARNING	best LLR -9.98; testable
member	letters A-Z	FIRFUMFERENFE^-1 | CICADA | AWARNING	best LLR -7.14; testable
member	letters A-Z	FIRFUMFERENFE^-1 | TOTIENT | AWARNING	best LLR -8.65; testable
member	letters A-Z	FIRFUMFERENFE^-1 | id | AWARNING^-1	best LLR -9.65; testable
member	letters A-Z	FIRFUMFERENFE^-1 | DIVINITY | AWARNING^-1	best LLR -8.91; testable
member	letters A-Z	FIRFUMFERENFE^-1 | FIRFUMFERENFE | AWARNING^-1	best LLR -8.80; testable
member	letters A-Z	FIRFUMFERENFE^-1 | AKOAN | AWARNING^-1	best LLR -7.58; testable
member	letters A-Z	FIRFUMFERENFE^-1 | ANINSTRUCTION | AWARNING^-1	best LLR -7.37; testable
member	letters A-Z	FIRFUMFERENFE^-1 | LIKE | AWARNING^-1	best LLR -9.52; testable
member	letters A-Z	FIRFUMFERENFE^-1 | INSTAR | AWARNING^-1	best LLR -8.53; testable
member	letters A-Z	FIRFUMFERENFE^-1 | TUNNELING^-1 | AWARNING^-1	best LLR -9.94; testable
member	letters A-Z	FIRFUMFERENFE^-1 | FIND | AWARNING^-1	best LLR -7.21; testable
member	letters A-Z	FIRFUMFERENFE^-1 | LIBERPRIMUS | AWARNING^-1	best LLR -9.98; testable
member	letters A-Z	FIRFUMFERENFE^-1 | CICADA | AWARNING^-1	best LLR -7.14; testable
member	letters A-Z	FIRFUMFERENFE^-1 | TOTIENT | AWARNING^-1	best LLR -8.65; testable
member	letters A-Z	FIRFUMFERENFE^-1 | id | WELCOME	best LLR -9.65; testable
member	letters A-Z	FIRFUMFERENFE^-1 | DIVINITY | WELCOME	best LLR -8.91; testable
member	letters A-Z	FIRFUMFERENFE^-1 | FIRFUMFERENFE | WELCOME	best LLR -8.80; testable
member	letters A-Z	FIRFUMFERENFE^-1 | AKOAN | WELCOME	best LLR -7.58; testable
member	letters A-Z	FIRFUMFERENFE^-1 | ANINSTRUCTION | WELCOME	best LLR -7.37; testable
member	letters A-Z	FIRFUMFERENFE^-1 | LIKE | WELCOME	best LLR -9.52; testable
member	letters A-Z	FIRFUMFERENFE^-1 | INSTAR | WELCOME	best LLR -8.53; testable
member	letters A-Z	FIRFUMFERENFE^-1 | TUNNELING^-1 | WELCOME	best LLR -9.94; testable
member	letters A-Z	FIRFUMFERENFE^-1 | FIND | WELCOME	best LLR -7.21; testable
member	letters A-Z	FIRFUMFERENFE^-1 | LIBERPRIMUS | WELCOME	best LLR -9.98; testable
member	letters A-Z	FIRFUMFERENFE^-1 | CICADA | WELCOME	best LLR -7.14; testable
member	letters A-Z	FIRFUMFERENFE^-1 | TOTIENT | WELCOME	best LLR -8.65; testable
member	letters A-Z	FIRFUMFERENFE^-1 | id | WELCOME^-1	best LLR -9.65; testable
member	letters A-Z	FIRFUMFERENFE^-1 | DIVINITY | WELCOME^-1	best LLR -8.91; testable
member	letters A-Z	FIRFUMFERENFE^-1 | FIRFUMFERENFE | WELCOME^-1	best LLR -8.80; testable
member	letters A-Z	FIRFUMFERENFE^-1 | AKOAN | WELCOME^-1	best LLR -7.58; testable
member	letters A-Z	FIRFUMFERENFE^-1 | ANINSTRUCTION | WELCOME^-1	best LLR -7.37; testable
member	letters A-Z	FIRFUMFERENFE^-1 | LIKE | WELCOME^-1	best LLR -9.52; testable
member	letters A-Z	FIRFUMFERENFE^-1 | INSTAR | WELCOME^-1	best LLR -8.53; testable
member	letters A-Z	FIRFUMFERENFE^-1 | TUNNELING^-1 | WELCOME^-1	best LLR -9.94; testable
member	letters A-Z	FIRFUMFERENFE^-1 | FIND | WELCOME^-1	best LLR -7.21; testable
member	letters A-Z	FIRFUMFERENFE^-1 | LIBERPRIMUS | WELCOME^-1	best LLR -9.98; testable
member	letters A-Z	FIRFUMFERENFE^-1 | CICADA | WELCOME^-1	best LLR -7.14; testable
member	letters A-Z	FIRFUMFERENFE^-1 | TOTIENT | WELCOME^-1	best LLR -8.65; testable
member	letters A-Z	FIRFUMFERENFE^-1 | id | WISDOM	best LLR -9.65; testable
member	letters A-Z	FIRFUMFERENFE^-1 | DIVINITY | WISDOM	best LLR -8.91; testable
member	letters A-Z	FIRFUMFERENFE^-1 | FIRFUMFERENFE | WISDOM	best LLR -8.80; testable
member	letters A-Z	FIRFUMFERENFE^-1 | AKOAN | WISDOM	best LLR -7.58; testable
member	letters A-Z	FIRFUMFERENFE^-1 | ANINSTRUCTION | WISDOM	best LLR -7.37; testable
member	letters A-Z	FIRFUMFERENFE^-1 | LIKE | WISDOM	best LLR -9.52; testable
member	letters A-Z	FIRFUMFERENFE^-1 | INSTAR | WISDOM	best LLR -8.53; testable
member	letters A-Z	FIRFUMFERENFE^-1 | TUNNELING^-1 | WISDOM	best LLR -9.94; testable
member	letters A-Z	FIRFUMFERENFE^-1 | FIND | WISDOM	best LLR -7.21; testable
member	letters A-Z	FIRFUMFERENFE^-1 | LIBERPRIMUS | WISDOM	best LLR -9.98; testable
member	letters A-Z	FIRFUMFERENFE^-1 | CICADA | WISDOM	best LLR -7.14; testable
member	letters A-Z	FIRFUMFERENFE^-1 | TOTIENT | WISDOM	best LLR -8.65; testable
member	letters A-Z	FIRFUMFERENFE^-1 | id | WISDOM^-1	best LLR -9.65; testable
member	letters A-Z	FIRFUMFERENFE^-1 | DIVINITY | WISDOM^-1	best LLR -8.91; testable
member	letters A-Z	FIRFUMFERENFE^-1 | FIRFUMFERENFE | WISDOM^-1	best LLR -8.80; testable
member	letters A-Z	FIRFUMFERENFE^-1 | AKOAN | WISDOM^-1	best LLR -7.58; testable
member	letters A-Z	FIRFUMFERENFE^-1 | ANINSTRUCTION | WISDOM^-1	best LLR -7.37; testable
member	letters A-Z	FIRFUMFERENFE^-1 | LIKE | WISDOM^-1	best LLR -9.52; testable
member	letters A-Z	FIRFUMFERENFE^-1 | INSTAR | WISDOM^-1	best LLR -8.53; testable
member	letters A-Z	FIRFUMFERENFE^-1 | TUNNELING^-1 | WISDOM^-1	best LLR -9.94; testable
member	letters A-Z	FIRFUMFERENFE^-1 | FIND | WISDOM^-1	best LLR -7.21; testable
member	letters A-Z	FIRFUMFERENFE^-1 | LIBERPRIMUS | WISDOM^-1	best LLR -9.98; testable
member	letters A-Z	FIRFUMFERENFE^-1 | CICADA | WISDOM^-1	best LLR -7.14; testable
member	letters A-Z	FIRFUMFERENFE^-1 | TOTIENT | WISDOM^-1	best LLR -8.65; testable
member	letters A-Z	FIRFUMFERENFE^-1 | id | SOMEWISDOM	best LLR -9.65; testable
member	letters A-Z	FIRFUMFERENFE^-1 | DIVINITY | SOMEWISDOM	best LLR -8.91; testable
member	letters A-Z	FIRFUMFERENFE^-1 | FIRFUMFERENFE | SOMEWISDOM	best LLR -8.80; testable
member	letters A-Z	FIRFUMFERENFE^-1 | AKOAN | SOMEWISDOM	best LLR -7.58; testable
member	letters A-Z	FIRFUMFERENFE^-1 | ANINSTRUCTION | SOMEWISDOM	best LLR -7.37; testable
member	letters A-Z	FIRFUMFERENFE^-1 | LIKE | SOMEWISDOM	best LLR -9.52; testable
member	letters A-Z	FIRFUMFERENFE^-1 | INSTAR | SOMEWISDOM	best LLR -8.53; testable
member	letters A-Z	FIRFUMFERENFE^-1 | TUNNELING^-1 | SOMEWISDOM	best LLR -9.94; testable
member	letters A-Z	FIRFUMFERENFE^-1 | FIND | SOMEWISDOM	best LLR -7.21; testable
member	letters A-Z	FIRFUMFERENFE^-1 | LIBERPRIMUS | SOMEWISDOM	best LLR -9.98; testable
member	letters A-Z	FIRFUMFERENFE^-1 | CICADA | SOMEWISDOM	best LLR -7.14; testable
member	letters A-Z	FIRFUMFERENFE^-1 | TOTIENT | SOMEWISDOM	best LLR -8.65; testable
member	letters A-Z	FIRFUMFERENFE^-1 | id | SOMEWISDOM^-1	best LLR -9.65; testable
member	letters A-Z	FIRFUMFERENFE^-1 | DIVINITY | SOMEWISDOM^-1	best LLR -8.91; testable
member	letters A-Z	FIRFUMFERENFE^-1 | FIRFUMFERENFE | SOMEWISDOM^-1	best LLR -8.80; testable
member	letters A-Z	FIRFUMFERENFE^-1 | AKOAN | SOMEWISDOM^-1	best LLR -7.58; testable
member	letters A-Z	FIRFUMFERENFE^-1 | ANINSTRUCTION | SOMEWISDOM^-1	best LLR -7.37; testable
member	letters A-Z	FIRFUMFERENFE^-1 | LIKE | SOMEWISDOM^-1	best LLR -9.52; testable
member	letters A-Z	FIRFUMFERENFE^-1 | INSTAR | SOMEWISDOM^-1	best LLR -8.53; testable
member	letters A-Z	FIRFUMFERENFE^-1 | TUNNELING^-1 | SOMEWISDOM^-1	best LLR -9.94; testable
member	letters A-Z	FIRFUMFERENFE^-1 | FIND | SOMEWISDOM^-1	best LLR -7.21; testable
member	letters A-Z	FIRFUMFERENFE^-1 | LIBERPRIMUS | SOMEWISDOM^-1	best LLR -9.98; testable
member	letters A-Z	FIRFUMFERENFE^-1 | CICADA | SOMEWISDOM^-1	best LLR -7.14; testable
member	letters A-Z	FIRFUMFERENFE^-1 | TOTIENT | SOMEWISDOM^-1	best LLR -8.65; testable
member	letters A-Z	FIRFUMFERENFE^-1 | id | KNOWTHIS	best LLR -9.65; testable
member	letters A-Z	FIRFUMFERENFE^-1 | DIVINITY | KNOWTHIS	best LLR -8.91; testable
member	letters A-Z	FIRFUMFERENFE^-1 | FIRFUMFERENFE | KNOWTHIS	best LLR -8.80; testable
member	letters A-Z	FIRFUMFERENFE^-1 | AKOAN | KNOWTHIS	best LLR -7.58; testable
member	letters A-Z	FIRFUMFERENFE^-1 | ANINSTRUCTION | KNOWTHIS	best LLR -7.37; testable
member	letters A-Z	FIRFUMFERENFE^-1 | LIKE | KNOWTHIS	best LLR -9.52; testable
member	letters A-Z	FIRFUMFERENFE^-1 | INSTAR | KNOWTHIS	best LLR -8.53; testable
member	letters A-Z	FIRFUMFERENFE^-1 | TUNNELING^-1 | KNOWTHIS	best LLR -9.94; testable
member	letters A-Z	FIRFUMFERENFE^-1 | FIND | KNOWTHIS	best LLR -7.21; testable
member	letters A-Z	FIRFUMFERENFE^-1 | LIBERPRIMUS | KNOWTHIS	best LLR -9.98; testable
member	letters A-Z	FIRFUMFERENFE^-1 | CICADA | KNOWTHIS	best LLR -7.14; testable
member	letters A-Z	FIRFUMFERENFE^-1 | TOTIENT | KNOWTHIS	best LLR -8.65; testable
member	letters A-Z	FIRFUMFERENFE^-1 | id | KNOWTHIS^-1	best LLR -9.65; testable
member	letters A-Z	FIRFUMFERENFE^-1 | DIVINITY | KNOWTHIS^-1	best LLR -8.91; testable
member	letters A-Z	FIRFUMFERENFE^-1 | FIRFUMFERENFE | KNOWTHIS^-1	best LLR -8.80; testable
member	letters A-Z	FIRFUMFERENFE^-1 | AKOAN | KNOWTHIS^-1	best LLR -7.58; testable
member	letters A-Z	FIRFUMFERENFE^-1 | ANINSTRUCTION | KNOWTHIS^-1	best LLR -7.37; testable
member	letters A-Z	FIRFUMFERENFE^-1 | LIKE | KNOWTHIS^-1	best LLR -9.52; testable
member	letters A-Z	FIRFUMFERENFE^-1 | INSTAR | KNOWTHIS^-1	best LLR -8.53; testable
member	letters A-Z	FIRFUMFERENFE^-1 | TUNNELING^-1 | KNOWTHIS^-1	best LLR -9.94; testable
member	letters A-Z	FIRFUMFERENFE^-1 | FIND | KNOWTHIS^-1	best LLR -7.21; testable
member	letters A-Z	FIRFUMFERENFE^-1 | LIBERPRIMUS | KNOWTHIS^-1	best LLR -9.98; testable
member	letters A-Z	FIRFUMFERENFE^-1 | CICADA | KNOWTHIS^-1	best LLR -7.14; testable
member	letters A-Z	FIRFUMFERENFE^-1 | TOTIENT | KNOWTHIS^-1	best LLR -8.65; testable
member	letters A-Z	FIRFUMFERENFE^-1 | id | AKOAN	best LLR -9.65; testable
member	letters A-Z	FIRFUMFERENFE^-1 | DIVINITY | AKOAN	best LLR -8.91; testable
member	letters A-Z	FIRFUMFERENFE^-1 | FIRFUMFERENFE | AKOAN	best LLR -8.80; testable
member	letters A-Z	FIRFUMFERENFE^-1 | AKOAN | AKOAN	best LLR -7.58; testable
member	letters A-Z	FIRFUMFERENFE^-1 | ANINSTRUCTION | AKOAN	best LLR -7.37; testable
member	letters A-Z	FIRFUMFERENFE^-1 | LIKE | AKOAN	best LLR -9.52; testable
member	letters A-Z	FIRFUMFERENFE^-1 | INSTAR | AKOAN	best LLR -8.53; testable
member	letters A-Z	FIRFUMFERENFE^-1 | TUNNELING^-1 | AKOAN	best LLR -9.94; testable
member	letters A-Z	FIRFUMFERENFE^-1 | FIND | AKOAN	best LLR -7.21; testable
member	letters A-Z	FIRFUMFERENFE^-1 | LIBERPRIMUS | AKOAN	best LLR -9.98; testable
member	letters A-Z	FIRFUMFERENFE^-1 | CICADA | AKOAN	best LLR -7.14; testable
member	letters A-Z	FIRFUMFERENFE^-1 | TOTIENT | AKOAN	best LLR -8.65; testable
member	letters A-Z	FIRFUMFERENFE^-1 | id | AKOAN^-1	best LLR -9.65; testable
member	letters A-Z	FIRFUMFERENFE^-1 | DIVINITY | AKOAN^-1	best LLR -8.91; testable
member	letters A-Z	FIRFUMFERENFE^-1 | FIRFUMFERENFE | AKOAN^-1	best LLR -8.80; testable
member	letters A-Z	FIRFUMFERENFE^-1 | AKOAN | AKOAN^-1	best LLR -7.58; testable
member	letters A-Z	FIRFUMFERENFE^-1 | ANINSTRUCTION | AKOAN^-1	best LLR -7.37; testable
member	letters A-Z	FIRFUMFERENFE^-1 | LIKE | AKOAN^-1	best LLR -9.52; testable
member	letters A-Z	FIRFUMFERENFE^-1 | INSTAR | AKOAN^-1	best LLR -8.53; testable
member	letters A-Z	FIRFUMFERENFE^-1 | TUNNELING^-1 | AKOAN^-1	best LLR -9.94; testable
member	letters A-Z	FIRFUMFERENFE^-1 | FIND | AKOAN^-1	best LLR -7.21; testable
member	letters A-Z	FIRFUMFERENFE^-1 | LIBERPRIMUS | AKOAN^-1	best LLR -9.98; testable
member	letters A-Z	FIRFUMFERENFE^-1 | CICADA | AKOAN^-1	best LLR -7.14; testable
member	letters A-Z	FIRFUMFERENFE^-1 | TOTIENT | AKOAN^-1	best LLR -8.65; testable
member	letters A-Z	FIRFUMFERENFE^-1 | DIVINITY | ANINSTRUCTION	best LLR -3.07; testable
member	letters A-Z	FIRFUMFERENFE^-1 | FIRFUMFERENFE | ANINSTRUCTION	best LLR -6.30; testable
member	letters A-Z	FIRFUMFERENFE^-1 | AWARNING | ANINSTRUCTION	best LLR -9.89; testable
member	letters A-Z	FIRFUMFERENFE^-1 | WISDOM | ANINSTRUCTION	best LLR -7.52; testable
member	letters A-Z	FIRFUMFERENFE^-1 | SOMEWISDOM | ANINSTRUCTION	best LLR -6.93; testable
member	letters A-Z	FIRFUMFERENFE^-1 | KNOWTHIS | ANINSTRUCTION	best LLR -7.06; testable
member	letters A-Z	FIRFUMFERENFE^-1 | ANINSTRUCTION | ANINSTRUCTION	best LLR -5.60; testable
member	letters A-Z	FIRFUMFERENFE^-1 | LIKE | ANINSTRUCTION	best LLR -5.40; testable
member	letters A-Z	FIRFUMFERENFE^-1 | TUNNELING | ANINSTRUCTION	best LLR -7.84; testable
member	letters A-Z	FIRFUMFERENFE^-1 | FIND | ANINSTRUCTION	best LLR -5.72; testable
member	letters A-Z	FIRFUMFERENFE^-1 | WITHIN | ANINSTRUCTION	best LLR -6.66; testable
member	letters A-Z	FIRFUMFERENFE^-1 | LIBERPRIMUS | ANINSTRUCTION	best LLR -7.45; testable
member	letters A-Z	FIRFUMFERENFE^-1 | PRIMUS | ANINSTRUCTION	best LLR -7.92; testable
member	letters A-Z	FIRFUMFERENFE^-1 | PRIMES | ANINSTRUCTION	best LLR -7.97; testable
member	letters A-Z	FIRFUMFERENFE^-1 | DIVINITY | THELOSSOFDIVINITY	best LLR -6.45; testable
member	letters A-Z	FIRFUMFERENFE^-1 | FIRFUMFERENFE | THELOSSOFDIVINITY	best LLR -6.30; testable
member	letters A-Z	FIRFUMFERENFE^-1 | WISDOM | THELOSSOFDIVINITY	best LLR -9.35; testable
member	letters A-Z	FIRFUMFERENFE^-1 | SOMEWISDOM | THELOSSOFDIVINITY	best LLR -6.93; testable
member	letters A-Z	FIRFUMFERENFE^-1 | KNOWTHIS | THELOSSOFDIVINITY	best LLR -7.06; testable
member	letters A-Z	FIRFUMFERENFE^-1 | ANINSTRUCTION | THELOSSOFDIVINITY	best LLR -5.60; testable
member	letters A-Z	FIRFUMFERENFE^-1 | THELOSSOFDIVINITY | THELOSSOFDIVINITY	best LLR -2.59; testable
member	letters A-Z	FIRFUMFERENFE^-1 | LIKE | THELOSSOFDIVINITY	best LLR -5.40; testable
member	letters A-Z	FIRFUMFERENFE^-1 | TUNNELING | THELOSSOFDIVINITY	best LLR -5.77; testable
member	letters A-Z	FIRFUMFERENFE^-1 | FIND | THELOSSOFDIVINITY	best LLR -5.72; testable
member	letters A-Z	FIRFUMFERENFE^-1 | WITHIN | THELOSSOFDIVINITY	best LLR -9.28; testable
member	letters A-Z	FIRFUMFERENFE^-1 | CIRCUMFERENCE | THELOSSOFDIVINITY	best LLR -6.36; testable
member	letters A-Z	FIRFUMFERENFE^-1 | ANINSTRUCTION | THELOSSOFDIVINITY^-1	best LLR -5.68; testable
member	letters A-Z	FIRFUMFERENFE^-1 | WE | THELOSSOFDIVINITY^-1	best LLR -5.91; testable
member	letters A-Z	FIRFUMFERENFE^-1 | id | ANEND	best LLR -9.65; testable
member	letters A-Z	FIRFUMFERENFE^-1 | DIVINITY | ANEND	best LLR -8.91; testable
member	letters A-Z	FIRFUMFERENFE^-1 | FIRFUMFERENFE | ANEND	best LLR -8.80; testable
member	letters A-Z	FIRFUMFERENFE^-1 | AKOAN | ANEND	best LLR -7.58; testable
member	letters A-Z	FIRFUMFERENFE^-1 | ANINSTRUCTION | ANEND	best LLR -7.37; testable
member	letters A-Z	FIRFUMFERENFE^-1 | LIKE | ANEND	best LLR -9.52; testable
member	letters A-Z	FIRFUMFERENFE^-1 | INSTAR | ANEND	best LLR -8.53; testable
member	letters A-Z	FIRFUMFERENFE^-1 | TUNNELING^-1 | ANEND	best LLR -9.94; testable
member	letters A-Z	FIRFUMFERENFE^-1 | FIND | ANEND	best LLR -7.21; testable
member	letters A-Z	FIRFUMFERENFE^-1 | LIBERPRIMUS | ANEND	best LLR -9.98; testable
member	letters A-Z	FIRFUMFERENFE^-1 | CICADA | ANEND	best LLR -7.14; testable
member	letters A-Z	FIRFUMFERENFE^-1 | TOTIENT | ANEND	best LLR -8.65; testable
member	letters A-Z	FIRFUMFERENFE^-1 | id | ANEND^-1	best LLR -9.65; testable
member	letters A-Z	FIRFUMFERENFE^-1 | DIVINITY | ANEND^-1	best LLR -8.91; testable
member	letters A-Z	FIRFUMFERENFE^-1 | FIRFUMFERENFE | ANEND^-1	best LLR -8.80; testable
member	letters A-Z	FIRFUMFERENFE^-1 | AKOAN | ANEND^-1	best LLR -7.58; testable
member	letters A-Z	FIRFUMFERENFE^-1 | ANINSTRUCTION | ANEND^-1	best LLR -7.37; testable
member	letters A-Z	FIRFUMFERENFE^-1 | LIKE | ANEND^-1	best LLR -9.52; testable
member	letters A-Z	FIRFUMFERENFE^-1 | INSTAR | ANEND^-1	best LLR -8.53; testable
member	letters A-Z	FIRFUMFERENFE^-1 | TUNNELING^-1 | ANEND^-1	best LLR -9.94; testable
member	letters A-Z	FIRFUMFERENFE^-1 | FIND | ANEND^-1	best LLR -7.21; testable
member	letters A-Z	FIRFUMFERENFE^-1 | LIBERPRIMUS | ANEND^-1	best LLR -9.98; testable
member	letters A-Z	FIRFUMFERENFE^-1 | CICADA | ANEND^-1	best LLR -7.14; testable
member	letters A-Z	FIRFUMFERENFE^-1 | TOTIENT | ANEND^-1	best LLR -8.65; testable
member	letters A-Z	FIRFUMFERENFE^-1 | id | PARABLE	best LLR -9.65; testable
member	letters A-Z	FIRFUMFERENFE^-1 | DIVINITY | PARABLE	best LLR -8.91; testable
member	letters A-Z	FIRFUMFERENFE^-1 | FIRFUMFERENFE | PARABLE	best LLR -8.80; testable
member	letters A-Z	FIRFUMFERENFE^-1 | AKOAN | PARABLE	best LLR -7.58; testable
member	letters A-Z	FIRFUMFERENFE^-1 | ANINSTRUCTION | PARABLE	best LLR -7.37; testable
member	letters A-Z	FIRFUMFERENFE^-1 | LIKE | PARABLE	best LLR -9.52; testable
member	letters A-Z	FIRFUMFERENFE^-1 | INSTAR | PARABLE	best LLR -8.53; testable
member	letters A-Z	FIRFUMFERENFE^-1 | TUNNELING^-1 | PARABLE	best LLR -9.94; testable
member	letters A-Z	FIRFUMFERENFE^-1 | FIND | PARABLE	best LLR -7.21; testable
member	letters A-Z	FIRFUMFERENFE^-1 | LIBERPRIMUS | PARABLE	best LLR -9.98; testable
member	letters A-Z	FIRFUMFERENFE^-1 | CICADA | PARABLE	best LLR -7.14; testable
member	letters A-Z	FIRFUMFERENFE^-1 | TOTIENT | PARABLE	best LLR -8.65; testable
member	letters A-Z	FIRFUMFERENFE^-1 | id | PARABLE^-1	best LLR -9.65; testable
member	letters A-Z	FIRFUMFERENFE^-1 | DIVINITY | PARABLE^-1	best LLR -8.91; testable
member	letters A-Z	FIRFUMFERENFE^-1 | FIRFUMFERENFE | PARABLE^-1	best LLR -8.80; testable
member	letters A-Z	FIRFUMFERENFE^-1 | AKOAN | PARABLE^-1	best LLR -7.58; testable
member	letters A-Z	FIRFUMFERENFE^-1 | ANINSTRUCTION | PARABLE^-1	best LLR -7.37; testable
member	letters A-Z	FIRFUMFERENFE^-1 | LIKE | PARABLE^-1	best LLR -9.52; testable
member	letters A-Z	FIRFUMFERENFE^-1 | INSTAR | PARABLE^-1	best LLR -8.53; testable
member	letters A-Z	FIRFUMFERENFE^-1 | TUNNELING^-1 | PARABLE^-1	best LLR -9.94; testable
member	letters A-Z	FIRFUMFERENFE^-1 | FIND | PARABLE^-1	best LLR -7.21; testable
member	letters A-Z	FIRFUMFERENFE^-1 | LIBERPRIMUS | PARABLE^-1	best LLR -9.98; testable
member	letters A-Z	FIRFUMFERENFE^-1 | CICADA | PARABLE^-1	best LLR -7.14; testable
member	letters A-Z	FIRFUMFERENFE^-1 | TOTIENT | PARABLE^-1	best LLR -8.65; testable
member	letters A-Z	FIRFUMFERENFE^-1 | id | LIKE	best LLR -9.65; testable
member	letters A-Z	FIRFUMFERENFE^-1 | DIVINITY | LIKE	best LLR -8.91; testable
member	letters A-Z	FIRFUMFERENFE^-1 | FIRFUMFERENFE | LIKE	best LLR -8.80; testable
member	letters A-Z	FIRFUMFERENFE^-1 | AKOAN | LIKE	best LLR -7.58; testable
member	letters A-Z	FIRFUMFERENFE^-1 | ANINSTRUCTION | LIKE	best LLR -7.37; testable
member	letters A-Z	FIRFUMFERENFE^-1 | LIKE | LIKE	best LLR -9.52; testable
member	letters A-Z	FIRFUMFERENFE^-1 | INSTAR | LIKE	best LLR -8.53; testable
member	letters A-Z	FIRFUMFERENFE^-1 | TUNNELING^-1 | LIKE	best LLR -9.94; testable
member	letters A-Z	FIRFUMFERENFE^-1 | FIND | LIKE	best LLR -7.21; testable
member	letters A-Z	FIRFUMFERENFE^-1 | LIBERPRIMUS | LIKE	best LLR -9.98; testable
member	letters A-Z	FIRFUMFERENFE^-1 | CICADA | LIKE	best LLR -7.14; testable
member	letters A-Z	FIRFUMFERENFE^-1 | TOTIENT | LIKE	best LLR -8.65; testable
member	letters A-Z	FIRFUMFERENFE^-1 | id | LIKE^-1	best LLR -9.65; testable
member	letters A-Z	FIRFUMFERENFE^-1 | DIVINITY | LIKE^-1	best LLR -8.91; testable
member	letters A-Z	FIRFUMFERENFE^-1 | FIRFUMFERENFE | LIKE^-1	best LLR -8.80; testable
member	letters A-Z	FIRFUMFERENFE^-1 | AKOAN | LIKE^-1	best LLR -7.58; testable
member	letters A-Z	FIRFUMFERENFE^-1 | ANINSTRUCTION | LIKE^-1	best LLR -7.37; testable
member	letters A-Z	FIRFUMFERENFE^-1 | LIKE | LIKE^-1	best LLR -9.52; testable
member	letters A-Z	FIRFUMFERENFE^-1 | INSTAR | LIKE^-1	best LLR -8.53; testable
member	letters A-Z	FIRFUMFERENFE^-1 | TUNNELING^-1 | LIKE^-1	best LLR -9.94; testable
member	letters A-Z	FIRFUMFERENFE^-1 | FIND | LIKE^-1	best LLR -7.21; testable
member	letters A-Z	FIRFUMFERENFE^-1 | LIBERPRIMUS | LIKE^-1	best LLR -9.98; testable
member	letters A-Z	FIRFUMFERENFE^-1 | CICADA | LIKE^-1	best LLR -7.14; testable
member	letters A-Z	FIRFUMFERENFE^-1 | TOTIENT | LIKE^-1	best LLR -8.65; testable
member	letters A-Z	FIRFUMFERENFE^-1 | id | THE	best LLR -9.65; testable
member	letters A-Z	FIRFUMFERENFE^-1 | DIVINITY | THE	best LLR -8.91; testable
member	letters A-Z	FIRFUMFERENFE^-1 | FIRFUMFERENFE | THE	best LLR -8.80; testable
member	letters A-Z	FIRFUMFERENFE^-1 | AKOAN | THE	best LLR -7.58; testable
member	letters A-Z	FIRFUMFERENFE^-1 | ANINSTRUCTION | THE	best LLR -7.37; testable
member	letters A-Z	FIRFUMFERENFE^-1 | LIKE | THE	best LLR -9.52; testable
member	letters A-Z	FIRFUMFERENFE^-1 | INSTAR | THE	best LLR -8.53; testable
member	letters A-Z	FIRFUMFERENFE^-1 | TUNNELING^-1 | THE	best LLR -9.94; testable
member	letters A-Z	FIRFUMFERENFE^-1 | FIND | THE	best LLR -7.21; testable
member	letters A-Z	FIRFUMFERENFE^-1 | LIBERPRIMUS | THE	best LLR -9.98; testable
member	letters A-Z	FIRFUMFERENFE^-1 | CICADA | THE	best LLR -7.14; testable
member	letters A-Z	FIRFUMFERENFE^-1 | TOTIENT | THE	best LLR -8.65; testable
member	letters A-Z	FIRFUMFERENFE^-1 | id | THE^-1	best LLR -9.65; testable
member	letters A-Z	FIRFUMFERENFE^-1 | DIVINITY | THE^-1	best LLR -8.91; testable
member	letters A-Z	FIRFUMFERENFE^-1 | FIRFUMFERENFE | THE^-1	best LLR -8.80; testable
member	letters A-Z	FIRFUMFERENFE^-1 | AKOAN | THE^-1	best LLR -7.58; testable
member	letters A-Z	FIRFUMFERENFE^-1 | ANINSTRUCTION | THE^-1	best LLR -7.37; testable
member	letters A-Z	FIRFUMFERENFE^-1 | LIKE | THE^-1	best LLR -9.52; testable
member	letters A-Z	FIRFUMFERENFE^-1 | INSTAR | THE^-1	best LLR -8.53; testable
member	letters A-Z	FIRFUMFERENFE^-1 | TUNNELING^-1 | THE^-1	best LLR -9.94; testable
member	letters A-Z	FIRFUMFERENFE^-1 | FIND | THE^-1	best LLR -7.21; testable
member	letters A-Z	FIRFUMFERENFE^-1 | LIBERPRIMUS | THE^-1	best LLR -9.98; testable
member	letters A-Z	FIRFUMFERENFE^-1 | CICADA | THE^-1	best LLR -7.14; testable
member	letters A-Z	FIRFUMFERENFE^-1 | TOTIENT | THE^-1	best LLR -8.65; testable
member	letters A-Z	FIRFUMFERENFE^-1 | id | INSTAR	best LLR -9.65; testable
member	letters A-Z	FIRFUMFERENFE^-1 | DIVINITY | INSTAR	best LLR -8.91; testable
member	letters A-Z	FIRFUMFERENFE^-1 | FIRFUMFERENFE | INSTAR	best LLR -8.80; testable
member	letters A-Z	FIRFUMFERENFE^-1 | AKOAN | INSTAR	best LLR -7.58; testable
member	letters A-Z	FIRFUMFERENFE^-1 | ANINSTRUCTION | INSTAR	best LLR -7.37; testable
member	letters A-Z	FIRFUMFERENFE^-1 | LIKE | INSTAR	best LLR -9.52; testable
member	letters A-Z	FIRFUMFERENFE^-1 | INSTAR | INSTAR	best LLR -8.53; testable
member	letters A-Z	FIRFUMFERENFE^-1 | TUNNELING^-1 | INSTAR	best LLR -9.94; testable
member	letters A-Z	FIRFUMFERENFE^-1 | FIND | INSTAR	best LLR -7.21; testable
member	letters A-Z	FIRFUMFERENFE^-1 | LIBERPRIMUS | INSTAR	best LLR -9.98; testable
member	letters A-Z	FIRFUMFERENFE^-1 | CICADA | INSTAR	best LLR -7.14; testable
member	letters A-Z	FIRFUMFERENFE^-1 | TOTIENT | INSTAR	best LLR -8.65; testable
member	letters A-Z	FIRFUMFERENFE^-1 | id | INSTAR^-1	best LLR -9.65; testable
member	letters A-Z	FIRFUMFERENFE^-1 | DIVINITY | INSTAR^-1	best LLR -8.91; testable
member	letters A-Z	FIRFUMFERENFE^-1 | FIRFUMFERENFE | INSTAR^-1	best LLR -8.80; testable
member	letters A-Z	FIRFUMFERENFE^-1 | AKOAN | INSTAR^-1	best LLR -7.58; testable
member	letters A-Z	FIRFUMFERENFE^-1 | ANINSTRUCTION | INSTAR^-1	best LLR -7.37; testable
member	letters A-Z	FIRFUMFERENFE^-1 | LIKE | INSTAR^-1	best LLR -9.52; testable
member	letters A-Z	FIRFUMFERENFE^-1 | INSTAR | INSTAR^-1	best LLR -8.53; testable
member	letters A-Z	FIRFUMFERENFE^-1 | TUNNELING^-1 | INSTAR^-1	best LLR -9.94; testable
member	letters A-Z	FIRFUMFERENFE^-1 | FIND | INSTAR^-1	best LLR -7.21; testable
member	letters A-Z	FIRFUMFERENFE^-1 | LIBERPRIMUS | INSTAR^-1	best LLR -9.98; testable
member	letters A-Z	FIRFUMFERENFE^-1 | CICADA | INSTAR^-1	best LLR -7.14; testable
member	letters A-Z	FIRFUMFERENFE^-1 | TOTIENT | INSTAR^-1	best LLR -8.65; testable
member	letters A-Z	FIRFUMFERENFE^-1 | id | TUNNELING	best LLR -9.65; testable
member	letters A-Z	FIRFUMFERENFE^-1 | DIVINITY | TUNNELING	best LLR -8.91; testable
member	letters A-Z	FIRFUMFERENFE^-1 | FIRFUMFERENFE | TUNNELING	best LLR -8.80; testable
member	letters A-Z	FIRFUMFERENFE^-1 | AKOAN | TUNNELING	best LLR -7.58; testable
member	letters A-Z	FIRFUMFERENFE^-1 | ANINSTRUCTION | TUNNELING	best LLR -7.37; testable
member	letters A-Z	FIRFUMFERENFE^-1 | LIKE | TUNNELING	best LLR -9.52; testable
member	letters A-Z	FIRFUMFERENFE^-1 | INSTAR | TUNNELING	best LLR -8.53; testable
member	letters A-Z	FIRFUMFERENFE^-1 | TUNNELING^-1 | TUNNELING	best LLR -9.94; testable
member	letters A-Z	FIRFUMFERENFE^-1 | FIND | TUNNELING	best LLR -7.21; testable
member	letters A-Z	FIRFUMFERENFE^-1 | LIBERPRIMUS | TUNNELING	best LLR -9.98; testable
member	letters A-Z	FIRFUMFERENFE^-1 | CICADA | TUNNELING	best LLR -7.14; testable
member	letters A-Z	FIRFUMFERENFE^-1 | TOTIENT | TUNNELING	best LLR -8.65; testable
member	letters A-Z	FIRFUMFERENFE^-1 | id | TUNNELING^-1	best LLR -9.65; testable
member	letters A-Z	FIRFUMFERENFE^-1 | DIVINITY | TUNNELING^-1	best LLR -8.91; testable
member	letters A-Z	FIRFUMFERENFE^-1 | FIRFUMFERENFE | TUNNELING^-1	best LLR -8.80; testable
member	letters A-Z	FIRFUMFERENFE^-1 | AKOAN | TUNNELING^-1	best LLR -7.58; testable
member	letters A-Z	FIRFUMFERENFE^-1 | ANINSTRUCTION | TUNNELING^-1	best LLR -7.37; testable
member	letters A-Z	FIRFUMFERENFE^-1 | LIKE | TUNNELING^-1	best LLR -9.52; testable
member	letters A-Z	FIRFUMFERENFE^-1 | INSTAR | TUNNELING^-1	best LLR -8.53; testable
member	letters A-Z	FIRFUMFERENFE^-1 | TUNNELING^-1 | TUNNELING^-1	best LLR -9.94; testable
member	letters A-Z	FIRFUMFERENFE^-1 | FIND | TUNNELING^-1	best LLR -7.21; testable
member	letters A-Z	FIRFUMFERENFE^-1 | LIBERPRIMUS | TUNNELING^-1	best LLR -9.98; testable
member	letters A-Z	FIRFUMFERENFE^-1 | CICADA | TUNNELING^-1	best LLR -7.14; testable
member	letters A-Z	FIRFUMFERENFE^-1 | TOTIENT | TUNNELING^-1	best LLR -8.65; testable
member	letters A-Z	FIRFUMFERENFE^-1 | id | TO	best LLR -9.65; testable
member	letters A-Z	FIRFUMFERENFE^-1 | DIVINITY | TO	best LLR -8.91; testable
member	letters A-Z	FIRFUMFERENFE^-1 | FIRFUMFERENFE | TO	best LLR -8.80; testable
member	letters A-Z	FIRFUMFERENFE^-1 | AKOAN | TO	best LLR -7.58; testable
member	letters A-Z	FIRFUMFERENFE^-1 | ANINSTRUCTION | TO	best LLR -7.37; testable
member	letters A-Z	FIRFUMFERENFE^-1 | LIKE | TO	best LLR -9.52; testable
member	letters A-Z	FIRFUMFERENFE^-1 | INSTAR | TO	best LLR -8.53; testable
member	letters A-Z	FIRFUMFERENFE^-1 | TUNNELING^-1 | TO	best LLR -9.94; testable
member	letters A-Z	FIRFUMFERENFE^-1 | FIND | TO	best LLR -7.21; testable
member	letters A-Z	FIRFUMFERENFE^-1 | LIBERPRIMUS | TO	best LLR -9.98; testable
member	letters A-Z	FIRFUMFERENFE^-1 | CICADA | TO	best LLR -7.14; testable
member	letters A-Z	FIRFUMFERENFE^-1 | TOTIENT | TO	best LLR -8.65; testable
member	letters A-Z	FIRFUMFERENFE^-1 | id | TO^-1	best LLR -9.65; testable
member	letters A-Z	FIRFUMFERENFE^-1 | DIVINITY | TO^-1	best LLR -8.91; testable
member	letters A-Z	FIRFUMFERENFE^-1 | FIRFUMFERENFE | TO^-1	best LLR -8.80; testable
member	letters A-Z	FIRFUMFERENFE^-1 | AKOAN | TO^-1	best LLR -7.58; testable
member	letters A-Z	FIRFUMFERENFE^-1 | ANINSTRUCTION | TO^-1	best LLR -7.37; testable
member	letters A-Z	FIRFUMFERENFE^-1 | LIKE | TO^-1	best LLR -9.52; testable
member	letters A-Z	FIRFUMFERENFE^-1 | INSTAR | TO^-1	best LLR -8.53; testable
member	letters A-Z	FIRFUMFERENFE^-1 | TUNNELING^-1 | TO^-1	best LLR -9.94; testable
member	letters A-Z	FIRFUMFERENFE^-1 | FIND | TO^-1	best LLR -7.21; testable
member	letters A-Z	FIRFUMFERENFE^-1 | LIBERPRIMUS | TO^-1	best LLR -9.98; testable
member	letters A-Z	FIRFUMFERENFE^-1 | CICADA | TO^-1	best LLR -7.14; testable
member	letters A-Z	FIRFUMFERENFE^-1 | TOTIENT | TO^-1	best LLR -8.65; testable
member	letters A-Z	FIRFUMFERENFE^-1 | id | SURFACE	best LLR -9.65; testable
member	letters A-Z	FIRFUMFERENFE^-1 | DIVINITY | SURFACE	best LLR -8.91; testable
member	letters A-Z	FIRFUMFERENFE^-1 | FIRFUMFERENFE | SURFACE	best LLR -8.80; testable
member	letters A-Z	FIRFUMFERENFE^-1 | AKOAN | SURFACE	best LLR -7.58; testable
member	letters A-Z	FIRFUMFERENFE^-1 | ANINSTRUCTION | SURFACE	best LLR -7.37; testable
member	letters A-Z	FIRFUMFERENFE^-1 | LIKE | SURFACE	best LLR -9.52; testable
member	letters A-Z	FIRFUMFERENFE^-1 | INSTAR | SURFACE	best LLR -8.53; testable
member	letters A-Z	FIRFUMFERENFE^-1 | TUNNELING^-1 | SURFACE	best LLR -9.94; testable
member	letters A-Z	FIRFUMFERENFE^-1 | FIND | SURFACE	best LLR -7.21; testable
member	letters A-Z	FIRFUMFERENFE^-1 | LIBERPRIMUS | SURFACE	best LLR -9.98; testable
member	letters A-Z	FIRFUMFERENFE^-1 | CICADA | SURFACE	best LLR -7.14; testable
member	letters A-Z	FIRFUMFERENFE^-1 | TOTIENT | SURFACE	best LLR -8.65; testable
member	letters A-Z	FIRFUMFERENFE^-1 | id | SURFACE^-1	best LLR -9.65; testable
member	letters A-Z	FIRFUMFERENFE^-1 | DIVINITY | SURFACE^-1	best LLR -8.91; testable
member	letters A-Z	FIRFUMFERENFE^-1 | FIRFUMFERENFE | SURFACE^-1	best LLR -8.80; testable
member	letters A-Z	FIRFUMFERENFE^-1 | AKOAN | SURFACE^-1	best LLR -7.58; testable
member	letters A-Z	FIRFUMFERENFE^-1 | ANINSTRUCTION | SURFACE^-1	best LLR -7.37; testable
member	letters A-Z	FIRFUMFERENFE^-1 | LIKE | SURFACE^-1	best LLR -9.52; testable
member	letters A-Z	FIRFUMFERENFE^-1 | INSTAR | SURFACE^-1	best LLR -8.53; testable
member	letters A-Z	FIRFUMFERENFE^-1 | TUNNELING^-1 | SURFACE^-1	best LLR -9.94; testable
member	letters A-Z	FIRFUMFERENFE^-1 | FIND | SURFACE^-1	best LLR -7.21; testable
member	letters A-Z	FIRFUMFERENFE^-1 | LIBERPRIMUS | SURFACE^-1	best LLR -9.98; testable
member	letters A-Z	FIRFUMFERENFE^-1 | CICADA | SURFACE^-1	best LLR -7.14; testable
member	letters A-Z	FIRFUMFERENFE^-1 | TOTIENT | SURFACE^-1	best LLR -8.65; testable
member	letters A-Z	FIRFUMFERENFE^-1 | id | WE	best LLR -9.65; testable
member	letters A-Z	FIRFUMFERENFE^-1 | DIVINITY | WE	best LLR -8.91; testable
member	letters A-Z	FIRFUMFERENFE^-1 | FIRFUMFERENFE | WE	best LLR -8.80; testable
member	letters A-Z	FIRFUMFERENFE^-1 | AKOAN | WE	best LLR -7.58; testable
member	letters A-Z	FIRFUMFERENFE^-1 | ANINSTRUCTION | WE	best LLR -7.37; testable
member	letters A-Z	FIRFUMFERENFE^-1 | LIKE | WE	best LLR -9.52; testable
member	letters A-Z	FIRFUMFERENFE^-1 | INSTAR | WE	best LLR -8.53; testable
member	letters A-Z	FIRFUMFERENFE^-1 | TUNNELING^-1 | WE	best LLR -9.94; testable
member	letters A-Z	FIRFUMFERENFE^-1 | FIND | WE	best LLR -7.21; testable
member	letters A-Z	FIRFUMFERENFE^-1 | LIBERPRIMUS | WE	best LLR -9.98; testable
member	letters A-Z	FIRFUMFERENFE^-1 | CICADA | WE	best LLR -7.14; testable
member	letters A-Z	FIRFUMFERENFE^-1 | TOTIENT | WE	best LLR -8.65; testable
member	letters A-Z	FIRFUMFERENFE^-1 | id | WE^-1	best LLR -9.65; testable
member	letters A-Z	FIRFUMFERENFE^-1 | DIVINITY | WE^-1	best LLR -8.91; testable
member	letters A-Z	FIRFUMFERENFE^-1 | FIRFUMFERENFE | WE^-1	best LLR -8.80; testable
member	letters A-Z	FIRFUMFERENFE^-1 | AKOAN | WE^-1	best LLR -7.58; testable
member	letters A-Z	FIRFUMFERENFE^-1 | ANINSTRUCTION | WE^-1	best LLR -7.37; testable
member	letters A-Z	FIRFUMFERENFE^-1 | LIKE | WE^-1	best LLR -9.52; testable
member	letters A-Z	FIRFUMFERENFE^-1 | INSTAR | WE^-1	best LLR -8.53; testable
member	letters A-Z	FIRFUMFERENFE^-1 | TUNNELING^-1 | WE^-1	best LLR -9.94; testable
member	letters A-Z	FIRFUMFERENFE^-1 | FIND | WE^-1	best LLR -7.21; testable
member	letters A-Z	FIRFUMFERENFE^-1 | LIBERPRIMUS | WE^-1	best LLR -9.98; testable
member	letters A-Z	FIRFUMFERENFE^-1 | CICADA | WE^-1	best LLR -7.14; testable
member	letters A-Z	FIRFUMFERENFE^-1 | TOTIENT | WE^-1	best LLR -8.65; testable
member	letters A-Z	FIRFUMFERENFE^-1 | id | MUST	best LLR -9.65; testable
member	letters A-Z	FIRFUMFERENFE^-1 | DIVINITY | MUST	best LLR -8.91; testable
member	letters A-Z	FIRFUMFERENFE^-1 | FIRFUMFERENFE | MUST	best LLR -8.80; testable
member	letters A-Z	FIRFUMFERENFE^-1 | AKOAN | MUST	best LLR -7.58; testable
member	letters A-Z	FIRFUMFERENFE^-1 | ANINSTRUCTION | MUST	best LLR -7.37; testable
member	letters A-Z	FIRFUMFERENFE^-1 | LIKE | MUST	best LLR -9.52; testable
member	letters A-Z	FIRFUMFERENFE^-1 | INSTAR | MUST	best LLR -8.53; testable
member	letters A-Z	FIRFUMFERENFE^-1 | TUNNELING^-1 | MUST	best LLR -9.94; testable
member	letters A-Z	FIRFUMFERENFE^-1 | FIND | MUST	best LLR -7.21; testable
member	letters A-Z	FIRFUMFERENFE^-1 | LIBERPRIMUS | MUST	best LLR -9.98; testable
member	letters A-Z	FIRFUMFERENFE^-1 | CICADA | MUST	best LLR -7.14; testable
member	letters A-Z	FIRFUMFERENFE^-1 | TOTIENT | MUST	best LLR -8.65; testable
member	letters A-Z	FIRFUMFERENFE^-1 | id | MUST^-1	best LLR -9.65; testable
member	letters A-Z	FIRFUMFERENFE^-1 | DIVINITY | MUST^-1	best LLR -8.91; testable
member	letters A-Z	FIRFUMFERENFE^-1 | FIRFUMFERENFE | MUST^-1	best LLR -8.80; testable
member	letters A-Z	FIRFUMFERENFE^-1 | AKOAN | MUST^-1	best LLR -7.58; testable
member	letters A-Z	FIRFUMFERENFE^-1 | ANINSTRUCTION | MUST^-1	best LLR -7.37; testable
member	letters A-Z	FIRFUMFERENFE^-1 | LIKE | MUST^-1	best LLR -9.52; testable
member	letters A-Z	FIRFUMFERENFE^-1 | INSTAR | MUST^-1	best LLR -8.53; testable
member	letters A-Z	FIRFUMFERENFE^-1 | TUNNELING^-1 | MUST^-1	best LLR -9.94; testable
member	letters A-Z	FIRFUMFERENFE^-1 | FIND | MUST^-1	best LLR -7.21; testable
member	letters A-Z	FIRFUMFERENFE^-1 | LIBERPRIMUS | MUST^-1	best LLR -9.98; testable
member	letters A-Z	FIRFUMFERENFE^-1 | CICADA | MUST^-1	best LLR -7.14; testable
member	letters A-Z	FIRFUMFERENFE^-1 | TOTIENT | MUST^-1	best LLR -8.65; testable
member	letters A-Z	FIRFUMFERENFE^-1 | id | SHED	best LLR -9.65; testable
member	letters A-Z	FIRFUMFERENFE^-1 | DIVINITY | SHED	best LLR -8.91; testable
member	letters A-Z	FIRFUMFERENFE^-1 | FIRFUMFERENFE | SHED	best LLR -8.80; testable
member	letters A-Z	FIRFUMFERENFE^-1 | AKOAN | SHED	best LLR -7.58; testable
member	letters A-Z	FIRFUMFERENFE^-1 | ANINSTRUCTION | SHED	best LLR -7.37; testable
member	letters A-Z	FIRFUMFERENFE^-1 | LIKE | SHED	best LLR -9.52; testable
member	letters A-Z	FIRFUMFERENFE^-1 | INSTAR | SHED	best LLR -8.53; testable
member	letters A-Z	FIRFUMFERENFE^-1 | TUNNELING^-1 | SHED	best LLR -9.94; testable
member	letters A-Z	FIRFUMFERENFE^-1 | FIND | SHED	best LLR -7.21; testable
member	letters A-Z	FIRFUMFERENFE^-1 | LIBERPRIMUS | SHED	best LLR -9.98; testable
member	letters A-Z	FIRFUMFERENFE^-1 | CICADA | SHED	best LLR -7.14; testable
member	letters A-Z	FIRFUMFERENFE^-1 | TOTIENT | SHED	best LLR -8.65; testable
member	letters A-Z	FIRFUMFERENFE^-1 | id | SHED^-1	best LLR -9.65; testable
member	letters A-Z	FIRFUMFERENFE^-1 | DIVINITY | SHED^-1	best LLR -8.91; testable
member	letters A-Z	FIRFUMFERENFE^-1 | FIRFUMFERENFE | SHED^-1	best LLR -8.80; testable
member	letters A-Z	FIRFUMFERENFE^-1 | AKOAN | SHED^-1	best LLR -7.58; testable
member	letters A-Z	FIRFUMFERENFE^-1 | ANINSTRUCTION | SHED^-1	best LLR -7.37; testable
member	letters A-Z	FIRFUMFERENFE^-1 | LIKE | SHED^-1	best LLR -9.52; testable
member	letters A-Z	FIRFUMFERENFE^-1 | INSTAR | SHED^-1	best LLR -8.53; testable
member	letters A-Z	FIRFUMFERENFE^-1 | TUNNELING^-1 | SHED^-1	best LLR -9.94; testable
member	letters A-Z	FIRFUMFERENFE^-1 | FIND | SHED^-1	best LLR -7.21; testable
member	letters A-Z	FIRFUMFERENFE^-1 | LIBERPRIMUS | SHED^-1	best LLR -9.98; testable
member	letters A-Z	FIRFUMFERENFE^-1 | CICADA | SHED^-1	best LLR -7.14; testable
member	letters A-Z	FIRFUMFERENFE^-1 | TOTIENT | SHED^-1	best LLR -8.65; testable
member	letters A-Z	FIRFUMFERENFE^-1 | id | OUR	best LLR -9.65; testable
member	letters A-Z	FIRFUMFERENFE^-1 | DIVINITY | OUR	best LLR -8.91; testable
member	letters A-Z	FIRFUMFERENFE^-1 | FIRFUMFERENFE | OUR	best LLR -8.80; testable
member	letters A-Z	FIRFUMFERENFE^-1 | AKOAN | OUR	best LLR -7.58; testable
member	letters A-Z	FIRFUMFERENFE^-1 | ANINSTRUCTION | OUR	best LLR -7.37; testable
member	letters A-Z	FIRFUMFERENFE^-1 | LIKE | OUR	best LLR -9.52; testable
member	letters A-Z	FIRFUMFERENFE^-1 | INSTAR | OUR	best LLR -8.53; testable
member	letters A-Z	FIRFUMFERENFE^-1 | TUNNELING^-1 | OUR	best LLR -9.94; testable
member	letters A-Z	FIRFUMFERENFE^-1 | FIND | OUR	best LLR -7.21; testable
member	letters A-Z	FIRFUMFERENFE^-1 | LIBERPRIMUS | OUR	best LLR -9.98; testable
member	letters A-Z	FIRFUMFERENFE^-1 | CICADA | OUR	best LLR -7.14; testable
member	letters A-Z	FIRFUMFERENFE^-1 | TOTIENT | OUR	best LLR -8.65; testable
member	letters A-Z	FIRFUMFERENFE^-1 | id | OWN	best LLR -9.65; testable
member	letters A-Z	FIRFUMFERENFE^-1 | DIVINITY | OWN	best LLR -8.91; testable
member	letters A-Z	FIRFUMFERENFE^-1 | FIRFUMFERENFE | OWN	best LLR -8.80; testable
member	letters A-Z	FIRFUMFERENFE^-1 | AKOAN | OWN	best LLR -7.58; testable
member	letters A-Z	FIRFUMFERENFE^-1 | ANINSTRUCTION | OWN	best LLR -7.37; testable
member	letters A-Z	FIRFUMFERENFE^-1 | LIKE | OWN	best LLR -9.52; testable
member	letters A-Z	FIRFUMFERENFE^-1 | INSTAR | OWN	best LLR -8.53; testable
member	letters A-Z	FIRFUMFERENFE^-1 | TUNNELING^-1 | OWN	best LLR -9.94; testable
member	letters A-Z	FIRFUMFERENFE^-1 | FIND | OWN	best LLR -7.21; testable
member	letters A-Z	FIRFUMFERENFE^-1 | LIBERPRIMUS | OWN	best LLR -9.98; testable
member	letters A-Z	FIRFUMFERENFE^-1 | CICADA | OWN	best LLR -7.14; testable
member	letters A-Z	FIRFUMFERENFE^-1 | TOTIENT | OWN	best LLR -8.65; testable
member	letters A-Z	FIRFUMFERENFE^-1 | id | OWN^-1	best LLR -9.65; testable
member	letters A-Z	FIRFUMFERENFE^-1 | DIVINITY | OWN^-1	best LLR -8.91; testable
member	letters A-Z	FIRFUMFERENFE^-1 | FIRFUMFERENFE | OWN^-1	best LLR -8.80; testable
member	letters A-Z	FIRFUMFERENFE^-1 | AKOAN | OWN^-1	best LLR -7.58; testable
member	letters A-Z	FIRFUMFERENFE^-1 | ANINSTRUCTION | OWN^-1	best LLR -7.37; testable
member	letters A-Z	FIRFUMFERENFE^-1 | LIKE | OWN^-1	best LLR -9.52; testable
member	letters A-Z	FIRFUMFERENFE^-1 | INSTAR | OWN^-1	best LLR -8.53; testable
member	letters A-Z	FIRFUMFERENFE^-1 | TUNNELING^-1 | OWN^-1	best LLR -9.94; testable
member	letters A-Z	FIRFUMFERENFE^-1 | FIND | OWN^-1	best LLR -7.21; testable
member	letters A-Z	FIRFUMFERENFE^-1 | LIBERPRIMUS | OWN^-1	best LLR -9.98; testable
member	letters A-Z	FIRFUMFERENFE^-1 | CICADA | OWN^-1	best LLR -7.14; testable
member	letters A-Z	FIRFUMFERENFE^-1 | TOTIENT | OWN^-1	best LLR -8.65; testable
member	letters A-Z	FIRFUMFERENFE^-1 | id | CIRCUMFERENCES	best LLR -9.65; testable
member	letters A-Z	FIRFUMFERENFE^-1 | DIVINITY | CIRCUMFERENCES	best LLR -8.91; testable
member	letters A-Z	FIRFUMFERENFE^-1 | FIRFUMFERENFE | CIRCUMFERENCES	best LLR -8.80; testable
member	letters A-Z	FIRFUMFERENFE^-1 | AKOAN | CIRCUMFERENCES	best LLR -7.58; testable
member	letters A-Z	FIRFUMFERENFE^-1 | ANINSTRUCTION | CIRCUMFERENCES	best LLR -7.37; testable
member	letters A-Z	FIRFUMFERENFE^-1 | LIKE | CIRCUMFERENCES	best LLR -9.52; testable
member	letters A-Z	FIRFUMFERENFE^-1 | INSTAR | CIRCUMFERENCES	best LLR -8.53; testable
member	letters A-Z	FIRFUMFERENFE^-1 | TUNNELING^-1 | CIRCUMFERENCES	best LLR -9.94; testable
member	letters A-Z	FIRFUMFERENFE^-1 | FIND | CIRCUMFERENCES	best LLR -7.21; testable
member	letters A-Z	FIRFUMFERENFE^-1 | LIBERPRIMUS | CIRCUMFERENCES	best LLR -9.98; testable
member	letters A-Z	FIRFUMFERENFE^-1 | CICADA | CIRCUMFERENCES	best LLR -7.14; testable
member	letters A-Z	FIRFUMFERENFE^-1 | TOTIENT | CIRCUMFERENCES	best LLR -8.65; testable
member	letters A-Z	FIRFUMFERENFE^-1 | id | CIRCUMFERENCES^-1	best LLR -9.65; testable
member	letters A-Z	FIRFUMFERENFE^-1 | DIVINITY | CIRCUMFERENCES^-1	best LLR -8.91; testable
member	letters A-Z	FIRFUMFERENFE^-1 | FIRFUMFERENFE | CIRCUMFERENCES^-1	best LLR -8.80; testable
member	letters A-Z	FIRFUMFERENFE^-1 | AKOAN | CIRCUMFERENCES^-1	best LLR -7.58; testable
member	letters A-Z	FIRFUMFERENFE^-1 | ANINSTRUCTION | CIRCUMFERENCES^-1	best LLR -7.37; testable
member	letters A-Z	FIRFUMFERENFE^-1 | LIKE | CIRCUMFERENCES^-1	best LLR -9.52; testable
member	letters A-Z	FIRFUMFERENFE^-1 | INSTAR | CIRCUMFERENCES^-1	best LLR -8.53; testable
member	letters A-Z	FIRFUMFERENFE^-1 | TUNNELING^-1 | CIRCUMFERENCES^-1	best LLR -9.94; testable
member	letters A-Z	FIRFUMFERENFE^-1 | FIND | CIRCUMFERENCES^-1	best LLR -7.21; testable
member	letters A-Z	FIRFUMFERENFE^-1 | LIBERPRIMUS | CIRCUMFERENCES^-1	best LLR -9.98; testable
member	letters A-Z	FIRFUMFERENFE^-1 | CICADA | CIRCUMFERENCES^-1	best LLR -7.14; testable
member	letters A-Z	FIRFUMFERENFE^-1 | TOTIENT | CIRCUMFERENCES^-1	best LLR -8.65; testable
member	letters A-Z	FIRFUMFERENFE^-1 | id | FIND	best LLR -9.65; testable
member	letters A-Z	FIRFUMFERENFE^-1 | DIVINITY | FIND	best LLR -8.91; testable
member	letters A-Z	FIRFUMFERENFE^-1 | FIRFUMFERENFE | FIND	best LLR -8.80; testable
member	letters A-Z	FIRFUMFERENFE^-1 | AKOAN | FIND	best LLR -7.58; testable
member	letters A-Z	FIRFUMFERENFE^-1 | ANINSTRUCTION | FIND	best LLR -7.37; testable
member	letters A-Z	FIRFUMFERENFE^-1 | LIKE | FIND	best LLR -9.52; testable
member	letters A-Z	FIRFUMFERENFE^-1 | INSTAR | FIND	best LLR -8.53; testable
member	letters A-Z	FIRFUMFERENFE^-1 | TUNNELING^-1 | FIND	best LLR -9.94; testable
member	letters A-Z	FIRFUMFERENFE^-1 | FIND | FIND	best LLR -7.21; testable
member	letters A-Z	FIRFUMFERENFE^-1 | LIBERPRIMUS | FIND	best LLR -9.98; testable
member	letters A-Z	FIRFUMFERENFE^-1 | CICADA | FIND	best LLR -7.14; testable
member	letters A-Z	FIRFUMFERENFE^-1 | TOTIENT | FIND	best LLR -8.65; testable
member	letters A-Z	FIRFUMFERENFE^-1 | id | FIND^-1	best LLR -9.65; testable
member	letters A-Z	FIRFUMFERENFE^-1 | DIVINITY | FIND^-1	best LLR -8.91; testable
member	letters A-Z	FIRFUMFERENFE^-1 | FIRFUMFERENFE | FIND^-1	best LLR -8.80; testable
member	letters A-Z	FIRFUMFERENFE^-1 | AKOAN | FIND^-1	best LLR -7.58; testable
member	letters A-Z	FIRFUMFERENFE^-1 | ANINSTRUCTION | FIND^-1	best LLR -7.37; testable
member	letters A-Z	FIRFUMFERENFE^-1 | LIKE | FIND^-1	best LLR -9.52; testable
member	letters A-Z	FIRFUMFERENFE^-1 | INSTAR | FIND^-1	best LLR -8.53; testable
member	letters A-Z	FIRFUMFERENFE^-1 | TUNNELING^-1 | FIND^-1	best LLR -9.94; testable
member	letters A-Z	FIRFUMFERENFE^-1 | FIND | FIND^-1	best LLR -7.21; testable
member	letters A-Z	FIRFUMFERENFE^-1 | LIBERPRIMUS | FIND^-1	best LLR -9.98; testable
member	letters A-Z	FIRFUMFERENFE^-1 | CICADA | FIND^-1	best LLR -7.14; testable
member	letters A-Z	FIRFUMFERENFE^-1 | TOTIENT | FIND^-1	best LLR -8.65; testable
member	letters A-Z	FIRFUMFERENFE^-1 | id | WITHIN	best LLR -9.65; testable
member	letters A-Z	FIRFUMFERENFE^-1 | DIVINITY | WITHIN	best LLR -8.91; testable
member	letters A-Z	FIRFUMFERENFE^-1 | FIRFUMFERENFE | WITHIN	best LLR -8.80; testable
member	letters A-Z	FIRFUMFERENFE^-1 | AKOAN | WITHIN	best LLR -7.58; testable
member	letters A-Z	FIRFUMFERENFE^-1 | ANINSTRUCTION | WITHIN	best LLR -7.37; testable
member	letters A-Z	FIRFUMFERENFE^-1 | LIKE | WITHIN	best LLR -9.52; testable
member	letters A-Z	FIRFUMFERENFE^-1 | INSTAR | WITHIN	best LLR -8.53; testable
member	letters A-Z	FIRFUMFERENFE^-1 | TUNNELING^-1 | WITHIN	best LLR -9.94; testable
member	letters A-Z	FIRFUMFERENFE^-1 | FIND | WITHIN	best LLR -7.21; testable
member	letters A-Z	FIRFUMFERENFE^-1 | LIBERPRIMUS | WITHIN	best LLR -9.98; testable
member	letters A-Z	FIRFUMFERENFE^-1 | CICADA | WITHIN	best LLR -7.14; testable
member	letters A-Z	FIRFUMFERENFE^-1 | TOTIENT | WITHIN	best LLR -8.65; testable
member	letters A-Z	FIRFUMFERENFE^-1 | id | WITHIN^-1	best LLR -9.65; testable
member	letters A-Z	FIRFUMFERENFE^-1 | DIVINITY | WITHIN^-1	best LLR -8.91; testable
member	letters A-Z	FIRFUMFERENFE^-1 | FIRFUMFERENFE | WITHIN^-1	best LLR -8.80; testable
member	letters A-Z	FIRFUMFERENFE^-1 | AKOAN | WITHIN^-1	best LLR -7.58; testable
member	letters A-Z	FIRFUMFERENFE^-1 | ANINSTRUCTION | WITHIN^-1	best LLR -7.37; testable
member	letters A-Z	FIRFUMFERENFE^-1 | LIKE | WITHIN^-1	best LLR -9.52; testable
member	letters A-Z	FIRFUMFERENFE^-1 | INSTAR | WITHIN^-1	best LLR -8.53; testable
member	letters A-Z	FIRFUMFERENFE^-1 | TUNNELING^-1 | WITHIN^-1	best LLR -9.94; testable
member	letters A-Z	FIRFUMFERENFE^-1 | FIND | WITHIN^-1	best LLR -7.21; testable
member	letters A-Z	FIRFUMFERENFE^-1 | LIBERPRIMUS | WITHIN^-1	best LLR -9.98; testable
member	letters A-Z	FIRFUMFERENFE^-1 | CICADA | WITHIN^-1	best LLR -7.14; testable
member	letters A-Z	FIRFUMFERENFE^-1 | TOTIENT | WITHIN^-1	best LLR -8.65; testable
member	letters A-Z	FIRFUMFERENFE^-1 | id | AND	best LLR -9.65; testable
member	letters A-Z	FIRFUMFERENFE^-1 | DIVINITY | AND	best LLR -8.91; testable
member	letters A-Z	FIRFUMFERENFE^-1 | FIRFUMFERENFE | AND	best LLR -8.80; testable
member	letters A-Z	FIRFUMFERENFE^-1 | AKOAN | AND	best LLR -7.58; testable
member	letters A-Z	FIRFUMFERENFE^-1 | ANINSTRUCTION | AND	best LLR -7.37; testable
member	letters A-Z	FIRFUMFERENFE^-1 | LIKE | AND	best LLR -9.52; testable
member	letters A-Z	FIRFUMFERENFE^-1 | INSTAR | AND	best LLR -8.53; testable
member	letters A-Z	FIRFUMFERENFE^-1 | TUNNELING^-1 | AND	best LLR -9.94; testable
member	letters A-Z	FIRFUMFERENFE^-1 | FIND | AND	best LLR -7.21; testable
member	letters A-Z	FIRFUMFERENFE^-1 | LIBERPRIMUS | AND	best LLR -9.98; testable
member	letters A-Z	FIRFUMFERENFE^-1 | CICADA | AND	best LLR -7.14; testable
member	letters A-Z	FIRFUMFERENFE^-1 | TOTIENT | AND	best LLR -8.65; testable
member	letters A-Z	FIRFUMFERENFE^-1 | id | AND^-1	best LLR -9.65; testable
member	letters A-Z	FIRFUMFERENFE^-1 | DIVINITY | AND^-1	best LLR -8.91; testable
member	letters A-Z	FIRFUMFERENFE^-1 | FIRFUMFERENFE | AND^-1	best LLR -8.80; testable
member	letters A-Z	FIRFUMFERENFE^-1 | AKOAN | AND^-1	best LLR -7.58; testable
member	letters A-Z	FIRFUMFERENFE^-1 | ANINSTRUCTION | AND^-1	best LLR -7.37; testable
member	letters A-Z	FIRFUMFERENFE^-1 | LIKE | AND^-1	best LLR -9.52; testable
member	letters A-Z	FIRFUMFERENFE^-1 | INSTAR | AND^-1	best LLR -8.53; testable
member	letters A-Z	FIRFUMFERENFE^-1 | TUNNELING^-1 | AND^-1	best LLR -9.94; testable
member	letters A-Z	FIRFUMFERENFE^-1 | FIND | AND^-1	best LLR -7.21; testable
member	letters A-Z	FIRFUMFERENFE^-1 | LIBERPRIMUS | AND^-1	best LLR -9.98; testable
member	letters A-Z	FIRFUMFERENFE^-1 | CICADA | AND^-1	best LLR -7.14; testable
member	letters A-Z	FIRFUMFERENFE^-1 | TOTIENT | AND^-1	best LLR -8.65; testable
member	letters A-Z	FIRFUMFERENFE^-1 | id | EMERGE	best LLR -9.65; testable
member	letters A-Z	FIRFUMFERENFE^-1 | DIVINITY | EMERGE	best LLR -8.91; testable
member	letters A-Z	FIRFUMFERENFE^-1 | FIRFUMFERENFE | EMERGE	best LLR -8.80; testable
member	letters A-Z	FIRFUMFERENFE^-1 | AKOAN | EMERGE	best LLR -7.58; testable
member	letters A-Z	FIRFUMFERENFE^-1 | ANINSTRUCTION | EMERGE	best LLR -7.37; testable
member	letters A-Z	FIRFUMFERENFE^-1 | LIKE | EMERGE	best LLR -9.52; testable
member	letters A-Z	FIRFUMFERENFE^-1 | INSTAR | EMERGE	best LLR -8.53; testable
member	letters A-Z	FIRFUMFERENFE^-1 | TUNNELING^-1 | EMERGE	best LLR -9.94; testable
member	letters A-Z	FIRFUMFERENFE^-1 | FIND | EMERGE	best LLR -7.21; testable
member	letters A-Z	FIRFUMFERENFE^-1 | LIBERPRIMUS | EMERGE	best LLR -9.98; testable
member	letters A-Z	FIRFUMFERENFE^-1 | CICADA | EMERGE	best LLR -7.14; testable
member	letters A-Z	FIRFUMFERENFE^-1 | TOTIENT | EMERGE	best LLR -8.65; testable
member	letters A-Z	FIRFUMFERENFE^-1 | id | EMERGE^-1	best LLR -9.65; testable
member	letters A-Z	FIRFUMFERENFE^-1 | DIVINITY | EMERGE^-1	best LLR -8.91; testable
member	letters A-Z	FIRFUMFERENFE^-1 | FIRFUMFERENFE | EMERGE^-1	best LLR -8.80; testable
member	letters A-Z	FIRFUMFERENFE^-1 | AKOAN | EMERGE^-1	best LLR -7.58; testable
member	letters A-Z	FIRFUMFERENFE^-1 | ANINSTRUCTION | EMERGE^-1	best LLR -7.37; testable
member	letters A-Z	FIRFUMFERENFE^-1 | LIKE | EMERGE^-1	best LLR -9.52; testable
member	letters A-Z	FIRFUMFERENFE^-1 | INSTAR | EMERGE^-1	best LLR -8.53; testable
member	letters A-Z	FIRFUMFERENFE^-1 | TUNNELING^-1 | EMERGE^-1	best LLR -9.94; testable
member	letters A-Z	FIRFUMFERENFE^-1 | FIND | EMERGE^-1	best LLR -7.21; testable
member	letters A-Z	FIRFUMFERENFE^-1 | LIBERPRIMUS | EMERGE^-1	best LLR -9.98; testable
member	letters A-Z	FIRFUMFERENFE^-1 | CICADA | EMERGE^-1	best LLR -7.14; testable
member	letters A-Z	FIRFUMFERENFE^-1 | TOTIENT | EMERGE^-1	best LLR -8.65; testable
member	letters A-Z	FIRFUMFERENFE^-1 | id | CIRCUMFERENCE	best LLR -9.65; testable
member	letters A-Z	FIRFUMFERENFE^-1 | DIVINITY | CIRCUMFERENCE	best LLR -8.91; testable
member	letters A-Z	FIRFUMFERENFE^-1 | FIRFUMFERENFE | CIRCUMFERENCE	best LLR -8.80; testable
member	letters A-Z	FIRFUMFERENFE^-1 | AKOAN | CIRCUMFERENCE	best LLR -7.58; testable
member	letters A-Z	FIRFUMFERENFE^-1 | ANINSTRUCTION | CIRCUMFERENCE	best LLR -7.37; testable
member	letters A-Z	FIRFUMFERENFE^-1 | LIKE | CIRCUMFERENCE	best LLR -9.52; testable
member	letters A-Z	FIRFUMFERENFE^-1 | INSTAR | CIRCUMFERENCE	best LLR -8.53; testable
member	letters A-Z	FIRFUMFERENFE^-1 | TUNNELING^-1 | CIRCUMFERENCE	best LLR -9.94; testable
member	letters A-Z	FIRFUMFERENFE^-1 | FIND | CIRCUMFERENCE	best LLR -7.21; testable
member	letters A-Z	FIRFUMFERENFE^-1 | LIBERPRIMUS | CIRCUMFERENCE	best LLR -9.98; testable
member	letters A-Z	FIRFUMFERENFE^-1 | CICADA | CIRCUMFERENCE	best LLR -7.14; testable
member	letters A-Z	FIRFUMFERENFE^-1 | TOTIENT | CIRCUMFERENCE	best LLR -8.65; testable
member	letters A-Z	FIRFUMFERENFE^-1 | id | CIRCUMFERENCE^-1	best LLR -9.65; testable
member	letters A-Z	FIRFUMFERENFE^-1 | DIVINITY | CIRCUMFERENCE^-1	best LLR -8.91; testable
member	letters A-Z	FIRFUMFERENFE^-1 | FIRFUMFERENFE | CIRCUMFERENCE^-1	best LLR -8.80; testable
member	letters A-Z	FIRFUMFERENFE^-1 | AKOAN | CIRCUMFERENCE^-1	best LLR -7.58; testable
member	letters A-Z	FIRFUMFERENFE^-1 | ANINSTRUCTION | CIRCUMFERENCE^-1	best LLR -7.37; testable
member	letters A-Z	FIRFUMFERENFE^-1 | LIKE | CIRCUMFERENCE^-1	best LLR -9.52; testable
member	letters A-Z	FIRFUMFERENFE^-1 | INSTAR | CIRCUMFERENCE^-1	best LLR -8.53; testable
member	letters A-Z	FIRFUMFERENFE^-1 | TUNNELING^-1 | CIRCUMFERENCE^-1	best LLR -9.94; testable
member	letters A-Z	FIRFUMFERENFE^-1 | FIND | CIRCUMFERENCE^-1	best LLR -7.21; testable
member	letters A-Z	FIRFUMFERENFE^-1 | LIBERPRIMUS | CIRCUMFERENCE^-1	best LLR -9.98; testable
member	letters A-Z	FIRFUMFERENFE^-1 | CICADA | CIRCUMFERENCE^-1	best LLR -7.14; testable
member	letters A-Z	FIRFUMFERENFE^-1 | TOTIENT | CIRCUMFERENCE^-1	best LLR -8.65; testable
member	letters A-Z	FIRFUMFERENFE^-1 | id | LIBERPRIMUS	best LLR -9.65; testable
member	letters A-Z	FIRFUMFERENFE^-1 | DIVINITY | LIBERPRIMUS	best LLR -8.91; testable
member	letters A-Z	FIRFUMFERENFE^-1 | FIRFUMFERENFE | LIBERPRIMUS	best LLR -8.80; testable
member	letters A-Z	FIRFUMFERENFE^-1 | AKOAN | LIBERPRIMUS	best LLR -7.58; testable
member	letters A-Z	FIRFUMFERENFE^-1 | ANINSTRUCTION | LIBERPRIMUS	best LLR -7.37; testable
member	letters A-Z	FIRFUMFERENFE^-1 | LIKE | LIBERPRIMUS	best LLR -9.52; testable
member	letters A-Z	FIRFUMFERENFE^-1 | INSTAR | LIBERPRIMUS	best LLR -8.53; testable
member	letters A-Z	FIRFUMFERENFE^-1 | TUNNELING^-1 | LIBERPRIMUS	best LLR -9.94; testable
member	letters A-Z	FIRFUMFERENFE^-1 | FIND | LIBERPRIMUS	best LLR -7.21; testable
member	letters A-Z	FIRFUMFERENFE^-1 | LIBERPRIMUS | LIBERPRIMUS	best LLR -9.98; testable
member	letters A-Z	FIRFUMFERENFE^-1 | CICADA | LIBERPRIMUS	best LLR -7.14; testable
member	letters A-Z	FIRFUMFERENFE^-1 | TOTIENT | LIBERPRIMUS	best LLR -8.65; testable
member	letters A-Z	FIRFUMFERENFE^-1 | id | LIBERPRIMUS^-1	best LLR -9.65; testable
member	letters A-Z	FIRFUMFERENFE^-1 | DIVINITY | LIBERPRIMUS^-1	best LLR -8.91; testable
member	letters A-Z	FIRFUMFERENFE^-1 | FIRFUMFERENFE | LIBERPRIMUS^-1	best LLR -8.80; testable
member	letters A-Z	FIRFUMFERENFE^-1 | AKOAN | LIBERPRIMUS^-1	best LLR -7.58; testable
member	letters A-Z	FIRFUMFERENFE^-1 | ANINSTRUCTION | LIBERPRIMUS^-1	best LLR -7.37; testable
member	letters A-Z	FIRFUMFERENFE^-1 | LIKE | LIBERPRIMUS^-1	best LLR -9.52; testable
member	letters A-Z	FIRFUMFERENFE^-1 | INSTAR | LIBERPRIMUS^-1	best LLR -8.53; testable
member	letters A-Z	FIRFUMFERENFE^-1 | TUNNELING^-1 | LIBERPRIMUS^-1	best LLR -9.94; testable
member	letters A-Z	FIRFUMFERENFE^-1 | FIND | LIBERPRIMUS^-1	best LLR -7.21; testable
member	letters A-Z	FIRFUMFERENFE^-1 | LIBERPRIMUS | LIBERPRIMUS^-1	best LLR -9.98; testable
member	letters A-Z	FIRFUMFERENFE^-1 | CICADA | LIBERPRIMUS^-1	best LLR -7.14; testable
member	letters A-Z	FIRFUMFERENFE^-1 | TOTIENT | LIBERPRIMUS^-1	best LLR -8.65; testable
member	letters A-Z	FIRFUMFERENFE^-1 | id | PRIMUS	best LLR -9.65; testable
member	letters A-Z	FIRFUMFERENFE^-1 | DIVINITY | PRIMUS	best LLR -8.91; testable
member	letters A-Z	FIRFUMFERENFE^-1 | FIRFUMFERENFE | PRIMUS	best LLR -8.80; testable
member	letters A-Z	FIRFUMFERENFE^-1 | AKOAN | PRIMUS	best LLR -7.58; testable
member	letters A-Z	FIRFUMFERENFE^-1 | ANINSTRUCTION | PRIMUS	best LLR -7.37; testable
member	letters A-Z	FIRFUMFERENFE^-1 | LIKE | PRIMUS	best LLR -9.52; testable
member	letters A-Z	FIRFUMFERENFE^-1 | INSTAR | PRIMUS	best LLR -8.53; testable
member	letters A-Z	FIRFUMFERENFE^-1 | TUNNELING^-1 | PRIMUS	best LLR -9.94; testable
member	letters A-Z	FIRFUMFERENFE^-1 | FIND | PRIMUS	best LLR -7.21; testable
member	letters A-Z	FIRFUMFERENFE^-1 | LIBERPRIMUS | PRIMUS	best LLR -9.98; testable
member	letters A-Z	FIRFUMFERENFE^-1 | CICADA | PRIMUS	best LLR -7.14; testable
member	letters A-Z	FIRFUMFERENFE^-1 | TOTIENT | PRIMUS	best LLR -8.65; testable
member	letters A-Z	FIRFUMFERENFE^-1 | id | PRIMUS^-1	best LLR -9.65; testable
member	letters A-Z	FIRFUMFERENFE^-1 | DIVINITY | PRIMUS^-1	best LLR -8.91; testable
member	letters A-Z	FIRFUMFERENFE^-1 | FIRFUMFERENFE | PRIMUS^-1	best LLR -8.80; testable
member	letters A-Z	FIRFUMFERENFE^-1 | AKOAN | PRIMUS^-1	best LLR -7.58; testable
member	letters A-Z	FIRFUMFERENFE^-1 | ANINSTRUCTION | PRIMUS^-1	best LLR -7.37; testable
member	letters A-Z	FIRFUMFERENFE^-1 | LIKE | PRIMUS^-1	best LLR -9.52; testable
member	letters A-Z	FIRFUMFERENFE^-1 | INSTAR | PRIMUS^-1	best LLR -8.53; testable
member	letters A-Z	FIRFUMFERENFE^-1 | TUNNELING^-1 | PRIMUS^-1	best LLR -9.94; testable
member	letters A-Z	FIRFUMFERENFE^-1 | FIND | PRIMUS^-1	best LLR -7.21; testable
member	letters A-Z	FIRFUMFERENFE^-1 | LIBERPRIMUS | PRIMUS^-1	best LLR -9.98; testable
member	letters A-Z	FIRFUMFERENFE^-1 | CICADA | PRIMUS^-1	best LLR -7.14; testable
member	letters A-Z	FIRFUMFERENFE^-1 | TOTIENT | PRIMUS^-1	best LLR -8.65; testable
member	letters A-Z	FIRFUMFERENFE^-1 | id | CICADA	best LLR -9.65; testable
member	letters A-Z	FIRFUMFERENFE^-1 | DIVINITY | CICADA	best LLR -8.91; testable
member	letters A-Z	FIRFUMFERENFE^-1 | FIRFUMFERENFE | CICADA	best LLR -8.80; testable
member	letters A-Z	FIRFUMFERENFE^-1 | AKOAN | CICADA	best LLR -7.58; testable
member	letters A-Z	FIRFUMFERENFE^-1 | ANINSTRUCTION | CICADA	best LLR -7.37; testable
member	letters A-Z	FIRFUMFERENFE^-1 | LIKE | CICADA	best LLR -9.52; testable
member	letters A-Z	FIRFUMFERENFE^-1 | INSTAR | CICADA	best LLR -8.53; testable
member	letters A-Z	FIRFUMFERENFE^-1 | TUNNELING^-1 | CICADA	best LLR -9.94; testable
member	letters A-Z	FIRFUMFERENFE^-1 | FIND | CICADA	best LLR -7.21; testable
member	letters A-Z	FIRFUMFERENFE^-1 | LIBERPRIMUS | CICADA	best LLR -9.98; testable
member	letters A-Z	FIRFUMFERENFE^-1 | CICADA | CICADA	best LLR -7.14; testable
member	letters A-Z	FIRFUMFERENFE^-1 | TOTIENT | CICADA	best LLR -8.65; testable
member	letters A-Z	FIRFUMFERENFE^-1 | id | CICADA^-1	best LLR -9.65; testable
member	letters A-Z	FIRFUMFERENFE^-1 | DIVINITY | CICADA^-1	best LLR -8.91; testable
member	letters A-Z	FIRFUMFERENFE^-1 | FIRFUMFERENFE | CICADA^-1	best LLR -8.80; testable
member	letters A-Z	FIRFUMFERENFE^-1 | AKOAN | CICADA^-1	best LLR -7.58; testable
member	letters A-Z	FIRFUMFERENFE^-1 | ANINSTRUCTION | CICADA^-1	best LLR -7.37; testable
member	letters A-Z	FIRFUMFERENFE^-1 | LIKE | CICADA^-1	best LLR -9.52; testable
member	letters A-Z	FIRFUMFERENFE^-1 | INSTAR | CICADA^-1	best LLR -8.53; testable
member	letters A-Z	FIRFUMFERENFE^-1 | TUNNELING^-1 | CICADA^-1	best LLR -9.94; testable
member	letters A-Z	FIRFUMFERENFE^-1 | FIND | CICADA^-1	best LLR -7.21; testable
member	letters A-Z	FIRFUMFERENFE^-1 | LIBERPRIMUS | CICADA^-1	best LLR -9.98; testable
member	letters A-Z	FIRFUMFERENFE^-1 | CICADA | CICADA^-1	best LLR -7.14; testable
member	letters A-Z	FIRFUMFERENFE^-1 | TOTIENT | CICADA^-1	best LLR -8.65; testable
member	letters A-Z	FIRFUMFERENFE^-1 | id | PRIMES	best LLR -9.65; testable
member	letters A-Z	FIRFUMFERENFE^-1 | DIVINITY | PRIMES	best LLR -8.91; testable
member	letters A-Z	FIRFUMFERENFE^-1 | FIRFUMFERENFE | PRIMES	best LLR -8.80; testable
member	letters A-Z	FIRFUMFERENFE^-1 | AKOAN | PRIMES	best LLR -7.58; testable
member	letters A-Z	FIRFUMFERENFE^-1 | ANINSTRUCTION | PRIMES	best LLR -7.37; testable
member	letters A-Z	FIRFUMFERENFE^-1 | LIKE | PRIMES	best LLR -9.52; testable
member	letters A-Z	FIRFUMFERENFE^-1 | INSTAR | PRIMES	best LLR -8.53; testable
member	letters A-Z	FIRFUMFERENFE^-1 | TUNNELING^-1 | PRIMES	best LLR -9.94; testable
member	letters A-Z	FIRFUMFERENFE^-1 | FIND | PRIMES	best LLR -7.21; testable
member	letters A-Z	FIRFUMFERENFE^-1 | LIBERPRIMUS | PRIMES	best LLR -9.98; testable
member	letters A-Z	FIRFUMFERENFE^-1 | CICADA | PRIMES	best LLR -7.14; testable
member	letters A-Z	FIRFUMFERENFE^-1 | TOTIENT | PRIMES	best LLR -8.65; testable
member	letters A-Z	FIRFUMFERENFE^-1 | id | PRIMES^-1	best LLR -9.65; testable
member	letters A-Z	FIRFUMFERENFE^-1 | DIVINITY | PRIMES^-1	best LLR -8.91; testable
member	letters A-Z	FIRFUMFERENFE^-1 | FIRFUMFERENFE | PRIMES^-1	best LLR -8.80; testable
member	letters A-Z	FIRFUMFERENFE^-1 | AKOAN | PRIMES^-1	best LLR -7.58; testable
member	letters A-Z	FIRFUMFERENFE^-1 | ANINSTRUCTION | PRIMES^-1	best LLR -7.37; testable
member	letters A-Z	FIRFUMFERENFE^-1 | LIKE | PRIMES^-1	best LLR -9.52; testable
member	letters A-Z	FIRFUMFERENFE^-1 | INSTAR | PRIMES^-1	best LLR -8.53; testable
member	letters A-Z	FIRFUMFERENFE^-1 | TUNNELING^-1 | PRIMES^-1	best LLR -9.94; testable
member	letters A-Z	FIRFUMFERENFE^-1 | FIND | PRIMES^-1	best LLR -7.21; testable
member	letters A-Z	FIRFUMFERENFE^-1 | LIBERPRIMUS | PRIMES^-1	best LLR -9.98; testable
member	letters A-Z	FIRFUMFERENFE^-1 | CICADA | PRIMES^-1	best LLR -7.14; testable
member	letters A-Z	FIRFUMFERENFE^-1 | TOTIENT | PRIMES^-1	best LLR -8.65; testable
member	letters A-Z	FIRFUMFERENFE^-1 | id | TOTIENT	best LLR -9.65; testable
member	letters A-Z	FIRFUMFERENFE^-1 | DIVINITY | TOTIENT	best LLR -8.91; testable
member	letters A-Z	FIRFUMFERENFE^-1 | FIRFUMFERENFE | TOTIENT	best LLR -8.80; testable
member	letters A-Z	FIRFUMFERENFE^-1 | AKOAN | TOTIENT	best LLR -7.58; testable
member	letters A-Z	FIRFUMFERENFE^-1 | ANINSTRUCTION | TOTIENT	best LLR -7.37; testable
member	letters A-Z	FIRFUMFERENFE^-1 | LIKE | TOTIENT	best LLR -9.52; testable
member	letters A-Z	FIRFUMFERENFE^-1 | INSTAR | TOTIENT	best LLR -8.53; testable
member	letters A-Z	FIRFUMFERENFE^-1 | TUNNELING^-1 | TOTIENT	best LLR -9.94; testable
member	letters A-Z	FIRFUMFERENFE^-1 | FIND | TOTIENT	best LLR -7.21; testable
member	letters A-Z	FIRFUMFERENFE^-1 | LIBERPRIMUS | TOTIENT	best LLR -9.98; testable
member	letters A-Z	FIRFUMFERENFE^-1 | CICADA | TOTIENT	best LLR -7.14; testable
member	letters A-Z	FIRFUMFERENFE^-1 | TOTIENT | TOTIENT	best LLR -8.65; testable
member	letters A-Z	FIRFUMFERENFE^-1 | id | TOTIENT^-1	best LLR -9.65; testable
member	letters A-Z	FIRFUMFERENFE^-1 | DIVINITY | TOTIENT^-1	best LLR -8.91; testable
member	letters A-Z	FIRFUMFERENFE^-1 | FIRFUMFERENFE | TOTIENT^-1	best LLR -8.80; testable
member	letters A-Z	FIRFUMFERENFE^-1 | AKOAN | TOTIENT^-1	best LLR -7.58; testable
member	letters A-Z	FIRFUMFERENFE^-1 | ANINSTRUCTION | TOTIENT^-1	best LLR -7.37; testable
member	letters A-Z	FIRFUMFERENFE^-1 | LIKE | TOTIENT^-1	best LLR -9.52; testable
member	letters A-Z	FIRFUMFERENFE^-1 | INSTAR | TOTIENT^-1	best LLR -8.53; testable
member	letters A-Z	FIRFUMFERENFE^-1 | TUNNELING^-1 | TOTIENT^-1	best LLR -9.94; testable
member	letters A-Z	FIRFUMFERENFE^-1 | FIND | TOTIENT^-1	best LLR -7.21; testable
member	letters A-Z	FIRFUMFERENFE^-1 | LIBERPRIMUS | TOTIENT^-1	best LLR -9.98; testable
member	letters A-Z	FIRFUMFERENFE^-1 | CICADA | TOTIENT^-1	best LLR -7.14; testable
member	letters A-Z	FIRFUMFERENFE^-1 | TOTIENT | TOTIENT^-1	best LLR -8.65; testable
member	letters A-Z	WELCOME | WE^-1 | id	best LLR -8.92; testable
member	letters A-Z	WELCOME | SHED | id	best LLR -8.97; testable
member	letters A-Z	WELCOME | OWN^-1 | id	best LLR -9.44; testable
member	letters A-Z	WELCOME | WITHIN^-1 | id	best LLR -8.17; testable
member	letters A-Z	WELCOME | LIBERPRIMUS | id	best LLR -7.73; testable
member	letters A-Z	WELCOME | CIRCUMFERENCES | DIVINITY	best LLR -7.89; testable
member	letters A-Z	WELCOME | FIND | DIVINITY	best LLR -9.54; testable
member	letters A-Z	WELCOME | LIBERPRIMUS | DIVINITY	best LLR -6.31; testable
member	letters A-Z	WELCOME | WE^-1 | FIRFUMFERENFE	best LLR -8.92; testable
member	letters A-Z	WELCOME | SHED | FIRFUMFERENFE	best LLR -8.97; testable
member	letters A-Z	WELCOME | OWN^-1 | FIRFUMFERENFE	best LLR -9.44; testable
member	letters A-Z	WELCOME | WITHIN^-1 | FIRFUMFERENFE	best LLR -8.17; testable
member	letters A-Z	WELCOME | LIBERPRIMUS | FIRFUMFERENFE	best LLR -7.73; testable
member	letters A-Z	WELCOME | WE^-1 | FIRFUMFERENFE^-1	best LLR -8.92; testable
member	letters A-Z	WELCOME | SHED | FIRFUMFERENFE^-1	best LLR -8.97; testable
member	letters A-Z	WELCOME | OWN^-1 | FIRFUMFERENFE^-1	best LLR -9.44; testable
member	letters A-Z	WELCOME | WITHIN^-1 | FIRFUMFERENFE^-1	best LLR -8.17; testable
member	letters A-Z	WELCOME | LIBERPRIMUS | FIRFUMFERENFE^-1	best LLR -7.73; testable
member	letters A-Z	WELCOME | WE^-1 | AWARNING	best LLR -8.92; testable
member	letters A-Z	WELCOME | SHED | AWARNING	best LLR -8.97; testable
member	letters A-Z	WELCOME | OWN^-1 | AWARNING	best LLR -9.44; testable
member	letters A-Z	WELCOME | WITHIN^-1 | AWARNING	best LLR -8.17; testable
member	letters A-Z	WELCOME | LIBERPRIMUS | AWARNING	best LLR -7.73; testable
member	letters A-Z	WELCOME | WE^-1 | AWARNING^-1	best LLR -8.92; testable
member	letters A-Z	WELCOME | SHED | AWARNING^-1	best LLR -8.97; testable
member	letters A-Z	WELCOME | OWN^-1 | AWARNING^-1	best LLR -9.44; testable
member	letters A-Z	WELCOME | WITHIN^-1 | AWARNING^-1	best LLR -8.17; testable
member	letters A-Z	WELCOME | LIBERPRIMUS | AWARNING^-1	best LLR -7.73; testable
member	letters A-Z	WELCOME | WE^-1 | WELCOME	best LLR -8.92; testable
member	letters A-Z	WELCOME | SHED | WELCOME	best LLR -8.97; testable
member	letters A-Z	WELCOME | OWN^-1 | WELCOME	best LLR -9.44; testable
member	letters A-Z	WELCOME | WITHIN^-1 | WELCOME	best LLR -8.17; testable
member	letters A-Z	WELCOME | LIBERPRIMUS | WELCOME	best LLR -7.73; testable
member	letters A-Z	WELCOME | WE^-1 | WELCOME^-1	best LLR -8.92; testable
member	letters A-Z	WELCOME | SHED | WELCOME^-1	best LLR -8.97; testable
member	letters A-Z	WELCOME | OWN^-1 | WELCOME^-1	best LLR -9.44; testable
member	letters A-Z	WELCOME | WITHIN^-1 | WELCOME^-1	best LLR -8.17; testable
member	letters A-Z	WELCOME | LIBERPRIMUS | WELCOME^-1	best LLR -7.73; testable
member	letters A-Z	WELCOME | WE^-1 | WISDOM	best LLR -8.92; testable
member	letters A-Z	WELCOME | SHED | WISDOM	best LLR -8.97; testable
member	letters A-Z	WELCOME | OWN^-1 | WISDOM	best LLR -9.44; testable
member	letters A-Z	WELCOME | WITHIN^-1 | WISDOM	best LLR -8.17; testable
member	letters A-Z	WELCOME | LIBERPRIMUS | WISDOM	best LLR -7.73; testable
member	letters A-Z	WELCOME | WE^-1 | WISDOM^-1	best LLR -8.92; testable
member	letters A-Z	WELCOME | SHED | WISDOM^-1	best LLR -8.97; testable
member	letters A-Z	WELCOME | OWN^-1 | WISDOM^-1	best LLR -9.44; testable
member	letters A-Z	WELCOME | WITHIN^-1 | WISDOM^-1	best LLR -8.17; testable
member	letters A-Z	WELCOME | LIBERPRIMUS | WISDOM^-1	best LLR -7.73; testable
member	letters A-Z	WELCOME | WE^-1 | SOMEWISDOM	best LLR -8.92; testable
member	letters A-Z	WELCOME | SHED | SOMEWISDOM	best LLR -8.97; testable
member	letters A-Z	WELCOME | OWN^-1 | SOMEWISDOM	best LLR -9.44; testable
member	letters A-Z	WELCOME | WITHIN^-1 | SOMEWISDOM	best LLR -8.17; testable
member	letters A-Z	WELCOME | LIBERPRIMUS | SOMEWISDOM	best LLR -7.73; testable
member	letters A-Z	WELCOME | WE^-1 | SOMEWISDOM^-1	best LLR -8.92; testable
member	letters A-Z	WELCOME | SHED | SOMEWISDOM^-1	best LLR -8.97; testable
member	letters A-Z	WELCOME | OWN^-1 | SOMEWISDOM^-1	best LLR -9.44; testable
member	letters A-Z	WELCOME | WITHIN^-1 | SOMEWISDOM^-1	best LLR -8.17; testable
member	letters A-Z	WELCOME | LIBERPRIMUS | SOMEWISDOM^-1	best LLR -7.73; testable
member	letters A-Z	WELCOME | WE^-1 | KNOWTHIS	best LLR -8.92; testable
member	letters A-Z	WELCOME | SHED | KNOWTHIS	best LLR -8.97; testable
member	letters A-Z	WELCOME | OWN^-1 | KNOWTHIS	best LLR -9.44; testable
member	letters A-Z	WELCOME | WITHIN^-1 | KNOWTHIS	best LLR -8.17; testable
member	letters A-Z	WELCOME | LIBERPRIMUS | KNOWTHIS	best LLR -7.73; testable
member	letters A-Z	WELCOME | WE^-1 | KNOWTHIS^-1	best LLR -8.92; testable
member	letters A-Z	WELCOME | SHED | KNOWTHIS^-1	best LLR -8.97; testable
member	letters A-Z	WELCOME | OWN^-1 | KNOWTHIS^-1	best LLR -9.44; testable
member	letters A-Z	WELCOME | WITHIN^-1 | KNOWTHIS^-1	best LLR -8.17; testable
member	letters A-Z	WELCOME | LIBERPRIMUS | KNOWTHIS^-1	best LLR -7.73; testable
member	letters A-Z	WELCOME | WE^-1 | AKOAN	best LLR -8.92; testable
member	letters A-Z	WELCOME | SHED | AKOAN	best LLR -8.97; testable
member	letters A-Z	WELCOME | OWN^-1 | AKOAN	best LLR -9.44; testable
member	letters A-Z	WELCOME | WITHIN^-1 | AKOAN	best LLR -8.17; testable
member	letters A-Z	WELCOME | LIBERPRIMUS | AKOAN	best LLR -7.73; testable
member	letters A-Z	WELCOME | WE^-1 | AKOAN^-1	best LLR -8.92; testable
member	letters A-Z	WELCOME | SHED | AKOAN^-1	best LLR -8.97; testable
member	letters A-Z	WELCOME | OWN^-1 | AKOAN^-1	best LLR -9.44; testable
member	letters A-Z	WELCOME | WITHIN^-1 | AKOAN^-1	best LLR -8.17; testable
member	letters A-Z	WELCOME | LIBERPRIMUS | AKOAN^-1	best LLR -7.73; testable
member	letters A-Z	WELCOME | KNOWTHIS | ANINSTRUCTION	best LLR -9.99; testable
member	letters A-Z	WELCOME | FIND | ANINSTRUCTION	best LLR -9.54; testable
member	letters A-Z	WELCOME | LIBERPRIMUS | ANINSTRUCTION	best LLR -6.31; testable
member	letters A-Z	WELCOME | KNOWTHIS^-1 | ANINSTRUCTION^-1	best LLR -7.82; testable
member	letters A-Z	WELCOME | ANINSTRUCTION | ANINSTRUCTION^-1	best LLR -7.57; testable
member	letters A-Z	WELCOME | CIRCUMFERENCES | THELOSSOFDIVINITY	best LLR -7.89; testable
member	letters A-Z	WELCOME | FIND | THELOSSOFDIVINITY	best LLR -9.54; testable
member	letters A-Z	WELCOME | LIBERPRIMUS | THELOSSOFDIVINITY	best LLR -6.31; testable
member	letters A-Z	WELCOME | WE^-1 | ANEND	best LLR -8.92; testable
member	letters A-Z	WELCOME | SHED | ANEND	best LLR -8.97; testable
member	letters A-Z	WELCOME | OWN^-1 | ANEND	best LLR -9.44; testable
member	letters A-Z	WELCOME | WITHIN^-1 | ANEND	best LLR -8.17; testable
member	letters A-Z	WELCOME | LIBERPRIMUS | ANEND	best LLR -7.73; testable
member	letters A-Z	WELCOME | WE^-1 | ANEND^-1	best LLR -8.92; testable
member	letters A-Z	WELCOME | SHED | ANEND^-1	best LLR -8.97; testable
member	letters A-Z	WELCOME | OWN^-1 | ANEND^-1	best LLR -9.44; testable
member	letters A-Z	WELCOME | WITHIN^-1 | ANEND^-1	best LLR -8.17; testable
member	letters A-Z	WELCOME | LIBERPRIMUS | ANEND^-1	best LLR -7.73; testable
member	letters A-Z	WELCOME | WE^-1 | PARABLE	best LLR -8.92; testable
member	letters A-Z	WELCOME | SHED | PARABLE	best LLR -8.97; testable
member	letters A-Z	WELCOME | OWN^-1 | PARABLE	best LLR -9.44; testable
member	letters A-Z	WELCOME | WITHIN^-1 | PARABLE	best LLR -8.17; testable
member	letters A-Z	WELCOME | LIBERPRIMUS | PARABLE	best LLR -7.73; testable
member	letters A-Z	WELCOME | WE^-1 | PARABLE^-1	best LLR -8.92; testable
member	letters A-Z	WELCOME | SHED | PARABLE^-1	best LLR -8.97; testable
member	letters A-Z	WELCOME | OWN^-1 | PARABLE^-1	best LLR -9.44; testable
member	letters A-Z	WELCOME | WITHIN^-1 | PARABLE^-1	best LLR -8.17; testable
member	letters A-Z	WELCOME | LIBERPRIMUS | PARABLE^-1	best LLR -7.73; testable
member	letters A-Z	WELCOME | WE^-1 | LIKE	best LLR -8.92; testable
member	letters A-Z	WELCOME | SHED | LIKE	best LLR -8.97; testable
member	letters A-Z	WELCOME | OWN^-1 | LIKE	best LLR -9.44; testable
member	letters A-Z	WELCOME | WITHIN^-1 | LIKE	best LLR -8.17; testable
member	letters A-Z	WELCOME | LIBERPRIMUS | LIKE	best LLR -7.73; testable
member	letters A-Z	WELCOME | WE^-1 | LIKE^-1	best LLR -8.92; testable
member	letters A-Z	WELCOME | SHED | LIKE^-1	best LLR -8.97; testable
member	letters A-Z	WELCOME | OWN^-1 | LIKE^-1	best LLR -9.44; testable
member	letters A-Z	WELCOME | WITHIN^-1 | LIKE^-1	best LLR -8.17; testable
member	letters A-Z	WELCOME | LIBERPRIMUS | LIKE^-1	best LLR -7.73; testable
member	letters A-Z	WELCOME | WE^-1 | THE	best LLR -8.92; testable
member	letters A-Z	WELCOME | SHED | THE	best LLR -8.97; testable
member	letters A-Z	WELCOME | OWN^-1 | THE	best LLR -9.44; testable
member	letters A-Z	WELCOME | WITHIN^-1 | THE	best LLR -8.17; testable
member	letters A-Z	WELCOME | LIBERPRIMUS | THE	best LLR -7.73; testable
member	letters A-Z	WELCOME | WE^-1 | THE^-1	best LLR -8.92; testable
member	letters A-Z	WELCOME | SHED | THE^-1	best LLR -8.97; testable
member	letters A-Z	WELCOME | OWN^-1 | THE^-1	best LLR -9.44; testable
member	letters A-Z	WELCOME | WITHIN^-1 | THE^-1	best LLR -8.17; testable
member	letters A-Z	WELCOME | LIBERPRIMUS | THE^-1	best LLR -7.73; testable
member	letters A-Z	WELCOME | WE^-1 | INSTAR	best LLR -8.92; testable
member	letters A-Z	WELCOME | SHED | INSTAR	best LLR -8.97; testable
member	letters A-Z	WELCOME | OWN^-1 | INSTAR	best LLR -9.44; testable
member	letters A-Z	WELCOME | WITHIN^-1 | INSTAR	best LLR -8.17; testable
member	letters A-Z	WELCOME | LIBERPRIMUS | INSTAR	best LLR -7.73; testable
member	letters A-Z	WELCOME | WE^-1 | INSTAR^-1	best LLR -8.92; testable
member	letters A-Z	WELCOME | SHED | INSTAR^-1	best LLR -8.97; testable
member	letters A-Z	WELCOME | OWN^-1 | INSTAR^-1	best LLR -9.44; testable
member	letters A-Z	WELCOME | WITHIN^-1 | INSTAR^-1	best LLR -8.17; testable
member	letters A-Z	WELCOME | LIBERPRIMUS | INSTAR^-1	best LLR -7.73; testable
member	letters A-Z	WELCOME | WE^-1 | TUNNELING	best LLR -8.92; testable
member	letters A-Z	WELCOME | SHED | TUNNELING	best LLR -8.97; testable
member	letters A-Z	WELCOME | OWN^-1 | TUNNELING	best LLR -9.44; testable
member	letters A-Z	WELCOME | WITHIN^-1 | TUNNELING	best LLR -8.17; testable
member	letters A-Z	WELCOME | LIBERPRIMUS | TUNNELING	best LLR -7.73; testable
member	letters A-Z	WELCOME | WE^-1 | TUNNELING^-1	best LLR -8.92; testable
member	letters A-Z	WELCOME | SHED | TUNNELING^-1	best LLR -8.97; testable
member	letters A-Z	WELCOME | OWN^-1 | TUNNELING^-1	best LLR -9.44; testable
member	letters A-Z	WELCOME | WITHIN^-1 | TUNNELING^-1	best LLR -8.17; testable
member	letters A-Z	WELCOME | LIBERPRIMUS | TUNNELING^-1	best LLR -7.73; testable
member	letters A-Z	WELCOME | WE^-1 | TO	best LLR -8.92; testable
member	letters A-Z	WELCOME | SHED | TO	best LLR -8.97; testable
member	letters A-Z	WELCOME | OWN^-1 | TO	best LLR -9.44; testable
member	letters A-Z	WELCOME | WITHIN^-1 | TO	best LLR -8.17; testable
member	letters A-Z	WELCOME | LIBERPRIMUS | TO	best LLR -7.73; testable
member	letters A-Z	WELCOME | WE^-1 | TO^-1	best LLR -8.92; testable
member	letters A-Z	WELCOME | SHED | TO^-1	best LLR -8.97; testable
member	letters A-Z	WELCOME | OWN^-1 | TO^-1	best LLR -9.44; testable
member	letters A-Z	WELCOME | WITHIN^-1 | TO^-1	best LLR -8.17; testable
member	letters A-Z	WELCOME | LIBERPRIMUS | TO^-1	best LLR -7.73; testable
member	letters A-Z	WELCOME | WE^-1 | SURFACE	best LLR -8.92; testable
member	letters A-Z	WELCOME | SHED | SURFACE	best LLR -8.97; testable
member	letters A-Z	WELCOME | OWN^-1 | SURFACE	best LLR -9.44; testable
member	letters A-Z	WELCOME | WITHIN^-1 | SURFACE	best LLR -8.17; testable
member	letters A-Z	WELCOME | LIBERPRIMUS | SURFACE	best LLR -7.73; testable
member	letters A-Z	WELCOME | WE^-1 | SURFACE^-1	best LLR -8.92; testable
member	letters A-Z	WELCOME | SHED | SURFACE^-1	best LLR -8.97; testable
member	letters A-Z	WELCOME | OWN^-1 | SURFACE^-1	best LLR -9.44; testable
member	letters A-Z	WELCOME | WITHIN^-1 | SURFACE^-1	best LLR -8.17; testable
member	letters A-Z	WELCOME | LIBERPRIMUS | SURFACE^-1	best LLR -7.73; testable
member	letters A-Z	WELCOME | WE^-1 | WE	best LLR -8.92; testable
member	letters A-Z	WELCOME | SHED | WE	best LLR -8.97; testable
member	letters A-Z	WELCOME | OWN^-1 | WE	best LLR -9.44; testable
member	letters A-Z	WELCOME | WITHIN^-1 | WE	best LLR -8.17; testable
member	letters A-Z	WELCOME | LIBERPRIMUS | WE	best LLR -7.73; testable
member	letters A-Z	WELCOME | WE^-1 | WE^-1	best LLR -8.92; testable
member	letters A-Z	WELCOME | SHED | WE^-1	best LLR -8.97; testable
member	letters A-Z	WELCOME | OWN^-1 | WE^-1	best LLR -9.44; testable
member	letters A-Z	WELCOME | WITHIN^-1 | WE^-1	best LLR -8.17; testable
member	letters A-Z	WELCOME | LIBERPRIMUS | WE^-1	best LLR -7.73; testable
member	letters A-Z	WELCOME | WE^-1 | MUST	best LLR -8.92; testable
member	letters A-Z	WELCOME | SHED | MUST	best LLR -8.97; testable
member	letters A-Z	WELCOME | OWN^-1 | MUST	best LLR -9.44; testable
member	letters A-Z	WELCOME | WITHIN^-1 | MUST	best LLR -8.17; testable
member	letters A-Z	WELCOME | LIBERPRIMUS | MUST	best LLR -7.73; testable
member	letters A-Z	WELCOME | WE^-1 | MUST^-1	best LLR -8.92; testable
member	letters A-Z	WELCOME | SHED | MUST^-1	best LLR -8.97; testable
member	letters A-Z	WELCOME | OWN^-1 | MUST^-1	best LLR -9.44; testable
member	letters A-Z	WELCOME | WITHIN^-1 | MUST^-1	best LLR -8.17; testable
member	letters A-Z	WELCOME | LIBERPRIMUS | MUST^-1	best LLR -7.73; testable
member	letters A-Z	WELCOME | WE^-1 | SHED	best LLR -8.92; testable
member	letters A-Z	WELCOME | SHED | SHED	best LLR -8.97; testable
member	letters A-Z	WELCOME | OWN^-1 | SHED	best LLR -9.44; testable
member	letters A-Z	WELCOME | WITHIN^-1 | SHED	best LLR -8.17; testable
member	letters A-Z	WELCOME | LIBERPRIMUS | SHED	best LLR -7.73; testable
member	letters A-Z	WELCOME | WE^-1 | SHED^-1	best LLR -8.92; testable
member	letters A-Z	WELCOME | SHED | SHED^-1	best LLR -8.97; testable
member	letters A-Z	WELCOME | OWN^-1 | SHED^-1	best LLR -9.44; testable
member	letters A-Z	WELCOME | WITHIN^-1 | SHED^-1	best LLR -8.17; testable
member	letters A-Z	WELCOME | LIBERPRIMUS | SHED^-1	best LLR -7.73; testable
member	letters A-Z	WELCOME | WE^-1 | OUR	best LLR -8.92; testable
member	letters A-Z	WELCOME | SHED | OUR	best LLR -8.97; testable
member	letters A-Z	WELCOME | OWN^-1 | OUR	best LLR -9.44; testable
member	letters A-Z	WELCOME | WITHIN^-1 | OUR	best LLR -8.17; testable
member	letters A-Z	WELCOME | LIBERPRIMUS | OUR	best LLR -7.73; testable
member	letters A-Z	WELCOME | WE^-1 | OWN	best LLR -8.92; testable
member	letters A-Z	WELCOME | SHED | OWN	best LLR -8.97; testable
member	letters A-Z	WELCOME | OWN^-1 | OWN	best LLR -9.44; testable
member	letters A-Z	WELCOME | WITHIN^-1 | OWN	best LLR -8.17; testable
member	letters A-Z	WELCOME | LIBERPRIMUS | OWN	best LLR -7.73; testable
member	letters A-Z	WELCOME | WE^-1 | OWN^-1	best LLR -8.92; testable
member	letters A-Z	WELCOME | SHED | OWN^-1	best LLR -8.97; testable
member	letters A-Z	WELCOME | OWN^-1 | OWN^-1	best LLR -9.44; testable
member	letters A-Z	WELCOME | WITHIN^-1 | OWN^-1	best LLR -8.17; testable
member	letters A-Z	WELCOME | LIBERPRIMUS | OWN^-1	best LLR -7.73; testable
member	letters A-Z	WELCOME | WE^-1 | CIRCUMFERENCES	best LLR -8.92; testable
member	letters A-Z	WELCOME | SHED | CIRCUMFERENCES	best LLR -8.97; testable
member	letters A-Z	WELCOME | OWN^-1 | CIRCUMFERENCES	best LLR -9.44; testable
member	letters A-Z	WELCOME | WITHIN^-1 | CIRCUMFERENCES	best LLR -8.17; testable
member	letters A-Z	WELCOME | LIBERPRIMUS | CIRCUMFERENCES	best LLR -7.73; testable
member	letters A-Z	WELCOME | WE^-1 | CIRCUMFERENCES^-1	best LLR -8.92; testable
member	letters A-Z	WELCOME | SHED | CIRCUMFERENCES^-1	best LLR -8.97; testable
member	letters A-Z	WELCOME | OWN^-1 | CIRCUMFERENCES^-1	best LLR -9.44; testable
member	letters A-Z	WELCOME | WITHIN^-1 | CIRCUMFERENCES^-1	best LLR -8.17; testable
member	letters A-Z	WELCOME | LIBERPRIMUS | CIRCUMFERENCES^-1	best LLR -7.73; testable
member	letters A-Z	WELCOME | WE^-1 | FIND	best LLR -8.92; testable
member	letters A-Z	WELCOME | SHED | FIND	best LLR -8.97; testable
member	letters A-Z	WELCOME | OWN^-1 | FIND	best LLR -9.44; testable
member	letters A-Z	WELCOME | WITHIN^-1 | FIND	best LLR -8.17; testable
member	letters A-Z	WELCOME | LIBERPRIMUS | FIND	best LLR -7.73; testable
member	letters A-Z	WELCOME | WE^-1 | FIND^-1	best LLR -8.92; testable
member	letters A-Z	WELCOME | SHED | FIND^-1	best LLR -8.97; testable
member	letters A-Z	WELCOME | OWN^-1 | FIND^-1	best LLR -9.44; testable
member	letters A-Z	WELCOME | WITHIN^-1 | FIND^-1	best LLR -8.17; testable
member	letters A-Z	WELCOME | LIBERPRIMUS | FIND^-1	best LLR -7.73; testable
member	letters A-Z	WELCOME | WE^-1 | WITHIN	best LLR -8.92; testable
member	letters A-Z	WELCOME | SHED | WITHIN	best LLR -8.97; testable
member	letters A-Z	WELCOME | OWN^-1 | WITHIN	best LLR -9.44; testable
member	letters A-Z	WELCOME | WITHIN^-1 | WITHIN	best LLR -8.17; testable
member	letters A-Z	WELCOME | LIBERPRIMUS | WITHIN	best LLR -7.73; testable
member	letters A-Z	WELCOME | WE^-1 | WITHIN^-1	best LLR -8.92; testable
member	letters A-Z	WELCOME | SHED | WITHIN^-1	best LLR -8.97; testable
member	letters A-Z	WELCOME | OWN^-1 | WITHIN^-1	best LLR -9.44; testable
member	letters A-Z	WELCOME | WITHIN^-1 | WITHIN^-1	best LLR -8.17; testable
member	letters A-Z	WELCOME | LIBERPRIMUS | WITHIN^-1	best LLR -7.73; testable
member	letters A-Z	WELCOME | WE^-1 | AND	best LLR -8.92; testable
member	letters A-Z	WELCOME | SHED | AND	best LLR -8.97; testable
member	letters A-Z	WELCOME | OWN^-1 | AND	best LLR -9.44; testable
member	letters A-Z	WELCOME | WITHIN^-1 | AND	best LLR -8.17; testable
member	letters A-Z	WELCOME | LIBERPRIMUS | AND	best LLR -7.73; testable
member	letters A-Z	WELCOME | WE^-1 | AND^-1	best LLR -8.92; testable
member	letters A-Z	WELCOME | SHED | AND^-1	best LLR -8.97; testable
member	letters A-Z	WELCOME | OWN^-1 | AND^-1	best LLR -9.44; testable
member	letters A-Z	WELCOME | WITHIN^-1 | AND^-1	best LLR -8.17; testable
member	letters A-Z	WELCOME | LIBERPRIMUS | AND^-1	best LLR -7.73; testable
member	letters A-Z	WELCOME | WE^-1 | EMERGE	best LLR -8.92; testable
member	letters A-Z	WELCOME | SHED | EMERGE	best LLR -8.97; testable
member	letters A-Z	WELCOME | OWN^-1 | EMERGE	best LLR -9.44; testable
member	letters A-Z	WELCOME | WITHIN^-1 | EMERGE	best LLR -8.17; testable
member	letters A-Z	WELCOME | LIBERPRIMUS | EMERGE	best LLR -7.73; testable
member	letters A-Z	WELCOME | WE^-1 | EMERGE^-1	best LLR -8.92; testable
member	letters A-Z	WELCOME | SHED | EMERGE^-1	best LLR -8.97; testable
member	letters A-Z	WELCOME | OWN^-1 | EMERGE^-1	best LLR -9.44; testable
member	letters A-Z	WELCOME | WITHIN^-1 | EMERGE^-1	best LLR -8.17; testable
member	letters A-Z	WELCOME | LIBERPRIMUS | EMERGE^-1	best LLR -7.73; testable
member	letters A-Z	WELCOME | WE^-1 | CIRCUMFERENCE	best LLR -8.92; testable
member	letters A-Z	WELCOME | SHED | CIRCUMFERENCE	best LLR -8.97; testable
member	letters A-Z	WELCOME | OWN^-1 | CIRCUMFERENCE	best LLR -9.44; testable
member	letters A-Z	WELCOME | WITHIN^-1 | CIRCUMFERENCE	best LLR -8.17; testable
member	letters A-Z	WELCOME | LIBERPRIMUS | CIRCUMFERENCE	best LLR -7.73; testable
member	letters A-Z	WELCOME | WE^-1 | CIRCUMFERENCE^-1	best LLR -8.92; testable
member	letters A-Z	WELCOME | SHED | CIRCUMFERENCE^-1	best LLR -8.97; testable
member	letters A-Z	WELCOME | OWN^-1 | CIRCUMFERENCE^-1	best LLR -9.44; testable
member	letters A-Z	WELCOME | WITHIN^-1 | CIRCUMFERENCE^-1	best LLR -8.17; testable
member	letters A-Z	WELCOME | LIBERPRIMUS | CIRCUMFERENCE^-1	best LLR -7.73; testable
member	letters A-Z	WELCOME | WE^-1 | LIBERPRIMUS	best LLR -8.92; testable
member	letters A-Z	WELCOME | SHED | LIBERPRIMUS	best LLR -8.97; testable
member	letters A-Z	WELCOME | OWN^-1 | LIBERPRIMUS	best LLR -9.44; testable
member	letters A-Z	WELCOME | WITHIN^-1 | LIBERPRIMUS	best LLR -8.17; testable
member	letters A-Z	WELCOME | LIBERPRIMUS | LIBERPRIMUS	best LLR -7.73; testable
member	letters A-Z	WELCOME | WE^-1 | LIBERPRIMUS^-1	best LLR -8.92; testable
member	letters A-Z	WELCOME | SHED | LIBERPRIMUS^-1	best LLR -8.97; testable
member	letters A-Z	WELCOME | OWN^-1 | LIBERPRIMUS^-1	best LLR -9.44; testable
member	letters A-Z	WELCOME | WITHIN^-1 | LIBERPRIMUS^-1	best LLR -8.17; testable
member	letters A-Z	WELCOME | LIBERPRIMUS | LIBERPRIMUS^-1	best LLR -7.73; testable
member	letters A-Z	WELCOME | WE^-1 | PRIMUS	best LLR -8.92; testable
member	letters A-Z	WELCOME | SHED | PRIMUS	best LLR -8.97; testable
member	letters A-Z	WELCOME | OWN^-1 | PRIMUS	best LLR -9.44; testable
member	letters A-Z	WELCOME | WITHIN^-1 | PRIMUS	best LLR -8.17; testable
member	letters A-Z	WELCOME | LIBERPRIMUS | PRIMUS	best LLR -7.73; testable
member	letters A-Z	WELCOME | WE^-1 | PRIMUS^-1	best LLR -8.92; testable
member	letters A-Z	WELCOME | SHED | PRIMUS^-1	best LLR -8.97; testable
member	letters A-Z	WELCOME | OWN^-1 | PRIMUS^-1	best LLR -9.44; testable
member	letters A-Z	WELCOME | WITHIN^-1 | PRIMUS^-1	best LLR -8.17; testable
member	letters A-Z	WELCOME | LIBERPRIMUS | PRIMUS^-1	best LLR -7.73; testable
member	letters A-Z	WELCOME | WE^-1 | CICADA	best LLR -8.92; testable
member	letters A-Z	WELCOME | SHED | CICADA	best LLR -8.97; testable
member	letters A-Z	WELCOME | OWN^-1 | CICADA	best LLR -9.44; testable
member	letters A-Z	WELCOME | WITHIN^-1 | CICADA	best LLR -8.17; testable
member	letters A-Z	WELCOME | LIBERPRIMUS | CICADA	best LLR -7.73; testable
member	letters A-Z	WELCOME | WE^-1 | CICADA^-1	best LLR -8.92; testable
member	letters A-Z	WELCOME | SHED | CICADA^-1	best LLR -8.97; testable
member	letters A-Z	WELCOME | OWN^-1 | CICADA^-1	best LLR -9.44; testable
member	letters A-Z	WELCOME | WITHIN^-1 | CICADA^-1	best LLR -8.17; testable
member	letters A-Z	WELCOME | LIBERPRIMUS | CICADA^-1	best LLR -7.73; testable
member	letters A-Z	WELCOME | WE^-1 | PRIMES	best LLR -8.92; testable
member	letters A-Z	WELCOME | SHED | PRIMES	best LLR -8.97; testable
member	letters A-Z	WELCOME | OWN^-1 | PRIMES	best LLR -9.44; testable
member	letters A-Z	WELCOME | WITHIN^-1 | PRIMES	best LLR -8.17; testable
member	letters A-Z	WELCOME | LIBERPRIMUS | PRIMES	best LLR -7.73; testable
member	letters A-Z	WELCOME | WE^-1 | PRIMES^-1	best LLR -8.92; testable
member	letters A-Z	WELCOME | SHED | PRIMES^-1	best LLR -8.97; testable
member	letters A-Z	WELCOME | OWN^-1 | PRIMES^-1	best LLR -9.44; testable
member	letters A-Z	WELCOME | WITHIN^-1 | PRIMES^-1	best LLR -8.17; testable
member	letters A-Z	WELCOME | LIBERPRIMUS | PRIMES^-1	best LLR -7.73; testable
member	letters A-Z	WELCOME | WE^-1 | TOTIENT	best LLR -8.92; testable
member	letters A-Z	WELCOME | SHED | TOTIENT	best LLR -8.97; testable
member	letters A-Z	WELCOME | OWN^-1 | TOTIENT	best LLR -9.44; testable
member	letters A-Z	WELCOME | WITHIN^-1 | TOTIENT	best LLR -8.17; testable
member	letters A-Z	WELCOME | LIBERPRIMUS | TOTIENT	best LLR -7.73; testable
member	letters A-Z	WELCOME | WE^-1 | TOTIENT^-1	best LLR -8.92; testable
member	letters A-Z	WELCOME | SHED | TOTIENT^-1	best LLR -8.97; testable
member	letters A-Z	WELCOME | OWN^-1 | TOTIENT^-1	best LLR -9.44; testable
member	letters A-Z	WELCOME | WITHIN^-1 | TOTIENT^-1	best LLR -8.17; testable
member	letters A-Z	WELCOME | LIBERPRIMUS | TOTIENT^-1	best LLR -7.73; testable
member	letters A-Z	WELCOME^-1 | WELCOME^-1 | DIVINITY^-1	best LLR -9.76; testable
member	letters A-Z	WELCOME^-1 | PARABLE | DIVINITY^-1	best LLR -9.29; testable
member	letters A-Z	WELCOME^-1 | PARABLE^-1 | DIVINITY^-1	best LLR -5.56; testable
member	letters A-Z	WELCOME^-1 | SURFACE^-1 | DIVINITY^-1	best LLR -9.90; testable
member	letters A-Z	WELCOME^-1 | OWN^-1 | DIVINITY^-1	best LLR -8.81; testable
member	letters A-Z	WELCOME^-1 | FIND^-1 | DIVINITY^-1	best LLR -2.78; testable
member	letters A-Z	WELCOME^-1 | CIRCUMFERENCE^-1 | DIVINITY^-1	best LLR -4.21; testable
member	letters A-Z	WISDOM | PRIMUS^-1 | id	best LLR -4.82; testable
member	letters A-Z	WISDOM | PRIMUS^-1 | FIRFUMFERENFE	best LLR -4.82; testable
member	letters A-Z	WISDOM | PRIMUS^-1 | FIRFUMFERENFE^-1	best LLR -4.82; testable
member	letters A-Z	WISDOM | PRIMUS^-1 | AWARNING	best LLR -4.82; testable
member	letters A-Z	WISDOM | PRIMUS^-1 | AWARNING^-1	best LLR -4.82; testable
member	letters A-Z	WISDOM | PRIMUS^-1 | WELCOME	best LLR -4.82; testable
member	letters A-Z	WISDOM | PRIMUS^-1 | WELCOME^-1	best LLR -4.82; testable
member	letters A-Z	WISDOM | PRIMUS^-1 | WISDOM	best LLR -4.82; testable
member	letters A-Z	WISDOM | PRIMUS^-1 | WISDOM^-1	best LLR -4.82; testable
member	letters A-Z	WISDOM | PRIMUS^-1 | SOMEWISDOM	best LLR -4.82; testable
member	letters A-Z	WISDOM | PRIMUS^-1 | SOMEWISDOM^-1	best LLR -4.82; testable
member	letters A-Z	WISDOM | PRIMUS^-1 | KNOWTHIS	best LLR -4.82; testable
member	letters A-Z	WISDOM | PRIMUS^-1 | KNOWTHIS^-1	best LLR -4.82; testable
member	letters A-Z	WISDOM | PRIMUS^-1 | AKOAN	best LLR -4.82; testable
member	letters A-Z	WISDOM | PRIMUS^-1 | AKOAN^-1	best LLR -4.82; testable
member	letters A-Z	WISDOM | PRIMUS^-1 | ANEND	best LLR -4.82; testable
member	letters A-Z	WISDOM | PRIMUS^-1 | ANEND^-1	best LLR -4.82; testable
member	letters A-Z	WISDOM | PRIMUS^-1 | PARABLE	best LLR -4.82; testable
member	letters A-Z	WISDOM | PRIMUS^-1 | PARABLE^-1	best LLR -4.82; testable
member	letters A-Z	WISDOM | PRIMUS^-1 | LIKE	best LLR -4.82; testable
member	letters A-Z	WISDOM | PRIMUS^-1 | LIKE^-1	best LLR -4.82; testable
member	letters A-Z	WISDOM | PRIMUS^-1 | THE	best LLR -4.82; testable
member	letters A-Z	WISDOM | PRIMUS^-1 | THE^-1	best LLR -4.82; testable
member	letters A-Z	WISDOM | PRIMUS^-1 | INSTAR	best LLR -4.82; testable
member	letters A-Z	WISDOM | PRIMUS^-1 | INSTAR^-1	best LLR -4.82; testable
member	letters A-Z	WISDOM | PRIMUS^-1 | TUNNELING	best LLR -4.82; testable
member	letters A-Z	WISDOM | PRIMUS^-1 | TUNNELING^-1	best LLR -4.82; testable
member	letters A-Z	WISDOM | PRIMUS^-1 | TO	best LLR -4.82; testable
member	letters A-Z	WISDOM | PRIMUS^-1 | TO^-1	best LLR -4.82; testable
member	letters A-Z	WISDOM | PRIMUS^-1 | SURFACE	best LLR -4.82; testable
member	letters A-Z	WISDOM | PRIMUS^-1 | SURFACE^-1	best LLR -4.82; testable
member	letters A-Z	WISDOM | PRIMUS^-1 | WE	best LLR -4.82; testable
member	letters A-Z	WISDOM | PRIMUS^-1 | WE^-1	best LLR -4.82; testable
member	letters A-Z	WISDOM | PRIMUS^-1 | MUST	best LLR -4.82; testable
member	letters A-Z	WISDOM | PRIMUS^-1 | MUST^-1	best LLR -4.82; testable
member	letters A-Z	WISDOM | PRIMUS^-1 | SHED	best LLR -4.82; testable
member	letters A-Z	WISDOM | PRIMUS^-1 | SHED^-1	best LLR -4.82; testable
member	letters A-Z	WISDOM | PRIMUS^-1 | OUR	best LLR -4.82; testable
member	letters A-Z	WISDOM | PRIMUS^-1 | OWN	best LLR -4.82; testable
member	letters A-Z	WISDOM | PRIMUS^-1 | OWN^-1	best LLR -4.82; testable
member	letters A-Z	WISDOM | PRIMUS^-1 | CIRCUMFERENCES	best LLR -4.82; testable
member	letters A-Z	WISDOM | PRIMUS^-1 | CIRCUMFERENCES^-1	best LLR -4.82; testable
member	letters A-Z	WISDOM | PRIMUS^-1 | FIND	best LLR -4.82; testable
member	letters A-Z	WISDOM | PRIMUS^-1 | FIND^-1	best LLR -4.82; testable
member	letters A-Z	WISDOM | PRIMUS^-1 | WITHIN	best LLR -4.82; testable
member	letters A-Z	WISDOM | PRIMUS^-1 | WITHIN^-1	best LLR -4.82; testable
member	letters A-Z	WISDOM | PRIMUS^-1 | AND	best LLR -4.82; testable
member	letters A-Z	WISDOM | PRIMUS^-1 | AND^-1	best LLR -4.82; testable
member	letters A-Z	WISDOM | PRIMUS^-1 | EMERGE	best LLR -4.82; testable
member	letters A-Z	WISDOM | PRIMUS^-1 | EMERGE^-1	best LLR -4.82; testable
member	letters A-Z	WISDOM | PRIMUS^-1 | CIRCUMFERENCE	best LLR -4.82; testable
member	letters A-Z	WISDOM | PRIMUS^-1 | CIRCUMFERENCE^-1	best LLR -4.82; testable
member	letters A-Z	WISDOM | PRIMUS^-1 | LIBERPRIMUS	best LLR -4.82; testable
member	letters A-Z	WISDOM | PRIMUS^-1 | LIBERPRIMUS^-1	best LLR -4.82; testable
member	letters A-Z	WISDOM | PRIMUS^-1 | PRIMUS	best LLR -4.82; testable
member	letters A-Z	WISDOM | PRIMUS^-1 | PRIMUS^-1	best LLR -4.82; testable
member	letters A-Z	WISDOM | PRIMUS^-1 | CICADA	best LLR -4.82; testable
member	letters A-Z	WISDOM | PRIMUS^-1 | CICADA^-1	best LLR -4.82; testable
member	letters A-Z	WISDOM | PRIMUS^-1 | PRIMES	best LLR -4.82; testable
member	letters A-Z	WISDOM | PRIMUS^-1 | PRIMES^-1	best LLR -4.82; testable
member	letters A-Z	WISDOM | PRIMUS^-1 | TOTIENT	best LLR -4.82; testable
member	letters A-Z	WISDOM | PRIMUS^-1 | TOTIENT^-1	best LLR -4.82; testable
member	letters A-Z	SOMEWISDOM^-1 | PRIMUS^-1 | id	best LLR -8.05; testable
member	letters A-Z	SOMEWISDOM^-1 | FIRFUMFERENFE^-1 | DIVINITY	best LLR -9.34; testable
member	letters A-Z	SOMEWISDOM^-1 | WISDOM^-1 | DIVINITY	best LLR -8.48; testable
member	letters A-Z	SOMEWISDOM^-1 | CIRCUMFERENCES^-1 | DIVINITY	best LLR -1.27; testable
member	letters A-Z	SOMEWISDOM^-1 | WITHIN | DIVINITY	best LLR -7.29; testable
member	letters A-Z	SOMEWISDOM^-1 | PRIMUS^-1 | DIVINITY	best LLR -7.47; testable
member	letters A-Z	SOMEWISDOM^-1 | PRIMUS^-1 | FIRFUMFERENFE	best LLR -8.05; testable
member	letters A-Z	SOMEWISDOM^-1 | PRIMUS^-1 | FIRFUMFERENFE^-1	best LLR -8.05; testable
member	letters A-Z	SOMEWISDOM^-1 | PRIMUS^-1 | AWARNING	best LLR -8.05; testable
member	letters A-Z	SOMEWISDOM^-1 | PRIMUS^-1 | AWARNING^-1	best LLR -8.05; testable
member	letters A-Z	SOMEWISDOM^-1 | PRIMUS^-1 | WELCOME	best LLR -8.05; testable
member	letters A-Z	SOMEWISDOM^-1 | PRIMUS^-1 | WELCOME^-1	best LLR -8.05; testable
member	letters A-Z	SOMEWISDOM^-1 | PRIMUS^-1 | WISDOM	best LLR -8.05; testable
member	letters A-Z	SOMEWISDOM^-1 | PRIMUS^-1 | WISDOM^-1	best LLR -8.05; testable
member	letters A-Z	SOMEWISDOM^-1 | PRIMUS^-1 | SOMEWISDOM	best LLR -8.05; testable
member	letters A-Z	SOMEWISDOM^-1 | PRIMUS^-1 | SOMEWISDOM^-1	best LLR -8.05; testable
member	letters A-Z	SOMEWISDOM^-1 | PRIMUS^-1 | KNOWTHIS	best LLR -8.05; testable
member	letters A-Z	SOMEWISDOM^-1 | PRIMUS^-1 | KNOWTHIS^-1	best LLR -8.05; testable
member	letters A-Z	SOMEWISDOM^-1 | PRIMUS^-1 | AKOAN	best LLR -8.05; testable
member	letters A-Z	SOMEWISDOM^-1 | PRIMUS^-1 | AKOAN^-1	best LLR -8.05; testable
member	letters A-Z	SOMEWISDOM^-1 | FIRFUMFERENFE^-1 | ANINSTRUCTION	best LLR -9.34; testable
member	letters A-Z	SOMEWISDOM^-1 | WISDOM^-1 | ANINSTRUCTION	best LLR -8.48; testable
member	letters A-Z	SOMEWISDOM^-1 | INSTAR^-1 | ANINSTRUCTION	best LLR -9.64; testable
member	letters A-Z	SOMEWISDOM^-1 | PRIMUS^-1 | ANINSTRUCTION	best LLR -7.47; testable
member	letters A-Z	SOMEWISDOM^-1 | FIRFUMFERENFE^-1 | THELOSSOFDIVINITY	best LLR -9.34; testable
member	letters A-Z	SOMEWISDOM^-1 | WISDOM^-1 | THELOSSOFDIVINITY	best LLR -8.48; testable
member	letters A-Z	SOMEWISDOM^-1 | CIRCUMFERENCES^-1 | THELOSSOFDIVINITY	best LLR -1.27; testable
member	letters A-Z	SOMEWISDOM^-1 | WITHIN | THELOSSOFDIVINITY	best LLR -7.29; testable
member	letters A-Z	SOMEWISDOM^-1 | PRIMUS^-1 | THELOSSOFDIVINITY	best LLR -7.47; testable
member	letters A-Z	SOMEWISDOM^-1 | PRIMUS^-1 | ANEND	best LLR -8.05; testable
member	letters A-Z	SOMEWISDOM^-1 | PRIMUS^-1 | ANEND^-1	best LLR -8.05; testable
member	letters A-Z	SOMEWISDOM^-1 | PRIMUS^-1 | PARABLE	best LLR -8.05; testable
member	letters A-Z	SOMEWISDOM^-1 | PRIMUS^-1 | PARABLE^-1	best LLR -8.05; testable
member	letters A-Z	SOMEWISDOM^-1 | PRIMUS^-1 | LIKE	best LLR -8.05; testable
member	letters A-Z	SOMEWISDOM^-1 | PRIMUS^-1 | LIKE^-1	best LLR -8.05; testable
member	letters A-Z	SOMEWISDOM^-1 | PRIMUS^-1 | THE	best LLR -8.05; testable
member	letters A-Z	SOMEWISDOM^-1 | PRIMUS^-1 | THE^-1	best LLR -8.05; testable
member	letters A-Z	SOMEWISDOM^-1 | PRIMUS^-1 | INSTAR	best LLR -8.05; testable
member	letters A-Z	SOMEWISDOM^-1 | PRIMUS^-1 | INSTAR^-1	best LLR -8.05; testable
member	letters A-Z	SOMEWISDOM^-1 | PRIMUS^-1 | TUNNELING	best LLR -8.05; testable
member	letters A-Z	SOMEWISDOM^-1 | PRIMUS^-1 | TUNNELING^-1	best LLR -8.05; testable
member	letters A-Z	SOMEWISDOM^-1 | PRIMUS^-1 | TO	best LLR -8.05; testable
member	letters A-Z	SOMEWISDOM^-1 | PRIMUS^-1 | TO^-1	best LLR -8.05; testable
member	letters A-Z	SOMEWISDOM^-1 | PRIMUS^-1 | SURFACE	best LLR -8.05; testable
member	letters A-Z	SOMEWISDOM^-1 | PRIMUS^-1 | SURFACE^-1	best LLR -8.05; testable
member	letters A-Z	SOMEWISDOM^-1 | PRIMUS^-1 | WE	best LLR -8.05; testable
member	letters A-Z	SOMEWISDOM^-1 | PRIMUS^-1 | WE^-1	best LLR -8.05; testable
member	letters A-Z	SOMEWISDOM^-1 | PRIMUS^-1 | MUST	best LLR -8.05; testable
member	letters A-Z	SOMEWISDOM^-1 | PRIMUS^-1 | MUST^-1	best LLR -8.05; testable
member	letters A-Z	SOMEWISDOM^-1 | PRIMUS^-1 | SHED	best LLR -8.05; testable
member	letters A-Z	SOMEWISDOM^-1 | PRIMUS^-1 | SHED^-1	best LLR -8.05; testable
member	letters A-Z	SOMEWISDOM^-1 | PRIMUS^-1 | OUR	best LLR -8.05; testable
member	letters A-Z	SOMEWISDOM^-1 | PRIMUS^-1 | OWN	best LLR -8.05; testable
member	letters A-Z	SOMEWISDOM^-1 | PRIMUS^-1 | OWN^-1	best LLR -8.05; testable
member	letters A-Z	SOMEWISDOM^-1 | PRIMUS^-1 | CIRCUMFERENCES	best LLR -8.05; testable
member	letters A-Z	SOMEWISDOM^-1 | PRIMUS^-1 | CIRCUMFERENCES^-1	best LLR -8.05; testable
member	letters A-Z	SOMEWISDOM^-1 | PRIMUS^-1 | FIND	best LLR -8.05; testable
member	letters A-Z	SOMEWISDOM^-1 | PRIMUS^-1 | FIND^-1	best LLR -8.05; testable
member	letters A-Z	SOMEWISDOM^-1 | PRIMUS^-1 | WITHIN	best LLR -8.05; testable
member	letters A-Z	SOMEWISDOM^-1 | PRIMUS^-1 | WITHIN^-1	best LLR -8.05; testable
member	letters A-Z	SOMEWISDOM^-1 | PRIMUS^-1 | AND	best LLR -8.05; testable
member	letters A-Z	SOMEWISDOM^-1 | PRIMUS^-1 | AND^-1	best LLR -8.05; testable
member	letters A-Z	SOMEWISDOM^-1 | PRIMUS^-1 | EMERGE	best LLR -8.05; testable
member	letters A-Z	SOMEWISDOM^-1 | PRIMUS^-1 | EMERGE^-1	best LLR -8.05; testable
member	letters A-Z	SOMEWISDOM^-1 | PRIMUS^-1 | CIRCUMFERENCE	best LLR -8.05; testable
member	letters A-Z	SOMEWISDOM^-1 | PRIMUS^-1 | CIRCUMFERENCE^-1	best LLR -8.05; testable
member	letters A-Z	SOMEWISDOM^-1 | PRIMUS^-1 | LIBERPRIMUS	best LLR -8.05; testable
member	letters A-Z	SOMEWISDOM^-1 | PRIMUS^-1 | LIBERPRIMUS^-1	best LLR -8.05; testable
member	letters A-Z	SOMEWISDOM^-1 | PRIMUS^-1 | PRIMUS	best LLR -8.05; testable
member	letters A-Z	SOMEWISDOM^-1 | PRIMUS^-1 | PRIMUS^-1	best LLR -8.05; testable
member	letters A-Z	SOMEWISDOM^-1 | PRIMUS^-1 | CICADA	best LLR -8.05; testable
member	letters A-Z	SOMEWISDOM^-1 | PRIMUS^-1 | CICADA^-1	best LLR -8.05; testable
member	letters A-Z	SOMEWISDOM^-1 | PRIMUS^-1 | PRIMES	best LLR -8.05; testable
member	letters A-Z	SOMEWISDOM^-1 | PRIMUS^-1 | PRIMES^-1	best LLR -8.05; testable
member	letters A-Z	SOMEWISDOM^-1 | PRIMUS^-1 | TOTIENT	best LLR -8.05; testable
member	letters A-Z	SOMEWISDOM^-1 | PRIMUS^-1 | TOTIENT^-1	best LLR -8.05; testable
member	letters A-Z	KNOWTHIS^-1 | ANINSTRUCTION | THELOSSOFDIVINITY^-1	best LLR -6.57; testable
member	letters A-Z	AKOAN^-1 | KNOWTHIS | THELOSSOFDIVINITY^-1	best LLR -7.32; testable
member	letters A-Z	AKOAN^-1 | WE | THELOSSOFDIVINITY^-1	best LLR -8.14; testable
member	letters A-Z	ANINSTRUCTION | DIVINITY | id	best LLR -8.66; testable
member	letters A-Z	ANINSTRUCTION | DIVINITY^-1 | id	best LLR -8.82; testable
member	letters A-Z	ANINSTRUCTION | FIRFUMFERENFE | id	best LLR -8.93; testable
member	letters A-Z	ANINSTRUCTION | THELOSSOFDIVINITY | id	best LLR -7.35; testable
member	letters A-Z	ANINSTRUCTION | ANEND^-1 | id	best LLR -8.45; testable
member	letters A-Z	ANINSTRUCTION | LIKE | id	best LLR -8.75; testable
member	letters A-Z	ANINSTRUCTION | OWN^-1 | id	best LLR -9.66; testable
member	letters A-Z	ANINSTRUCTION | FIND | id	best LLR -9.43; testable
member	letters A-Z	ANINSTRUCTION | WITHIN | id	best LLR -9.63; testable
member	letters A-Z	ANINSTRUCTION | LIBERPRIMUS | id	best LLR -7.72; testable
member	letters A-Z	ANINSTRUCTION | PRIMUS | id	best LLR -7.50; testable
member	letters A-Z	ANINSTRUCTION | CICADA | id	best LLR -9.95; testable
member	letters A-Z	ANINSTRUCTION | PRIMES | id	best LLR -8.59; testable
member	letters A-Z	ANINSTRUCTION | DIVINITY | DIVINITY	best LLR -4.56; testable
member	letters A-Z	ANINSTRUCTION | WISDOM | DIVINITY	best LLR -7.24; testable
member	letters A-Z	ANINSTRUCTION | KNOWTHIS | DIVINITY	best LLR -4.91; testable
member	letters A-Z	ANINSTRUCTION | ANEND | DIVINITY	best LLR -9.17; testable
member	letters A-Z	ANINSTRUCTION | LIKE | DIVINITY	best LLR -6.82; testable
member	letters A-Z	ANINSTRUCTION | INSTAR | DIVINITY	best LLR -4.48; testable
member	letters A-Z	ANINSTRUCTION | FIND^-1 | DIVINITY	best LLR -9.81; testable
member	letters A-Z	ANINSTRUCTION | WITHIN | DIVINITY	best LLR -7.90; testable
member	letters A-Z	ANINSTRUCTION | LIBERPRIMUS | DIVINITY	best LLR -8.46; testable
member	letters A-Z	ANINSTRUCTION | PRIMUS | DIVINITY	best LLR -9.36; testable
member	letters A-Z	ANINSTRUCTION | CICADA | DIVINITY	best LLR -5.57; testable
member	letters A-Z	ANINSTRUCTION | PRIMES | DIVINITY	best LLR -7.31; testable
member	letters A-Z	ANINSTRUCTION | DIVINITY | FIRFUMFERENFE	best LLR -8.66; testable
member	letters A-Z	ANINSTRUCTION | DIVINITY^-1 | FIRFUMFERENFE	best LLR -8.82; testable
member	letters A-Z	ANINSTRUCTION | FIRFUMFERENFE | FIRFUMFERENFE	best LLR -8.93; testable
member	letters A-Z	ANINSTRUCTION | THELOSSOFDIVINITY | FIRFUMFERENFE	best LLR -7.35; testable
member	letters A-Z	ANINSTRUCTION | ANEND^-1 | FIRFUMFERENFE	best LLR -8.45; testable
member	letters A-Z	ANINSTRUCTION | LIKE | FIRFUMFERENFE	best LLR -8.75; testable
member	letters A-Z	ANINSTRUCTION | OWN^-1 | FIRFUMFERENFE	best LLR -9.66; testable
member	letters A-Z	ANINSTRUCTION | FIND | FIRFUMFERENFE	best LLR -9.43; testable
member	letters A-Z	ANINSTRUCTION | WITHIN | FIRFUMFERENFE	best LLR -9.63; testable
member	letters A-Z	ANINSTRUCTION | LIBERPRIMUS | FIRFUMFERENFE	best LLR -7.72; testable
member	letters A-Z	ANINSTRUCTION | PRIMUS | FIRFUMFERENFE	best LLR -7.50; testable
member	letters A-Z	ANINSTRUCTION | CICADA | FIRFUMFERENFE	best LLR -9.95; testable
member	letters A-Z	ANINSTRUCTION | PRIMES | FIRFUMFERENFE	best LLR -8.59; testable
member	letters A-Z	ANINSTRUCTION | DIVINITY | FIRFUMFERENFE^-1	best LLR -8.66; testable
member	letters A-Z	ANINSTRUCTION | DIVINITY^-1 | FIRFUMFERENFE^-1	best LLR -8.82; testable
member	letters A-Z	ANINSTRUCTION | FIRFUMFERENFE | FIRFUMFERENFE^-1	best LLR -8.93; testable
member	letters A-Z	ANINSTRUCTION | THELOSSOFDIVINITY | FIRFUMFERENFE^-1	best LLR -7.35; testable
member	letters A-Z	ANINSTRUCTION | ANEND^-1 | FIRFUMFERENFE^-1	best LLR -8.45; testable
member	letters A-Z	ANINSTRUCTION | LIKE | FIRFUMFERENFE^-1	best LLR -8.75; testable
member	letters A-Z	ANINSTRUCTION | OWN^-1 | FIRFUMFERENFE^-1	best LLR -9.66; testable
member	letters A-Z	ANINSTRUCTION | FIND | FIRFUMFERENFE^-1	best LLR -9.43; testable
member	letters A-Z	ANINSTRUCTION | WITHIN | FIRFUMFERENFE^-1	best LLR -9.63; testable
member	letters A-Z	ANINSTRUCTION | LIBERPRIMUS | FIRFUMFERENFE^-1	best LLR -7.72; testable
member	letters A-Z	ANINSTRUCTION | PRIMUS | FIRFUMFERENFE^-1	best LLR -7.50; testable
member	letters A-Z	ANINSTRUCTION | CICADA | FIRFUMFERENFE^-1	best LLR -9.95; testable
member	letters A-Z	ANINSTRUCTION | PRIMES | FIRFUMFERENFE^-1	best LLR -8.59; testable
member	letters A-Z	ANINSTRUCTION | DIVINITY | AWARNING	best LLR -8.66; testable
member	letters A-Z	ANINSTRUCTION | DIVINITY^-1 | AWARNING	best LLR -8.82; testable
member	letters A-Z	ANINSTRUCTION | FIRFUMFERENFE | AWARNING	best LLR -8.93; testable
member	letters A-Z	ANINSTRUCTION | THELOSSOFDIVINITY | AWARNING	best LLR -7.35; testable
member	letters A-Z	ANINSTRUCTION | ANEND^-1 | AWARNING	best LLR -8.45; testable
member	letters A-Z	ANINSTRUCTION | LIKE | AWARNING	best LLR -8.75; testable
member	letters A-Z	ANINSTRUCTION | OWN^-1 | AWARNING	best LLR -9.66; testable
member	letters A-Z	ANINSTRUCTION | FIND | AWARNING	best LLR -9.43; testable
member	letters A-Z	ANINSTRUCTION | WITHIN | AWARNING	best LLR -9.63; testable
member	letters A-Z	ANINSTRUCTION | LIBERPRIMUS | AWARNING	best LLR -7.72; testable
member	letters A-Z	ANINSTRUCTION | PRIMUS | AWARNING	best LLR -7.50; testable
member	letters A-Z	ANINSTRUCTION | CICADA | AWARNING	best LLR -9.95; testable
member	letters A-Z	ANINSTRUCTION | PRIMES | AWARNING	best LLR -8.59; testable
member	letters A-Z	ANINSTRUCTION | DIVINITY | AWARNING^-1	best LLR -8.66; testable
member	letters A-Z	ANINSTRUCTION | DIVINITY^-1 | AWARNING^-1	best LLR -8.82; testable
member	letters A-Z	ANINSTRUCTION | FIRFUMFERENFE | AWARNING^-1	best LLR -8.93; testable
member	letters A-Z	ANINSTRUCTION | THELOSSOFDIVINITY | AWARNING^-1	best LLR -7.35; testable
member	letters A-Z	ANINSTRUCTION | ANEND^-1 | AWARNING^-1	best LLR -8.45; testable
member	letters A-Z	ANINSTRUCTION | LIKE | AWARNING^-1	best LLR -8.75; testable
member	letters A-Z	ANINSTRUCTION | OWN^-1 | AWARNING^-1	best LLR -9.66; testable
member	letters A-Z	ANINSTRUCTION | FIND | AWARNING^-1	best LLR -9.43; testable
member	letters A-Z	ANINSTRUCTION | WITHIN | AWARNING^-1	best LLR -9.63; testable
member	letters A-Z	ANINSTRUCTION | LIBERPRIMUS | AWARNING^-1	best LLR -7.72; testable
member	letters A-Z	ANINSTRUCTION | PRIMUS | AWARNING^-1	best LLR -7.50; testable
member	letters A-Z	ANINSTRUCTION | CICADA | AWARNING^-1	best LLR -9.95; testable
member	letters A-Z	ANINSTRUCTION | PRIMES | AWARNING^-1	best LLR -8.59; testable
member	letters A-Z	ANINSTRUCTION | DIVINITY | WELCOME	best LLR -8.66; testable
member	letters A-Z	ANINSTRUCTION | DIVINITY^-1 | WELCOME	best LLR -8.82; testable
member	letters A-Z	ANINSTRUCTION | FIRFUMFERENFE | WELCOME	best LLR -8.93; testable
member	letters A-Z	ANINSTRUCTION | THELOSSOFDIVINITY | WELCOME	best LLR -7.35; testable
member	letters A-Z	ANINSTRUCTION | ANEND^-1 | WELCOME	best LLR -8.45; testable
member	letters A-Z	ANINSTRUCTION | LIKE | WELCOME	best LLR -8.75; testable
member	letters A-Z	ANINSTRUCTION | OWN^-1 | WELCOME	best LLR -9.66; testable
member	letters A-Z	ANINSTRUCTION | FIND | WELCOME	best LLR -9.43; testable
member	letters A-Z	ANINSTRUCTION | WITHIN | WELCOME	best LLR -9.63; testable
member	letters A-Z	ANINSTRUCTION | LIBERPRIMUS | WELCOME	best LLR -7.72; testable
member	letters A-Z	ANINSTRUCTION | PRIMUS | WELCOME	best LLR -7.50; testable
member	letters A-Z	ANINSTRUCTION | CICADA | WELCOME	best LLR -9.95; testable
member	letters A-Z	ANINSTRUCTION | PRIMES | WELCOME	best LLR -8.59; testable
member	letters A-Z	ANINSTRUCTION | DIVINITY | WELCOME^-1	best LLR -8.66; testable
member	letters A-Z	ANINSTRUCTION | DIVINITY^-1 | WELCOME^-1	best LLR -8.82; testable
member	letters A-Z	ANINSTRUCTION | FIRFUMFERENFE | WELCOME^-1	best LLR -8.93; testable
member	letters A-Z	ANINSTRUCTION | THELOSSOFDIVINITY | WELCOME^-1	best LLR -7.35; testable
member	letters A-Z	ANINSTRUCTION | ANEND^-1 | WELCOME^-1	best LLR -8.45; testable
member	letters A-Z	ANINSTRUCTION | LIKE | WELCOME^-1	best LLR -8.75; testable
member	letters A-Z	ANINSTRUCTION | OWN^-1 | WELCOME^-1	best LLR -9.66; testable
member	letters A-Z	ANINSTRUCTION | FIND | WELCOME^-1	best LLR -9.43; testable
member	letters A-Z	ANINSTRUCTION | WITHIN | WELCOME^-1	best LLR -9.63; testable
member	letters A-Z	ANINSTRUCTION | LIBERPRIMUS | WELCOME^-1	best LLR -7.72; testable
member	letters A-Z	ANINSTRUCTION | PRIMUS | WELCOME^-1	best LLR -7.50; testable
member	letters A-Z	ANINSTRUCTION | CICADA | WELCOME^-1	best LLR -9.95; testable
member	letters A-Z	ANINSTRUCTION | PRIMES | WELCOME^-1	best LLR -8.59; testable
member	letters A-Z	ANINSTRUCTION | DIVINITY | WISDOM	best LLR -8.66; testable
member	letters A-Z	ANINSTRUCTION | DIVINITY^-1 | WISDOM	best LLR -8.82; testable
member	letters A-Z	ANINSTRUCTION | FIRFUMFERENFE | WISDOM	best LLR -8.93; testable
member	letters A-Z	ANINSTRUCTION | THELOSSOFDIVINITY | WISDOM	best LLR -7.35; testable
member	letters A-Z	ANINSTRUCTION | ANEND^-1 | WISDOM	best LLR -8.45; testable
member	letters A-Z	ANINSTRUCTION | LIKE | WISDOM	best LLR -8.75; testable
member	letters A-Z	ANINSTRUCTION | OWN^-1 | WISDOM	best LLR -9.66; testable
member	letters A-Z	ANINSTRUCTION | FIND | WISDOM	best LLR -9.43; testable
member	letters A-Z	ANINSTRUCTION | WITHIN | WISDOM	best LLR -9.63; testable
member	letters A-Z	ANINSTRUCTION | LIBERPRIMUS | WISDOM	best LLR -7.72; testable
member	letters A-Z	ANINSTRUCTION | PRIMUS | WISDOM	best LLR -7.50; testable
member	letters A-Z	ANINSTRUCTION | CICADA | WISDOM	best LLR -9.95; testable
member	letters A-Z	ANINSTRUCTION | PRIMES | WISDOM	best LLR -8.59; testable
member	letters A-Z	ANINSTRUCTION | DIVINITY | WISDOM^-1	best LLR -8.66; testable
member	letters A-Z	ANINSTRUCTION | DIVINITY^-1 | WISDOM^-1	best LLR -8.82; testable
member	letters A-Z	ANINSTRUCTION | FIRFUMFERENFE | WISDOM^-1	best LLR -8.93; testable
member	letters A-Z	ANINSTRUCTION | THELOSSOFDIVINITY | WISDOM^-1	best LLR -7.35; testable
member	letters A-Z	ANINSTRUCTION | ANEND^-1 | WISDOM^-1	best LLR -8.45; testable
member	letters A-Z	ANINSTRUCTION | LIKE | WISDOM^-1	best LLR -8.75; testable
member	letters A-Z	ANINSTRUCTION | OWN^-1 | WISDOM^-1	best LLR -9.66; testable
member	letters A-Z	ANINSTRUCTION | FIND | WISDOM^-1	best LLR -9.43; testable
member	letters A-Z	ANINSTRUCTION | WITHIN | WISDOM^-1	best LLR -9.63; testable
member	letters A-Z	ANINSTRUCTION | LIBERPRIMUS | WISDOM^-1	best LLR -7.72; testable
member	letters A-Z	ANINSTRUCTION | PRIMUS | WISDOM^-1	best LLR -7.50; testable
member	letters A-Z	ANINSTRUCTION | CICADA | WISDOM^-1	best LLR -9.95; testable
member	letters A-Z	ANINSTRUCTION | PRIMES | WISDOM^-1	best LLR -8.59; testable
member	letters A-Z	ANINSTRUCTION | DIVINITY | SOMEWISDOM	best LLR -8.66; testable
member	letters A-Z	ANINSTRUCTION | DIVINITY^-1 | SOMEWISDOM	best LLR -8.82; testable
member	letters A-Z	ANINSTRUCTION | FIRFUMFERENFE | SOMEWISDOM	best LLR -8.93; testable
member	letters A-Z	ANINSTRUCTION | THELOSSOFDIVINITY | SOMEWISDOM	best LLR -7.35; testable
member	letters A-Z	ANINSTRUCTION | ANEND^-1 | SOMEWISDOM	best LLR -8.45; testable
member	letters A-Z	ANINSTRUCTION | LIKE | SOMEWISDOM	best LLR -8.75; testable
member	letters A-Z	ANINSTRUCTION | OWN^-1 | SOMEWISDOM	best LLR -9.66; testable
member	letters A-Z	ANINSTRUCTION | FIND | SOMEWISDOM	best LLR -9.43; testable
member	letters A-Z	ANINSTRUCTION | WITHIN | SOMEWISDOM	best LLR -9.63; testable
member	letters A-Z	ANINSTRUCTION | LIBERPRIMUS | SOMEWISDOM	best LLR -7.72; testable
member	letters A-Z	ANINSTRUCTION | PRIMUS | SOMEWISDOM	best LLR -7.50; testable
member	letters A-Z	ANINSTRUCTION | CICADA | SOMEWISDOM	best LLR -9.95; testable
member	letters A-Z	ANINSTRUCTION | PRIMES | SOMEWISDOM	best LLR -8.59; testable
member	letters A-Z	ANINSTRUCTION | DIVINITY | SOMEWISDOM^-1	best LLR -8.66; testable
member	letters A-Z	ANINSTRUCTION | DIVINITY^-1 | SOMEWISDOM^-1	best LLR -8.82; testable
member	letters A-Z	ANINSTRUCTION | FIRFUMFERENFE | SOMEWISDOM^-1	best LLR -8.93; testable
member	letters A-Z	ANINSTRUCTION | THELOSSOFDIVINITY | SOMEWISDOM^-1	best LLR -7.35; testable
member	letters A-Z	ANINSTRUCTION | ANEND^-1 | SOMEWISDOM^-1	best LLR -8.45; testable
member	letters A-Z	ANINSTRUCTION | LIKE | SOMEWISDOM^-1	best LLR -8.75; testable
member	letters A-Z	ANINSTRUCTION | OWN^-1 | SOMEWISDOM^-1	best LLR -9.66; testable
member	letters A-Z	ANINSTRUCTION | FIND | SOMEWISDOM^-1	best LLR -9.43; testable
member	letters A-Z	ANINSTRUCTION | WITHIN | SOMEWISDOM^-1	best LLR -9.63; testable
member	letters A-Z	ANINSTRUCTION | LIBERPRIMUS | SOMEWISDOM^-1	best LLR -7.72; testable
member	letters A-Z	ANINSTRUCTION | PRIMUS | SOMEWISDOM^-1	best LLR -7.50; testable
member	letters A-Z	ANINSTRUCTION | CICADA | SOMEWISDOM^-1	best LLR -9.95; testable
member	letters A-Z	ANINSTRUCTION | PRIMES | SOMEWISDOM^-1	best LLR -8.59; testable
member	letters A-Z	ANINSTRUCTION | DIVINITY | KNOWTHIS	best LLR -8.66; testable
member	letters A-Z	ANINSTRUCTION | DIVINITY^-1 | KNOWTHIS	best LLR -8.82; testable
member	letters A-Z	ANINSTRUCTION | FIRFUMFERENFE | KNOWTHIS	best LLR -8.93; testable
member	letters A-Z	ANINSTRUCTION | THELOSSOFDIVINITY | KNOWTHIS	best LLR -7.35; testable
member	letters A-Z	ANINSTRUCTION | ANEND^-1 | KNOWTHIS	best LLR -8.45; testable
member	letters A-Z	ANINSTRUCTION | LIKE | KNOWTHIS	best LLR -8.75; testable
member	letters A-Z	ANINSTRUCTION | OWN^-1 | KNOWTHIS	best LLR -9.66; testable
member	letters A-Z	ANINSTRUCTION | FIND | KNOWTHIS	best LLR -9.43; testable
member	letters A-Z	ANINSTRUCTION | WITHIN | KNOWTHIS	best LLR -9.63; testable
member	letters A-Z	ANINSTRUCTION | LIBERPRIMUS | KNOWTHIS	best LLR -7.72; testable
member	letters A-Z	ANINSTRUCTION | PRIMUS | KNOWTHIS	best LLR -7.50; testable
member	letters A-Z	ANINSTRUCTION | CICADA | KNOWTHIS	best LLR -9.95; testable
member	letters A-Z	ANINSTRUCTION | PRIMES | KNOWTHIS	best LLR -8.59; testable
member	letters A-Z	ANINSTRUCTION | DIVINITY | KNOWTHIS^-1	best LLR -8.66; testable
member	letters A-Z	ANINSTRUCTION | DIVINITY^-1 | KNOWTHIS^-1	best LLR -8.82; testable
member	letters A-Z	ANINSTRUCTION | FIRFUMFERENFE | KNOWTHIS^-1	best LLR -8.93; testable
member	letters A-Z	ANINSTRUCTION | THELOSSOFDIVINITY | KNOWTHIS^-1	best LLR -7.35; testable
member	letters A-Z	ANINSTRUCTION | ANEND^-1 | KNOWTHIS^-1	best LLR -8.45; testable
member	letters A-Z	ANINSTRUCTION | LIKE | KNOWTHIS^-1	best LLR -8.75; testable
member	letters A-Z	ANINSTRUCTION | OWN^-1 | KNOWTHIS^-1	best LLR -9.66; testable
member	letters A-Z	ANINSTRUCTION | FIND | KNOWTHIS^-1	best LLR -9.43; testable
member	letters A-Z	ANINSTRUCTION | WITHIN | KNOWTHIS^-1	best LLR -9.63; testable
member	letters A-Z	ANINSTRUCTION | LIBERPRIMUS | KNOWTHIS^-1	best LLR -7.72; testable
member	letters A-Z	ANINSTRUCTION | PRIMUS | KNOWTHIS^-1	best LLR -7.50; testable
member	letters A-Z	ANINSTRUCTION | CICADA | KNOWTHIS^-1	best LLR -9.95; testable
member	letters A-Z	ANINSTRUCTION | PRIMES | KNOWTHIS^-1	best LLR -8.59; testable
member	letters A-Z	ANINSTRUCTION | DIVINITY | AKOAN	best LLR -8.66; testable
member	letters A-Z	ANINSTRUCTION | DIVINITY^-1 | AKOAN	best LLR -8.82; testable
member	letters A-Z	ANINSTRUCTION | FIRFUMFERENFE | AKOAN	best LLR -8.93; testable
member	letters A-Z	ANINSTRUCTION | THELOSSOFDIVINITY | AKOAN	best LLR -7.35; testable
member	letters A-Z	ANINSTRUCTION | ANEND^-1 | AKOAN	best LLR -8.45; testable
member	letters A-Z	ANINSTRUCTION | LIKE | AKOAN	best LLR -8.75; testable
member	letters A-Z	ANINSTRUCTION | OWN^-1 | AKOAN	best LLR -9.66; testable
member	letters A-Z	ANINSTRUCTION | FIND | AKOAN	best LLR -9.43; testable
member	letters A-Z	ANINSTRUCTION | WITHIN | AKOAN	best LLR -9.63; testable
member	letters A-Z	ANINSTRUCTION | LIBERPRIMUS | AKOAN	best LLR -7.72; testable
member	letters A-Z	ANINSTRUCTION | PRIMUS | AKOAN	best LLR -7.50; testable
member	letters A-Z	ANINSTRUCTION | CICADA | AKOAN	best LLR -9.95; testable
member	letters A-Z	ANINSTRUCTION | PRIMES | AKOAN	best LLR -8.59; testable
member	letters A-Z	ANINSTRUCTION | DIVINITY | AKOAN^-1	best LLR -8.66; testable
member	letters A-Z	ANINSTRUCTION | DIVINITY^-1 | AKOAN^-1	best LLR -8.82; testable
member	letters A-Z	ANINSTRUCTION | FIRFUMFERENFE | AKOAN^-1	best LLR -8.93; testable
member	letters A-Z	ANINSTRUCTION | THELOSSOFDIVINITY | AKOAN^-1	best LLR -7.35; testable
member	letters A-Z	ANINSTRUCTION | ANEND^-1 | AKOAN^-1	best LLR -8.45; testable
member	letters A-Z	ANINSTRUCTION | LIKE | AKOAN^-1	best LLR -8.75; testable
member	letters A-Z	ANINSTRUCTION | OWN^-1 | AKOAN^-1	best LLR -9.66; testable
member	letters A-Z	ANINSTRUCTION | FIND | AKOAN^-1	best LLR -9.43; testable
member	letters A-Z	ANINSTRUCTION | WITHIN | AKOAN^-1	best LLR -9.63; testable
member	letters A-Z	ANINSTRUCTION | LIBERPRIMUS | AKOAN^-1	best LLR -7.72; testable
member	letters A-Z	ANINSTRUCTION | PRIMUS | AKOAN^-1	best LLR -7.50; testable
member	letters A-Z	ANINSTRUCTION | CICADA | AKOAN^-1	best LLR -9.95; testable
member	letters A-Z	ANINSTRUCTION | PRIMES | AKOAN^-1	best LLR -8.59; testable
member	letters A-Z	ANINSTRUCTION | DIVINITY | ANINSTRUCTION	best LLR -4.56; testable
member	letters A-Z	ANINSTRUCTION | WISDOM | ANINSTRUCTION	best LLR -7.24; testable
member	letters A-Z	ANINSTRUCTION | KNOWTHIS | ANINSTRUCTION	best LLR -9.91; testable
member	letters A-Z	ANINSTRUCTION | ANEND | ANINSTRUCTION	best LLR -9.17; testable
member	letters A-Z	ANINSTRUCTION | LIKE | ANINSTRUCTION	best LLR -6.82; testable
member	letters A-Z	ANINSTRUCTION | INSTAR | ANINSTRUCTION	best LLR -4.56; testable
member	letters A-Z	ANINSTRUCTION | FIND^-1 | ANINSTRUCTION	best LLR -9.81; testable
member	letters A-Z	ANINSTRUCTION | WITHIN | ANINSTRUCTION	best LLR -7.90; testable
member	letters A-Z	ANINSTRUCTION | LIBERPRIMUS | ANINSTRUCTION	best LLR -8.46; testable
member	letters A-Z	ANINSTRUCTION | CICADA | ANINSTRUCTION	best LLR -5.57; testable
member	letters A-Z	ANINSTRUCTION | PRIMES | ANINSTRUCTION	best LLR -4.14; testable
member	letters A-Z	ANINSTRUCTION | DIVINITY | THELOSSOFDIVINITY	best LLR -4.56; testable
member	letters A-Z	ANINSTRUCTION | WISDOM | THELOSSOFDIVINITY	best LLR -7.24; testable
member	letters A-Z	ANINSTRUCTION | KNOWTHIS | THELOSSOFDIVINITY	best LLR -4.91; testable
member	letters A-Z	ANINSTRUCTION | ANEND | THELOSSOFDIVINITY	best LLR -9.17; testable
member	letters A-Z	ANINSTRUCTION | LIKE | THELOSSOFDIVINITY	best LLR -6.82; testable
member	letters A-Z	ANINSTRUCTION | INSTAR | THELOSSOFDIVINITY	best LLR -4.48; testable
member	letters A-Z	ANINSTRUCTION | FIND^-1 | THELOSSOFDIVINITY	best LLR -9.81; testable
member	letters A-Z	ANINSTRUCTION | WITHIN | THELOSSOFDIVINITY	best LLR -7.90; testable
member	letters A-Z	ANINSTRUCTION | LIBERPRIMUS | THELOSSOFDIVINITY	best LLR -8.46; testable
member	letters A-Z	ANINSTRUCTION | PRIMUS | THELOSSOFDIVINITY	best LLR -9.36; testable
member	letters A-Z	ANINSTRUCTION | CICADA | THELOSSOFDIVINITY	best LLR -5.57; testable
member	letters A-Z	ANINSTRUCTION | PRIMES | THELOSSOFDIVINITY	best LLR -7.31; testable
member	letters A-Z	ANINSTRUCTION | DIVINITY | ANEND	best LLR -8.66; testable
member	letters A-Z	ANINSTRUCTION | DIVINITY^-1 | ANEND	best LLR -8.82; testable
member	letters A-Z	ANINSTRUCTION | FIRFUMFERENFE | ANEND	best LLR -8.93; testable
member	letters A-Z	ANINSTRUCTION | THELOSSOFDIVINITY | ANEND	best LLR -7.35; testable
member	letters A-Z	ANINSTRUCTION | ANEND^-1 | ANEND	best LLR -8.45; testable
member	letters A-Z	ANINSTRUCTION | LIKE | ANEND	best LLR -8.75; testable
member	letters A-Z	ANINSTRUCTION | OWN^-1 | ANEND	best LLR -9.66; testable
member	letters A-Z	ANINSTRUCTION | FIND | ANEND	best LLR -9.43; testable
member	letters A-Z	ANINSTRUCTION | WITHIN | ANEND	best LLR -9.63; testable
member	letters A-Z	ANINSTRUCTION | LIBERPRIMUS | ANEND	best LLR -7.72; testable
member	letters A-Z	ANINSTRUCTION | PRIMUS | ANEND	best LLR -7.50; testable
member	letters A-Z	ANINSTRUCTION | CICADA | ANEND	best LLR -9.95; testable
member	letters A-Z	ANINSTRUCTION | PRIMES | ANEND	best LLR -8.59; testable
member	letters A-Z	ANINSTRUCTION | DIVINITY | ANEND^-1	best LLR -8.66; testable
member	letters A-Z	ANINSTRUCTION | DIVINITY^-1 | ANEND^-1	best LLR -8.82; testable
member	letters A-Z	ANINSTRUCTION | FIRFUMFERENFE | ANEND^-1	best LLR -8.93; testable
member	letters A-Z	ANINSTRUCTION | THELOSSOFDIVINITY | ANEND^-1	best LLR -7.35; testable
member	letters A-Z	ANINSTRUCTION | ANEND^-1 | ANEND^-1	best LLR -8.45; testable
member	letters A-Z	ANINSTRUCTION | LIKE | ANEND^-1	best LLR -8.75; testable
member	letters A-Z	ANINSTRUCTION | OWN^-1 | ANEND^-1	best LLR -9.66; testable
member	letters A-Z	ANINSTRUCTION | FIND | ANEND^-1	best LLR -9.43; testable
member	letters A-Z	ANINSTRUCTION | WITHIN | ANEND^-1	best LLR -9.63; testable
member	letters A-Z	ANINSTRUCTION | LIBERPRIMUS | ANEND^-1	best LLR -7.72; testable
member	letters A-Z	ANINSTRUCTION | PRIMUS | ANEND^-1	best LLR -7.50; testable
member	letters A-Z	ANINSTRUCTION | CICADA | ANEND^-1	best LLR -9.95; testable
member	letters A-Z	ANINSTRUCTION | PRIMES | ANEND^-1	best LLR -8.59; testable
member	letters A-Z	ANINSTRUCTION | DIVINITY | PARABLE	best LLR -8.66; testable
member	letters A-Z	ANINSTRUCTION | DIVINITY^-1 | PARABLE	best LLR -8.82; testable
member	letters A-Z	ANINSTRUCTION | FIRFUMFERENFE | PARABLE	best LLR -8.93; testable
member	letters A-Z	ANINSTRUCTION | THELOSSOFDIVINITY | PARABLE	best LLR -7.35; testable
member	letters A-Z	ANINSTRUCTION | ANEND^-1 | PARABLE	best LLR -8.45; testable
member	letters A-Z	ANINSTRUCTION | LIKE | PARABLE	best LLR -8.75; testable
member	letters A-Z	ANINSTRUCTION | OWN^-1 | PARABLE	best LLR -9.66; testable
member	letters A-Z	ANINSTRUCTION | FIND | PARABLE	best LLR -9.43; testable
member	letters A-Z	ANINSTRUCTION | WITHIN | PARABLE	best LLR -9.63; testable
member	letters A-Z	ANINSTRUCTION | LIBERPRIMUS | PARABLE	best LLR -7.72; testable
member	letters A-Z	ANINSTRUCTION | PRIMUS | PARABLE	best LLR -7.50; testable
member	letters A-Z	ANINSTRUCTION | CICADA | PARABLE	best LLR -9.95; testable
member	letters A-Z	ANINSTRUCTION | PRIMES | PARABLE	best LLR -8.59; testable
member	letters A-Z	ANINSTRUCTION | DIVINITY | PARABLE^-1	best LLR -8.66; testable
member	letters A-Z	ANINSTRUCTION | DIVINITY^-1 | PARABLE^-1	best LLR -8.82; testable
member	letters A-Z	ANINSTRUCTION | FIRFUMFERENFE | PARABLE^-1	best LLR -8.93; testable
member	letters A-Z	ANINSTRUCTION | THELOSSOFDIVINITY | PARABLE^-1	best LLR -7.35; testable
member	letters A-Z	ANINSTRUCTION | ANEND^-1 | PARABLE^-1	best LLR -8.45; testable
member	letters A-Z	ANINSTRUCTION | LIKE | PARABLE^-1	best LLR -8.75; testable
member	letters A-Z	ANINSTRUCTION | OWN^-1 | PARABLE^-1	best LLR -9.66; testable
member	letters A-Z	ANINSTRUCTION | FIND | PARABLE^-1	best LLR -9.43; testable
member	letters A-Z	ANINSTRUCTION | WITHIN | PARABLE^-1	best LLR -9.63; testable
member	letters A-Z	ANINSTRUCTION | LIBERPRIMUS | PARABLE^-1	best LLR -7.72; testable
member	letters A-Z	ANINSTRUCTION | PRIMUS | PARABLE^-1	best LLR -7.50; testable
member	letters A-Z	ANINSTRUCTION | CICADA | PARABLE^-1	best LLR -9.95; testable
member	letters A-Z	ANINSTRUCTION | PRIMES | PARABLE^-1	best LLR -8.59; testable
member	letters A-Z	ANINSTRUCTION | DIVINITY | LIKE	best LLR -8.66; testable
member	letters A-Z	ANINSTRUCTION | DIVINITY^-1 | LIKE	best LLR -8.82; testable
member	letters A-Z	ANINSTRUCTION | FIRFUMFERENFE | LIKE	best LLR -8.93; testable
member	letters A-Z	ANINSTRUCTION | THELOSSOFDIVINITY | LIKE	best LLR -7.35; testable
member	letters A-Z	ANINSTRUCTION | ANEND^-1 | LIKE	best LLR -8.45; testable
member	letters A-Z	ANINSTRUCTION | LIKE | LIKE	best LLR -8.75; testable
member	letters A-Z	ANINSTRUCTION | OWN^-1 | LIKE	best LLR -9.66; testable
member	letters A-Z	ANINSTRUCTION | FIND | LIKE	best LLR -9.43; testable
member	letters A-Z	ANINSTRUCTION | WITHIN | LIKE	best LLR -9.63; testable
member	letters A-Z	ANINSTRUCTION | LIBERPRIMUS | LIKE	best LLR -7.72; testable
member	letters A-Z	ANINSTRUCTION | PRIMUS | LIKE	best LLR -7.50; testable
member	letters A-Z	ANINSTRUCTION | CICADA | LIKE	best LLR -9.95; testable
member	letters A-Z	ANINSTRUCTION | PRIMES | LIKE	best LLR -8.59; testable
member	letters A-Z	ANINSTRUCTION | DIVINITY | LIKE^-1	best LLR -8.66; testable
member	letters A-Z	ANINSTRUCTION | DIVINITY^-1 | LIKE^-1	best LLR -8.82; testable
member	letters A-Z	ANINSTRUCTION | FIRFUMFERENFE | LIKE^-1	best LLR -8.93; testable
member	letters A-Z	ANINSTRUCTION | THELOSSOFDIVINITY | LIKE^-1	best LLR -7.35; testable
member	letters A-Z	ANINSTRUCTION | ANEND^-1 | LIKE^-1	best LLR -8.45; testable
member	letters A-Z	ANINSTRUCTION | LIKE | LIKE^-1	best LLR -8.75; testable
member	letters A-Z	ANINSTRUCTION | OWN^-1 | LIKE^-1	best LLR -9.66; testable
member	letters A-Z	ANINSTRUCTION | FIND | LIKE^-1	best LLR -9.43; testable
member	letters A-Z	ANINSTRUCTION | WITHIN | LIKE^-1	best LLR -9.63; testable
member	letters A-Z	ANINSTRUCTION | LIBERPRIMUS | LIKE^-1	best LLR -7.72; testable
member	letters A-Z	ANINSTRUCTION | PRIMUS | LIKE^-1	best LLR -7.50; testable
member	letters A-Z	ANINSTRUCTION | CICADA | LIKE^-1	best LLR -9.95; testable
member	letters A-Z	ANINSTRUCTION | PRIMES | LIKE^-1	best LLR -8.59; testable
member	letters A-Z	ANINSTRUCTION | DIVINITY | THE	best LLR -8.66; testable
member	letters A-Z	ANINSTRUCTION | DIVINITY^-1 | THE	best LLR -8.82; testable
member	letters A-Z	ANINSTRUCTION | FIRFUMFERENFE | THE	best LLR -8.93; testable
member	letters A-Z	ANINSTRUCTION | THELOSSOFDIVINITY | THE	best LLR -7.35; testable
member	letters A-Z	ANINSTRUCTION | ANEND^-1 | THE	best LLR -8.45; testable
member	letters A-Z	ANINSTRUCTION | LIKE | THE	best LLR -8.75; testable
member	letters A-Z	ANINSTRUCTION | OWN^-1 | THE	best LLR -9.66; testable
member	letters A-Z	ANINSTRUCTION | FIND | THE	best LLR -9.43; testable
member	letters A-Z	ANINSTRUCTION | WITHIN | THE	best LLR -9.63; testable
member	letters A-Z	ANINSTRUCTION | LIBERPRIMUS | THE	best LLR -7.72; testable
member	letters A-Z	ANINSTRUCTION | PRIMUS | THE	best LLR -7.50; testable
member	letters A-Z	ANINSTRUCTION | CICADA | THE	best LLR -9.95; testable
member	letters A-Z	ANINSTRUCTION | PRIMES | THE	best LLR -8.59; testable
member	letters A-Z	ANINSTRUCTION | DIVINITY | THE^-1	best LLR -8.66; testable
member	letters A-Z	ANINSTRUCTION | DIVINITY^-1 | THE^-1	best LLR -8.82; testable
member	letters A-Z	ANINSTRUCTION | FIRFUMFERENFE | THE^-1	best LLR -8.93; testable
member	letters A-Z	ANINSTRUCTION | THELOSSOFDIVINITY | THE^-1	best LLR -7.35; testable
member	letters A-Z	ANINSTRUCTION | ANEND^-1 | THE^-1	best LLR -8.45; testable
member	letters A-Z	ANINSTRUCTION | LIKE | THE^-1	best LLR -8.75; testable
member	letters A-Z	ANINSTRUCTION | OWN^-1 | THE^-1	best LLR -9.66; testable
member	letters A-Z	ANINSTRUCTION | FIND | THE^-1	best LLR -9.43; testable
member	letters A-Z	ANINSTRUCTION | WITHIN | THE^-1	best LLR -9.63; testable
member	letters A-Z	ANINSTRUCTION | LIBERPRIMUS | THE^-1	best LLR -7.72; testable
member	letters A-Z	ANINSTRUCTION | PRIMUS | THE^-1	best LLR -7.50; testable
member	letters A-Z	ANINSTRUCTION | CICADA | THE^-1	best LLR -9.95; testable
member	letters A-Z	ANINSTRUCTION | PRIMES | THE^-1	best LLR -8.59; testable
member	letters A-Z	ANINSTRUCTION | DIVINITY | INSTAR	best LLR -8.66; testable
member	letters A-Z	ANINSTRUCTION | DIVINITY^-1 | INSTAR	best LLR -8.82; testable
member	letters A-Z	ANINSTRUCTION | FIRFUMFERENFE | INSTAR	best LLR -8.93; testable
member	letters A-Z	ANINSTRUCTION | THELOSSOFDIVINITY | INSTAR	best LLR -7.35; testable
member	letters A-Z	ANINSTRUCTION | ANEND^-1 | INSTAR	best LLR -8.45; testable
member	letters A-Z	ANINSTRUCTION | LIKE | INSTAR	best LLR -8.75; testable
member	letters A-Z	ANINSTRUCTION | OWN^-1 | INSTAR	best LLR -9.66; testable
member	letters A-Z	ANINSTRUCTION | FIND | INSTAR	best LLR -9.43; testable
member	letters A-Z	ANINSTRUCTION | WITHIN | INSTAR	best LLR -9.63; testable
member	letters A-Z	ANINSTRUCTION | LIBERPRIMUS | INSTAR	best LLR -7.72; testable
member	letters A-Z	ANINSTRUCTION | PRIMUS | INSTAR	best LLR -7.50; testable
member	letters A-Z	ANINSTRUCTION | CICADA | INSTAR	best LLR -9.95; testable
member	letters A-Z	ANINSTRUCTION | PRIMES | INSTAR	best LLR -8.59; testable
member	letters A-Z	ANINSTRUCTION | DIVINITY | INSTAR^-1	best LLR -8.66; testable
member	letters A-Z	ANINSTRUCTION | DIVINITY^-1 | INSTAR^-1	best LLR -8.82; testable
member	letters A-Z	ANINSTRUCTION | FIRFUMFERENFE | INSTAR^-1	best LLR -8.93; testable
member	letters A-Z	ANINSTRUCTION | THELOSSOFDIVINITY | INSTAR^-1	best LLR -7.35; testable
member	letters A-Z	ANINSTRUCTION | ANEND^-1 | INSTAR^-1	best LLR -8.45; testable
member	letters A-Z	ANINSTRUCTION | LIKE | INSTAR^-1	best LLR -8.75; testable
member	letters A-Z	ANINSTRUCTION | OWN^-1 | INSTAR^-1	best LLR -9.66; testable
member	letters A-Z	ANINSTRUCTION | FIND | INSTAR^-1	best LLR -9.43; testable
member	letters A-Z	ANINSTRUCTION | WITHIN | INSTAR^-1	best LLR -9.63; testable
member	letters A-Z	ANINSTRUCTION | LIBERPRIMUS | INSTAR^-1	best LLR -7.72; testable
member	letters A-Z	ANINSTRUCTION | PRIMUS | INSTAR^-1	best LLR -7.50; testable
member	letters A-Z	ANINSTRUCTION | CICADA | INSTAR^-1	best LLR -9.95; testable
member	letters A-Z	ANINSTRUCTION | PRIMES | INSTAR^-1	best LLR -8.59; testable
member	letters A-Z	ANINSTRUCTION | DIVINITY | TUNNELING	best LLR -8.66; testable
member	letters A-Z	ANINSTRUCTION | DIVINITY^-1 | TUNNELING	best LLR -8.82; testable
member	letters A-Z	ANINSTRUCTION | FIRFUMFERENFE | TUNNELING	best LLR -8.93; testable
member	letters A-Z	ANINSTRUCTION | THELOSSOFDIVINITY | TUNNELING	best LLR -7.35; testable
member	letters A-Z	ANINSTRUCTION | ANEND^-1 | TUNNELING	best LLR -8.45; testable
member	letters A-Z	ANINSTRUCTION | LIKE | TUNNELING	best LLR -8.75; testable
member	letters A-Z	ANINSTRUCTION | OWN^-1 | TUNNELING	best LLR -9.66; testable
member	letters A-Z	ANINSTRUCTION | FIND | TUNNELING	best LLR -9.43; testable
member	letters A-Z	ANINSTRUCTION | WITHIN | TUNNELING	best LLR -9.63; testable
member	letters A-Z	ANINSTRUCTION | LIBERPRIMUS | TUNNELING	best LLR -7.72; testable
member	letters A-Z	ANINSTRUCTION | PRIMUS | TUNNELING	best LLR -7.50; testable
member	letters A-Z	ANINSTRUCTION | CICADA | TUNNELING	best LLR -9.95; testable
member	letters A-Z	ANINSTRUCTION | PRIMES | TUNNELING	best LLR -8.59; testable
member	letters A-Z	ANINSTRUCTION | DIVINITY | TUNNELING^-1	best LLR -8.66; testable
member	letters A-Z	ANINSTRUCTION | DIVINITY^-1 | TUNNELING^-1	best LLR -8.82; testable
member	letters A-Z	ANINSTRUCTION | FIRFUMFERENFE | TUNNELING^-1	best LLR -8.93; testable
member	letters A-Z	ANINSTRUCTION | THELOSSOFDIVINITY | TUNNELING^-1	best LLR -7.35; testable
member	letters A-Z	ANINSTRUCTION | ANEND^-1 | TUNNELING^-1	best LLR -8.45; testable
member	letters A-Z	ANINSTRUCTION | LIKE | TUNNELING^-1	best LLR -8.75; testable
member	letters A-Z	ANINSTRUCTION | OWN^-1 | TUNNELING^-1	best LLR -9.66; testable
member	letters A-Z	ANINSTRUCTION | FIND | TUNNELING^-1	best LLR -9.43; testable
member	letters A-Z	ANINSTRUCTION | WITHIN | TUNNELING^-1	best LLR -9.63; testable
member	letters A-Z	ANINSTRUCTION | LIBERPRIMUS | TUNNELING^-1	best LLR -7.72; testable
member	letters A-Z	ANINSTRUCTION | PRIMUS | TUNNELING^-1	best LLR -7.50; testable
member	letters A-Z	ANINSTRUCTION | CICADA | TUNNELING^-1	best LLR -9.95; testable
member	letters A-Z	ANINSTRUCTION | PRIMES | TUNNELING^-1	best LLR -8.59; testable
member	letters A-Z	ANINSTRUCTION | DIVINITY | TO	best LLR -8.66; testable
member	letters A-Z	ANINSTRUCTION | DIVINITY^-1 | TO	best LLR -8.82; testable
member	letters A-Z	ANINSTRUCTION | FIRFUMFERENFE | TO	best LLR -8.93; testable
member	letters A-Z	ANINSTRUCTION | THELOSSOFDIVINITY | TO	best LLR -7.35; testable
member	letters A-Z	ANINSTRUCTION | ANEND^-1 | TO	best LLR -8.45; testable
member	letters A-Z	ANINSTRUCTION | LIKE | TO	best LLR -8.75; testable
member	letters A-Z	ANINSTRUCTION | OWN^-1 | TO	best LLR -9.66; testable
member	letters A-Z	ANINSTRUCTION | FIND | TO	best LLR -9.43; testable
member	letters A-Z	ANINSTRUCTION | WITHIN | TO	best LLR -9.63; testable
member	letters A-Z	ANINSTRUCTION | LIBERPRIMUS | TO	best LLR -7.72; testable
member	letters A-Z	ANINSTRUCTION | PRIMUS | TO	best LLR -7.50; testable
member	letters A-Z	ANINSTRUCTION | CICADA | TO	best LLR -9.95; testable
member	letters A-Z	ANINSTRUCTION | PRIMES | TO	best LLR -8.59; testable
member	letters A-Z	ANINSTRUCTION | DIVINITY | TO^-1	best LLR -8.66; testable
member	letters A-Z	ANINSTRUCTION | DIVINITY^-1 | TO^-1	best LLR -8.82; testable
member	letters A-Z	ANINSTRUCTION | FIRFUMFERENFE | TO^-1	best LLR -8.93; testable
member	letters A-Z	ANINSTRUCTION | THELOSSOFDIVINITY | TO^-1	best LLR -7.35; testable
member	letters A-Z	ANINSTRUCTION | ANEND^-1 | TO^-1	best LLR -8.45; testable
member	letters A-Z	ANINSTRUCTION | LIKE | TO^-1	best LLR -8.75; testable
member	letters A-Z	ANINSTRUCTION | OWN^-1 | TO^-1	best LLR -9.66; testable
member	letters A-Z	ANINSTRUCTION | FIND | TO^-1	best LLR -9.43; testable
member	letters A-Z	ANINSTRUCTION | WITHIN | TO^-1	best LLR -9.63; testable
member	letters A-Z	ANINSTRUCTION | LIBERPRIMUS | TO^-1	best LLR -7.72; testable
member	letters A-Z	ANINSTRUCTION | PRIMUS | TO^-1	best LLR -7.50; testable
member	letters A-Z	ANINSTRUCTION | CICADA | TO^-1	best LLR -9.95; testable
member	letters A-Z	ANINSTRUCTION | PRIMES | TO^-1	best LLR -8.59; testable
member	letters A-Z	ANINSTRUCTION | DIVINITY | SURFACE	best LLR -8.66; testable
member	letters A-Z	ANINSTRUCTION | DIVINITY^-1 | SURFACE	best LLR -8.82; testable
member	letters A-Z	ANINSTRUCTION | FIRFUMFERENFE | SURFACE	best LLR -8.93; testable
member	letters A-Z	ANINSTRUCTION | THELOSSOFDIVINITY | SURFACE	best LLR -7.35; testable
member	letters A-Z	ANINSTRUCTION | ANEND^-1 | SURFACE	best LLR -8.45; testable
member	letters A-Z	ANINSTRUCTION | LIKE | SURFACE	best LLR -8.75; testable
member	letters A-Z	ANINSTRUCTION | OWN^-1 | SURFACE	best LLR -9.66; testable
member	letters A-Z	ANINSTRUCTION | FIND | SURFACE	best LLR -9.43; testable
member	letters A-Z	ANINSTRUCTION | WITHIN | SURFACE	best LLR -9.63; testable
member	letters A-Z	ANINSTRUCTION | LIBERPRIMUS | SURFACE	best LLR -7.72; testable
member	letters A-Z	ANINSTRUCTION | PRIMUS | SURFACE	best LLR -7.50; testable
member	letters A-Z	ANINSTRUCTION | CICADA | SURFACE	best LLR -9.95; testable
member	letters A-Z	ANINSTRUCTION | PRIMES | SURFACE	best LLR -8.59; testable
member	letters A-Z	ANINSTRUCTION | DIVINITY | SURFACE^-1	best LLR -8.66; testable
member	letters A-Z	ANINSTRUCTION | DIVINITY^-1 | SURFACE^-1	best LLR -8.82; testable
member	letters A-Z	ANINSTRUCTION | FIRFUMFERENFE | SURFACE^-1	best LLR -8.93; testable
member	letters A-Z	ANINSTRUCTION | THELOSSOFDIVINITY | SURFACE^-1	best LLR -7.35; testable
member	letters A-Z	ANINSTRUCTION | ANEND^-1 | SURFACE^-1	best LLR -8.45; testable
member	letters A-Z	ANINSTRUCTION | LIKE | SURFACE^-1	best LLR -8.75; testable
member	letters A-Z	ANINSTRUCTION | OWN^-1 | SURFACE^-1	best LLR -9.66; testable
member	letters A-Z	ANINSTRUCTION | FIND | SURFACE^-1	best LLR -9.43; testable
member	letters A-Z	ANINSTRUCTION | WITHIN | SURFACE^-1	best LLR -9.63; testable
member	letters A-Z	ANINSTRUCTION | LIBERPRIMUS | SURFACE^-1	best LLR -7.72; testable
member	letters A-Z	ANINSTRUCTION | PRIMUS | SURFACE^-1	best LLR -7.50; testable
member	letters A-Z	ANINSTRUCTION | CICADA | SURFACE^-1	best LLR -9.95; testable
member	letters A-Z	ANINSTRUCTION | PRIMES | SURFACE^-1	best LLR -8.59; testable
member	letters A-Z	ANINSTRUCTION | DIVINITY | WE	best LLR -8.66; testable
member	letters A-Z	ANINSTRUCTION | DIVINITY^-1 | WE	best LLR -8.82; testable
member	letters A-Z	ANINSTRUCTION | FIRFUMFERENFE | WE	best LLR -8.93; testable
member	letters A-Z	ANINSTRUCTION | THELOSSOFDIVINITY | WE	best LLR -7.35; testable
member	letters A-Z	ANINSTRUCTION | ANEND^-1 | WE	best LLR -8.45; testable
member	letters A-Z	ANINSTRUCTION | LIKE | WE	best LLR -8.75; testable
member	letters A-Z	ANINSTRUCTION | OWN^-1 | WE	best LLR -9.66; testable
member	letters A-Z	ANINSTRUCTION | FIND | WE	best LLR -9.43; testable
member	letters A-Z	ANINSTRUCTION | WITHIN | WE	best LLR -9.63; testable
member	letters A-Z	ANINSTRUCTION | LIBERPRIMUS | WE	best LLR -7.72; testable
member	letters A-Z	ANINSTRUCTION | PRIMUS | WE	best LLR -7.50; testable
member	letters A-Z	ANINSTRUCTION | CICADA | WE	best LLR -9.95; testable
member	letters A-Z	ANINSTRUCTION | PRIMES | WE	best LLR -8.59; testable
member	letters A-Z	ANINSTRUCTION | DIVINITY | WE^-1	best LLR -8.66; testable
member	letters A-Z	ANINSTRUCTION | DIVINITY^-1 | WE^-1	best LLR -8.82; testable
member	letters A-Z	ANINSTRUCTION | FIRFUMFERENFE | WE^-1	best LLR -8.93; testable
member	letters A-Z	ANINSTRUCTION | THELOSSOFDIVINITY | WE^-1	best LLR -7.35; testable
member	letters A-Z	ANINSTRUCTION | ANEND^-1 | WE^-1	best LLR -8.45; testable
member	letters A-Z	ANINSTRUCTION | LIKE | WE^-1	best LLR -8.75; testable
member	letters A-Z	ANINSTRUCTION | OWN^-1 | WE^-1	best LLR -9.66; testable
member	letters A-Z	ANINSTRUCTION | FIND | WE^-1	best LLR -9.43; testable
member	letters A-Z	ANINSTRUCTION | WITHIN | WE^-1	best LLR -9.63; testable
member	letters A-Z	ANINSTRUCTION | LIBERPRIMUS | WE^-1	best LLR -7.72; testable
member	letters A-Z	ANINSTRUCTION | PRIMUS | WE^-1	best LLR -7.50; testable
member	letters A-Z	ANINSTRUCTION | CICADA | WE^-1	best LLR -9.95; testable
member	letters A-Z	ANINSTRUCTION | PRIMES | WE^-1	best LLR -8.59; testable
member	letters A-Z	ANINSTRUCTION | DIVINITY | MUST	best LLR -8.66; testable
member	letters A-Z	ANINSTRUCTION | DIVINITY^-1 | MUST	best LLR -8.82; testable
member	letters A-Z	ANINSTRUCTION | FIRFUMFERENFE | MUST	best LLR -8.93; testable
member	letters A-Z	ANINSTRUCTION | THELOSSOFDIVINITY | MUST	best LLR -7.35; testable
member	letters A-Z	ANINSTRUCTION | ANEND^-1 | MUST	best LLR -8.45; testable
member	letters A-Z	ANINSTRUCTION | LIKE | MUST	best LLR -8.75; testable
member	letters A-Z	ANINSTRUCTION | OWN^-1 | MUST	best LLR -9.66; testable
member	letters A-Z	ANINSTRUCTION | FIND | MUST	best LLR -9.43; testable
member	letters A-Z	ANINSTRUCTION | WITHIN | MUST	best LLR -9.63; testable
member	letters A-Z	ANINSTRUCTION | LIBERPRIMUS | MUST	best LLR -7.72; testable
member	letters A-Z	ANINSTRUCTION | PRIMUS | MUST	best LLR -7.50; testable
member	letters A-Z	ANINSTRUCTION | CICADA | MUST	best LLR -9.95; testable
member	letters A-Z	ANINSTRUCTION | PRIMES | MUST	best LLR -8.59; testable
member	letters A-Z	ANINSTRUCTION | DIVINITY | MUST^-1	best LLR -8.66; testable
member	letters A-Z	ANINSTRUCTION | DIVINITY^-1 | MUST^-1	best LLR -8.82; testable
member	letters A-Z	ANINSTRUCTION | FIRFUMFERENFE | MUST^-1	best LLR -8.93; testable
member	letters A-Z	ANINSTRUCTION | THELOSSOFDIVINITY | MUST^-1	best LLR -7.35; testable
member	letters A-Z	ANINSTRUCTION | ANEND^-1 | MUST^-1	best LLR -8.45; testable
member	letters A-Z	ANINSTRUCTION | LIKE | MUST^-1	best LLR -8.75; testable
member	letters A-Z	ANINSTRUCTION | OWN^-1 | MUST^-1	best LLR -9.66; testable
member	letters A-Z	ANINSTRUCTION | FIND | MUST^-1	best LLR -9.43; testable
member	letters A-Z	ANINSTRUCTION | WITHIN | MUST^-1	best LLR -9.63; testable
member	letters A-Z	ANINSTRUCTION | LIBERPRIMUS | MUST^-1	best LLR -7.72; testable
member	letters A-Z	ANINSTRUCTION | PRIMUS | MUST^-1	best LLR -7.50; testable
member	letters A-Z	ANINSTRUCTION | CICADA | MUST^-1	best LLR -9.95; testable
member	letters A-Z	ANINSTRUCTION | PRIMES | MUST^-1	best LLR -8.59; testable
member	letters A-Z	ANINSTRUCTION | DIVINITY | SHED	best LLR -8.66; testable
member	letters A-Z	ANINSTRUCTION | DIVINITY^-1 | SHED	best LLR -8.82; testable
member	letters A-Z	ANINSTRUCTION | FIRFUMFERENFE | SHED	best LLR -8.93; testable
member	letters A-Z	ANINSTRUCTION | THELOSSOFDIVINITY | SHED	best LLR -7.35; testable
member	letters A-Z	ANINSTRUCTION | ANEND^-1 | SHED	best LLR -8.45; testable
member	letters A-Z	ANINSTRUCTION | LIKE | SHED	best LLR -8.75; testable
member	letters A-Z	ANINSTRUCTION | OWN^-1 | SHED	best LLR -9.66; testable
member	letters A-Z	ANINSTRUCTION | FIND | SHED	best LLR -9.43; testable
member	letters A-Z	ANINSTRUCTION | WITHIN | SHED	best LLR -9.63; testable
member	letters A-Z	ANINSTRUCTION | LIBERPRIMUS | SHED	best LLR -7.72; testable
member	letters A-Z	ANINSTRUCTION | PRIMUS | SHED	best LLR -7.50; testable
member	letters A-Z	ANINSTRUCTION | CICADA | SHED	best LLR -9.95; testable
member	letters A-Z	ANINSTRUCTION | PRIMES | SHED	best LLR -8.59; testable
member	letters A-Z	ANINSTRUCTION | DIVINITY | SHED^-1	best LLR -8.66; testable
member	letters A-Z	ANINSTRUCTION | DIVINITY^-1 | SHED^-1	best LLR -8.82; testable
member	letters A-Z	ANINSTRUCTION | FIRFUMFERENFE | SHED^-1	best LLR -8.93; testable
member	letters A-Z	ANINSTRUCTION | THELOSSOFDIVINITY | SHED^-1	best LLR -7.35; testable
member	letters A-Z	ANINSTRUCTION | ANEND^-1 | SHED^-1	best LLR -8.45; testable
member	letters A-Z	ANINSTRUCTION | LIKE | SHED^-1	best LLR -8.75; testable
member	letters A-Z	ANINSTRUCTION | OWN^-1 | SHED^-1	best LLR -9.66; testable
member	letters A-Z	ANINSTRUCTION | FIND | SHED^-1	best LLR -9.43; testable
member	letters A-Z	ANINSTRUCTION | WITHIN | SHED^-1	best LLR -9.63; testable
member	letters A-Z	ANINSTRUCTION | LIBERPRIMUS | SHED^-1	best LLR -7.72; testable
member	letters A-Z	ANINSTRUCTION | PRIMUS | SHED^-1	best LLR -7.50; testable
member	letters A-Z	ANINSTRUCTION | CICADA | SHED^-1	best LLR -9.95; testable
member	letters A-Z	ANINSTRUCTION | PRIMES | SHED^-1	best LLR -8.59; testable
member	letters A-Z	ANINSTRUCTION | DIVINITY | OUR	best LLR -8.66; testable
member	letters A-Z	ANINSTRUCTION | DIVINITY^-1 | OUR	best LLR -8.82; testable
member	letters A-Z	ANINSTRUCTION | FIRFUMFERENFE | OUR	best LLR -8.93; testable
member	letters A-Z	ANINSTRUCTION | THELOSSOFDIVINITY | OUR	best LLR -7.35; testable
member	letters A-Z	ANINSTRUCTION | ANEND^-1 | OUR	best LLR -8.45; testable
member	letters A-Z	ANINSTRUCTION | LIKE | OUR	best LLR -8.75; testable
member	letters A-Z	ANINSTRUCTION | OWN^-1 | OUR	best LLR -9.66; testable
member	letters A-Z	ANINSTRUCTION | FIND | OUR	best LLR -9.43; testable
member	letters A-Z	ANINSTRUCTION | WITHIN | OUR	best LLR -9.63; testable
member	letters A-Z	ANINSTRUCTION | LIBERPRIMUS | OUR	best LLR -7.72; testable
member	letters A-Z	ANINSTRUCTION | PRIMUS | OUR	best LLR -7.50; testable
member	letters A-Z	ANINSTRUCTION | CICADA | OUR	best LLR -9.95; testable
member	letters A-Z	ANINSTRUCTION | PRIMES | OUR	best LLR -8.59; testable
member	letters A-Z	ANINSTRUCTION | DIVINITY | OWN	best LLR -8.66; testable
member	letters A-Z	ANINSTRUCTION | DIVINITY^-1 | OWN	best LLR -8.82; testable
member	letters A-Z	ANINSTRUCTION | FIRFUMFERENFE | OWN	best LLR -8.93; testable
member	letters A-Z	ANINSTRUCTION | THELOSSOFDIVINITY | OWN	best LLR -7.35; testable
member	letters A-Z	ANINSTRUCTION | ANEND^-1 | OWN	best LLR -8.45; testable
member	letters A-Z	ANINSTRUCTION | LIKE | OWN	best LLR -8.75; testable
member	letters A-Z	ANINSTRUCTION | OWN^-1 | OWN	best LLR -9.66; testable
member	letters A-Z	ANINSTRUCTION | FIND | OWN	best LLR -9.43; testable
member	letters A-Z	ANINSTRUCTION | WITHIN | OWN	best LLR -9.63; testable
member	letters A-Z	ANINSTRUCTION | LIBERPRIMUS | OWN	best LLR -7.72; testable
member	letters A-Z	ANINSTRUCTION | PRIMUS | OWN	best LLR -7.50; testable
member	letters A-Z	ANINSTRUCTION | CICADA | OWN	best LLR -9.95; testable
member	letters A-Z	ANINSTRUCTION | PRIMES | OWN	best LLR -8.59; testable
member	letters A-Z	ANINSTRUCTION | DIVINITY | OWN^-1	best LLR -8.66; testable
member	letters A-Z	ANINSTRUCTION | DIVINITY^-1 | OWN^-1	best LLR -8.82; testable
member	letters A-Z	ANINSTRUCTION | FIRFUMFERENFE | OWN^-1	best LLR -8.93; testable
member	letters A-Z	ANINSTRUCTION | THELOSSOFDIVINITY | OWN^-1	best LLR -7.35; testable
member	letters A-Z	ANINSTRUCTION | ANEND^-1 | OWN^-1	best LLR -8.45; testable
member	letters A-Z	ANINSTRUCTION | LIKE | OWN^-1	best LLR -8.75; testable
member	letters A-Z	ANINSTRUCTION | OWN^-1 | OWN^-1	best LLR -9.66; testable
member	letters A-Z	ANINSTRUCTION | FIND | OWN^-1	best LLR -9.43; testable
member	letters A-Z	ANINSTRUCTION | WITHIN | OWN^-1	best LLR -9.63; testable
member	letters A-Z	ANINSTRUCTION | LIBERPRIMUS | OWN^-1	best LLR -7.72; testable
member	letters A-Z	ANINSTRUCTION | PRIMUS | OWN^-1	best LLR -7.50; testable
member	letters A-Z	ANINSTRUCTION | CICADA | OWN^-1	best LLR -9.95; testable
member	letters A-Z	ANINSTRUCTION | PRIMES | OWN^-1	best LLR -8.59; testable
member	letters A-Z	ANINSTRUCTION | DIVINITY | CIRCUMFERENCES	best LLR -8.66; testable
member	letters A-Z	ANINSTRUCTION | DIVINITY^-1 | CIRCUMFERENCES	best LLR -8.82; testable
member	letters A-Z	ANINSTRUCTION | FIRFUMFERENFE | CIRCUMFERENCES	best LLR -8.93; testable
member	letters A-Z	ANINSTRUCTION | THELOSSOFDIVINITY | CIRCUMFERENCES	best LLR -7.35; testable
member	letters A-Z	ANINSTRUCTION | ANEND^-1 | CIRCUMFERENCES	best LLR -8.45; testable
member	letters A-Z	ANINSTRUCTION | LIKE | CIRCUMFERENCES	best LLR -8.75; testable
member	letters A-Z	ANINSTRUCTION | OWN^-1 | CIRCUMFERENCES	best LLR -9.66; testable
member	letters A-Z	ANINSTRUCTION | FIND | CIRCUMFERENCES	best LLR -9.43; testable
member	letters A-Z	ANINSTRUCTION | WITHIN | CIRCUMFERENCES	best LLR -9.63; testable
member	letters A-Z	ANINSTRUCTION | LIBERPRIMUS | CIRCUMFERENCES	best LLR -7.72; testable
member	letters A-Z	ANINSTRUCTION | PRIMUS | CIRCUMFERENCES	best LLR -7.50; testable
member	letters A-Z	ANINSTRUCTION | CICADA | CIRCUMFERENCES	best LLR -9.95; testable
member	letters A-Z	ANINSTRUCTION | PRIMES | CIRCUMFERENCES	best LLR -8.59; testable
member	letters A-Z	ANINSTRUCTION | DIVINITY | CIRCUMFERENCES^-1	best LLR -8.66; testable
member	letters A-Z	ANINSTRUCTION | DIVINITY^-1 | CIRCUMFERENCES^-1	best LLR -8.82; testable
member	letters A-Z	ANINSTRUCTION | FIRFUMFERENFE | CIRCUMFERENCES^-1	best LLR -8.93; testable
member	letters A-Z	ANINSTRUCTION | THELOSSOFDIVINITY | CIRCUMFERENCES^-1	best LLR -7.35; testable
member	letters A-Z	ANINSTRUCTION | ANEND^-1 | CIRCUMFERENCES^-1	best LLR -8.45; testable
member	letters A-Z	ANINSTRUCTION | LIKE | CIRCUMFERENCES^-1	best LLR -8.75; testable
member	letters A-Z	ANINSTRUCTION | OWN^-1 | CIRCUMFERENCES^-1	best LLR -9.66; testable
member	letters A-Z	ANINSTRUCTION | FIND | CIRCUMFERENCES^-1	best LLR -9.43; testable
member	letters A-Z	ANINSTRUCTION | WITHIN | CIRCUMFERENCES^-1	best LLR -9.63; testable
member	letters A-Z	ANINSTRUCTION | LIBERPRIMUS | CIRCUMFERENCES^-1	best LLR -7.72; testable
member	letters A-Z	ANINSTRUCTION | PRIMUS | CIRCUMFERENCES^-1	best LLR -7.50; testable
member	letters A-Z	ANINSTRUCTION | CICADA | CIRCUMFERENCES^-1	best LLR -9.95; testable
member	letters A-Z	ANINSTRUCTION | PRIMES | CIRCUMFERENCES^-1	best LLR -8.59; testable
member	letters A-Z	ANINSTRUCTION | DIVINITY | FIND	best LLR -8.66; testable
member	letters A-Z	ANINSTRUCTION | DIVINITY^-1 | FIND	best LLR -8.82; testable
member	letters A-Z	ANINSTRUCTION | FIRFUMFERENFE | FIND	best LLR -8.93; testable
member	letters A-Z	ANINSTRUCTION | THELOSSOFDIVINITY | FIND	best LLR -7.35; testable
member	letters A-Z	ANINSTRUCTION | ANEND^-1 | FIND	best LLR -8.45; testable
member	letters A-Z	ANINSTRUCTION | LIKE | FIND	best LLR -8.75; testable
member	letters A-Z	ANINSTRUCTION | OWN^-1 | FIND	best LLR -9.66; testable
member	letters A-Z	ANINSTRUCTION | FIND | FIND	best LLR -9.43; testable
member	letters A-Z	ANINSTRUCTION | WITHIN | FIND	best LLR -9.63; testable
member	letters A-Z	ANINSTRUCTION | LIBERPRIMUS | FIND	best LLR -7.72; testable
member	letters A-Z	ANINSTRUCTION | PRIMUS | FIND	best LLR -7.50; testable
member	letters A-Z	ANINSTRUCTION | CICADA | FIND	best LLR -9.95; testable
member	letters A-Z	ANINSTRUCTION | PRIMES | FIND	best LLR -8.59; testable
member	letters A-Z	ANINSTRUCTION | DIVINITY | FIND^-1	best LLR -8.66; testable
member	letters A-Z	ANINSTRUCTION | DIVINITY^-1 | FIND^-1	best LLR -8.82; testable
member	letters A-Z	ANINSTRUCTION | FIRFUMFERENFE | FIND^-1	best LLR -8.93; testable
member	letters A-Z	ANINSTRUCTION | THELOSSOFDIVINITY | FIND^-1	best LLR -7.35; testable
member	letters A-Z	ANINSTRUCTION | ANEND^-1 | FIND^-1	best LLR -8.45; testable
member	letters A-Z	ANINSTRUCTION | LIKE | FIND^-1	best LLR -8.75; testable
member	letters A-Z	ANINSTRUCTION | OWN^-1 | FIND^-1	best LLR -9.66; testable
member	letters A-Z	ANINSTRUCTION | FIND | FIND^-1	best LLR -9.43; testable
member	letters A-Z	ANINSTRUCTION | WITHIN | FIND^-1	best LLR -9.63; testable
member	letters A-Z	ANINSTRUCTION | LIBERPRIMUS | FIND^-1	best LLR -7.72; testable
member	letters A-Z	ANINSTRUCTION | PRIMUS | FIND^-1	best LLR -7.50; testable
member	letters A-Z	ANINSTRUCTION | CICADA | FIND^-1	best LLR -9.95; testable
member	letters A-Z	ANINSTRUCTION | PRIMES | FIND^-1	best LLR -8.59; testable
member	letters A-Z	ANINSTRUCTION | DIVINITY | WITHIN	best LLR -8.66; testable
member	letters A-Z	ANINSTRUCTION | DIVINITY^-1 | WITHIN	best LLR -8.82; testable
member	letters A-Z	ANINSTRUCTION | FIRFUMFERENFE | WITHIN	best LLR -8.93; testable
member	letters A-Z	ANINSTRUCTION | THELOSSOFDIVINITY | WITHIN	best LLR -7.35; testable
member	letters A-Z	ANINSTRUCTION | ANEND^-1 | WITHIN	best LLR -8.45; testable
member	letters A-Z	ANINSTRUCTION | LIKE | WITHIN	best LLR -8.75; testable
member	letters A-Z	ANINSTRUCTION | OWN^-1 | WITHIN	best LLR -9.66; testable
member	letters A-Z	ANINSTRUCTION | FIND | WITHIN	best LLR -9.43; testable
member	letters A-Z	ANINSTRUCTION | WITHIN | WITHIN	best LLR -9.63; testable
member	letters A-Z	ANINSTRUCTION | LIBERPRIMUS | WITHIN	best LLR -7.72; testable
member	letters A-Z	ANINSTRUCTION | PRIMUS | WITHIN	best LLR -7.50; testable
member	letters A-Z	ANINSTRUCTION | CICADA | WITHIN	best LLR -9.95; testable
member	letters A-Z	ANINSTRUCTION | PRIMES | WITHIN	best LLR -8.59; testable
member	letters A-Z	ANINSTRUCTION | DIVINITY | WITHIN^-1	best LLR -8.66; testable
member	letters A-Z	ANINSTRUCTION | DIVINITY^-1 | WITHIN^-1	best LLR -8.82; testable
member	letters A-Z	ANINSTRUCTION | FIRFUMFERENFE | WITHIN^-1	best LLR -8.93; testable
member	letters A-Z	ANINSTRUCTION | THELOSSOFDIVINITY | WITHIN^-1	best LLR -7.35; testable
member	letters A-Z	ANINSTRUCTION | ANEND^-1 | WITHIN^-1	best LLR -8.45; testable
member	letters A-Z	ANINSTRUCTION | LIKE | WITHIN^-1	best LLR -8.75; testable
member	letters A-Z	ANINSTRUCTION | OWN^-1 | WITHIN^-1	best LLR -9.66; testable
member	letters A-Z	ANINSTRUCTION | FIND | WITHIN^-1	best LLR -9.43; testable
member	letters A-Z	ANINSTRUCTION | WITHIN | WITHIN^-1	best LLR -9.63; testable
member	letters A-Z	ANINSTRUCTION | LIBERPRIMUS | WITHIN^-1	best LLR -7.72; testable
member	letters A-Z	ANINSTRUCTION | PRIMUS | WITHIN^-1	best LLR -7.50; testable
member	letters A-Z	ANINSTRUCTION | CICADA | WITHIN^-1	best LLR -9.95; testable
member	letters A-Z	ANINSTRUCTION | PRIMES | WITHIN^-1	best LLR -8.59; testable
member	letters A-Z	ANINSTRUCTION | DIVINITY | AND	best LLR -8.66; testable
member	letters A-Z	ANINSTRUCTION | DIVINITY^-1 | AND	best LLR -8.82; testable
member	letters A-Z	ANINSTRUCTION | FIRFUMFERENFE | AND	best LLR -8.93; testable
member	letters A-Z	ANINSTRUCTION | THELOSSOFDIVINITY | AND	best LLR -7.35; testable
member	letters A-Z	ANINSTRUCTION | ANEND^-1 | AND	best LLR -8.45; testable
member	letters A-Z	ANINSTRUCTION | LIKE | AND	best LLR -8.75; testable
member	letters A-Z	ANINSTRUCTION | OWN^-1 | AND	best LLR -9.66; testable
member	letters A-Z	ANINSTRUCTION | FIND | AND	best LLR -9.43; testable
member	letters A-Z	ANINSTRUCTION | WITHIN | AND	best LLR -9.63; testable
member	letters A-Z	ANINSTRUCTION | LIBERPRIMUS | AND	best LLR -7.72; testable
member	letters A-Z	ANINSTRUCTION | PRIMUS | AND	best LLR -7.50; testable
member	letters A-Z	ANINSTRUCTION | CICADA | AND	best LLR -9.95; testable
member	letters A-Z	ANINSTRUCTION | PRIMES | AND	best LLR -8.59; testable
member	letters A-Z	ANINSTRUCTION | DIVINITY | AND^-1	best LLR -8.66; testable
member	letters A-Z	ANINSTRUCTION | DIVINITY^-1 | AND^-1	best LLR -8.82; testable
member	letters A-Z	ANINSTRUCTION | FIRFUMFERENFE | AND^-1	best LLR -8.93; testable
member	letters A-Z	ANINSTRUCTION | THELOSSOFDIVINITY | AND^-1	best LLR -7.35; testable
member	letters A-Z	ANINSTRUCTION | ANEND^-1 | AND^-1	best LLR -8.45; testable
member	letters A-Z	ANINSTRUCTION | LIKE | AND^-1	best LLR -8.75; testable
member	letters A-Z	ANINSTRUCTION | OWN^-1 | AND^-1	best LLR -9.66; testable
member	letters A-Z	ANINSTRUCTION | FIND | AND^-1	best LLR -9.43; testable
member	letters A-Z	ANINSTRUCTION | WITHIN | AND^-1	best LLR -9.63; testable
member	letters A-Z	ANINSTRUCTION | LIBERPRIMUS | AND^-1	best LLR -7.72; testable
member	letters A-Z	ANINSTRUCTION | PRIMUS | AND^-1	best LLR -7.50; testable
member	letters A-Z	ANINSTRUCTION | CICADA | AND^-1	best LLR -9.95; testable
member	letters A-Z	ANINSTRUCTION | PRIMES | AND^-1	best LLR -8.59; testable
member	letters A-Z	ANINSTRUCTION | DIVINITY | EMERGE	best LLR -8.66; testable
member	letters A-Z	ANINSTRUCTION | DIVINITY^-1 | EMERGE	best LLR -8.82; testable
member	letters A-Z	ANINSTRUCTION | FIRFUMFERENFE | EMERGE	best LLR -8.93; testable
member	letters A-Z	ANINSTRUCTION | THELOSSOFDIVINITY | EMERGE	best LLR -7.35; testable
member	letters A-Z	ANINSTRUCTION | ANEND^-1 | EMERGE	best LLR -8.45; testable
member	letters A-Z	ANINSTRUCTION | LIKE | EMERGE	best LLR -8.75; testable
member	letters A-Z	ANINSTRUCTION | OWN^-1 | EMERGE	best LLR -9.66; testable
member	letters A-Z	ANINSTRUCTION | FIND | EMERGE	best LLR -9.43; testable
member	letters A-Z	ANINSTRUCTION | WITHIN | EMERGE	best LLR -9.63; testable
member	letters A-Z	ANINSTRUCTION | LIBERPRIMUS | EMERGE	best LLR -7.72; testable
member	letters A-Z	ANINSTRUCTION | PRIMUS | EMERGE	best LLR -7.50; testable
member	letters A-Z	ANINSTRUCTION | CICADA | EMERGE	best LLR -9.95; testable
member	letters A-Z	ANINSTRUCTION | PRIMES | EMERGE	best LLR -8.59; testable
member	letters A-Z	ANINSTRUCTION | DIVINITY | EMERGE^-1	best LLR -8.66; testable
member	letters A-Z	ANINSTRUCTION | DIVINITY^-1 | EMERGE^-1	best LLR -8.82; testable
member	letters A-Z	ANINSTRUCTION | FIRFUMFERENFE | EMERGE^-1	best LLR -8.93; testable
member	letters A-Z	ANINSTRUCTION | THELOSSOFDIVINITY | EMERGE^-1	best LLR -7.35; testable
member	letters A-Z	ANINSTRUCTION | ANEND^-1 | EMERGE^-1	best LLR -8.45; testable
member	letters A-Z	ANINSTRUCTION | LIKE | EMERGE^-1	best LLR -8.75; testable
member	letters A-Z	ANINSTRUCTION | OWN^-1 | EMERGE^-1	best LLR -9.66; testable
member	letters A-Z	ANINSTRUCTION | FIND | EMERGE^-1	best LLR -9.43; testable
member	letters A-Z	ANINSTRUCTION | WITHIN | EMERGE^-1	best LLR -9.63; testable
member	letters A-Z	ANINSTRUCTION | LIBERPRIMUS | EMERGE^-1	best LLR -7.72; testable
member	letters A-Z	ANINSTRUCTION | PRIMUS | EMERGE^-1	best LLR -7.50; testable
member	letters A-Z	ANINSTRUCTION | CICADA | EMERGE^-1	best LLR -9.95; testable
member	letters A-Z	ANINSTRUCTION | PRIMES | EMERGE^-1	best LLR -8.59; testable
member	letters A-Z	ANINSTRUCTION | DIVINITY | CIRCUMFERENCE	best LLR -8.66; testable
member	letters A-Z	ANINSTRUCTION | DIVINITY^-1 | CIRCUMFERENCE	best LLR -8.82; testable
member	letters A-Z	ANINSTRUCTION | FIRFUMFERENFE | CIRCUMFERENCE	best LLR -8.93; testable
member	letters A-Z	ANINSTRUCTION | THELOSSOFDIVINITY | CIRCUMFERENCE	best LLR -7.35; testable
member	letters A-Z	ANINSTRUCTION | ANEND^-1 | CIRCUMFERENCE	best LLR -8.45; testable
member	letters A-Z	ANINSTRUCTION | LIKE | CIRCUMFERENCE	best LLR -8.75; testable
member	letters A-Z	ANINSTRUCTION | OWN^-1 | CIRCUMFERENCE	best LLR -9.66; testable
member	letters A-Z	ANINSTRUCTION | FIND | CIRCUMFERENCE	best LLR -9.43; testable
member	letters A-Z	ANINSTRUCTION | WITHIN | CIRCUMFERENCE	best LLR -9.63; testable
member	letters A-Z	ANINSTRUCTION | LIBERPRIMUS | CIRCUMFERENCE	best LLR -7.72; testable
member	letters A-Z	ANINSTRUCTION | PRIMUS | CIRCUMFERENCE	best LLR -7.50; testable
member	letters A-Z	ANINSTRUCTION | CICADA | CIRCUMFERENCE	best LLR -9.95; testable
member	letters A-Z	ANINSTRUCTION | PRIMES | CIRCUMFERENCE	best LLR -8.59; testable
member	letters A-Z	ANINSTRUCTION | DIVINITY | CIRCUMFERENCE^-1	best LLR -8.66; testable
member	letters A-Z	ANINSTRUCTION | DIVINITY^-1 | CIRCUMFERENCE^-1	best LLR -8.82; testable
member	letters A-Z	ANINSTRUCTION | FIRFUMFERENFE | CIRCUMFERENCE^-1	best LLR -8.93; testable
member	letters A-Z	ANINSTRUCTION | THELOSSOFDIVINITY | CIRCUMFERENCE^-1	best LLR -7.35; testable
member	letters A-Z	ANINSTRUCTION | ANEND^-1 | CIRCUMFERENCE^-1	best LLR -8.45; testable
member	letters A-Z	ANINSTRUCTION | LIKE | CIRCUMFERENCE^-1	best LLR -8.75; testable
member	letters A-Z	ANINSTRUCTION | OWN^-1 | CIRCUMFERENCE^-1	best LLR -9.66; testable
member	letters A-Z	ANINSTRUCTION | FIND | CIRCUMFERENCE^-1	best LLR -9.43; testable
member	letters A-Z	ANINSTRUCTION | WITHIN | CIRCUMFERENCE^-1	best LLR -9.63; testable
member	letters A-Z	ANINSTRUCTION | LIBERPRIMUS | CIRCUMFERENCE^-1	best LLR -7.72; testable
member	letters A-Z	ANINSTRUCTION | PRIMUS | CIRCUMFERENCE^-1	best LLR -7.50; testable
member	letters A-Z	ANINSTRUCTION | CICADA | CIRCUMFERENCE^-1	best LLR -9.95; testable
member	letters A-Z	ANINSTRUCTION | PRIMES | CIRCUMFERENCE^-1	best LLR -8.59; testable
member	letters A-Z	ANINSTRUCTION | DIVINITY | LIBERPRIMUS	best LLR -8.66; testable
member	letters A-Z	ANINSTRUCTION | DIVINITY^-1 | LIBERPRIMUS	best LLR -8.82; testable
member	letters A-Z	ANINSTRUCTION | FIRFUMFERENFE | LIBERPRIMUS	best LLR -8.93; testable
member	letters A-Z	ANINSTRUCTION | THELOSSOFDIVINITY | LIBERPRIMUS	best LLR -7.35; testable
member	letters A-Z	ANINSTRUCTION | ANEND^-1 | LIBERPRIMUS	best LLR -8.45; testable
member	letters A-Z	ANINSTRUCTION | LIKE | LIBERPRIMUS	best LLR -8.75; testable
member	letters A-Z	ANINSTRUCTION | OWN^-1 | LIBERPRIMUS	best LLR -9.66; testable
member	letters A-Z	ANINSTRUCTION | FIND | LIBERPRIMUS	best LLR -9.43; testable
member	letters A-Z	ANINSTRUCTION | WITHIN | LIBERPRIMUS	best LLR -9.63; testable
member	letters A-Z	ANINSTRUCTION | LIBERPRIMUS | LIBERPRIMUS	best LLR -7.72; testable
member	letters A-Z	ANINSTRUCTION | PRIMUS | LIBERPRIMUS	best LLR -7.50; testable
member	letters A-Z	ANINSTRUCTION | CICADA | LIBERPRIMUS	best LLR -9.95; testable
member	letters A-Z	ANINSTRUCTION | PRIMES | LIBERPRIMUS	best LLR -8.59; testable
member	letters A-Z	ANINSTRUCTION | DIVINITY | LIBERPRIMUS^-1	best LLR -8.66; testable
member	letters A-Z	ANINSTRUCTION | DIVINITY^-1 | LIBERPRIMUS^-1	best LLR -8.82; testable
member	letters A-Z	ANINSTRUCTION | FIRFUMFERENFE | LIBERPRIMUS^-1	best LLR -8.93; testable
member	letters A-Z	ANINSTRUCTION | THELOSSOFDIVINITY | LIBERPRIMUS^-1	best LLR -7.35; testable
member	letters A-Z	ANINSTRUCTION | ANEND^-1 | LIBERPRIMUS^-1	best LLR -8.45; testable
member	letters A-Z	ANINSTRUCTION | LIKE | LIBERPRIMUS^-1	best LLR -8.75; testable
member	letters A-Z	ANINSTRUCTION | OWN^-1 | LIBERPRIMUS^-1	best LLR -9.66; testable
member	letters A-Z	ANINSTRUCTION | FIND | LIBERPRIMUS^-1	best LLR -9.43; testable
member	letters A-Z	ANINSTRUCTION | WITHIN | LIBERPRIMUS^-1	best LLR -9.63; testable
member	letters A-Z	ANINSTRUCTION | LIBERPRIMUS | LIBERPRIMUS^-1	best LLR -7.72; testable
member	letters A-Z	ANINSTRUCTION | PRIMUS | LIBERPRIMUS^-1	best LLR -7.50; testable
member	letters A-Z	ANINSTRUCTION | CICADA | LIBERPRIMUS^-1	best LLR -9.95; testable
member	letters A-Z	ANINSTRUCTION | PRIMES | LIBERPRIMUS^-1	best LLR -8.59; testable
member	letters A-Z	ANINSTRUCTION | DIVINITY | PRIMUS	best LLR -8.66; testable
member	letters A-Z	ANINSTRUCTION | DIVINITY^-1 | PRIMUS	best LLR -8.82; testable
member	letters A-Z	ANINSTRUCTION | FIRFUMFERENFE | PRIMUS	best LLR -8.93; testable
member	letters A-Z	ANINSTRUCTION | THELOSSOFDIVINITY | PRIMUS	best LLR -7.35; testable
member	letters A-Z	ANINSTRUCTION | ANEND^-1 | PRIMUS	best LLR -8.45; testable
member	letters A-Z	ANINSTRUCTION | LIKE | PRIMUS	best LLR -8.75; testable
member	letters A-Z	ANINSTRUCTION | OWN^-1 | PRIMUS	best LLR -9.66; testable
member	letters A-Z	ANINSTRUCTION | FIND | PRIMUS	best LLR -9.43; testable
member	letters A-Z	ANINSTRUCTION | WITHIN | PRIMUS	best LLR -9.63; testable
member	letters A-Z	ANINSTRUCTION | LIBERPRIMUS | PRIMUS	best LLR -7.72; testable
member	letters A-Z	ANINSTRUCTION | PRIMUS | PRIMUS	best LLR -7.50; testable
member	letters A-Z	ANINSTRUCTION | CICADA | PRIMUS	best LLR -9.95; testable
member	letters A-Z	ANINSTRUCTION | PRIMES | PRIMUS	best LLR -8.59; testable
member	letters A-Z	ANINSTRUCTION | DIVINITY | PRIMUS^-1	best LLR -8.66; testable
member	letters A-Z	ANINSTRUCTION | DIVINITY^-1 | PRIMUS^-1	best LLR -8.82; testable
member	letters A-Z	ANINSTRUCTION | FIRFUMFERENFE | PRIMUS^-1	best LLR -8.93; testable
member	letters A-Z	ANINSTRUCTION | THELOSSOFDIVINITY | PRIMUS^-1	best LLR -7.35; testable
member	letters A-Z	ANINSTRUCTION | ANEND^-1 | PRIMUS^-1	best LLR -8.45; testable
member	letters A-Z	ANINSTRUCTION | LIKE | PRIMUS^-1	best LLR -8.75; testable
member	letters A-Z	ANINSTRUCTION | OWN^-1 | PRIMUS^-1	best LLR -9.66; testable
member	letters A-Z	ANINSTRUCTION | FIND | PRIMUS^-1	best LLR -9.43; testable
member	letters A-Z	ANINSTRUCTION | WITHIN | PRIMUS^-1	best LLR -9.63; testable
member	letters A-Z	ANINSTRUCTION | LIBERPRIMUS | PRIMUS^-1	best LLR -7.72; testable
member	letters A-Z	ANINSTRUCTION | PRIMUS | PRIMUS^-1	best LLR -7.50; testable
member	letters A-Z	ANINSTRUCTION | CICADA | PRIMUS^-1	best LLR -9.95; testable
member	letters A-Z	ANINSTRUCTION | PRIMES | PRIMUS^-1	best LLR -8.59; testable
member	letters A-Z	ANINSTRUCTION | DIVINITY | CICADA	best LLR -8.66; testable
member	letters A-Z	ANINSTRUCTION | DIVINITY^-1 | CICADA	best LLR -8.82; testable
member	letters A-Z	ANINSTRUCTION | FIRFUMFERENFE | CICADA	best LLR -8.93; testable
member	letters A-Z	ANINSTRUCTION | THELOSSOFDIVINITY | CICADA	best LLR -7.35; testable
member	letters A-Z	ANINSTRUCTION | ANEND^-1 | CICADA	best LLR -8.45; testable
member	letters A-Z	ANINSTRUCTION | LIKE | CICADA	best LLR -8.75; testable
member	letters A-Z	ANINSTRUCTION | OWN^-1 | CICADA	best LLR -9.66; testable
member	letters A-Z	ANINSTRUCTION | FIND | CICADA	best LLR -9.43; testable
member	letters A-Z	ANINSTRUCTION | WITHIN | CICADA	best LLR -9.63; testable
member	letters A-Z	ANINSTRUCTION | LIBERPRIMUS | CICADA	best LLR -7.72; testable
member	letters A-Z	ANINSTRUCTION | PRIMUS | CICADA	best LLR -7.50; testable
member	letters A-Z	ANINSTRUCTION | CICADA | CICADA	best LLR -9.95; testable
member	letters A-Z	ANINSTRUCTION | PRIMES | CICADA	best LLR -8.59; testable
member	letters A-Z	ANINSTRUCTION | DIVINITY | CICADA^-1	best LLR -8.66; testable
member	letters A-Z	ANINSTRUCTION | DIVINITY^-1 | CICADA^-1	best LLR -8.82; testable
member	letters A-Z	ANINSTRUCTION | FIRFUMFERENFE | CICADA^-1	best LLR -8.93; testable
member	letters A-Z	ANINSTRUCTION | THELOSSOFDIVINITY | CICADA^-1	best LLR -7.35; testable
member	letters A-Z	ANINSTRUCTION | ANEND^-1 | CICADA^-1	best LLR -8.45; testable
member	letters A-Z	ANINSTRUCTION | LIKE | CICADA^-1	best LLR -8.75; testable
member	letters A-Z	ANINSTRUCTION | OWN^-1 | CICADA^-1	best LLR -9.66; testable
member	letters A-Z	ANINSTRUCTION | FIND | CICADA^-1	best LLR -9.43; testable
member	letters A-Z	ANINSTRUCTION | WITHIN | CICADA^-1	best LLR -9.63; testable
member	letters A-Z	ANINSTRUCTION | LIBERPRIMUS | CICADA^-1	best LLR -7.72; testable
member	letters A-Z	ANINSTRUCTION | PRIMUS | CICADA^-1	best LLR -7.50; testable
member	letters A-Z	ANINSTRUCTION | CICADA | CICADA^-1	best LLR -9.95; testable
member	letters A-Z	ANINSTRUCTION | PRIMES | CICADA^-1	best LLR -8.59; testable
member	letters A-Z	ANINSTRUCTION | DIVINITY | PRIMES	best LLR -8.66; testable
member	letters A-Z	ANINSTRUCTION | DIVINITY^-1 | PRIMES	best LLR -8.82; testable
member	letters A-Z	ANINSTRUCTION | FIRFUMFERENFE | PRIMES	best LLR -8.93; testable
member	letters A-Z	ANINSTRUCTION | THELOSSOFDIVINITY | PRIMES	best LLR -7.35; testable
member	letters A-Z	ANINSTRUCTION | ANEND^-1 | PRIMES	best LLR -8.45; testable
member	letters A-Z	ANINSTRUCTION | LIKE | PRIMES	best LLR -8.75; testable
member	letters A-Z	ANINSTRUCTION | OWN^-1 | PRIMES	best LLR -9.66; testable
member	letters A-Z	ANINSTRUCTION | FIND | PRIMES	best LLR -9.43; testable
member	letters A-Z	ANINSTRUCTION | WITHIN | PRIMES	best LLR -9.63; testable
member	letters A-Z	ANINSTRUCTION | LIBERPRIMUS | PRIMES	best LLR -7.72; testable
member	letters A-Z	ANINSTRUCTION | PRIMUS | PRIMES	best LLR -7.50; testable
member	letters A-Z	ANINSTRUCTION | CICADA | PRIMES	best LLR -9.95; testable
member	letters A-Z	ANINSTRUCTION | PRIMES | PRIMES	best LLR -8.59; testable
member	letters A-Z	ANINSTRUCTION | DIVINITY | PRIMES^-1	best LLR -8.66; testable
member	letters A-Z	ANINSTRUCTION | DIVINITY^-1 | PRIMES^-1	best LLR -8.82; testable
member	letters A-Z	ANINSTRUCTION | FIRFUMFERENFE | PRIMES^-1	best LLR -8.93; testable
member	letters A-Z	ANINSTRUCTION | THELOSSOFDIVINITY | PRIMES^-1	best LLR -7.35; testable
member	letters A-Z	ANINSTRUCTION | ANEND^-1 | PRIMES^-1	best LLR -8.45; testable
member	letters A-Z	ANINSTRUCTION | LIKE | PRIMES^-1	best LLR -8.75; testable
member	letters A-Z	ANINSTRUCTION | OWN^-1 | PRIMES^-1	best LLR -9.66; testable
member	letters A-Z	ANINSTRUCTION | FIND | PRIMES^-1	best LLR -9.43; testable
member	letters A-Z	ANINSTRUCTION | WITHIN | PRIMES^-1	best LLR -9.63; testable
member	letters A-Z	ANINSTRUCTION | LIBERPRIMUS | PRIMES^-1	best LLR -7.72; testable
member	letters A-Z	ANINSTRUCTION | PRIMUS | PRIMES^-1	best LLR -7.50; testable
member	letters A-Z	ANINSTRUCTION | CICADA | PRIMES^-1	best LLR -9.95; testable
member	letters A-Z	ANINSTRUCTION | PRIMES | PRIMES^-1	best LLR -8.59; testable
member	letters A-Z	ANINSTRUCTION | DIVINITY | TOTIENT	best LLR -8.66; testable
member	letters A-Z	ANINSTRUCTION | DIVINITY^-1 | TOTIENT	best LLR -8.82; testable
member	letters A-Z	ANINSTRUCTION | FIRFUMFERENFE | TOTIENT	best LLR -8.93; testable
member	letters A-Z	ANINSTRUCTION | THELOSSOFDIVINITY | TOTIENT	best LLR -7.35; testable
member	letters A-Z	ANINSTRUCTION | ANEND^-1 | TOTIENT	best LLR -8.45; testable
member	letters A-Z	ANINSTRUCTION | LIKE | TOTIENT	best LLR -8.75; testable
member	letters A-Z	ANINSTRUCTION | OWN^-1 | TOTIENT	best LLR -9.66; testable
member	letters A-Z	ANINSTRUCTION | FIND | TOTIENT	best LLR -9.43; testable
member	letters A-Z	ANINSTRUCTION | WITHIN | TOTIENT	best LLR -9.63; testable
member	letters A-Z	ANINSTRUCTION | LIBERPRIMUS | TOTIENT	best LLR -7.72; testable
member	letters A-Z	ANINSTRUCTION | PRIMUS | TOTIENT	best LLR -7.50; testable
member	letters A-Z	ANINSTRUCTION | CICADA | TOTIENT	best LLR -9.95; testable
member	letters A-Z	ANINSTRUCTION | PRIMES | TOTIENT	best LLR -8.59; testable
member	letters A-Z	ANINSTRUCTION | DIVINITY | TOTIENT^-1	best LLR -8.66; testable
member	letters A-Z	ANINSTRUCTION | DIVINITY^-1 | TOTIENT^-1	best LLR -8.82; testable
member	letters A-Z	ANINSTRUCTION | FIRFUMFERENFE | TOTIENT^-1	best LLR -8.93; testable
member	letters A-Z	ANINSTRUCTION | THELOSSOFDIVINITY | TOTIENT^-1	best LLR -7.35; testable
member	letters A-Z	ANINSTRUCTION | ANEND^-1 | TOTIENT^-1	best LLR -8.45; testable
member	letters A-Z	ANINSTRUCTION | LIKE | TOTIENT^-1	best LLR -8.75; testable
member	letters A-Z	ANINSTRUCTION | OWN^-1 | TOTIENT^-1	best LLR -9.66; testable
member	letters A-Z	ANINSTRUCTION | FIND | TOTIENT^-1	best LLR -9.43; testable
member	letters A-Z	ANINSTRUCTION | WITHIN | TOTIENT^-1	best LLR -9.63; testable
member	letters A-Z	ANINSTRUCTION | LIBERPRIMUS | TOTIENT^-1	best LLR -7.72; testable
member	letters A-Z	ANINSTRUCTION | PRIMUS | TOTIENT^-1	best LLR -7.50; testable
member	letters A-Z	ANINSTRUCTION | CICADA | TOTIENT^-1	best LLR -9.95; testable
member	letters A-Z	ANINSTRUCTION | PRIMES | TOTIENT^-1	best LLR -8.59; testable
member	letters A-Z	ANINSTRUCTION^-1 | DIVINITY | id	best LLR -9.46; testable
member	letters A-Z	ANINSTRUCTION^-1 | INSTAR | id	best LLR -8.87; testable
member	letters A-Z	ANINSTRUCTION^-1 | LIBERPRIMUS | id	best LLR -8.32; testable
member	letters A-Z	ANINSTRUCTION^-1 | DIVINITY | FIRFUMFERENFE	best LLR -9.46; testable
member	letters A-Z	ANINSTRUCTION^-1 | INSTAR | FIRFUMFERENFE	best LLR -8.87; testable
member	letters A-Z	ANINSTRUCTION^-1 | LIBERPRIMUS | FIRFUMFERENFE	best LLR -8.32; testable
member	letters A-Z	ANINSTRUCTION^-1 | DIVINITY | FIRFUMFERENFE^-1	best LLR -9.46; testable
member	letters A-Z	ANINSTRUCTION^-1 | INSTAR | FIRFUMFERENFE^-1	best LLR -8.87; testable
member	letters A-Z	ANINSTRUCTION^-1 | LIBERPRIMUS | FIRFUMFERENFE^-1	best LLR -8.32; testable
member	letters A-Z	ANINSTRUCTION^-1 | DIVINITY | AWARNING	best LLR -9.46; testable
member	letters A-Z	ANINSTRUCTION^-1 | INSTAR | AWARNING	best LLR -8.87; testable
member	letters A-Z	ANINSTRUCTION^-1 | LIBERPRIMUS | AWARNING	best LLR -8.32; testable
member	letters A-Z	ANINSTRUCTION^-1 | DIVINITY | AWARNING^-1	best LLR -9.46; testable
member	letters A-Z	ANINSTRUCTION^-1 | INSTAR | AWARNING^-1	best LLR -8.87; testable
member	letters A-Z	ANINSTRUCTION^-1 | LIBERPRIMUS | AWARNING^-1	best LLR -8.32; testable
member	letters A-Z	ANINSTRUCTION^-1 | DIVINITY | WELCOME	best LLR -9.46; testable
member	letters A-Z	ANINSTRUCTION^-1 | INSTAR | WELCOME	best LLR -8.87; testable
member	letters A-Z	ANINSTRUCTION^-1 | LIBERPRIMUS | WELCOME	best LLR -8.32; testable
member	letters A-Z	ANINSTRUCTION^-1 | DIVINITY | WELCOME^-1	best LLR -9.46; testable
member	letters A-Z	ANINSTRUCTION^-1 | INSTAR | WELCOME^-1	best LLR -8.87; testable
member	letters A-Z	ANINSTRUCTION^-1 | LIBERPRIMUS | WELCOME^-1	best LLR -8.32; testable
member	letters A-Z	ANINSTRUCTION^-1 | DIVINITY | WISDOM	best LLR -9.46; testable
member	letters A-Z	ANINSTRUCTION^-1 | INSTAR | WISDOM	best LLR -8.87; testable
member	letters A-Z	ANINSTRUCTION^-1 | LIBERPRIMUS | WISDOM	best LLR -8.32; testable
member	letters A-Z	ANINSTRUCTION^-1 | DIVINITY | WISDOM^-1	best LLR -9.46; testable
member	letters A-Z	ANINSTRUCTION^-1 | INSTAR | WISDOM^-1	best LLR -8.87; testable
member	letters A-Z	ANINSTRUCTION^-1 | LIBERPRIMUS | WISDOM^-1	best LLR -8.32; testable
member	letters A-Z	ANINSTRUCTION^-1 | DIVINITY | SOMEWISDOM	best LLR -9.46; testable
member	letters A-Z	ANINSTRUCTION^-1 | INSTAR | SOMEWISDOM	best LLR -8.87; testable
member	letters A-Z	ANINSTRUCTION^-1 | LIBERPRIMUS | SOMEWISDOM	best LLR -8.32; testable
member	letters A-Z	ANINSTRUCTION^-1 | DIVINITY | SOMEWISDOM^-1	best LLR -9.46; testable
member	letters A-Z	ANINSTRUCTION^-1 | INSTAR | SOMEWISDOM^-1	best LLR -8.87; testable
member	letters A-Z	ANINSTRUCTION^-1 | LIBERPRIMUS | SOMEWISDOM^-1	best LLR -8.32; testable
member	letters A-Z	ANINSTRUCTION^-1 | DIVINITY | KNOWTHIS	best LLR -9.46; testable
member	letters A-Z	ANINSTRUCTION^-1 | INSTAR | KNOWTHIS	best LLR -8.87; testable
member	letters A-Z	ANINSTRUCTION^-1 | LIBERPRIMUS | KNOWTHIS	best LLR -8.32; testable
member	letters A-Z	ANINSTRUCTION^-1 | DIVINITY | KNOWTHIS^-1	best LLR -9.46; testable
member	letters A-Z	ANINSTRUCTION^-1 | INSTAR | KNOWTHIS^-1	best LLR -8.87; testable
member	letters A-Z	ANINSTRUCTION^-1 | LIBERPRIMUS | KNOWTHIS^-1	best LLR -8.32; testable
member	letters A-Z	ANINSTRUCTION^-1 | DIVINITY | AKOAN	best LLR -9.46; testable
member	letters A-Z	ANINSTRUCTION^-1 | INSTAR | AKOAN	best LLR -8.87; testable
member	letters A-Z	ANINSTRUCTION^-1 | LIBERPRIMUS | AKOAN	best LLR -8.32; testable
member	letters A-Z	ANINSTRUCTION^-1 | DIVINITY | AKOAN^-1	best LLR -9.46; testable
member	letters A-Z	ANINSTRUCTION^-1 | INSTAR | AKOAN^-1	best LLR -8.87; testable
member	letters A-Z	ANINSTRUCTION^-1 | LIBERPRIMUS | AKOAN^-1	best LLR -8.32; testable
member	letters A-Z	ANINSTRUCTION^-1 | DIVINITY | ANEND	best LLR -9.46; testable
member	letters A-Z	ANINSTRUCTION^-1 | INSTAR | ANEND	best LLR -8.87; testable
member	letters A-Z	ANINSTRUCTION^-1 | LIBERPRIMUS | ANEND	best LLR -8.32; testable
member	letters A-Z	ANINSTRUCTION^-1 | DIVINITY | ANEND^-1	best LLR -9.46; testable
member	letters A-Z	ANINSTRUCTION^-1 | INSTAR | ANEND^-1	best LLR -8.87; testable
member	letters A-Z	ANINSTRUCTION^-1 | LIBERPRIMUS | ANEND^-1	best LLR -8.32; testable
member	letters A-Z	ANINSTRUCTION^-1 | DIVINITY | PARABLE	best LLR -9.46; testable
member	letters A-Z	ANINSTRUCTION^-1 | INSTAR | PARABLE	best LLR -8.87; testable
member	letters A-Z	ANINSTRUCTION^-1 | LIBERPRIMUS | PARABLE	best LLR -8.32; testable
member	letters A-Z	ANINSTRUCTION^-1 | DIVINITY | PARABLE^-1	best LLR -9.46; testable
member	letters A-Z	ANINSTRUCTION^-1 | INSTAR | PARABLE^-1	best LLR -8.87; testable
member	letters A-Z	ANINSTRUCTION^-1 | LIBERPRIMUS | PARABLE^-1	best LLR -8.32; testable
member	letters A-Z	ANINSTRUCTION^-1 | DIVINITY | LIKE	best LLR -9.46; testable
member	letters A-Z	ANINSTRUCTION^-1 | INSTAR | LIKE	best LLR -8.87; testable
member	letters A-Z	ANINSTRUCTION^-1 | LIBERPRIMUS | LIKE	best LLR -8.32; testable
member	letters A-Z	ANINSTRUCTION^-1 | DIVINITY | LIKE^-1	best LLR -9.46; testable
member	letters A-Z	ANINSTRUCTION^-1 | INSTAR | LIKE^-1	best LLR -8.87; testable
member	letters A-Z	ANINSTRUCTION^-1 | LIBERPRIMUS | LIKE^-1	best LLR -8.32; testable
member	letters A-Z	ANINSTRUCTION^-1 | DIVINITY | THE	best LLR -9.46; testable
member	letters A-Z	ANINSTRUCTION^-1 | INSTAR | THE	best LLR -8.87; testable
member	letters A-Z	ANINSTRUCTION^-1 | LIBERPRIMUS | THE	best LLR -8.32; testable
member	letters A-Z	ANINSTRUCTION^-1 | DIVINITY | THE^-1	best LLR -9.46; testable
member	letters A-Z	ANINSTRUCTION^-1 | INSTAR | THE^-1	best LLR -8.87; testable
member	letters A-Z	ANINSTRUCTION^-1 | LIBERPRIMUS | THE^-1	best LLR -8.32; testable
member	letters A-Z	ANINSTRUCTION^-1 | DIVINITY | INSTAR	best LLR -9.46; testable
member	letters A-Z	ANINSTRUCTION^-1 | INSTAR | INSTAR	best LLR -8.87; testable
member	letters A-Z	ANINSTRUCTION^-1 | LIBERPRIMUS | INSTAR	best LLR -8.32; testable
member	letters A-Z	ANINSTRUCTION^-1 | DIVINITY | INSTAR^-1	best LLR -9.46; testable
member	letters A-Z	ANINSTRUCTION^-1 | INSTAR | INSTAR^-1	best LLR -8.87; testable
member	letters A-Z	ANINSTRUCTION^-1 | LIBERPRIMUS | INSTAR^-1	best LLR -8.32; testable
member	letters A-Z	ANINSTRUCTION^-1 | DIVINITY | TUNNELING	best LLR -9.46; testable
member	letters A-Z	ANINSTRUCTION^-1 | INSTAR | TUNNELING	best LLR -8.87; testable
member	letters A-Z	ANINSTRUCTION^-1 | LIBERPRIMUS | TUNNELING	best LLR -8.32; testable
member	letters A-Z	ANINSTRUCTION^-1 | DIVINITY | TUNNELING^-1	best LLR -9.46; testable
member	letters A-Z	ANINSTRUCTION^-1 | INSTAR | TUNNELING^-1	best LLR -8.87; testable
member	letters A-Z	ANINSTRUCTION^-1 | LIBERPRIMUS | TUNNELING^-1	best LLR -8.32; testable
member	letters A-Z	ANINSTRUCTION^-1 | DIVINITY | TO	best LLR -9.46; testable
member	letters A-Z	ANINSTRUCTION^-1 | INSTAR | TO	best LLR -8.87; testable
member	letters A-Z	ANINSTRUCTION^-1 | LIBERPRIMUS | TO	best LLR -8.32; testable
member	letters A-Z	ANINSTRUCTION^-1 | DIVINITY | TO^-1	best LLR -9.46; testable
member	letters A-Z	ANINSTRUCTION^-1 | INSTAR | TO^-1	best LLR -8.87; testable
member	letters A-Z	ANINSTRUCTION^-1 | LIBERPRIMUS | TO^-1	best LLR -8.32; testable
member	letters A-Z	ANINSTRUCTION^-1 | DIVINITY | SURFACE	best LLR -9.46; testable
member	letters A-Z	ANINSTRUCTION^-1 | INSTAR | SURFACE	best LLR -8.87; testable
member	letters A-Z	ANINSTRUCTION^-1 | LIBERPRIMUS | SURFACE	best LLR -8.32; testable
member	letters A-Z	ANINSTRUCTION^-1 | DIVINITY | SURFACE^-1	best LLR -9.46; testable
member	letters A-Z	ANINSTRUCTION^-1 | INSTAR | SURFACE^-1	best LLR -8.87; testable
member	letters A-Z	ANINSTRUCTION^-1 | LIBERPRIMUS | SURFACE^-1	best LLR -8.32; testable
member	letters A-Z	ANINSTRUCTION^-1 | DIVINITY | WE	best LLR -9.46; testable
member	letters A-Z	ANINSTRUCTION^-1 | INSTAR | WE	best LLR -8.87; testable
member	letters A-Z	ANINSTRUCTION^-1 | LIBERPRIMUS | WE	best LLR -8.32; testable
member	letters A-Z	ANINSTRUCTION^-1 | DIVINITY | WE^-1	best LLR -9.46; testable
member	letters A-Z	ANINSTRUCTION^-1 | INSTAR | WE^-1	best LLR -8.87; testable
member	letters A-Z	ANINSTRUCTION^-1 | LIBERPRIMUS | WE^-1	best LLR -8.32; testable
member	letters A-Z	ANINSTRUCTION^-1 | DIVINITY | MUST	best LLR -9.46; testable
member	letters A-Z	ANINSTRUCTION^-1 | INSTAR | MUST	best LLR -8.87; testable
member	letters A-Z	ANINSTRUCTION^-1 | LIBERPRIMUS | MUST	best LLR -8.32; testable
member	letters A-Z	ANINSTRUCTION^-1 | DIVINITY | MUST^-1	best LLR -9.46; testable
member	letters A-Z	ANINSTRUCTION^-1 | INSTAR | MUST^-1	best LLR -8.87; testable
member	letters A-Z	ANINSTRUCTION^-1 | LIBERPRIMUS | MUST^-1	best LLR -8.32; testable
member	letters A-Z	ANINSTRUCTION^-1 | DIVINITY | SHED	best LLR -9.46; testable
member	letters A-Z	ANINSTRUCTION^-1 | INSTAR | SHED	best LLR -8.87; testable
member	letters A-Z	ANINSTRUCTION^-1 | LIBERPRIMUS | SHED	best LLR -8.32; testable
member	letters A-Z	ANINSTRUCTION^-1 | DIVINITY | SHED^-1	best LLR -9.46; testable
member	letters A-Z	ANINSTRUCTION^-1 | INSTAR | SHED^-1	best LLR -8.87; testable
member	letters A-Z	ANINSTRUCTION^-1 | LIBERPRIMUS | SHED^-1	best LLR -8.32; testable
member	letters A-Z	ANINSTRUCTION^-1 | DIVINITY | OUR	best LLR -9.46; testable
member	letters A-Z	ANINSTRUCTION^-1 | INSTAR | OUR	best LLR -8.87; testable
member	letters A-Z	ANINSTRUCTION^-1 | LIBERPRIMUS | OUR	best LLR -8.32; testable
member	letters A-Z	ANINSTRUCTION^-1 | DIVINITY | OWN	best LLR -9.46; testable
member	letters A-Z	ANINSTRUCTION^-1 | INSTAR | OWN	best LLR -8.87; testable
member	letters A-Z	ANINSTRUCTION^-1 | LIBERPRIMUS | OWN	best LLR -8.32; testable
member	letters A-Z	ANINSTRUCTION^-1 | DIVINITY | OWN^-1	best LLR -9.46; testable
member	letters A-Z	ANINSTRUCTION^-1 | INSTAR | OWN^-1	best LLR -8.87; testable
member	letters A-Z	ANINSTRUCTION^-1 | LIBERPRIMUS | OWN^-1	best LLR -8.32; testable
member	letters A-Z	ANINSTRUCTION^-1 | DIVINITY | CIRCUMFERENCES	best LLR -9.46; testable
member	letters A-Z	ANINSTRUCTION^-1 | INSTAR | CIRCUMFERENCES	best LLR -8.87; testable
member	letters A-Z	ANINSTRUCTION^-1 | LIBERPRIMUS | CIRCUMFERENCES	best LLR -8.32; testable
member	letters A-Z	ANINSTRUCTION^-1 | DIVINITY | CIRCUMFERENCES^-1	best LLR -9.46; testable
member	letters A-Z	ANINSTRUCTION^-1 | INSTAR | CIRCUMFERENCES^-1	best LLR -8.87; testable
member	letters A-Z	ANINSTRUCTION^-1 | LIBERPRIMUS | CIRCUMFERENCES^-1	best LLR -8.32; testable
member	letters A-Z	ANINSTRUCTION^-1 | DIVINITY | FIND	best LLR -9.46; testable
member	letters A-Z	ANINSTRUCTION^-1 | INSTAR | FIND	best LLR -8.87; testable
member	letters A-Z	ANINSTRUCTION^-1 | LIBERPRIMUS | FIND	best LLR -8.32; testable
member	letters A-Z	ANINSTRUCTION^-1 | DIVINITY | FIND^-1	best LLR -9.46; testable
member	letters A-Z	ANINSTRUCTION^-1 | INSTAR | FIND^-1	best LLR -8.87; testable
member	letters A-Z	ANINSTRUCTION^-1 | LIBERPRIMUS | FIND^-1	best LLR -8.32; testable
member	letters A-Z	ANINSTRUCTION^-1 | DIVINITY | WITHIN	best LLR -9.46; testable
member	letters A-Z	ANINSTRUCTION^-1 | INSTAR | WITHIN	best LLR -8.87; testable
member	letters A-Z	ANINSTRUCTION^-1 | LIBERPRIMUS | WITHIN	best LLR -8.32; testable
member	letters A-Z	ANINSTRUCTION^-1 | DIVINITY | WITHIN^-1	best LLR -9.46; testable
member	letters A-Z	ANINSTRUCTION^-1 | INSTAR | WITHIN^-1	best LLR -8.87; testable
member	letters A-Z	ANINSTRUCTION^-1 | LIBERPRIMUS | WITHIN^-1	best LLR -8.32; testable
member	letters A-Z	ANINSTRUCTION^-1 | DIVINITY | AND	best LLR -9.46; testable
member	letters A-Z	ANINSTRUCTION^-1 | INSTAR | AND	best LLR -8.87; testable
member	letters A-Z	ANINSTRUCTION^-1 | LIBERPRIMUS | AND	best LLR -8.32; testable
member	letters A-Z	ANINSTRUCTION^-1 | DIVINITY | AND^-1	best LLR -9.46; testable
member	letters A-Z	ANINSTRUCTION^-1 | INSTAR | AND^-1	best LLR -8.87; testable
member	letters A-Z	ANINSTRUCTION^-1 | LIBERPRIMUS | AND^-1	best LLR -8.32; testable
member	letters A-Z	ANINSTRUCTION^-1 | DIVINITY | EMERGE	best LLR -9.46; testable
member	letters A-Z	ANINSTRUCTION^-1 | INSTAR | EMERGE	best LLR -8.87; testable
member	letters A-Z	ANINSTRUCTION^-1 | LIBERPRIMUS | EMERGE	best LLR -8.32; testable
member	letters A-Z	ANINSTRUCTION^-1 | DIVINITY | EMERGE^-1	best LLR -9.46; testable
member	letters A-Z	ANINSTRUCTION^-1 | INSTAR | EMERGE^-1	best LLR -8.87; testable
member	letters A-Z	ANINSTRUCTION^-1 | LIBERPRIMUS | EMERGE^-1	best LLR -8.32; testable
member	letters A-Z	ANINSTRUCTION^-1 | DIVINITY | CIRCUMFERENCE	best LLR -9.46; testable
member	letters A-Z	ANINSTRUCTION^-1 | INSTAR | CIRCUMFERENCE	best LLR -8.87; testable
member	letters A-Z	ANINSTRUCTION^-1 | LIBERPRIMUS | CIRCUMFERENCE	best LLR -8.32; testable
member	letters A-Z	ANINSTRUCTION^-1 | DIVINITY | CIRCUMFERENCE^-1	best LLR -9.46; testable
member	letters A-Z	ANINSTRUCTION^-1 | INSTAR | CIRCUMFERENCE^-1	best LLR -8.87; testable
member	letters A-Z	ANINSTRUCTION^-1 | LIBERPRIMUS | CIRCUMFERENCE^-1	best LLR -8.32; testable
member	letters A-Z	ANINSTRUCTION^-1 | DIVINITY | LIBERPRIMUS	best LLR -9.46; testable
member	letters A-Z	ANINSTRUCTION^-1 | INSTAR | LIBERPRIMUS	best LLR -8.87; testable
member	letters A-Z	ANINSTRUCTION^-1 | LIBERPRIMUS | LIBERPRIMUS	best LLR -8.32; testable
member	letters A-Z	ANINSTRUCTION^-1 | DIVINITY | LIBERPRIMUS^-1	best LLR -9.46; testable
member	letters A-Z	ANINSTRUCTION^-1 | INSTAR | LIBERPRIMUS^-1	best LLR -8.87; testable
member	letters A-Z	ANINSTRUCTION^-1 | LIBERPRIMUS | LIBERPRIMUS^-1	best LLR -8.32; testable
member	letters A-Z	ANINSTRUCTION^-1 | DIVINITY | PRIMUS	best LLR -9.46; testable
member	letters A-Z	ANINSTRUCTION^-1 | INSTAR | PRIMUS	best LLR -8.87; testable
member	letters A-Z	ANINSTRUCTION^-1 | LIBERPRIMUS | PRIMUS	best LLR -8.32; testable
member	letters A-Z	ANINSTRUCTION^-1 | DIVINITY | PRIMUS^-1	best LLR -9.46; testable
member	letters A-Z	ANINSTRUCTION^-1 | INSTAR | PRIMUS^-1	best LLR -8.87; testable
member	letters A-Z	ANINSTRUCTION^-1 | LIBERPRIMUS | PRIMUS^-1	best LLR -8.32; testable
member	letters A-Z	ANINSTRUCTION^-1 | DIVINITY | CICADA	best LLR -9.46; testable
member	letters A-Z	ANINSTRUCTION^-1 | INSTAR | CICADA	best LLR -8.87; testable
member	letters A-Z	ANINSTRUCTION^-1 | LIBERPRIMUS | CICADA	best LLR -8.32; testable
member	letters A-Z	ANINSTRUCTION^-1 | DIVINITY | CICADA^-1	best LLR -9.46; testable
member	letters A-Z	ANINSTRUCTION^-1 | INSTAR | CICADA^-1	best LLR -8.87; testable
member	letters A-Z	ANINSTRUCTION^-1 | LIBERPRIMUS | CICADA^-1	best LLR -8.32; testable
member	letters A-Z	ANINSTRUCTION^-1 | DIVINITY | PRIMES	best LLR -9.46; testable
member	letters A-Z	ANINSTRUCTION^-1 | INSTAR | PRIMES	best LLR -8.87; testable
member	letters A-Z	ANINSTRUCTION^-1 | LIBERPRIMUS | PRIMES	best LLR -8.32; testable
member	letters A-Z	ANINSTRUCTION^-1 | DIVINITY | PRIMES^-1	best LLR -9.46; testable
member	letters A-Z	ANINSTRUCTION^-1 | INSTAR | PRIMES^-1	best LLR -8.87; testable
member	letters A-Z	ANINSTRUCTION^-1 | LIBERPRIMUS | PRIMES^-1	best LLR -8.32; testable
member	letters A-Z	ANINSTRUCTION^-1 | DIVINITY | TOTIENT	best LLR -9.46; testable
member	letters A-Z	ANINSTRUCTION^-1 | INSTAR | TOTIENT	best LLR -8.87; testable
member	letters A-Z	ANINSTRUCTION^-1 | LIBERPRIMUS | TOTIENT	best LLR -8.32; testable
member	letters A-Z	ANINSTRUCTION^-1 | DIVINITY | TOTIENT^-1	best LLR -9.46; testable
member	letters A-Z	ANINSTRUCTION^-1 | INSTAR | TOTIENT^-1	best LLR -8.87; testable
member	letters A-Z	ANINSTRUCTION^-1 | LIBERPRIMUS | TOTIENT^-1	best LLR -8.32; testable
member	letters A-Z	THELOSSOFDIVINITY^-1 | id | id	best LLR -8.80; testable
member	letters A-Z	THELOSSOFDIVINITY^-1 | FIRFUMFERENFE | id	best LLR -9.45; testable
member	letters A-Z	THELOSSOFDIVINITY^-1 | WISDOM^-1 | id	best LLR -9.81; testable
member	letters A-Z	THELOSSOFDIVINITY^-1 | ANEND^-1 | id	best LLR -9.58; testable
member	letters A-Z	THELOSSOFDIVINITY^-1 | LIKE | id	best LLR -8.69; testable
member	letters A-Z	THELOSSOFDIVINITY^-1 | THE | id	best LLR -9.72; testable
member	letters A-Z	THELOSSOFDIVINITY^-1 | THE^-1 | id	best LLR -9.36; testable
member	letters A-Z	THELOSSOFDIVINITY^-1 | TO | id	best LLR -9.56; testable
member	letters A-Z	THELOSSOFDIVINITY^-1 | SHED^-1 | id	best LLR -8.61; testable
member	letters A-Z	THELOSSOFDIVINITY^-1 | OUR | id	best LLR -9.01; testable
member	letters A-Z	THELOSSOFDIVINITY^-1 | CIRCUMFERENCES | id	best LLR -8.96; testable
member	letters A-Z	THELOSSOFDIVINITY^-1 | CIRCUMFERENCES^-1 | id	best LLR -8.13; testable
member	letters A-Z	THELOSSOFDIVINITY^-1 | AND^-1 | id	best LLR -8.74; testable
member	letters A-Z	THELOSSOFDIVINITY^-1 | CIRCUMFERENCE^-1 | id	best LLR -9.07; testable
member	letters A-Z	THELOSSOFDIVINITY^-1 | CICADA | id	best LLR -7.10; testable
member	letters A-Z	THELOSSOFDIVINITY^-1 | DIVINITY | DIVINITY	best LLR -7.07; testable
member	letters A-Z	THELOSSOFDIVINITY^-1 | FIRFUMFERENFE | DIVINITY	best LLR -9.56; testable
member	letters A-Z	THELOSSOFDIVINITY^-1 | AKOAN | DIVINITY	best LLR -8.88; testable
member	letters A-Z	THELOSSOFDIVINITY^-1 | ANINSTRUCTION^-1 | DIVINITY	best LLR -7.46; testable
member	letters A-Z	THELOSSOFDIVINITY^-1 | THELOSSOFDIVINITY | DIVINITY	best LLR -7.02; testable
member	letters A-Z	THELOSSOFDIVINITY^-1 | LIKE | DIVINITY	best LLR -8.15; testable
member	letters A-Z	THELOSSOFDIVINITY^-1 | LIKE^-1 | DIVINITY	best LLR -9.89; testable
member	letters A-Z	THELOSSOFDIVINITY^-1 | THE | DIVINITY	best LLR -9.12; testable
member	letters A-Z	THELOSSOFDIVINITY^-1 | INSTAR | DIVINITY	best LLR -9.07; testable
member	letters A-Z	THELOSSOFDIVINITY^-1 | TO | DIVINITY	best LLR -9.37; testable
member	letters A-Z	THELOSSOFDIVINITY^-1 | WE^-1 | DIVINITY	best LLR -8.14; testable
member	letters A-Z	THELOSSOFDIVINITY^-1 | SHED^-1 | DIVINITY	best LLR -8.01; testable
member	letters A-Z	THELOSSOFDIVINITY^-1 | CIRCUMFERENCES^-1 | DIVINITY	best LLR -6.85; testable
member	letters A-Z	THELOSSOFDIVINITY^-1 | FIND | DIVINITY	best LLR -4.85; testable
member	letters A-Z	THELOSSOFDIVINITY^-1 | AND^-1 | DIVINITY	best LLR -7.73; testable
member	letters A-Z	THELOSSOFDIVINITY^-1 | CICADA | DIVINITY	best LLR -5.43; testable
member	letters A-Z	THELOSSOFDIVINITY^-1 | TOTIENT | DIVINITY	best LLR -8.09; testable
member	letters A-Z	THELOSSOFDIVINITY^-1 | TOTIENT^-1 | DIVINITY	best LLR -9.66; testable
member	letters A-Z	THELOSSOFDIVINITY^-1 | FIRFUMFERENFE | DIVINITY^-1	best LLR -3.56; testable
member	letters A-Z	THELOSSOFDIVINITY^-1 | FIRFUMFERENFE^-1 | DIVINITY^-1	best LLR -5.80; testable
member	letters A-Z	THELOSSOFDIVINITY^-1 | SOMEWISDOM | DIVINITY^-1	best LLR -9.27; testable
member	letters A-Z	THELOSSOFDIVINITY^-1 | KNOWTHIS | DIVINITY^-1	best LLR -8.95; testable
member	letters A-Z	THELOSSOFDIVINITY^-1 | AKOAN^-1 | DIVINITY^-1	best LLR -6.48; testable
member	letters A-Z	THELOSSOFDIVINITY^-1 | ANINSTRUCTION^-1 | DIVINITY^-1	best LLR -9.18; testable
member	letters A-Z	THELOSSOFDIVINITY^-1 | ANEND^-1 | DIVINITY^-1	best LLR -4.87; testable
member	letters A-Z	THELOSSOFDIVINITY^-1 | PARABLE | DIVINITY^-1	best LLR -5.27; testable
member	letters A-Z	THELOSSOFDIVINITY^-1 | PARABLE^-1 | DIVINITY^-1	best LLR -6.51; testable
member	letters A-Z	THELOSSOFDIVINITY^-1 | LIKE | DIVINITY^-1	best LLR -4.41; testable
member	letters A-Z	THELOSSOFDIVINITY^-1 | INSTAR | DIVINITY^-1	best LLR -8.48; testable
member	letters A-Z	THELOSSOFDIVINITY^-1 | TO | DIVINITY^-1	best LLR -8.99; testable
member	letters A-Z	THELOSSOFDIVINITY^-1 | SURFACE | DIVINITY^-1	best LLR -8.79; testable
member	letters A-Z	THELOSSOFDIVINITY^-1 | WE^-1 | DIVINITY^-1	best LLR -7.79; testable
member	letters A-Z	THELOSSOFDIVINITY^-1 | MUST | DIVINITY^-1	best LLR -7.31; testable
member	letters A-Z	THELOSSOFDIVINITY^-1 | MUST^-1 | DIVINITY^-1	best LLR -7.00; testable
member	letters A-Z	THELOSSOFDIVINITY^-1 | OWN^-1 | DIVINITY^-1	best LLR -7.39; testable
member	letters A-Z	THELOSSOFDIVINITY^-1 | CIRCUMFERENCES | DIVINITY^-1	best LLR -5.64; testable
member	letters A-Z	THELOSSOFDIVINITY^-1 | FIND^-1 | DIVINITY^-1	best LLR -8.69; testable
member	letters A-Z	THELOSSOFDIVINITY^-1 | AND^-1 | DIVINITY^-1	best LLR -7.69; testable
member	letters A-Z	THELOSSOFDIVINITY^-1 | EMERGE | DIVINITY^-1	best LLR -8.32; testable
member	letters A-Z	THELOSSOFDIVINITY^-1 | LIBERPRIMUS^-1 | DIVINITY^-1	best LLR -8.04; testable
member	letters A-Z	THELOSSOFDIVINITY^-1 | PRIMUS | DIVINITY^-1	best LLR -8.10; testable
member	letters A-Z	THELOSSOFDIVINITY^-1 | PRIMES^-1 | DIVINITY^-1	best LLR -9.49; testable
member	letters A-Z	THELOSSOFDIVINITY^-1 | id | FIRFUMFERENFE	best LLR -8.80; testable
member	letters A-Z	THELOSSOFDIVINITY^-1 | FIRFUMFERENFE | FIRFUMFERENFE	best LLR -9.45; testable
member	letters A-Z	THELOSSOFDIVINITY^-1 | WISDOM^-1 | FIRFUMFERENFE	best LLR -9.81; testable
member	letters A-Z	THELOSSOFDIVINITY^-1 | ANEND^-1 | FIRFUMFERENFE	best LLR -9.58; testable
member	letters A-Z	THELOSSOFDIVINITY^-1 | LIKE | FIRFUMFERENFE	best LLR -8.69; testable
member	letters A-Z	THELOSSOFDIVINITY^-1 | THE | FIRFUMFERENFE	best LLR -9.72; testable
member	letters A-Z	THELOSSOFDIVINITY^-1 | THE^-1 | FIRFUMFERENFE	best LLR -9.36; testable
member	letters A-Z	THELOSSOFDIVINITY^-1 | TO | FIRFUMFERENFE	best LLR -9.56; testable
member	letters A-Z	THELOSSOFDIVINITY^-1 | SHED^-1 | FIRFUMFERENFE	best LLR -8.61; testable
member	letters A-Z	THELOSSOFDIVINITY^-1 | OUR | FIRFUMFERENFE	best LLR -9.01; testable
member	letters A-Z	THELOSSOFDIVINITY^-1 | CIRCUMFERENCES | FIRFUMFERENFE	best LLR -8.96; testable
member	letters A-Z	THELOSSOFDIVINITY^-1 | CIRCUMFERENCES^-1 | FIRFUMFERENFE	best LLR -8.13; testable
member	letters A-Z	THELOSSOFDIVINITY^-1 | AND^-1 | FIRFUMFERENFE	best LLR -8.74; testable
member	letters A-Z	THELOSSOFDIVINITY^-1 | CIRCUMFERENCE^-1 | FIRFUMFERENFE	best LLR -9.07; testable
member	letters A-Z	THELOSSOFDIVINITY^-1 | CICADA | FIRFUMFERENFE	best LLR -7.10; testable
member	letters A-Z	THELOSSOFDIVINITY^-1 | id | FIRFUMFERENFE^-1	best LLR -8.80; testable
member	letters A-Z	THELOSSOFDIVINITY^-1 | FIRFUMFERENFE | FIRFUMFERENFE^-1	best LLR -9.45; testable
member	letters A-Z	THELOSSOFDIVINITY^-1 | WISDOM^-1 | FIRFUMFERENFE^-1	best LLR -9.81; testable
member	letters A-Z	THELOSSOFDIVINITY^-1 | ANEND^-1 | FIRFUMFERENFE^-1	best LLR -9.58; testable
member	letters A-Z	THELOSSOFDIVINITY^-1 | LIKE | FIRFUMFERENFE^-1	best LLR -8.69; testable
member	letters A-Z	THELOSSOFDIVINITY^-1 | THE | FIRFUMFERENFE^-1	best LLR -9.72; testable
member	letters A-Z	THELOSSOFDIVINITY^-1 | THE^-1 | FIRFUMFERENFE^-1	best LLR -9.36; testable
member	letters A-Z	THELOSSOFDIVINITY^-1 | TO | FIRFUMFERENFE^-1	best LLR -9.56; testable
member	letters A-Z	THELOSSOFDIVINITY^-1 | SHED^-1 | FIRFUMFERENFE^-1	best LLR -8.61; testable
member	letters A-Z	THELOSSOFDIVINITY^-1 | OUR | FIRFUMFERENFE^-1	best LLR -9.01; testable
member	letters A-Z	THELOSSOFDIVINITY^-1 | CIRCUMFERENCES | FIRFUMFERENFE^-1	best LLR -8.96; testable
member	letters A-Z	THELOSSOFDIVINITY^-1 | CIRCUMFERENCES^-1 | FIRFUMFERENFE^-1	best LLR -8.13; testable
member	letters A-Z	THELOSSOFDIVINITY^-1 | AND^-1 | FIRFUMFERENFE^-1	best LLR -8.74; testable
member	letters A-Z	THELOSSOFDIVINITY^-1 | CIRCUMFERENCE^-1 | FIRFUMFERENFE^-1	best LLR -9.07; testable
member	letters A-Z	THELOSSOFDIVINITY^-1 | CICADA | FIRFUMFERENFE^-1	best LLR -7.10; testable
member	letters A-Z	THELOSSOFDIVINITY^-1 | id | AWARNING	best LLR -8.80; testable
member	letters A-Z	THELOSSOFDIVINITY^-1 | FIRFUMFERENFE | AWARNING	best LLR -9.45; testable
member	letters A-Z	THELOSSOFDIVINITY^-1 | WISDOM^-1 | AWARNING	best LLR -9.81; testable
member	letters A-Z	THELOSSOFDIVINITY^-1 | ANEND^-1 | AWARNING	best LLR -9.58; testable
member	letters A-Z	THELOSSOFDIVINITY^-1 | LIKE | AWARNING	best LLR -8.69; testable
member	letters A-Z	THELOSSOFDIVINITY^-1 | THE | AWARNING	best LLR -9.72; testable
member	letters A-Z	THELOSSOFDIVINITY^-1 | THE^-1 | AWARNING	best LLR -9.36; testable
member	letters A-Z	THELOSSOFDIVINITY^-1 | TO | AWARNING	best LLR -9.56; testable
member	letters A-Z	THELOSSOFDIVINITY^-1 | SHED^-1 | AWARNING	best LLR -8.61; testable
member	letters A-Z	THELOSSOFDIVINITY^-1 | OUR | AWARNING	best LLR -9.01; testable
member	letters A-Z	THELOSSOFDIVINITY^-1 | CIRCUMFERENCES | AWARNING	best LLR -8.96; testable
member	letters A-Z	THELOSSOFDIVINITY^-1 | CIRCUMFERENCES^-1 | AWARNING	best LLR -8.13; testable
member	letters A-Z	THELOSSOFDIVINITY^-1 | AND^-1 | AWARNING	best LLR -8.74; testable
member	letters A-Z	THELOSSOFDIVINITY^-1 | CIRCUMFERENCE^-1 | AWARNING	best LLR -9.07; testable
member	letters A-Z	THELOSSOFDIVINITY^-1 | CICADA | AWARNING	best LLR -7.10; testable
member	letters A-Z	THELOSSOFDIVINITY^-1 | id | AWARNING^-1	best LLR -8.80; testable
member	letters A-Z	THELOSSOFDIVINITY^-1 | FIRFUMFERENFE | AWARNING^-1	best LLR -9.45; testable
member	letters A-Z	THELOSSOFDIVINITY^-1 | WISDOM^-1 | AWARNING^-1	best LLR -9.81; testable
member	letters A-Z	THELOSSOFDIVINITY^-1 | ANEND^-1 | AWARNING^-1	best LLR -9.58; testable
member	letters A-Z	THELOSSOFDIVINITY^-1 | LIKE | AWARNING^-1	best LLR -8.69; testable
member	letters A-Z	THELOSSOFDIVINITY^-1 | THE | AWARNING^-1	best LLR -9.72; testable
member	letters A-Z	THELOSSOFDIVINITY^-1 | THE^-1 | AWARNING^-1	best LLR -9.36; testable
member	letters A-Z	THELOSSOFDIVINITY^-1 | TO | AWARNING^-1	best LLR -9.56; testable
member	letters A-Z	THELOSSOFDIVINITY^-1 | SHED^-1 | AWARNING^-1	best LLR -8.61; testable
member	letters A-Z	THELOSSOFDIVINITY^-1 | OUR | AWARNING^-1	best LLR -9.01; testable
member	letters A-Z	THELOSSOFDIVINITY^-1 | CIRCUMFERENCES | AWARNING^-1	best LLR -8.96; testable
member	letters A-Z	THELOSSOFDIVINITY^-1 | CIRCUMFERENCES^-1 | AWARNING^-1	best LLR -8.13; testable
member	letters A-Z	THELOSSOFDIVINITY^-1 | AND^-1 | AWARNING^-1	best LLR -8.74; testable
member	letters A-Z	THELOSSOFDIVINITY^-1 | CIRCUMFERENCE^-1 | AWARNING^-1	best LLR -9.07; testable
member	letters A-Z	THELOSSOFDIVINITY^-1 | CICADA | AWARNING^-1	best LLR -7.10; testable
member	letters A-Z	THELOSSOFDIVINITY^-1 | id | WELCOME	best LLR -8.80; testable
member	letters A-Z	THELOSSOFDIVINITY^-1 | FIRFUMFERENFE | WELCOME	best LLR -9.45; testable
member	letters A-Z	THELOSSOFDIVINITY^-1 | WISDOM^-1 | WELCOME	best LLR -9.81; testable
member	letters A-Z	THELOSSOFDIVINITY^-1 | ANEND^-1 | WELCOME	best LLR -9.58; testable
member	letters A-Z	THELOSSOFDIVINITY^-1 | LIKE | WELCOME	best LLR -8.69; testable
member	letters A-Z	THELOSSOFDIVINITY^-1 | THE | WELCOME	best LLR -9.72; testable
member	letters A-Z	THELOSSOFDIVINITY^-1 | THE^-1 | WELCOME	best LLR -9.36; testable
member	letters A-Z	THELOSSOFDIVINITY^-1 | TO | WELCOME	best LLR -9.56; testable
member	letters A-Z	THELOSSOFDIVINITY^-1 | SHED^-1 | WELCOME	best LLR -8.61; testable
member	letters A-Z	THELOSSOFDIVINITY^-1 | OUR | WELCOME	best LLR -9.01; testable
member	letters A-Z	THELOSSOFDIVINITY^-1 | CIRCUMFERENCES | WELCOME	best LLR -8.96; testable
member	letters A-Z	THELOSSOFDIVINITY^-1 | CIRCUMFERENCES^-1 | WELCOME	best LLR -8.13; testable
member	letters A-Z	THELOSSOFDIVINITY^-1 | AND^-1 | WELCOME	best LLR -8.74; testable
member	letters A-Z	THELOSSOFDIVINITY^-1 | CIRCUMFERENCE^-1 | WELCOME	best LLR -9.07; testable
member	letters A-Z	THELOSSOFDIVINITY^-1 | CICADA | WELCOME	best LLR -7.10; testable
member	letters A-Z	THELOSSOFDIVINITY^-1 | id | WELCOME^-1	best LLR -8.80; testable
member	letters A-Z	THELOSSOFDIVINITY^-1 | FIRFUMFERENFE | WELCOME^-1	best LLR -9.45; testable
member	letters A-Z	THELOSSOFDIVINITY^-1 | WISDOM^-1 | WELCOME^-1	best LLR -9.81; testable
member	letters A-Z	THELOSSOFDIVINITY^-1 | ANEND^-1 | WELCOME^-1	best LLR -9.58; testable
member	letters A-Z	THELOSSOFDIVINITY^-1 | LIKE | WELCOME^-1	best LLR -8.69; testable
member	letters A-Z	THELOSSOFDIVINITY^-1 | THE | WELCOME^-1	best LLR -9.72; testable
member	letters A-Z	THELOSSOFDIVINITY^-1 | THE^-1 | WELCOME^-1	best LLR -9.36; testable
member	letters A-Z	THELOSSOFDIVINITY^-1 | TO | WELCOME^-1	best LLR -9.56; testable
member	letters A-Z	THELOSSOFDIVINITY^-1 | SHED^-1 | WELCOME^-1	best LLR -8.61; testable
member	letters A-Z	THELOSSOFDIVINITY^-1 | OUR | WELCOME^-1	best LLR -9.01; testable
member	letters A-Z	THELOSSOFDIVINITY^-1 | CIRCUMFERENCES | WELCOME^-1	best LLR -8.96; testable
member	letters A-Z	THELOSSOFDIVINITY^-1 | CIRCUMFERENCES^-1 | WELCOME^-1	best LLR -8.13; testable
member	letters A-Z	THELOSSOFDIVINITY^-1 | AND^-1 | WELCOME^-1	best LLR -8.74; testable
member	letters A-Z	THELOSSOFDIVINITY^-1 | CIRCUMFERENCE^-1 | WELCOME^-1	best LLR -9.07; testable
member	letters A-Z	THELOSSOFDIVINITY^-1 | CICADA | WELCOME^-1	best LLR -7.10; testable
member	letters A-Z	THELOSSOFDIVINITY^-1 | id | WISDOM	best LLR -8.80; testable
member	letters A-Z	THELOSSOFDIVINITY^-1 | FIRFUMFERENFE | WISDOM	best LLR -9.45; testable
member	letters A-Z	THELOSSOFDIVINITY^-1 | WISDOM^-1 | WISDOM	best LLR -9.81; testable
member	letters A-Z	THELOSSOFDIVINITY^-1 | ANEND^-1 | WISDOM	best LLR -9.58; testable
member	letters A-Z	THELOSSOFDIVINITY^-1 | LIKE | WISDOM	best LLR -8.69; testable
member	letters A-Z	THELOSSOFDIVINITY^-1 | THE | WISDOM	best LLR -9.72; testable
member	letters A-Z	THELOSSOFDIVINITY^-1 | THE^-1 | WISDOM	best LLR -9.36; testable
member	letters A-Z	THELOSSOFDIVINITY^-1 | TO | WISDOM	best LLR -9.56; testable
member	letters A-Z	THELOSSOFDIVINITY^-1 | SHED^-1 | WISDOM	best LLR -8.61; testable
member	letters A-Z	THELOSSOFDIVINITY^-1 | OUR | WISDOM	best LLR -9.01; testable
member	letters A-Z	THELOSSOFDIVINITY^-1 | CIRCUMFERENCES | WISDOM	best LLR -8.96; testable
member	letters A-Z	THELOSSOFDIVINITY^-1 | CIRCUMFERENCES^-1 | WISDOM	best LLR -8.13; testable
member	letters A-Z	THELOSSOFDIVINITY^-1 | AND^-1 | WISDOM	best LLR -8.74; testable
member	letters A-Z	THELOSSOFDIVINITY^-1 | CIRCUMFERENCE^-1 | WISDOM	best LLR -9.07; testable
member	letters A-Z	THELOSSOFDIVINITY^-1 | CICADA | WISDOM	best LLR -7.10; testable
member	letters A-Z	THELOSSOFDIVINITY^-1 | id | WISDOM^-1	best LLR -8.80; testable
member	letters A-Z	THELOSSOFDIVINITY^-1 | FIRFUMFERENFE | WISDOM^-1	best LLR -9.45; testable
member	letters A-Z	THELOSSOFDIVINITY^-1 | WISDOM^-1 | WISDOM^-1	best LLR -9.81; testable
member	letters A-Z	THELOSSOFDIVINITY^-1 | ANEND^-1 | WISDOM^-1	best LLR -9.58; testable
member	letters A-Z	THELOSSOFDIVINITY^-1 | LIKE | WISDOM^-1	best LLR -8.69; testable
member	letters A-Z	THELOSSOFDIVINITY^-1 | THE | WISDOM^-1	best LLR -9.72; testable
member	letters A-Z	THELOSSOFDIVINITY^-1 | THE^-1 | WISDOM^-1	best LLR -9.36; testable
member	letters A-Z	THELOSSOFDIVINITY^-1 | TO | WISDOM^-1	best LLR -9.56; testable
member	letters A-Z	THELOSSOFDIVINITY^-1 | SHED^-1 | WISDOM^-1	best LLR -8.61; testable
member	letters A-Z	THELOSSOFDIVINITY^-1 | OUR | WISDOM^-1	best LLR -9.01; testable
member	letters A-Z	THELOSSOFDIVINITY^-1 | CIRCUMFERENCES | WISDOM^-1	best LLR -8.96; testable
member	letters A-Z	THELOSSOFDIVINITY^-1 | CIRCUMFERENCES^-1 | WISDOM^-1	best LLR -8.13; testable
member	letters A-Z	THELOSSOFDIVINITY^-1 | AND^-1 | WISDOM^-1	best LLR -8.74; testable
member	letters A-Z	THELOSSOFDIVINITY^-1 | CIRCUMFERENCE^-1 | WISDOM^-1	best LLR -9.07; testable
member	letters A-Z	THELOSSOFDIVINITY^-1 | CICADA | WISDOM^-1	best LLR -7.10; testable
member	letters A-Z	THELOSSOFDIVINITY^-1 | id | SOMEWISDOM	best LLR -8.80; testable
member	letters A-Z	THELOSSOFDIVINITY^-1 | FIRFUMFERENFE | SOMEWISDOM	best LLR -9.45; testable
member	letters A-Z	THELOSSOFDIVINITY^-1 | WISDOM^-1 | SOMEWISDOM	best LLR -9.81; testable
member	letters A-Z	THELOSSOFDIVINITY^-1 | ANEND^-1 | SOMEWISDOM	best LLR -9.58; testable
member	letters A-Z	THELOSSOFDIVINITY^-1 | LIKE | SOMEWISDOM	best LLR -8.69; testable
member	letters A-Z	THELOSSOFDIVINITY^-1 | THE | SOMEWISDOM	best LLR -9.72; testable
member	letters A-Z	THELOSSOFDIVINITY^-1 | THE^-1 | SOMEWISDOM	best LLR -9.36; testable
member	letters A-Z	THELOSSOFDIVINITY^-1 | TO | SOMEWISDOM	best LLR -9.56; testable
member	letters A-Z	THELOSSOFDIVINITY^-1 | SHED^-1 | SOMEWISDOM	best LLR -8.61; testable
member	letters A-Z	THELOSSOFDIVINITY^-1 | OUR | SOMEWISDOM	best LLR -9.01; testable
member	letters A-Z	THELOSSOFDIVINITY^-1 | CIRCUMFERENCES | SOMEWISDOM	best LLR -8.96; testable
member	letters A-Z	THELOSSOFDIVINITY^-1 | CIRCUMFERENCES^-1 | SOMEWISDOM	best LLR -8.13; testable
member	letters A-Z	THELOSSOFDIVINITY^-1 | AND^-1 | SOMEWISDOM	best LLR -8.74; testable
member	letters A-Z	THELOSSOFDIVINITY^-1 | CIRCUMFERENCE^-1 | SOMEWISDOM	best LLR -9.07; testable
member	letters A-Z	THELOSSOFDIVINITY^-1 | CICADA | SOMEWISDOM	best LLR -7.10; testable
member	letters A-Z	THELOSSOFDIVINITY^-1 | id | SOMEWISDOM^-1	best LLR -8.80; testable
member	letters A-Z	THELOSSOFDIVINITY^-1 | FIRFUMFERENFE | SOMEWISDOM^-1	best LLR -9.45; testable
member	letters A-Z	THELOSSOFDIVINITY^-1 | WISDOM^-1 | SOMEWISDOM^-1	best LLR -9.81; testable
member	letters A-Z	THELOSSOFDIVINITY^-1 | ANEND^-1 | SOMEWISDOM^-1	best LLR -9.58; testable
member	letters A-Z	THELOSSOFDIVINITY^-1 | LIKE | SOMEWISDOM^-1	best LLR -8.69; testable
member	letters A-Z	THELOSSOFDIVINITY^-1 | THE | SOMEWISDOM^-1	best LLR -9.72; testable
member	letters A-Z	THELOSSOFDIVINITY^-1 | THE^-1 | SOMEWISDOM^-1	best LLR -9.36; testable
member	letters A-Z	THELOSSOFDIVINITY^-1 | TO | SOMEWISDOM^-1	best LLR -9.56; testable
member	letters A-Z	THELOSSOFDIVINITY^-1 | SHED^-1 | SOMEWISDOM^-1	best LLR -8.61; testable
member	letters A-Z	THELOSSOFDIVINITY^-1 | OUR | SOMEWISDOM^-1	best LLR -9.01; testable
member	letters A-Z	THELOSSOFDIVINITY^-1 | CIRCUMFERENCES | SOMEWISDOM^-1	best LLR -8.96; testable
member	letters A-Z	THELOSSOFDIVINITY^-1 | CIRCUMFERENCES^-1 | SOMEWISDOM^-1	best LLR -8.13; testable
member	letters A-Z	THELOSSOFDIVINITY^-1 | AND^-1 | SOMEWISDOM^-1	best LLR -8.74; testable
member	letters A-Z	THELOSSOFDIVINITY^-1 | CIRCUMFERENCE^-1 | SOMEWISDOM^-1	best LLR -9.07; testable
member	letters A-Z	THELOSSOFDIVINITY^-1 | CICADA | SOMEWISDOM^-1	best LLR -7.10; testable
member	letters A-Z	THELOSSOFDIVINITY^-1 | id | KNOWTHIS	best LLR -8.80; testable
member	letters A-Z	THELOSSOFDIVINITY^-1 | FIRFUMFERENFE | KNOWTHIS	best LLR -9.45; testable
member	letters A-Z	THELOSSOFDIVINITY^-1 | WISDOM^-1 | KNOWTHIS	best LLR -9.81; testable
member	letters A-Z	THELOSSOFDIVINITY^-1 | ANEND^-1 | KNOWTHIS	best LLR -9.58; testable
member	letters A-Z	THELOSSOFDIVINITY^-1 | LIKE | KNOWTHIS	best LLR -8.69; testable
member	letters A-Z	THELOSSOFDIVINITY^-1 | THE | KNOWTHIS	best LLR -9.72; testable
member	letters A-Z	THELOSSOFDIVINITY^-1 | THE^-1 | KNOWTHIS	best LLR -9.36; testable
member	letters A-Z	THELOSSOFDIVINITY^-1 | TO | KNOWTHIS	best LLR -9.56; testable
member	letters A-Z	THELOSSOFDIVINITY^-1 | SHED^-1 | KNOWTHIS	best LLR -8.61; testable
member	letters A-Z	THELOSSOFDIVINITY^-1 | OUR | KNOWTHIS	best LLR -9.01; testable
member	letters A-Z	THELOSSOFDIVINITY^-1 | CIRCUMFERENCES | KNOWTHIS	best LLR -8.96; testable
member	letters A-Z	THELOSSOFDIVINITY^-1 | CIRCUMFERENCES^-1 | KNOWTHIS	best LLR -8.13; testable
member	letters A-Z	THELOSSOFDIVINITY^-1 | AND^-1 | KNOWTHIS	best LLR -8.74; testable
member	letters A-Z	THELOSSOFDIVINITY^-1 | CIRCUMFERENCE^-1 | KNOWTHIS	best LLR -9.07; testable
member	letters A-Z	THELOSSOFDIVINITY^-1 | CICADA | KNOWTHIS	best LLR -7.10; testable
member	letters A-Z	THELOSSOFDIVINITY^-1 | id | KNOWTHIS^-1	best LLR -8.80; testable
member	letters A-Z	THELOSSOFDIVINITY^-1 | FIRFUMFERENFE | KNOWTHIS^-1	best LLR -9.45; testable
member	letters A-Z	THELOSSOFDIVINITY^-1 | WISDOM^-1 | KNOWTHIS^-1	best LLR -9.81; testable
member	letters A-Z	THELOSSOFDIVINITY^-1 | ANEND^-1 | KNOWTHIS^-1	best LLR -9.58; testable
member	letters A-Z	THELOSSOFDIVINITY^-1 | LIKE | KNOWTHIS^-1	best LLR -8.69; testable
member	letters A-Z	THELOSSOFDIVINITY^-1 | THE | KNOWTHIS^-1	best LLR -9.72; testable
member	letters A-Z	THELOSSOFDIVINITY^-1 | THE^-1 | KNOWTHIS^-1	best LLR -9.36; testable
member	letters A-Z	THELOSSOFDIVINITY^-1 | TO | KNOWTHIS^-1	best LLR -9.56; testable
member	letters A-Z	THELOSSOFDIVINITY^-1 | SHED^-1 | KNOWTHIS^-1	best LLR -8.61; testable
member	letters A-Z	THELOSSOFDIVINITY^-1 | OUR | KNOWTHIS^-1	best LLR -9.01; testable
member	letters A-Z	THELOSSOFDIVINITY^-1 | CIRCUMFERENCES | KNOWTHIS^-1	best LLR -8.96; testable
member	letters A-Z	THELOSSOFDIVINITY^-1 | CIRCUMFERENCES^-1 | KNOWTHIS^-1	best LLR -8.13; testable
member	letters A-Z	THELOSSOFDIVINITY^-1 | AND^-1 | KNOWTHIS^-1	best LLR -8.74; testable
member	letters A-Z	THELOSSOFDIVINITY^-1 | CIRCUMFERENCE^-1 | KNOWTHIS^-1	best LLR -9.07; testable
member	letters A-Z	THELOSSOFDIVINITY^-1 | CICADA | KNOWTHIS^-1	best LLR -7.10; testable
member	letters A-Z	THELOSSOFDIVINITY^-1 | id | AKOAN	best LLR -8.80; testable
member	letters A-Z	THELOSSOFDIVINITY^-1 | FIRFUMFERENFE | AKOAN	best LLR -9.45; testable
member	letters A-Z	THELOSSOFDIVINITY^-1 | WISDOM^-1 | AKOAN	best LLR -9.81; testable
member	letters A-Z	THELOSSOFDIVINITY^-1 | ANEND^-1 | AKOAN	best LLR -9.58; testable
member	letters A-Z	THELOSSOFDIVINITY^-1 | LIKE | AKOAN	best LLR -8.69; testable
member	letters A-Z	THELOSSOFDIVINITY^-1 | THE | AKOAN	best LLR -9.72; testable
member	letters A-Z	THELOSSOFDIVINITY^-1 | THE^-1 | AKOAN	best LLR -9.36; testable
member	letters A-Z	THELOSSOFDIVINITY^-1 | TO | AKOAN	best LLR -9.56; testable
member	letters A-Z	THELOSSOFDIVINITY^-1 | SHED^-1 | AKOAN	best LLR -8.61; testable
member	letters A-Z	THELOSSOFDIVINITY^-1 | OUR | AKOAN	best LLR -9.01; testable
member	letters A-Z	THELOSSOFDIVINITY^-1 | CIRCUMFERENCES | AKOAN	best LLR -8.96; testable
member	letters A-Z	THELOSSOFDIVINITY^-1 | CIRCUMFERENCES^-1 | AKOAN	best LLR -8.13; testable
member	letters A-Z	THELOSSOFDIVINITY^-1 | AND^-1 | AKOAN	best LLR -8.74; testable
member	letters A-Z	THELOSSOFDIVINITY^-1 | CIRCUMFERENCE^-1 | AKOAN	best LLR -9.07; testable
member	letters A-Z	THELOSSOFDIVINITY^-1 | CICADA | AKOAN	best LLR -7.10; testable
member	letters A-Z	THELOSSOFDIVINITY^-1 | id | AKOAN^-1	best LLR -8.80; testable
member	letters A-Z	THELOSSOFDIVINITY^-1 | FIRFUMFERENFE | AKOAN^-1	best LLR -9.45; testable
member	letters A-Z	THELOSSOFDIVINITY^-1 | WISDOM^-1 | AKOAN^-1	best LLR -9.81; testable
member	letters A-Z	THELOSSOFDIVINITY^-1 | ANEND^-1 | AKOAN^-1	best LLR -9.58; testable
member	letters A-Z	THELOSSOFDIVINITY^-1 | LIKE | AKOAN^-1	best LLR -8.69; testable
member	letters A-Z	THELOSSOFDIVINITY^-1 | THE | AKOAN^-1	best LLR -9.72; testable
member	letters A-Z	THELOSSOFDIVINITY^-1 | THE^-1 | AKOAN^-1	best LLR -9.36; testable
member	letters A-Z	THELOSSOFDIVINITY^-1 | TO | AKOAN^-1	best LLR -9.56; testable
member	letters A-Z	THELOSSOFDIVINITY^-1 | SHED^-1 | AKOAN^-1	best LLR -8.61; testable
member	letters A-Z	THELOSSOFDIVINITY^-1 | OUR | AKOAN^-1	best LLR -9.01; testable
member	letters A-Z	THELOSSOFDIVINITY^-1 | CIRCUMFERENCES | AKOAN^-1	best LLR -8.96; testable
member	letters A-Z	THELOSSOFDIVINITY^-1 | CIRCUMFERENCES^-1 | AKOAN^-1	best LLR -8.13; testable
member	letters A-Z	THELOSSOFDIVINITY^-1 | AND^-1 | AKOAN^-1	best LLR -8.74; testable
member	letters A-Z	THELOSSOFDIVINITY^-1 | CIRCUMFERENCE^-1 | AKOAN^-1	best LLR -9.07; testable
member	letters A-Z	THELOSSOFDIVINITY^-1 | CICADA | AKOAN^-1	best LLR -7.10; testable
member	letters A-Z	THELOSSOFDIVINITY^-1 | DIVINITY | ANINSTRUCTION	best LLR -7.85; testable
member	letters A-Z	THELOSSOFDIVINITY^-1 | FIRFUMFERENFE | ANINSTRUCTION	best LLR -9.79; testable
member	letters A-Z	THELOSSOFDIVINITY^-1 | AKOAN | ANINSTRUCTION	best LLR -8.88; testable
member	letters A-Z	THELOSSOFDIVINITY^-1 | ANINSTRUCTION^-1 | ANINSTRUCTION	best LLR -7.46; testable
member	letters A-Z	THELOSSOFDIVINITY^-1 | LIKE | ANINSTRUCTION	best LLR -8.15; testable
member	letters A-Z	THELOSSOFDIVINITY^-1 | THE | ANINSTRUCTION	best LLR -9.12; testable
member	letters A-Z	THELOSSOFDIVINITY^-1 | INSTAR | ANINSTRUCTION	best LLR -9.07; testable
member	letters A-Z	THELOSSOFDIVINITY^-1 | WE^-1 | ANINSTRUCTION	best LLR -8.14; testable
member	letters A-Z	THELOSSOFDIVINITY^-1 | CIRCUMFERENCES^-1 | ANINSTRUCTION	best LLR -6.85; testable
member	letters A-Z	THELOSSOFDIVINITY^-1 | FIND | ANINSTRUCTION	best LLR -4.85; testable
member	letters A-Z	THELOSSOFDIVINITY^-1 | AND^-1 | ANINSTRUCTION	best LLR -7.73; testable
member	letters A-Z	THELOSSOFDIVINITY^-1 | CICADA | ANINSTRUCTION	best LLR -5.43; testable
member	letters A-Z	THELOSSOFDIVINITY^-1 | TOTIENT | ANINSTRUCTION	best LLR -8.09; testable
member	letters A-Z	THELOSSOFDIVINITY^-1 | TOTIENT^-1 | ANINSTRUCTION	best LLR -9.66; testable
member	letters A-Z	THELOSSOFDIVINITY^-1 | DIVINITY | THELOSSOFDIVINITY	best LLR -7.07; testable
member	letters A-Z	THELOSSOFDIVINITY^-1 | FIRFUMFERENFE | THELOSSOFDIVINITY	best LLR -9.56; testable
member	letters A-Z	THELOSSOFDIVINITY^-1 | AKOAN | THELOSSOFDIVINITY	best LLR -8.88; testable
member	letters A-Z	THELOSSOFDIVINITY^-1 | ANINSTRUCTION^-1 | THELOSSOFDIVINITY	best LLR -7.46; testable
member	letters A-Z	THELOSSOFDIVINITY^-1 | THELOSSOFDIVINITY | THELOSSOFDIVINITY	best LLR -7.02; testable
member	letters A-Z	THELOSSOFDIVINITY^-1 | LIKE | THELOSSOFDIVINITY	best LLR -8.15; testable
member	letters A-Z	THELOSSOFDIVINITY^-1 | LIKE^-1 | THELOSSOFDIVINITY	best LLR -9.89; testable
member	letters A-Z	THELOSSOFDIVINITY^-1 | THE | THELOSSOFDIVINITY	best LLR -9.12; testable
member	letters A-Z	THELOSSOFDIVINITY^-1 | INSTAR | THELOSSOFDIVINITY	best LLR -9.07; testable
member	letters A-Z	THELOSSOFDIVINITY^-1 | TO | THELOSSOFDIVINITY	best LLR -9.37; testable
member	letters A-Z	THELOSSOFDIVINITY^-1 | WE^-1 | THELOSSOFDIVINITY	best LLR -8.14; testable
member	letters A-Z	THELOSSOFDIVINITY^-1 | SHED^-1 | THELOSSOFDIVINITY	best LLR -8.01; testable
member	letters A-Z	THELOSSOFDIVINITY^-1 | CIRCUMFERENCES^-1 | THELOSSOFDIVINITY	best LLR -6.85; testable
member	letters A-Z	THELOSSOFDIVINITY^-1 | FIND | THELOSSOFDIVINITY	best LLR -4.85; testable
member	letters A-Z	THELOSSOFDIVINITY^-1 | AND^-1 | THELOSSOFDIVINITY	best LLR -7.73; testable
member	letters A-Z	THELOSSOFDIVINITY^-1 | CICADA | THELOSSOFDIVINITY	best LLR -5.43; testable
member	letters A-Z	THELOSSOFDIVINITY^-1 | TOTIENT | THELOSSOFDIVINITY	best LLR -8.09; testable
member	letters A-Z	THELOSSOFDIVINITY^-1 | TOTIENT^-1 | THELOSSOFDIVINITY	best LLR -9.66; testable
member	letters A-Z	THELOSSOFDIVINITY^-1 | id | ANEND	best LLR -8.80; testable
member	letters A-Z	THELOSSOFDIVINITY^-1 | FIRFUMFERENFE | ANEND	best LLR -9.45; testable
member	letters A-Z	THELOSSOFDIVINITY^-1 | WISDOM^-1 | ANEND	best LLR -9.81; testable
member	letters A-Z	THELOSSOFDIVINITY^-1 | ANEND^-1 | ANEND	best LLR -9.58; testable
member	letters A-Z	THELOSSOFDIVINITY^-1 | LIKE | ANEND	best LLR -8.69; testable
member	letters A-Z	THELOSSOFDIVINITY^-1 | THE | ANEND	best LLR -9.72; testable
member	letters A-Z	THELOSSOFDIVINITY^-1 | THE^-1 | ANEND	best LLR -9.36; testable
member	letters A-Z	THELOSSOFDIVINITY^-1 | TO | ANEND	best LLR -9.56; testable
member	letters A-Z	THELOSSOFDIVINITY^-1 | SHED^-1 | ANEND	best LLR -8.61; testable
member	letters A-Z	THELOSSOFDIVINITY^-1 | OUR | ANEND	best LLR -9.01; testable
member	letters A-Z	THELOSSOFDIVINITY^-1 | CIRCUMFERENCES | ANEND	best LLR -8.96; testable
member	letters A-Z	THELOSSOFDIVINITY^-1 | CIRCUMFERENCES^-1 | ANEND	best LLR -8.13; testable
member	letters A-Z	THELOSSOFDIVINITY^-1 | AND^-1 | ANEND	best LLR -8.74; testable
member	letters A-Z	THELOSSOFDIVINITY^-1 | CIRCUMFERENCE^-1 | ANEND	best LLR -9.07; testable
member	letters A-Z	THELOSSOFDIVINITY^-1 | CICADA | ANEND	best LLR -7.10; testable
member	letters A-Z	THELOSSOFDIVINITY^-1 | id | ANEND^-1	best LLR -8.80; testable
member	letters A-Z	THELOSSOFDIVINITY^-1 | FIRFUMFERENFE | ANEND^-1	best LLR -9.45; testable
member	letters A-Z	THELOSSOFDIVINITY^-1 | WISDOM^-1 | ANEND^-1	best LLR -9.81; testable
member	letters A-Z	THELOSSOFDIVINITY^-1 | ANEND^-1 | ANEND^-1	best LLR -9.58; testable
member	letters A-Z	THELOSSOFDIVINITY^-1 | LIKE | ANEND^-1	best LLR -8.69; testable
member	letters A-Z	THELOSSOFDIVINITY^-1 | THE | ANEND^-1	best LLR -9.72; testable
member	letters A-Z	THELOSSOFDIVINITY^-1 | THE^-1 | ANEND^-1	best LLR -9.36; testable
member	letters A-Z	THELOSSOFDIVINITY^-1 | TO | ANEND^-1	best LLR -9.56; testable
member	letters A-Z	THELOSSOFDIVINITY^-1 | SHED^-1 | ANEND^-1	best LLR -8.61; testable
member	letters A-Z	THELOSSOFDIVINITY^-1 | OUR | ANEND^-1	best LLR -9.01; testable
member	letters A-Z	THELOSSOFDIVINITY^-1 | CIRCUMFERENCES | ANEND^-1	best LLR -8.96; testable
member	letters A-Z	THELOSSOFDIVINITY^-1 | CIRCUMFERENCES^-1 | ANEND^-1	best LLR -8.13; testable
member	letters A-Z	THELOSSOFDIVINITY^-1 | AND^-1 | ANEND^-1	best LLR -8.74; testable
member	letters A-Z	THELOSSOFDIVINITY^-1 | CIRCUMFERENCE^-1 | ANEND^-1	best LLR -9.07; testable
member	letters A-Z	THELOSSOFDIVINITY^-1 | CICADA | ANEND^-1	best LLR -7.10; testable
member	letters A-Z	THELOSSOFDIVINITY^-1 | id | PARABLE	best LLR -8.80; testable
member	letters A-Z	THELOSSOFDIVINITY^-1 | FIRFUMFERENFE | PARABLE	best LLR -9.45; testable
member	letters A-Z	THELOSSOFDIVINITY^-1 | WISDOM^-1 | PARABLE	best LLR -9.81; testable
member	letters A-Z	THELOSSOFDIVINITY^-1 | ANEND^-1 | PARABLE	best LLR -9.58; testable
member	letters A-Z	THELOSSOFDIVINITY^-1 | LIKE | PARABLE	best LLR -8.69; testable
member	letters A-Z	THELOSSOFDIVINITY^-1 | THE | PARABLE	best LLR -9.72; testable
member	letters A-Z	THELOSSOFDIVINITY^-1 | THE^-1 | PARABLE	best LLR -9.36; testable
member	letters A-Z	THELOSSOFDIVINITY^-1 | TO | PARABLE	best LLR -9.56; testable
member	letters A-Z	THELOSSOFDIVINITY^-1 | SHED^-1 | PARABLE	best LLR -8.61; testable
member	letters A-Z	THELOSSOFDIVINITY^-1 | OUR | PARABLE	best LLR -9.01; testable
member	letters A-Z	THELOSSOFDIVINITY^-1 | CIRCUMFERENCES | PARABLE	best LLR -8.96; testable
member	letters A-Z	THELOSSOFDIVINITY^-1 | CIRCUMFERENCES^-1 | PARABLE	best LLR -8.13; testable
member	letters A-Z	THELOSSOFDIVINITY^-1 | AND^-1 | PARABLE	best LLR -8.74; testable
member	letters A-Z	THELOSSOFDIVINITY^-1 | CIRCUMFERENCE^-1 | PARABLE	best LLR -9.07; testable
member	letters A-Z	THELOSSOFDIVINITY^-1 | CICADA | PARABLE	best LLR -7.10; testable
member	letters A-Z	THELOSSOFDIVINITY^-1 | id | PARABLE^-1	best LLR -8.80; testable
member	letters A-Z	THELOSSOFDIVINITY^-1 | FIRFUMFERENFE | PARABLE^-1	best LLR -9.45; testable
member	letters A-Z	THELOSSOFDIVINITY^-1 | WISDOM^-1 | PARABLE^-1	best LLR -9.81; testable
member	letters A-Z	THELOSSOFDIVINITY^-1 | ANEND^-1 | PARABLE^-1	best LLR -9.58; testable
member	letters A-Z	THELOSSOFDIVINITY^-1 | LIKE | PARABLE^-1	best LLR -8.69; testable
member	letters A-Z	THELOSSOFDIVINITY^-1 | THE | PARABLE^-1	best LLR -9.72; testable
member	letters A-Z	THELOSSOFDIVINITY^-1 | THE^-1 | PARABLE^-1	best LLR -9.36; testable
member	letters A-Z	THELOSSOFDIVINITY^-1 | TO | PARABLE^-1	best LLR -9.56; testable
member	letters A-Z	THELOSSOFDIVINITY^-1 | SHED^-1 | PARABLE^-1	best LLR -8.61; testable
member	letters A-Z	THELOSSOFDIVINITY^-1 | OUR | PARABLE^-1	best LLR -9.01; testable
member	letters A-Z	THELOSSOFDIVINITY^-1 | CIRCUMFERENCES | PARABLE^-1	best LLR -8.96; testable
member	letters A-Z	THELOSSOFDIVINITY^-1 | CIRCUMFERENCES^-1 | PARABLE^-1	best LLR -8.13; testable
member	letters A-Z	THELOSSOFDIVINITY^-1 | AND^-1 | PARABLE^-1	best LLR -8.74; testable
member	letters A-Z	THELOSSOFDIVINITY^-1 | CIRCUMFERENCE^-1 | PARABLE^-1	best LLR -9.07; testable
member	letters A-Z	THELOSSOFDIVINITY^-1 | CICADA | PARABLE^-1	best LLR -7.10; testable
member	letters A-Z	THELOSSOFDIVINITY^-1 | id | LIKE	best LLR -8.80; testable
member	letters A-Z	THELOSSOFDIVINITY^-1 | FIRFUMFERENFE | LIKE	best LLR -9.45; testable
member	letters A-Z	THELOSSOFDIVINITY^-1 | WISDOM^-1 | LIKE	best LLR -9.81; testable
member	letters A-Z	THELOSSOFDIVINITY^-1 | ANEND^-1 | LIKE	best LLR -9.58; testable
member	letters A-Z	THELOSSOFDIVINITY^-1 | LIKE | LIKE	best LLR -8.69; testable
member	letters A-Z	THELOSSOFDIVINITY^-1 | THE | LIKE	best LLR -9.72; testable
member	letters A-Z	THELOSSOFDIVINITY^-1 | THE^-1 | LIKE	best LLR -9.36; testable
member	letters A-Z	THELOSSOFDIVINITY^-1 | TO | LIKE	best LLR -9.56; testable
member	letters A-Z	THELOSSOFDIVINITY^-1 | SHED^-1 | LIKE	best LLR -8.61; testable
member	letters A-Z	THELOSSOFDIVINITY^-1 | OUR | LIKE	best LLR -9.01; testable
member	letters A-Z	THELOSSOFDIVINITY^-1 | CIRCUMFERENCES | LIKE	best LLR -8.96; testable
member	letters A-Z	THELOSSOFDIVINITY^-1 | CIRCUMFERENCES^-1 | LIKE	best LLR -8.13; testable
member	letters A-Z	THELOSSOFDIVINITY^-1 | AND^-1 | LIKE	best LLR -8.74; testable
member	letters A-Z	THELOSSOFDIVINITY^-1 | CIRCUMFERENCE^-1 | LIKE	best LLR -9.07; testable
member	letters A-Z	THELOSSOFDIVINITY^-1 | CICADA | LIKE	best LLR -7.10; testable
member	letters A-Z	THELOSSOFDIVINITY^-1 | id | LIKE^-1	best LLR -8.80; testable
member	letters A-Z	THELOSSOFDIVINITY^-1 | FIRFUMFERENFE | LIKE^-1	best LLR -9.45; testable
member	letters A-Z	THELOSSOFDIVINITY^-1 | WISDOM^-1 | LIKE^-1	best LLR -9.81; testable
member	letters A-Z	THELOSSOFDIVINITY^-1 | ANEND^-1 | LIKE^-1	best LLR -9.58; testable
member	letters A-Z	THELOSSOFDIVINITY^-1 | LIKE | LIKE^-1	best LLR -8.69; testable
member	letters A-Z	THELOSSOFDIVINITY^-1 | THE | LIKE^-1	best LLR -9.72; testable
member	letters A-Z	THELOSSOFDIVINITY^-1 | THE^-1 | LIKE^-1	best LLR -9.36; testable
member	letters A-Z	THELOSSOFDIVINITY^-1 | TO | LIKE^-1	best LLR -9.56; testable
member	letters A-Z	THELOSSOFDIVINITY^-1 | SHED^-1 | LIKE^-1	best LLR -8.61; testable
member	letters A-Z	THELOSSOFDIVINITY^-1 | OUR | LIKE^-1	best LLR -9.01; testable
member	letters A-Z	THELOSSOFDIVINITY^-1 | CIRCUMFERENCES | LIKE^-1	best LLR -8.96; testable
member	letters A-Z	THELOSSOFDIVINITY^-1 | CIRCUMFERENCES^-1 | LIKE^-1	best LLR -8.13; testable
member	letters A-Z	THELOSSOFDIVINITY^-1 | AND^-1 | LIKE^-1	best LLR -8.74; testable
member	letters A-Z	THELOSSOFDIVINITY^-1 | CIRCUMFERENCE^-1 | LIKE^-1	best LLR -9.07; testable
member	letters A-Z	THELOSSOFDIVINITY^-1 | CICADA | LIKE^-1	best LLR -7.10; testable
member	letters A-Z	THELOSSOFDIVINITY^-1 | id | THE	best LLR -8.80; testable
member	letters A-Z	THELOSSOFDIVINITY^-1 | FIRFUMFERENFE | THE	best LLR -9.45; testable
member	letters A-Z	THELOSSOFDIVINITY^-1 | WISDOM^-1 | THE	best LLR -9.81; testable
member	letters A-Z	THELOSSOFDIVINITY^-1 | ANEND^-1 | THE	best LLR -9.58; testable
member	letters A-Z	THELOSSOFDIVINITY^-1 | LIKE | THE	best LLR -8.69; testable
member	letters A-Z	THELOSSOFDIVINITY^-1 | THE | THE	best LLR -9.72; testable
member	letters A-Z	THELOSSOFDIVINITY^-1 | THE^-1 | THE	best LLR -9.36; testable
member	letters A-Z	THELOSSOFDIVINITY^-1 | TO | THE	best LLR -9.56; testable
member	letters A-Z	THELOSSOFDIVINITY^-1 | SHED^-1 | THE	best LLR -8.61; testable
member	letters A-Z	THELOSSOFDIVINITY^-1 | OUR | THE	best LLR -9.01; testable
member	letters A-Z	THELOSSOFDIVINITY^-1 | CIRCUMFERENCES | THE	best LLR -8.96; testable
member	letters A-Z	THELOSSOFDIVINITY^-1 | CIRCUMFERENCES^-1 | THE	best LLR -8.13; testable
member	letters A-Z	THELOSSOFDIVINITY^-1 | AND^-1 | THE	best LLR -8.74; testable
member	letters A-Z	THELOSSOFDIVINITY^-1 | CIRCUMFERENCE^-1 | THE	best LLR -9.07; testable
member	letters A-Z	THELOSSOFDIVINITY^-1 | CICADA | THE	best LLR -7.10; testable
member	letters A-Z	THELOSSOFDIVINITY^-1 | id | THE^-1	best LLR -8.80; testable
member	letters A-Z	THELOSSOFDIVINITY^-1 | FIRFUMFERENFE | THE^-1	best LLR -9.45; testable
member	letters A-Z	THELOSSOFDIVINITY^-1 | WISDOM^-1 | THE^-1	best LLR -9.81; testable
member	letters A-Z	THELOSSOFDIVINITY^-1 | ANEND^-1 | THE^-1	best LLR -9.58; testable
member	letters A-Z	THELOSSOFDIVINITY^-1 | LIKE | THE^-1	best LLR -8.69; testable
member	letters A-Z	THELOSSOFDIVINITY^-1 | THE | THE^-1	best LLR -9.72; testable
member	letters A-Z	THELOSSOFDIVINITY^-1 | THE^-1 | THE^-1	best LLR -9.36; testable
member	letters A-Z	THELOSSOFDIVINITY^-1 | TO | THE^-1	best LLR -9.56; testable
member	letters A-Z	THELOSSOFDIVINITY^-1 | SHED^-1 | THE^-1	best LLR -8.61; testable
member	letters A-Z	THELOSSOFDIVINITY^-1 | OUR | THE^-1	best LLR -9.01; testable
member	letters A-Z	THELOSSOFDIVINITY^-1 | CIRCUMFERENCES | THE^-1	best LLR -8.96; testable
member	letters A-Z	THELOSSOFDIVINITY^-1 | CIRCUMFERENCES^-1 | THE^-1	best LLR -8.13; testable
member	letters A-Z	THELOSSOFDIVINITY^-1 | AND^-1 | THE^-1	best LLR -8.74; testable
member	letters A-Z	THELOSSOFDIVINITY^-1 | CIRCUMFERENCE^-1 | THE^-1	best LLR -9.07; testable
member	letters A-Z	THELOSSOFDIVINITY^-1 | CICADA | THE^-1	best LLR -7.10; testable
member	letters A-Z	THELOSSOFDIVINITY^-1 | id | INSTAR	best LLR -8.80; testable
member	letters A-Z	THELOSSOFDIVINITY^-1 | FIRFUMFERENFE | INSTAR	best LLR -9.45; testable
member	letters A-Z	THELOSSOFDIVINITY^-1 | WISDOM^-1 | INSTAR	best LLR -9.81; testable
member	letters A-Z	THELOSSOFDIVINITY^-1 | ANEND^-1 | INSTAR	best LLR -9.58; testable
member	letters A-Z	THELOSSOFDIVINITY^-1 | LIKE | INSTAR	best LLR -8.69; testable
member	letters A-Z	THELOSSOFDIVINITY^-1 | THE | INSTAR	best LLR -9.72; testable
member	letters A-Z	THELOSSOFDIVINITY^-1 | THE^-1 | INSTAR	best LLR -9.36; testable
member	letters A-Z	THELOSSOFDIVINITY^-1 | TO | INSTAR	best LLR -9.56; testable
member	letters A-Z	THELOSSOFDIVINITY^-1 | SHED^-1 | INSTAR	best LLR -8.61; testable
member	letters A-Z	THELOSSOFDIVINITY^-1 | OUR | INSTAR	best LLR -9.01; testable
member	letters A-Z	THELOSSOFDIVINITY^-1 | CIRCUMFERENCES | INSTAR	best LLR -8.96; testable
member	letters A-Z	THELOSSOFDIVINITY^-1 | CIRCUMFERENCES^-1 | INSTAR	best LLR -8.13; testable
member	letters A-Z	THELOSSOFDIVINITY^-1 | AND^-1 | INSTAR	best LLR -8.74; testable
member	letters A-Z	THELOSSOFDIVINITY^-1 | CIRCUMFERENCE^-1 | INSTAR	best LLR -9.07; testable
member	letters A-Z	THELOSSOFDIVINITY^-1 | CICADA | INSTAR	best LLR -7.10; testable
member	letters A-Z	THELOSSOFDIVINITY^-1 | id | INSTAR^-1	best LLR -8.80; testable
member	letters A-Z	THELOSSOFDIVINITY^-1 | FIRFUMFERENFE | INSTAR^-1	best LLR -9.45; testable
member	letters A-Z	THELOSSOFDIVINITY^-1 | WISDOM^-1 | INSTAR^-1	best LLR -9.81; testable
member	letters A-Z	THELOSSOFDIVINITY^-1 | ANEND^-1 | INSTAR^-1	best LLR -9.58; testable
member	letters A-Z	THELOSSOFDIVINITY^-1 | LIKE | INSTAR^-1	best LLR -8.69; testable
member	letters A-Z	THELOSSOFDIVINITY^-1 | THE | INSTAR^-1	best LLR -9.72; testable
member	letters A-Z	THELOSSOFDIVINITY^-1 | THE^-1 | INSTAR^-1	best LLR -9.36; testable
member	letters A-Z	THELOSSOFDIVINITY^-1 | TO | INSTAR^-1	best LLR -9.56; testable
member	letters A-Z	THELOSSOFDIVINITY^-1 | SHED^-1 | INSTAR^-1	best LLR -8.61; testable
member	letters A-Z	THELOSSOFDIVINITY^-1 | OUR | INSTAR^-1	best LLR -9.01; testable
member	letters A-Z	THELOSSOFDIVINITY^-1 | CIRCUMFERENCES | INSTAR^-1	best LLR -8.96; testable
member	letters A-Z	THELOSSOFDIVINITY^-1 | CIRCUMFERENCES^-1 | INSTAR^-1	best LLR -8.13; testable
member	letters A-Z	THELOSSOFDIVINITY^-1 | AND^-1 | INSTAR^-1	best LLR -8.74; testable
member	letters A-Z	THELOSSOFDIVINITY^-1 | CIRCUMFERENCE^-1 | INSTAR^-1	best LLR -9.07; testable
member	letters A-Z	THELOSSOFDIVINITY^-1 | CICADA | INSTAR^-1	best LLR -7.10; testable
member	letters A-Z	THELOSSOFDIVINITY^-1 | id | TUNNELING	best LLR -8.80; testable
member	letters A-Z	THELOSSOFDIVINITY^-1 | FIRFUMFERENFE | TUNNELING	best LLR -9.45; testable
member	letters A-Z	THELOSSOFDIVINITY^-1 | WISDOM^-1 | TUNNELING	best LLR -9.81; testable
member	letters A-Z	THELOSSOFDIVINITY^-1 | ANEND^-1 | TUNNELING	best LLR -9.58; testable
member	letters A-Z	THELOSSOFDIVINITY^-1 | LIKE | TUNNELING	best LLR -8.69; testable
member	letters A-Z	THELOSSOFDIVINITY^-1 | THE | TUNNELING	best LLR -9.72; testable
member	letters A-Z	THELOSSOFDIVINITY^-1 | THE^-1 | TUNNELING	best LLR -9.36; testable
member	letters A-Z	THELOSSOFDIVINITY^-1 | TO | TUNNELING	best LLR -9.56; testable
member	letters A-Z	THELOSSOFDIVINITY^-1 | SHED^-1 | TUNNELING	best LLR -8.61; testable
member	letters A-Z	THELOSSOFDIVINITY^-1 | OUR | TUNNELING	best LLR -9.01; testable
member	letters A-Z	THELOSSOFDIVINITY^-1 | CIRCUMFERENCES | TUNNELING	best LLR -8.96; testable
member	letters A-Z	THELOSSOFDIVINITY^-1 | CIRCUMFERENCES^-1 | TUNNELING	best LLR -8.13; testable
member	letters A-Z	THELOSSOFDIVINITY^-1 | AND^-1 | TUNNELING	best LLR -8.74; testable
member	letters A-Z	THELOSSOFDIVINITY^-1 | CIRCUMFERENCE^-1 | TUNNELING	best LLR -9.07; testable
member	letters A-Z	THELOSSOFDIVINITY^-1 | CICADA | TUNNELING	best LLR -7.10; testable
member	letters A-Z	THELOSSOFDIVINITY^-1 | id | TUNNELING^-1	best LLR -8.80; testable
member	letters A-Z	THELOSSOFDIVINITY^-1 | FIRFUMFERENFE | TUNNELING^-1	best LLR -9.45; testable
member	letters A-Z	THELOSSOFDIVINITY^-1 | WISDOM^-1 | TUNNELING^-1	best LLR -9.81; testable
member	letters A-Z	THELOSSOFDIVINITY^-1 | ANEND^-1 | TUNNELING^-1	best LLR -9.58; testable
member	letters A-Z	THELOSSOFDIVINITY^-1 | LIKE | TUNNELING^-1	best LLR -8.69; testable
member	letters A-Z	THELOSSOFDIVINITY^-1 | THE | TUNNELING^-1	best LLR -9.72; testable
member	letters A-Z	THELOSSOFDIVINITY^-1 | THE^-1 | TUNNELING^-1	best LLR -9.36; testable
member	letters A-Z	THELOSSOFDIVINITY^-1 | TO | TUNNELING^-1	best LLR -9.56; testable
member	letters A-Z	THELOSSOFDIVINITY^-1 | SHED^-1 | TUNNELING^-1	best LLR -8.61; testable
member	letters A-Z	THELOSSOFDIVINITY^-1 | OUR | TUNNELING^-1	best LLR -9.01; testable
member	letters A-Z	THELOSSOFDIVINITY^-1 | CIRCUMFERENCES | TUNNELING^-1	best LLR -8.96; testable
member	letters A-Z	THELOSSOFDIVINITY^-1 | CIRCUMFERENCES^-1 | TUNNELING^-1	best LLR -8.13; testable
member	letters A-Z	THELOSSOFDIVINITY^-1 | AND^-1 | TUNNELING^-1	best LLR -8.74; testable
member	letters A-Z	THELOSSOFDIVINITY^-1 | CIRCUMFERENCE^-1 | TUNNELING^-1	best LLR -9.07; testable
member	letters A-Z	THELOSSOFDIVINITY^-1 | CICADA | TUNNELING^-1	best LLR -7.10; testable
member	letters A-Z	THELOSSOFDIVINITY^-1 | id | TO	best LLR -8.80; testable
member	letters A-Z	THELOSSOFDIVINITY^-1 | FIRFUMFERENFE | TO	best LLR -9.45; testable
member	letters A-Z	THELOSSOFDIVINITY^-1 | WISDOM^-1 | TO	best LLR -9.81; testable
member	letters A-Z	THELOSSOFDIVINITY^-1 | ANEND^-1 | TO	best LLR -9.58; testable
member	letters A-Z	THELOSSOFDIVINITY^-1 | LIKE | TO	best LLR -8.69; testable
member	letters A-Z	THELOSSOFDIVINITY^-1 | THE | TO	best LLR -9.72; testable
member	letters A-Z	THELOSSOFDIVINITY^-1 | THE^-1 | TO	best LLR -9.36; testable
member	letters A-Z	THELOSSOFDIVINITY^-1 | TO | TO	best LLR -9.56; testable
member	letters A-Z	THELOSSOFDIVINITY^-1 | SHED^-1 | TO	best LLR -8.61; testable
member	letters A-Z	THELOSSOFDIVINITY^-1 | OUR | TO	best LLR -9.01; testable
member	letters A-Z	THELOSSOFDIVINITY^-1 | CIRCUMFERENCES | TO	best LLR -8.96; testable
member	letters A-Z	THELOSSOFDIVINITY^-1 | CIRCUMFERENCES^-1 | TO	best LLR -8.13; testable
member	letters A-Z	THELOSSOFDIVINITY^-1 | AND^-1 | TO	best LLR -8.74; testable
member	letters A-Z	THELOSSOFDIVINITY^-1 | CIRCUMFERENCE^-1 | TO	best LLR -9.07; testable
member	letters A-Z	THELOSSOFDIVINITY^-1 | CICADA | TO	best LLR -7.10; testable
member	letters A-Z	THELOSSOFDIVINITY^-1 | id | TO^-1	best LLR -8.80; testable
member	letters A-Z	THELOSSOFDIVINITY^-1 | FIRFUMFERENFE | TO^-1	best LLR -9.45; testable
member	letters A-Z	THELOSSOFDIVINITY^-1 | WISDOM^-1 | TO^-1	best LLR -9.81; testable
member	letters A-Z	THELOSSOFDIVINITY^-1 | ANEND^-1 | TO^-1	best LLR -9.58; testable
member	letters A-Z	THELOSSOFDIVINITY^-1 | LIKE | TO^-1	best LLR -8.69; testable
member	letters A-Z	THELOSSOFDIVINITY^-1 | THE | TO^-1	best LLR -9.72; testable
member	letters A-Z	THELOSSOFDIVINITY^-1 | THE^-1 | TO^-1	best LLR -9.36; testable
member	letters A-Z	THELOSSOFDIVINITY^-1 | TO | TO^-1	best LLR -9.56; testable
member	letters A-Z	THELOSSOFDIVINITY^-1 | SHED^-1 | TO^-1	best LLR -8.61; testable
member	letters A-Z	THELOSSOFDIVINITY^-1 | OUR | TO^-1	best LLR -9.01; testable
member	letters A-Z	THELOSSOFDIVINITY^-1 | CIRCUMFERENCES | TO^-1	best LLR -8.96; testable
member	letters A-Z	THELOSSOFDIVINITY^-1 | CIRCUMFERENCES^-1 | TO^-1	best LLR -8.13; testable
member	letters A-Z	THELOSSOFDIVINITY^-1 | AND^-1 | TO^-1	best LLR -8.74; testable
member	letters A-Z	THELOSSOFDIVINITY^-1 | CIRCUMFERENCE^-1 | TO^-1	best LLR -9.07; testable
member	letters A-Z	THELOSSOFDIVINITY^-1 | CICADA | TO^-1	best LLR -7.10; testable
member	letters A-Z	THELOSSOFDIVINITY^-1 | id | SURFACE	best LLR -8.80; testable
member	letters A-Z	THELOSSOFDIVINITY^-1 | FIRFUMFERENFE | SURFACE	best LLR -9.45; testable
member	letters A-Z	THELOSSOFDIVINITY^-1 | WISDOM^-1 | SURFACE	best LLR -9.81; testable
member	letters A-Z	THELOSSOFDIVINITY^-1 | ANEND^-1 | SURFACE	best LLR -9.58; testable
member	letters A-Z	THELOSSOFDIVINITY^-1 | LIKE | SURFACE	best LLR -8.69; testable
member	letters A-Z	THELOSSOFDIVINITY^-1 | THE | SURFACE	best LLR -9.72; testable
member	letters A-Z	THELOSSOFDIVINITY^-1 | THE^-1 | SURFACE	best LLR -9.36; testable
member	letters A-Z	THELOSSOFDIVINITY^-1 | TO | SURFACE	best LLR -9.56; testable
member	letters A-Z	THELOSSOFDIVINITY^-1 | SHED^-1 | SURFACE	best LLR -8.61; testable
member	letters A-Z	THELOSSOFDIVINITY^-1 | OUR | SURFACE	best LLR -9.01; testable
member	letters A-Z	THELOSSOFDIVINITY^-1 | CIRCUMFERENCES | SURFACE	best LLR -8.96; testable
member	letters A-Z	THELOSSOFDIVINITY^-1 | CIRCUMFERENCES^-1 | SURFACE	best LLR -8.13; testable
member	letters A-Z	THELOSSOFDIVINITY^-1 | AND^-1 | SURFACE	best LLR -8.74; testable
member	letters A-Z	THELOSSOFDIVINITY^-1 | CIRCUMFERENCE^-1 | SURFACE	best LLR -9.07; testable
member	letters A-Z	THELOSSOFDIVINITY^-1 | CICADA | SURFACE	best LLR -7.10; testable
member	letters A-Z	THELOSSOFDIVINITY^-1 | id | SURFACE^-1	best LLR -8.80; testable
member	letters A-Z	THELOSSOFDIVINITY^-1 | FIRFUMFERENFE | SURFACE^-1	best LLR -9.45; testable
member	letters A-Z	THELOSSOFDIVINITY^-1 | WISDOM^-1 | SURFACE^-1	best LLR -9.81; testable
member	letters A-Z	THELOSSOFDIVINITY^-1 | ANEND^-1 | SURFACE^-1	best LLR -9.58; testable
member	letters A-Z	THELOSSOFDIVINITY^-1 | LIKE | SURFACE^-1	best LLR -8.69; testable
member	letters A-Z	THELOSSOFDIVINITY^-1 | THE | SURFACE^-1	best LLR -9.72; testable
member	letters A-Z	THELOSSOFDIVINITY^-1 | THE^-1 | SURFACE^-1	best LLR -9.36; testable
member	letters A-Z	THELOSSOFDIVINITY^-1 | TO | SURFACE^-1	best LLR -9.56; testable
member	letters A-Z	THELOSSOFDIVINITY^-1 | SHED^-1 | SURFACE^-1	best LLR -8.61; testable
member	letters A-Z	THELOSSOFDIVINITY^-1 | OUR | SURFACE^-1	best LLR -9.01; testable
member	letters A-Z	THELOSSOFDIVINITY^-1 | CIRCUMFERENCES | SURFACE^-1	best LLR -8.96; testable
member	letters A-Z	THELOSSOFDIVINITY^-1 | CIRCUMFERENCES^-1 | SURFACE^-1	best LLR -8.13; testable
member	letters A-Z	THELOSSOFDIVINITY^-1 | AND^-1 | SURFACE^-1	best LLR -8.74; testable
member	letters A-Z	THELOSSOFDIVINITY^-1 | CIRCUMFERENCE^-1 | SURFACE^-1	best LLR -9.07; testable
member	letters A-Z	THELOSSOFDIVINITY^-1 | CICADA | SURFACE^-1	best LLR -7.10; testable
member	letters A-Z	THELOSSOFDIVINITY^-1 | id | WE	best LLR -8.80; testable
member	letters A-Z	THELOSSOFDIVINITY^-1 | FIRFUMFERENFE | WE	best LLR -9.45; testable
member	letters A-Z	THELOSSOFDIVINITY^-1 | WISDOM^-1 | WE	best LLR -9.81; testable
member	letters A-Z	THELOSSOFDIVINITY^-1 | ANEND^-1 | WE	best LLR -9.58; testable
member	letters A-Z	THELOSSOFDIVINITY^-1 | LIKE | WE	best LLR -8.69; testable
member	letters A-Z	THELOSSOFDIVINITY^-1 | THE | WE	best LLR -9.72; testable
member	letters A-Z	THELOSSOFDIVINITY^-1 | THE^-1 | WE	best LLR -9.36; testable
member	letters A-Z	THELOSSOFDIVINITY^-1 | TO | WE	best LLR -9.56; testable
member	letters A-Z	THELOSSOFDIVINITY^-1 | SHED^-1 | WE	best LLR -8.61; testable
member	letters A-Z	THELOSSOFDIVINITY^-1 | OUR | WE	best LLR -9.01; testable
member	letters A-Z	THELOSSOFDIVINITY^-1 | CIRCUMFERENCES | WE	best LLR -8.96; testable
member	letters A-Z	THELOSSOFDIVINITY^-1 | CIRCUMFERENCES^-1 | WE	best LLR -8.13; testable
member	letters A-Z	THELOSSOFDIVINITY^-1 | AND^-1 | WE	best LLR -8.74; testable
member	letters A-Z	THELOSSOFDIVINITY^-1 | CIRCUMFERENCE^-1 | WE	best LLR -9.07; testable
member	letters A-Z	THELOSSOFDIVINITY^-1 | CICADA | WE	best LLR -7.10; testable
member	letters A-Z	THELOSSOFDIVINITY^-1 | id | WE^-1	best LLR -8.80; testable
member	letters A-Z	THELOSSOFDIVINITY^-1 | FIRFUMFERENFE | WE^-1	best LLR -9.45; testable
member	letters A-Z	THELOSSOFDIVINITY^-1 | WISDOM^-1 | WE^-1	best LLR -9.81; testable
member	letters A-Z	THELOSSOFDIVINITY^-1 | ANEND^-1 | WE^-1	best LLR -9.58; testable
member	letters A-Z	THELOSSOFDIVINITY^-1 | LIKE | WE^-1	best LLR -8.69; testable
member	letters A-Z	THELOSSOFDIVINITY^-1 | THE | WE^-1	best LLR -9.72; testable
member	letters A-Z	THELOSSOFDIVINITY^-1 | THE^-1 | WE^-1	best LLR -9.36; testable
member	letters A-Z	THELOSSOFDIVINITY^-1 | TO | WE^-1	best LLR -9.56; testable
member	letters A-Z	THELOSSOFDIVINITY^-1 | SHED^-1 | WE^-1	best LLR -8.61; testable
member	letters A-Z	THELOSSOFDIVINITY^-1 | OUR | WE^-1	best LLR -9.01; testable
member	letters A-Z	THELOSSOFDIVINITY^-1 | CIRCUMFERENCES | WE^-1	best LLR -8.96; testable
member	letters A-Z	THELOSSOFDIVINITY^-1 | CIRCUMFERENCES^-1 | WE^-1	best LLR -8.13; testable
member	letters A-Z	THELOSSOFDIVINITY^-1 | AND^-1 | WE^-1	best LLR -8.74; testable
member	letters A-Z	THELOSSOFDIVINITY^-1 | CIRCUMFERENCE^-1 | WE^-1	best LLR -9.07; testable
member	letters A-Z	THELOSSOFDIVINITY^-1 | CICADA | WE^-1	best LLR -7.10; testable
member	letters A-Z	THELOSSOFDIVINITY^-1 | id | MUST	best LLR -8.80; testable
member	letters A-Z	THELOSSOFDIVINITY^-1 | FIRFUMFERENFE | MUST	best LLR -9.45; testable
member	letters A-Z	THELOSSOFDIVINITY^-1 | WISDOM^-1 | MUST	best LLR -9.81; testable
member	letters A-Z	THELOSSOFDIVINITY^-1 | ANEND^-1 | MUST	best LLR -9.58; testable
member	letters A-Z	THELOSSOFDIVINITY^-1 | LIKE | MUST	best LLR -8.69; testable
member	letters A-Z	THELOSSOFDIVINITY^-1 | THE | MUST	best LLR -9.72; testable
member	letters A-Z	THELOSSOFDIVINITY^-1 | THE^-1 | MUST	best LLR -9.36; testable
member	letters A-Z	THELOSSOFDIVINITY^-1 | TO | MUST	best LLR -9.56; testable
member	letters A-Z	THELOSSOFDIVINITY^-1 | SHED^-1 | MUST	best LLR -8.61; testable
member	letters A-Z	THELOSSOFDIVINITY^-1 | OUR | MUST	best LLR -9.01; testable
member	letters A-Z	THELOSSOFDIVINITY^-1 | CIRCUMFERENCES | MUST	best LLR -8.96; testable
member	letters A-Z	THELOSSOFDIVINITY^-1 | CIRCUMFERENCES^-1 | MUST	best LLR -8.13; testable
member	letters A-Z	THELOSSOFDIVINITY^-1 | AND^-1 | MUST	best LLR -8.74; testable
member	letters A-Z	THELOSSOFDIVINITY^-1 | CIRCUMFERENCE^-1 | MUST	best LLR -9.07; testable
member	letters A-Z	THELOSSOFDIVINITY^-1 | CICADA | MUST	best LLR -7.10; testable
member	letters A-Z	THELOSSOFDIVINITY^-1 | id | MUST^-1	best LLR -8.80; testable
member	letters A-Z	THELOSSOFDIVINITY^-1 | FIRFUMFERENFE | MUST^-1	best LLR -9.45; testable
member	letters A-Z	THELOSSOFDIVINITY^-1 | WISDOM^-1 | MUST^-1	best LLR -9.81; testable
member	letters A-Z	THELOSSOFDIVINITY^-1 | ANEND^-1 | MUST^-1	best LLR -9.58; testable
member	letters A-Z	THELOSSOFDIVINITY^-1 | LIKE | MUST^-1	best LLR -8.69; testable
member	letters A-Z	THELOSSOFDIVINITY^-1 | THE | MUST^-1	best LLR -9.72; testable
member	letters A-Z	THELOSSOFDIVINITY^-1 | THE^-1 | MUST^-1	best LLR -9.36; testable
member	letters A-Z	THELOSSOFDIVINITY^-1 | TO | MUST^-1	best LLR -9.56; testable
member	letters A-Z	THELOSSOFDIVINITY^-1 | SHED^-1 | MUST^-1	best LLR -8.61; testable
member	letters A-Z	THELOSSOFDIVINITY^-1 | OUR | MUST^-1	best LLR -9.01; testable
member	letters A-Z	THELOSSOFDIVINITY^-1 | CIRCUMFERENCES | MUST^-1	best LLR -8.96; testable
member	letters A-Z	THELOSSOFDIVINITY^-1 | CIRCUMFERENCES^-1 | MUST^-1	best LLR -8.13; testable
member	letters A-Z	THELOSSOFDIVINITY^-1 | AND^-1 | MUST^-1	best LLR -8.74; testable
member	letters A-Z	THELOSSOFDIVINITY^-1 | CIRCUMFERENCE^-1 | MUST^-1	best LLR -9.07; testable
member	letters A-Z	THELOSSOFDIVINITY^-1 | CICADA | MUST^-1	best LLR -7.10; testable
member	letters A-Z	THELOSSOFDIVINITY^-1 | id | SHED	best LLR -8.80; testable
member	letters A-Z	THELOSSOFDIVINITY^-1 | FIRFUMFERENFE | SHED	best LLR -9.45; testable
member	letters A-Z	THELOSSOFDIVINITY^-1 | WISDOM^-1 | SHED	best LLR -9.81; testable
member	letters A-Z	THELOSSOFDIVINITY^-1 | ANEND^-1 | SHED	best LLR -9.58; testable
member	letters A-Z	THELOSSOFDIVINITY^-1 | LIKE | SHED	best LLR -8.69; testable
member	letters A-Z	THELOSSOFDIVINITY^-1 | THE | SHED	best LLR -9.72; testable
member	letters A-Z	THELOSSOFDIVINITY^-1 | THE^-1 | SHED	best LLR -9.36; testable
member	letters A-Z	THELOSSOFDIVINITY^-1 | TO | SHED	best LLR -9.56; testable
member	letters A-Z	THELOSSOFDIVINITY^-1 | SHED^-1 | SHED	best LLR -8.61; testable
member	letters A-Z	THELOSSOFDIVINITY^-1 | OUR | SHED	best LLR -9.01; testable
member	letters A-Z	THELOSSOFDIVINITY^-1 | CIRCUMFERENCES | SHED	best LLR -8.96; testable
member	letters A-Z	THELOSSOFDIVINITY^-1 | CIRCUMFERENCES^-1 | SHED	best LLR -8.13; testable
member	letters A-Z	THELOSSOFDIVINITY^-1 | AND^-1 | SHED	best LLR -8.74; testable
member	letters A-Z	THELOSSOFDIVINITY^-1 | CIRCUMFERENCE^-1 | SHED	best LLR -9.07; testable
member	letters A-Z	THELOSSOFDIVINITY^-1 | CICADA | SHED	best LLR -7.10; testable
member	letters A-Z	THELOSSOFDIVINITY^-1 | id | SHED^-1	best LLR -8.80; testable
member	letters A-Z	THELOSSOFDIVINITY^-1 | FIRFUMFERENFE | SHED^-1	best LLR -9.45; testable
member	letters A-Z	THELOSSOFDIVINITY^-1 | WISDOM^-1 | SHED^-1	best LLR -9.81; testable
member	letters A-Z	THELOSSOFDIVINITY^-1 | ANEND^-1 | SHED^-1	best LLR -9.58; testable
member	letters A-Z	THELOSSOFDIVINITY^-1 | LIKE | SHED^-1	best LLR -8.69; testable
member	letters A-Z	THELOSSOFDIVINITY^-1 | THE | SHED^-1	best LLR -9.72; testable
member	letters A-Z	THELOSSOFDIVINITY^-1 | THE^-1 | SHED^-1	best LLR -9.36; testable
member	letters A-Z	THELOSSOFDIVINITY^-1 | TO | SHED^-1	best LLR -9.56; testable
member	letters A-Z	THELOSSOFDIVINITY^-1 | SHED^-1 | SHED^-1	best LLR -8.61; testable
member	letters A-Z	THELOSSOFDIVINITY^-1 | OUR | SHED^-1	best LLR -9.01; testable
member	letters A-Z	THELOSSOFDIVINITY^-1 | CIRCUMFERENCES | SHED^-1	best LLR -8.96; testable
member	letters A-Z	THELOSSOFDIVINITY^-1 | CIRCUMFERENCES^-1 | SHED^-1	best LLR -8.13; testable
member	letters A-Z	THELOSSOFDIVINITY^-1 | AND^-1 | SHED^-1	best LLR -8.74; testable
member	letters A-Z	THELOSSOFDIVINITY^-1 | CIRCUMFERENCE^-1 | SHED^-1	best LLR -9.07; testable
member	letters A-Z	THELOSSOFDIVINITY^-1 | CICADA | SHED^-1	best LLR -7.10; testable
member	letters A-Z	THELOSSOFDIVINITY^-1 | id | OUR	best LLR -8.80; testable
member	letters A-Z	THELOSSOFDIVINITY^-1 | FIRFUMFERENFE | OUR	best LLR -9.45; testable
member	letters A-Z	THELOSSOFDIVINITY^-1 | WISDOM^-1 | OUR	best LLR -9.81; testable
member	letters A-Z	THELOSSOFDIVINITY^-1 | ANEND^-1 | OUR	best LLR -9.58; testable
member	letters A-Z	THELOSSOFDIVINITY^-1 | LIKE | OUR	best LLR -8.69; testable
member	letters A-Z	THELOSSOFDIVINITY^-1 | THE | OUR	best LLR -9.72; testable
member	letters A-Z	THELOSSOFDIVINITY^-1 | THE^-1 | OUR	best LLR -9.36; testable
member	letters A-Z	THELOSSOFDIVINITY^-1 | TO | OUR	best LLR -9.56; testable
member	letters A-Z	THELOSSOFDIVINITY^-1 | SHED^-1 | OUR	best LLR -8.61; testable
member	letters A-Z	THELOSSOFDIVINITY^-1 | OUR | OUR	best LLR -9.01; testable
member	letters A-Z	THELOSSOFDIVINITY^-1 | CIRCUMFERENCES | OUR	best LLR -8.96; testable
member	letters A-Z	THELOSSOFDIVINITY^-1 | CIRCUMFERENCES^-1 | OUR	best LLR -8.13; testable
member	letters A-Z	THELOSSOFDIVINITY^-1 | AND^-1 | OUR	best LLR -8.74; testable
member	letters A-Z	THELOSSOFDIVINITY^-1 | CIRCUMFERENCE^-1 | OUR	best LLR -9.07; testable
member	letters A-Z	THELOSSOFDIVINITY^-1 | CICADA | OUR	best LLR -7.10; testable
member	letters A-Z	THELOSSOFDIVINITY^-1 | id | OWN	best LLR -8.80; testable
member	letters A-Z	THELOSSOFDIVINITY^-1 | FIRFUMFERENFE | OWN	best LLR -9.45; testable
member	letters A-Z	THELOSSOFDIVINITY^-1 | WISDOM^-1 | OWN	best LLR -9.81; testable
member	letters A-Z	THELOSSOFDIVINITY^-1 | ANEND^-1 | OWN	best LLR -9.58; testable
member	letters A-Z	THELOSSOFDIVINITY^-1 | LIKE | OWN	best LLR -8.69; testable
member	letters A-Z	THELOSSOFDIVINITY^-1 | THE | OWN	best LLR -9.72; testable
member	letters A-Z	THELOSSOFDIVINITY^-1 | THE^-1 | OWN	best LLR -9.36; testable
member	letters A-Z	THELOSSOFDIVINITY^-1 | TO | OWN	best LLR -9.56; testable
member	letters A-Z	THELOSSOFDIVINITY^-1 | SHED^-1 | OWN	best LLR -8.61; testable
member	letters A-Z	THELOSSOFDIVINITY^-1 | OUR | OWN	best LLR -9.01; testable
member	letters A-Z	THELOSSOFDIVINITY^-1 | CIRCUMFERENCES | OWN	best LLR -8.96; testable
member	letters A-Z	THELOSSOFDIVINITY^-1 | CIRCUMFERENCES^-1 | OWN	best LLR -8.13; testable
member	letters A-Z	THELOSSOFDIVINITY^-1 | AND^-1 | OWN	best LLR -8.74; testable
member	letters A-Z	THELOSSOFDIVINITY^-1 | CIRCUMFERENCE^-1 | OWN	best LLR -9.07; testable
member	letters A-Z	THELOSSOFDIVINITY^-1 | CICADA | OWN	best LLR -7.10; testable
member	letters A-Z	THELOSSOFDIVINITY^-1 | id | OWN^-1	best LLR -8.80; testable
member	letters A-Z	THELOSSOFDIVINITY^-1 | FIRFUMFERENFE | OWN^-1	best LLR -9.45; testable
member	letters A-Z	THELOSSOFDIVINITY^-1 | WISDOM^-1 | OWN^-1	best LLR -9.81; testable
member	letters A-Z	THELOSSOFDIVINITY^-1 | ANEND^-1 | OWN^-1	best LLR -9.58; testable
member	letters A-Z	THELOSSOFDIVINITY^-1 | LIKE | OWN^-1	best LLR -8.69; testable
member	letters A-Z	THELOSSOFDIVINITY^-1 | THE | OWN^-1	best LLR -9.72; testable
member	letters A-Z	THELOSSOFDIVINITY^-1 | THE^-1 | OWN^-1	best LLR -9.36; testable
member	letters A-Z	THELOSSOFDIVINITY^-1 | TO | OWN^-1	best LLR -9.56; testable
member	letters A-Z	THELOSSOFDIVINITY^-1 | SHED^-1 | OWN^-1	best LLR -8.61; testable
member	letters A-Z	THELOSSOFDIVINITY^-1 | OUR | OWN^-1	best LLR -9.01; testable
member	letters A-Z	THELOSSOFDIVINITY^-1 | CIRCUMFERENCES | OWN^-1	best LLR -8.96; testable
member	letters A-Z	THELOSSOFDIVINITY^-1 | CIRCUMFERENCES^-1 | OWN^-1	best LLR -8.13; testable
member	letters A-Z	THELOSSOFDIVINITY^-1 | AND^-1 | OWN^-1	best LLR -8.74; testable
member	letters A-Z	THELOSSOFDIVINITY^-1 | CIRCUMFERENCE^-1 | OWN^-1	best LLR -9.07; testable
member	letters A-Z	THELOSSOFDIVINITY^-1 | CICADA | OWN^-1	best LLR -7.10; testable
member	letters A-Z	THELOSSOFDIVINITY^-1 | id | CIRCUMFERENCES	best LLR -8.80; testable
member	letters A-Z	THELOSSOFDIVINITY^-1 | FIRFUMFERENFE | CIRCUMFERENCES	best LLR -9.45; testable
member	letters A-Z	THELOSSOFDIVINITY^-1 | WISDOM^-1 | CIRCUMFERENCES	best LLR -9.81; testable
member	letters A-Z	THELOSSOFDIVINITY^-1 | ANEND^-1 | CIRCUMFERENCES	best LLR -9.58; testable
member	letters A-Z	THELOSSOFDIVINITY^-1 | LIKE | CIRCUMFERENCES	best LLR -8.69; testable
member	letters A-Z	THELOSSOFDIVINITY^-1 | THE | CIRCUMFERENCES	best LLR -9.72; testable
member	letters A-Z	THELOSSOFDIVINITY^-1 | THE^-1 | CIRCUMFERENCES	best LLR -9.36; testable
member	letters A-Z	THELOSSOFDIVINITY^-1 | TO | CIRCUMFERENCES	best LLR -9.56; testable
member	letters A-Z	THELOSSOFDIVINITY^-1 | SHED^-1 | CIRCUMFERENCES	best LLR -8.61; testable
member	letters A-Z	THELOSSOFDIVINITY^-1 | OUR | CIRCUMFERENCES	best LLR -9.01; testable
member	letters A-Z	THELOSSOFDIVINITY^-1 | CIRCUMFERENCES | CIRCUMFERENCES	best LLR -8.96; testable
member	letters A-Z	THELOSSOFDIVINITY^-1 | CIRCUMFERENCES^-1 | CIRCUMFERENCES	best LLR -8.13; testable
member	letters A-Z	THELOSSOFDIVINITY^-1 | AND^-1 | CIRCUMFERENCES	best LLR -8.74; testable
member	letters A-Z	THELOSSOFDIVINITY^-1 | CIRCUMFERENCE^-1 | CIRCUMFERENCES	best LLR -9.07; testable
member	letters A-Z	THELOSSOFDIVINITY^-1 | CICADA | CIRCUMFERENCES	best LLR -7.10; testable
member	letters A-Z	THELOSSOFDIVINITY^-1 | id | CIRCUMFERENCES^-1	best LLR -8.80; testable
member	letters A-Z	THELOSSOFDIVINITY^-1 | FIRFUMFERENFE | CIRCUMFERENCES^-1	best LLR -9.45; testable
member	letters A-Z	THELOSSOFDIVINITY^-1 | WISDOM^-1 | CIRCUMFERENCES^-1	best LLR -9.81; testable
member	letters A-Z	THELOSSOFDIVINITY^-1 | ANEND^-1 | CIRCUMFERENCES^-1	best LLR -9.58; testable
member	letters A-Z	THELOSSOFDIVINITY^-1 | LIKE | CIRCUMFERENCES^-1	best LLR -8.69; testable
member	letters A-Z	THELOSSOFDIVINITY^-1 | THE | CIRCUMFERENCES^-1	best LLR -9.72; testable
member	letters A-Z	THELOSSOFDIVINITY^-1 | THE^-1 | CIRCUMFERENCES^-1	best LLR -9.36; testable
member	letters A-Z	THELOSSOFDIVINITY^-1 | TO | CIRCUMFERENCES^-1	best LLR -9.56; testable
member	letters A-Z	THELOSSOFDIVINITY^-1 | SHED^-1 | CIRCUMFERENCES^-1	best LLR -8.61; testable
member	letters A-Z	THELOSSOFDIVINITY^-1 | OUR | CIRCUMFERENCES^-1	best LLR -9.01; testable
member	letters A-Z	THELOSSOFDIVINITY^-1 | CIRCUMFERENCES | CIRCUMFERENCES^-1	best LLR -8.96; testable
member	letters A-Z	THELOSSOFDIVINITY^-1 | CIRCUMFERENCES^-1 | CIRCUMFERENCES^-1	best LLR -8.13; testable
member	letters A-Z	THELOSSOFDIVINITY^-1 | AND^-1 | CIRCUMFERENCES^-1	best LLR -8.74; testable
member	letters A-Z	THELOSSOFDIVINITY^-1 | CIRCUMFERENCE^-1 | CIRCUMFERENCES^-1	best LLR -9.07; testable
member	letters A-Z	THELOSSOFDIVINITY^-1 | CICADA | CIRCUMFERENCES^-1	best LLR -7.10; testable
member	letters A-Z	THELOSSOFDIVINITY^-1 | id | FIND	best LLR -8.80; testable
member	letters A-Z	THELOSSOFDIVINITY^-1 | FIRFUMFERENFE | FIND	best LLR -9.45; testable
member	letters A-Z	THELOSSOFDIVINITY^-1 | WISDOM^-1 | FIND	best LLR -9.81; testable
member	letters A-Z	THELOSSOFDIVINITY^-1 | ANEND^-1 | FIND	best LLR -9.58; testable
member	letters A-Z	THELOSSOFDIVINITY^-1 | LIKE | FIND	best LLR -8.69; testable
member	letters A-Z	THELOSSOFDIVINITY^-1 | THE | FIND	best LLR -9.72; testable
member	letters A-Z	THELOSSOFDIVINITY^-1 | THE^-1 | FIND	best LLR -9.36; testable
member	letters A-Z	THELOSSOFDIVINITY^-1 | TO | FIND	best LLR -9.56; testable
member	letters A-Z	THELOSSOFDIVINITY^-1 | SHED^-1 | FIND	best LLR -8.61; testable
member	letters A-Z	THELOSSOFDIVINITY^-1 | OUR | FIND	best LLR -9.01; testable
member	letters A-Z	THELOSSOFDIVINITY^-1 | CIRCUMFERENCES | FIND	best LLR -8.96; testable
member	letters A-Z	THELOSSOFDIVINITY^-1 | CIRCUMFERENCES^-1 | FIND	best LLR -8.13; testable
member	letters A-Z	THELOSSOFDIVINITY^-1 | AND^-1 | FIND	best LLR -8.74; testable
member	letters A-Z	THELOSSOFDIVINITY^-1 | CIRCUMFERENCE^-1 | FIND	best LLR -9.07; testable
member	letters A-Z	THELOSSOFDIVINITY^-1 | CICADA | FIND	best LLR -7.10; testable
member	letters A-Z	THELOSSOFDIVINITY^-1 | id | FIND^-1	best LLR -8.80; testable
member	letters A-Z	THELOSSOFDIVINITY^-1 | FIRFUMFERENFE | FIND^-1	best LLR -9.45; testable
member	letters A-Z	THELOSSOFDIVINITY^-1 | WISDOM^-1 | FIND^-1	best LLR -9.81; testable
member	letters A-Z	THELOSSOFDIVINITY^-1 | ANEND^-1 | FIND^-1	best LLR -9.58; testable
member	letters A-Z	THELOSSOFDIVINITY^-1 | LIKE | FIND^-1	best LLR -8.69; testable
member	letters A-Z	THELOSSOFDIVINITY^-1 | THE | FIND^-1	best LLR -9.72; testable
member	letters A-Z	THELOSSOFDIVINITY^-1 | THE^-1 | FIND^-1	best LLR -9.36; testable
member	letters A-Z	THELOSSOFDIVINITY^-1 | TO | FIND^-1	best LLR -9.56; testable
member	letters A-Z	THELOSSOFDIVINITY^-1 | SHED^-1 | FIND^-1	best LLR -8.61; testable
member	letters A-Z	THELOSSOFDIVINITY^-1 | OUR | FIND^-1	best LLR -9.01; testable
member	letters A-Z	THELOSSOFDIVINITY^-1 | CIRCUMFERENCES | FIND^-1	best LLR -8.96; testable
member	letters A-Z	THELOSSOFDIVINITY^-1 | CIRCUMFERENCES^-1 | FIND^-1	best LLR -8.13; testable
member	letters A-Z	THELOSSOFDIVINITY^-1 | AND^-1 | FIND^-1	best LLR -8.74; testable
member	letters A-Z	THELOSSOFDIVINITY^-1 | CIRCUMFERENCE^-1 | FIND^-1	best LLR -9.07; testable
member	letters A-Z	THELOSSOFDIVINITY^-1 | CICADA | FIND^-1	best LLR -7.10; testable
member	letters A-Z	THELOSSOFDIVINITY^-1 | id | WITHIN	best LLR -8.80; testable
member	letters A-Z	THELOSSOFDIVINITY^-1 | FIRFUMFERENFE | WITHIN	best LLR -9.45; testable
member	letters A-Z	THELOSSOFDIVINITY^-1 | WISDOM^-1 | WITHIN	best LLR -9.81; testable
member	letters A-Z	THELOSSOFDIVINITY^-1 | ANEND^-1 | WITHIN	best LLR -9.58; testable
member	letters A-Z	THELOSSOFDIVINITY^-1 | LIKE | WITHIN	best LLR -8.69; testable
member	letters A-Z	THELOSSOFDIVINITY^-1 | THE | WITHIN	best LLR -9.72; testable
member	letters A-Z	THELOSSOFDIVINITY^-1 | THE^-1 | WITHIN	best LLR -9.36; testable
member	letters A-Z	THELOSSOFDIVINITY^-1 | TO | WITHIN	best LLR -9.56; testable
member	letters A-Z	THELOSSOFDIVINITY^-1 | SHED^-1 | WITHIN	best LLR -8.61; testable
member	letters A-Z	THELOSSOFDIVINITY^-1 | OUR | WITHIN	best LLR -9.01; testable
member	letters A-Z	THELOSSOFDIVINITY^-1 | CIRCUMFERENCES | WITHIN	best LLR -8.96; testable
member	letters A-Z	THELOSSOFDIVINITY^-1 | CIRCUMFERENCES^-1 | WITHIN	best LLR -8.13; testable
member	letters A-Z	THELOSSOFDIVINITY^-1 | AND^-1 | WITHIN	best LLR -8.74; testable
member	letters A-Z	THELOSSOFDIVINITY^-1 | CIRCUMFERENCE^-1 | WITHIN	best LLR -9.07; testable
member	letters A-Z	THELOSSOFDIVINITY^-1 | CICADA | WITHIN	best LLR -7.10; testable
member	letters A-Z	THELOSSOFDIVINITY^-1 | id | WITHIN^-1	best LLR -8.80; testable
member	letters A-Z	THELOSSOFDIVINITY^-1 | FIRFUMFERENFE | WITHIN^-1	best LLR -9.45; testable
member	letters A-Z	THELOSSOFDIVINITY^-1 | WISDOM^-1 | WITHIN^-1	best LLR -9.81; testable
member	letters A-Z	THELOSSOFDIVINITY^-1 | ANEND^-1 | WITHIN^-1	best LLR -9.58; testable
member	letters A-Z	THELOSSOFDIVINITY^-1 | LIKE | WITHIN^-1	best LLR -8.69; testable
member	letters A-Z	THELOSSOFDIVINITY^-1 | THE | WITHIN^-1	best LLR -9.72; testable
member	letters A-Z	THELOSSOFDIVINITY^-1 | THE^-1 | WITHIN^-1	best LLR -9.36; testable
member	letters A-Z	THELOSSOFDIVINITY^-1 | TO | WITHIN^-1	best LLR -9.56; testable
member	letters A-Z	THELOSSOFDIVINITY^-1 | SHED^-1 | WITHIN^-1	best LLR -8.61; testable
member	letters A-Z	THELOSSOFDIVINITY^-1 | OUR | WITHIN^-1	best LLR -9.01; testable
member	letters A-Z	THELOSSOFDIVINITY^-1 | CIRCUMFERENCES | WITHIN^-1	best LLR -8.96; testable
member	letters A-Z	THELOSSOFDIVINITY^-1 | CIRCUMFERENCES^-1 | WITHIN^-1	best LLR -8.13; testable
member	letters A-Z	THELOSSOFDIVINITY^-1 | AND^-1 | WITHIN^-1	best LLR -8.74; testable
member	letters A-Z	THELOSSOFDIVINITY^-1 | CIRCUMFERENCE^-1 | WITHIN^-1	best LLR -9.07; testable
member	letters A-Z	THELOSSOFDIVINITY^-1 | CICADA | WITHIN^-1	best LLR -7.10; testable
member	letters A-Z	THELOSSOFDIVINITY^-1 | id | AND	best LLR -8.80; testable
member	letters A-Z	THELOSSOFDIVINITY^-1 | FIRFUMFERENFE | AND	best LLR -9.45; testable
member	letters A-Z	THELOSSOFDIVINITY^-1 | WISDOM^-1 | AND	best LLR -9.81; testable
member	letters A-Z	THELOSSOFDIVINITY^-1 | ANEND^-1 | AND	best LLR -9.58; testable
member	letters A-Z	THELOSSOFDIVINITY^-1 | LIKE | AND	best LLR -8.69; testable
member	letters A-Z	THELOSSOFDIVINITY^-1 | THE | AND	best LLR -9.72; testable
member	letters A-Z	THELOSSOFDIVINITY^-1 | THE^-1 | AND	best LLR -9.36; testable
member	letters A-Z	THELOSSOFDIVINITY^-1 | TO | AND	best LLR -9.56; testable
member	letters A-Z	THELOSSOFDIVINITY^-1 | SHED^-1 | AND	best LLR -8.61; testable
member	letters A-Z	THELOSSOFDIVINITY^-1 | OUR | AND	best LLR -9.01; testable
member	letters A-Z	THELOSSOFDIVINITY^-1 | CIRCUMFERENCES | AND	best LLR -8.96; testable
member	letters A-Z	THELOSSOFDIVINITY^-1 | CIRCUMFERENCES^-1 | AND	best LLR -8.13; testable
member	letters A-Z	THELOSSOFDIVINITY^-1 | AND^-1 | AND	best LLR -8.74; testable
member	letters A-Z	THELOSSOFDIVINITY^-1 | CIRCUMFERENCE^-1 | AND	best LLR -9.07; testable
member	letters A-Z	THELOSSOFDIVINITY^-1 | CICADA | AND	best LLR -7.10; testable
member	letters A-Z	THELOSSOFDIVINITY^-1 | id | AND^-1	best LLR -8.80; testable
member	letters A-Z	THELOSSOFDIVINITY^-1 | FIRFUMFERENFE | AND^-1	best LLR -9.45; testable
member	letters A-Z	THELOSSOFDIVINITY^-1 | WISDOM^-1 | AND^-1	best LLR -9.81; testable
member	letters A-Z	THELOSSOFDIVINITY^-1 | ANEND^-1 | AND^-1	best LLR -9.58; testable
member	letters A-Z	THELOSSOFDIVINITY^-1 | LIKE | AND^-1	best LLR -8.69; testable
member	letters A-Z	THELOSSOFDIVINITY^-1 | THE | AND^-1	best LLR -9.72; testable
member	letters A-Z	THELOSSOFDIVINITY^-1 | THE^-1 | AND^-1	best LLR -9.36; testable
member	letters A-Z	THELOSSOFDIVINITY^-1 | TO | AND^-1	best LLR -9.56; testable
member	letters A-Z	THELOSSOFDIVINITY^-1 | SHED^-1 | AND^-1	best LLR -8.61; testable
member	letters A-Z	THELOSSOFDIVINITY^-1 | OUR | AND^-1	best LLR -9.01; testable
member	letters A-Z	THELOSSOFDIVINITY^-1 | CIRCUMFERENCES | AND^-1	best LLR -8.96; testable
member	letters A-Z	THELOSSOFDIVINITY^-1 | CIRCUMFERENCES^-1 | AND^-1	best LLR -8.13; testable
member	letters A-Z	THELOSSOFDIVINITY^-1 | AND^-1 | AND^-1	best LLR -8.74; testable
member	letters A-Z	THELOSSOFDIVINITY^-1 | CIRCUMFERENCE^-1 | AND^-1	best LLR -9.07; testable
member	letters A-Z	THELOSSOFDIVINITY^-1 | CICADA | AND^-1	best LLR -7.10; testable
member	letters A-Z	THELOSSOFDIVINITY^-1 | id | EMERGE	best LLR -8.80; testable
member	letters A-Z	THELOSSOFDIVINITY^-1 | FIRFUMFERENFE | EMERGE	best LLR -9.45; testable
member	letters A-Z	THELOSSOFDIVINITY^-1 | WISDOM^-1 | EMERGE	best LLR -9.81; testable
member	letters A-Z	THELOSSOFDIVINITY^-1 | ANEND^-1 | EMERGE	best LLR -9.58; testable
member	letters A-Z	THELOSSOFDIVINITY^-1 | LIKE | EMERGE	best LLR -8.69; testable
member	letters A-Z	THELOSSOFDIVINITY^-1 | THE | EMERGE	best LLR -9.72; testable
member	letters A-Z	THELOSSOFDIVINITY^-1 | THE^-1 | EMERGE	best LLR -9.36; testable
member	letters A-Z	THELOSSOFDIVINITY^-1 | TO | EMERGE	best LLR -9.56; testable
member	letters A-Z	THELOSSOFDIVINITY^-1 | SHED^-1 | EMERGE	best LLR -8.61; testable
member	letters A-Z	THELOSSOFDIVINITY^-1 | OUR | EMERGE	best LLR -9.01; testable
member	letters A-Z	THELOSSOFDIVINITY^-1 | CIRCUMFERENCES | EMERGE	best LLR -8.96; testable
member	letters A-Z	THELOSSOFDIVINITY^-1 | CIRCUMFERENCES^-1 | EMERGE	best LLR -8.13; testable
member	letters A-Z	THELOSSOFDIVINITY^-1 | AND^-1 | EMERGE	best LLR -8.74; testable
member	letters A-Z	THELOSSOFDIVINITY^-1 | CIRCUMFERENCE^-1 | EMERGE	best LLR -9.07; testable
member	letters A-Z	THELOSSOFDIVINITY^-1 | CICADA | EMERGE	best LLR -7.10; testable
member	letters A-Z	THELOSSOFDIVINITY^-1 | id | EMERGE^-1	best LLR -8.80; testable
member	letters A-Z	THELOSSOFDIVINITY^-1 | FIRFUMFERENFE | EMERGE^-1	best LLR -9.45; testable
member	letters A-Z	THELOSSOFDIVINITY^-1 | WISDOM^-1 | EMERGE^-1	best LLR -9.81; testable
member	letters A-Z	THELOSSOFDIVINITY^-1 | ANEND^-1 | EMERGE^-1	best LLR -9.58; testable
member	letters A-Z	THELOSSOFDIVINITY^-1 | LIKE | EMERGE^-1	best LLR -8.69; testable
member	letters A-Z	THELOSSOFDIVINITY^-1 | THE | EMERGE^-1	best LLR -9.72; testable
member	letters A-Z	THELOSSOFDIVINITY^-1 | THE^-1 | EMERGE^-1	best LLR -9.36; testable
member	letters A-Z	THELOSSOFDIVINITY^-1 | TO | EMERGE^-1	best LLR -9.56; testable
member	letters A-Z	THELOSSOFDIVINITY^-1 | SHED^-1 | EMERGE^-1	best LLR -8.61; testable
member	letters A-Z	THELOSSOFDIVINITY^-1 | OUR | EMERGE^-1	best LLR -9.01; testable
member	letters A-Z	THELOSSOFDIVINITY^-1 | CIRCUMFERENCES | EMERGE^-1	best LLR -8.96; testable
member	letters A-Z	THELOSSOFDIVINITY^-1 | CIRCUMFERENCES^-1 | EMERGE^-1	best LLR -8.13; testable
member	letters A-Z	THELOSSOFDIVINITY^-1 | AND^-1 | EMERGE^-1	best LLR -8.74; testable
member	letters A-Z	THELOSSOFDIVINITY^-1 | CIRCUMFERENCE^-1 | EMERGE^-1	best LLR -9.07; testable
member	letters A-Z	THELOSSOFDIVINITY^-1 | CICADA | EMERGE^-1	best LLR -7.10; testable
member	letters A-Z	THELOSSOFDIVINITY^-1 | id | CIRCUMFERENCE	best LLR -8.80; testable
member	letters A-Z	THELOSSOFDIVINITY^-1 | FIRFUMFERENFE | CIRCUMFERENCE	best LLR -9.45; testable
member	letters A-Z	THELOSSOFDIVINITY^-1 | WISDOM^-1 | CIRCUMFERENCE	best LLR -9.81; testable
member	letters A-Z	THELOSSOFDIVINITY^-1 | ANEND^-1 | CIRCUMFERENCE	best LLR -9.58; testable
member	letters A-Z	THELOSSOFDIVINITY^-1 | LIKE | CIRCUMFERENCE	best LLR -8.69; testable
member	letters A-Z	THELOSSOFDIVINITY^-1 | THE | CIRCUMFERENCE	best LLR -9.72; testable
member	letters A-Z	THELOSSOFDIVINITY^-1 | THE^-1 | CIRCUMFERENCE	best LLR -9.36; testable
member	letters A-Z	THELOSSOFDIVINITY^-1 | TO | CIRCUMFERENCE	best LLR -9.56; testable
member	letters A-Z	THELOSSOFDIVINITY^-1 | SHED^-1 | CIRCUMFERENCE	best LLR -8.61; testable
member	letters A-Z	THELOSSOFDIVINITY^-1 | OUR | CIRCUMFERENCE	best LLR -9.01; testable
member	letters A-Z	THELOSSOFDIVINITY^-1 | CIRCUMFERENCES | CIRCUMFERENCE	best LLR -8.96; testable
member	letters A-Z	THELOSSOFDIVINITY^-1 | CIRCUMFERENCES^-1 | CIRCUMFERENCE	best LLR -8.13; testable
member	letters A-Z	THELOSSOFDIVINITY^-1 | AND^-1 | CIRCUMFERENCE	best LLR -8.74; testable
member	letters A-Z	THELOSSOFDIVINITY^-1 | CIRCUMFERENCE^-1 | CIRCUMFERENCE	best LLR -9.07; testable
member	letters A-Z	THELOSSOFDIVINITY^-1 | CICADA | CIRCUMFERENCE	best LLR -7.10; testable
member	letters A-Z	THELOSSOFDIVINITY^-1 | id | CIRCUMFERENCE^-1	best LLR -8.80; testable
member	letters A-Z	THELOSSOFDIVINITY^-1 | FIRFUMFERENFE | CIRCUMFERENCE^-1	best LLR -9.45; testable
member	letters A-Z	THELOSSOFDIVINITY^-1 | WISDOM^-1 | CIRCUMFERENCE^-1	best LLR -9.81; testable
member	letters A-Z	THELOSSOFDIVINITY^-1 | ANEND^-1 | CIRCUMFERENCE^-1	best LLR -9.58; testable
member	letters A-Z	THELOSSOFDIVINITY^-1 | LIKE | CIRCUMFERENCE^-1	best LLR -8.69; testable
member	letters A-Z	THELOSSOFDIVINITY^-1 | THE | CIRCUMFERENCE^-1	best LLR -9.72; testable
member	letters A-Z	THELOSSOFDIVINITY^-1 | THE^-1 | CIRCUMFERENCE^-1	best LLR -9.36; testable
member	letters A-Z	THELOSSOFDIVINITY^-1 | TO | CIRCUMFERENCE^-1	best LLR -9.56; testable
member	letters A-Z	THELOSSOFDIVINITY^-1 | SHED^-1 | CIRCUMFERENCE^-1	best LLR -8.61; testable
member	letters A-Z	THELOSSOFDIVINITY^-1 | OUR | CIRCUMFERENCE^-1	best LLR -9.01; testable
member	letters A-Z	THELOSSOFDIVINITY^-1 | CIRCUMFERENCES | CIRCUMFERENCE^-1	best LLR -8.96; testable
member	letters A-Z	THELOSSOFDIVINITY^-1 | CIRCUMFERENCES^-1 | CIRCUMFERENCE^-1	best LLR -8.13; testable
member	letters A-Z	THELOSSOFDIVINITY^-1 | AND^-1 | CIRCUMFERENCE^-1	best LLR -8.74; testable
member	letters A-Z	THELOSSOFDIVINITY^-1 | CIRCUMFERENCE^-1 | CIRCUMFERENCE^-1	best LLR -9.07; testable
member	letters A-Z	THELOSSOFDIVINITY^-1 | CICADA | CIRCUMFERENCE^-1	best LLR -7.10; testable
member	letters A-Z	THELOSSOFDIVINITY^-1 | id | LIBERPRIMUS	best LLR -8.80; testable
member	letters A-Z	THELOSSOFDIVINITY^-1 | FIRFUMFERENFE | LIBERPRIMUS	best LLR -9.45; testable
member	letters A-Z	THELOSSOFDIVINITY^-1 | WISDOM^-1 | LIBERPRIMUS	best LLR -9.81; testable
member	letters A-Z	THELOSSOFDIVINITY^-1 | ANEND^-1 | LIBERPRIMUS	best LLR -9.58; testable
member	letters A-Z	THELOSSOFDIVINITY^-1 | LIKE | LIBERPRIMUS	best LLR -8.69; testable
member	letters A-Z	THELOSSOFDIVINITY^-1 | THE | LIBERPRIMUS	best LLR -9.72; testable
member	letters A-Z	THELOSSOFDIVINITY^-1 | THE^-1 | LIBERPRIMUS	best LLR -9.36; testable
member	letters A-Z	THELOSSOFDIVINITY^-1 | TO | LIBERPRIMUS	best LLR -9.56; testable
member	letters A-Z	THELOSSOFDIVINITY^-1 | SHED^-1 | LIBERPRIMUS	best LLR -8.61; testable
member	letters A-Z	THELOSSOFDIVINITY^-1 | OUR | LIBERPRIMUS	best LLR -9.01; testable
member	letters A-Z	THELOSSOFDIVINITY^-1 | CIRCUMFERENCES | LIBERPRIMUS	best LLR -8.96; testable
member	letters A-Z	THELOSSOFDIVINITY^-1 | CIRCUMFERENCES^-1 | LIBERPRIMUS	best LLR -8.13; testable
member	letters A-Z	THELOSSOFDIVINITY^-1 | AND^-1 | LIBERPRIMUS	best LLR -8.74; testable
member	letters A-Z	THELOSSOFDIVINITY^-1 | CIRCUMFERENCE^-1 | LIBERPRIMUS	best LLR -9.07; testable
member	letters A-Z	THELOSSOFDIVINITY^-1 | CICADA | LIBERPRIMUS	best LLR -7.10; testable
member	letters A-Z	THELOSSOFDIVINITY^-1 | id | LIBERPRIMUS^-1	best LLR -8.80; testable
member	letters A-Z	THELOSSOFDIVINITY^-1 | FIRFUMFERENFE | LIBERPRIMUS^-1	best LLR -9.45; testable
member	letters A-Z	THELOSSOFDIVINITY^-1 | WISDOM^-1 | LIBERPRIMUS^-1	best LLR -9.81; testable
member	letters A-Z	THELOSSOFDIVINITY^-1 | ANEND^-1 | LIBERPRIMUS^-1	best LLR -9.58; testable
member	letters A-Z	THELOSSOFDIVINITY^-1 | LIKE | LIBERPRIMUS^-1	best LLR -8.69; testable
member	letters A-Z	THELOSSOFDIVINITY^-1 | THE | LIBERPRIMUS^-1	best LLR -9.72; testable
member	letters A-Z	THELOSSOFDIVINITY^-1 | THE^-1 | LIBERPRIMUS^-1	best LLR -9.36; testable
member	letters A-Z	THELOSSOFDIVINITY^-1 | TO | LIBERPRIMUS^-1	best LLR -9.56; testable
member	letters A-Z	THELOSSOFDIVINITY^-1 | SHED^-1 | LIBERPRIMUS^-1	best LLR -8.61; testable
member	letters A-Z	THELOSSOFDIVINITY^-1 | OUR | LIBERPRIMUS^-1	best LLR -9.01; testable
member	letters A-Z	THELOSSOFDIVINITY^-1 | CIRCUMFERENCES | LIBERPRIMUS^-1	best LLR -8.96; testable
member	letters A-Z	THELOSSOFDIVINITY^-1 | CIRCUMFERENCES^-1 | LIBERPRIMUS^-1	best LLR -8.13; testable
member	letters A-Z	THELOSSOFDIVINITY^-1 | AND^-1 | LIBERPRIMUS^-1	best LLR -8.74; testable
member	letters A-Z	THELOSSOFDIVINITY^-1 | CIRCUMFERENCE^-1 | LIBERPRIMUS^-1	best LLR -9.07; testable
member	letters A-Z	THELOSSOFDIVINITY^-1 | CICADA | LIBERPRIMUS^-1	best LLR -7.10; testable
member	letters A-Z	THELOSSOFDIVINITY^-1 | id | PRIMUS	best LLR -8.80; testable
member	letters A-Z	THELOSSOFDIVINITY^-1 | FIRFUMFERENFE | PRIMUS	best LLR -9.45; testable
member	letters A-Z	THELOSSOFDIVINITY^-1 | WISDOM^-1 | PRIMUS	best LLR -9.81; testable
member	letters A-Z	THELOSSOFDIVINITY^-1 | ANEND^-1 | PRIMUS	best LLR -9.58; testable
member	letters A-Z	THELOSSOFDIVINITY^-1 | LIKE | PRIMUS	best LLR -8.69; testable
member	letters A-Z	THELOSSOFDIVINITY^-1 | THE | PRIMUS	best LLR -9.72; testable
member	letters A-Z	THELOSSOFDIVINITY^-1 | THE^-1 | PRIMUS	best LLR -9.36; testable
member	letters A-Z	THELOSSOFDIVINITY^-1 | TO | PRIMUS	best LLR -9.56; testable
member	letters A-Z	THELOSSOFDIVINITY^-1 | SHED^-1 | PRIMUS	best LLR -8.61; testable
member	letters A-Z	THELOSSOFDIVINITY^-1 | OUR | PRIMUS	best LLR -9.01; testable
member	letters A-Z	THELOSSOFDIVINITY^-1 | CIRCUMFERENCES | PRIMUS	best LLR -8.96; testable
member	letters A-Z	THELOSSOFDIVINITY^-1 | CIRCUMFERENCES^-1 | PRIMUS	best LLR -8.13; testable
member	letters A-Z	THELOSSOFDIVINITY^-1 | AND^-1 | PRIMUS	best LLR -8.74; testable
member	letters A-Z	THELOSSOFDIVINITY^-1 | CIRCUMFERENCE^-1 | PRIMUS	best LLR -9.07; testable
member	letters A-Z	THELOSSOFDIVINITY^-1 | CICADA | PRIMUS	best LLR -7.10; testable
member	letters A-Z	THELOSSOFDIVINITY^-1 | id | PRIMUS^-1	best LLR -8.80; testable
member	letters A-Z	THELOSSOFDIVINITY^-1 | FIRFUMFERENFE | PRIMUS^-1	best LLR -9.45; testable
member	letters A-Z	THELOSSOFDIVINITY^-1 | WISDOM^-1 | PRIMUS^-1	best LLR -9.81; testable
member	letters A-Z	THELOSSOFDIVINITY^-1 | ANEND^-1 | PRIMUS^-1	best LLR -9.58; testable
member	letters A-Z	THELOSSOFDIVINITY^-1 | LIKE | PRIMUS^-1	best LLR -8.69; testable
member	letters A-Z	THELOSSOFDIVINITY^-1 | THE | PRIMUS^-1	best LLR -9.72; testable
member	letters A-Z	THELOSSOFDIVINITY^-1 | THE^-1 | PRIMUS^-1	best LLR -9.36; testable
member	letters A-Z	THELOSSOFDIVINITY^-1 | TO | PRIMUS^-1	best LLR -9.56; testable
member	letters A-Z	THELOSSOFDIVINITY^-1 | SHED^-1 | PRIMUS^-1	best LLR -8.61; testable
member	letters A-Z	THELOSSOFDIVINITY^-1 | OUR | PRIMUS^-1	best LLR -9.01; testable
member	letters A-Z	THELOSSOFDIVINITY^-1 | CIRCUMFERENCES | PRIMUS^-1	best LLR -8.96; testable
member	letters A-Z	THELOSSOFDIVINITY^-1 | CIRCUMFERENCES^-1 | PRIMUS^-1	best LLR -8.13; testable
member	letters A-Z	THELOSSOFDIVINITY^-1 | AND^-1 | PRIMUS^-1	best LLR -8.74; testable
member	letters A-Z	THELOSSOFDIVINITY^-1 | CIRCUMFERENCE^-1 | PRIMUS^-1	best LLR -9.07; testable
member	letters A-Z	THELOSSOFDIVINITY^-1 | CICADA | PRIMUS^-1	best LLR -7.10; testable
member	letters A-Z	THELOSSOFDIVINITY^-1 | id | CICADA	best LLR -8.80; testable
member	letters A-Z	THELOSSOFDIVINITY^-1 | FIRFUMFERENFE | CICADA	best LLR -9.45; testable
member	letters A-Z	THELOSSOFDIVINITY^-1 | WISDOM^-1 | CICADA	best LLR -9.81; testable
member	letters A-Z	THELOSSOFDIVINITY^-1 | ANEND^-1 | CICADA	best LLR -9.58; testable
member	letters A-Z	THELOSSOFDIVINITY^-1 | LIKE | CICADA	best LLR -8.69; testable
member	letters A-Z	THELOSSOFDIVINITY^-1 | THE | CICADA	best LLR -9.72; testable
member	letters A-Z	THELOSSOFDIVINITY^-1 | THE^-1 | CICADA	best LLR -9.36; testable
member	letters A-Z	THELOSSOFDIVINITY^-1 | TO | CICADA	best LLR -9.56; testable
member	letters A-Z	THELOSSOFDIVINITY^-1 | SHED^-1 | CICADA	best LLR -8.61; testable
member	letters A-Z	THELOSSOFDIVINITY^-1 | OUR | CICADA	best LLR -9.01; testable
member	letters A-Z	THELOSSOFDIVINITY^-1 | CIRCUMFERENCES | CICADA	best LLR -8.96; testable
member	letters A-Z	THELOSSOFDIVINITY^-1 | CIRCUMFERENCES^-1 | CICADA	best LLR -8.13; testable
member	letters A-Z	THELOSSOFDIVINITY^-1 | AND^-1 | CICADA	best LLR -8.74; testable
member	letters A-Z	THELOSSOFDIVINITY^-1 | CIRCUMFERENCE^-1 | CICADA	best LLR -9.07; testable
member	letters A-Z	THELOSSOFDIVINITY^-1 | CICADA | CICADA	best LLR -7.10; testable
member	letters A-Z	THELOSSOFDIVINITY^-1 | id | CICADA^-1	best LLR -8.80; testable
member	letters A-Z	THELOSSOFDIVINITY^-1 | FIRFUMFERENFE | CICADA^-1	best LLR -9.45; testable
member	letters A-Z	THELOSSOFDIVINITY^-1 | WISDOM^-1 | CICADA^-1	best LLR -9.81; testable
member	letters A-Z	THELOSSOFDIVINITY^-1 | ANEND^-1 | CICADA^-1	best LLR -9.58; testable
member	letters A-Z	THELOSSOFDIVINITY^-1 | LIKE | CICADA^-1	best LLR -8.69; testable
member	letters A-Z	THELOSSOFDIVINITY^-1 | THE | CICADA^-1	best LLR -9.72; testable
member	letters A-Z	THELOSSOFDIVINITY^-1 | THE^-1 | CICADA^-1	best LLR -9.36; testable
member	letters A-Z	THELOSSOFDIVINITY^-1 | TO | CICADA^-1	best LLR -9.56; testable
member	letters A-Z	THELOSSOFDIVINITY^-1 | SHED^-1 | CICADA^-1	best LLR -8.61; testable
member	letters A-Z	THELOSSOFDIVINITY^-1 | OUR | CICADA^-1	best LLR -9.01; testable
member	letters A-Z	THELOSSOFDIVINITY^-1 | CIRCUMFERENCES | CICADA^-1	best LLR -8.96; testable
member	letters A-Z	THELOSSOFDIVINITY^-1 | CIRCUMFERENCES^-1 | CICADA^-1	best LLR -8.13; testable
member	letters A-Z	THELOSSOFDIVINITY^-1 | AND^-1 | CICADA^-1	best LLR -8.74; testable
member	letters A-Z	THELOSSOFDIVINITY^-1 | CIRCUMFERENCE^-1 | CICADA^-1	best LLR -9.07; testable
member	letters A-Z	THELOSSOFDIVINITY^-1 | CICADA | CICADA^-1	best LLR -7.10; testable
member	letters A-Z	THELOSSOFDIVINITY^-1 | id | PRIMES	best LLR -8.80; testable
member	letters A-Z	THELOSSOFDIVINITY^-1 | FIRFUMFERENFE | PRIMES	best LLR -9.45; testable
member	letters A-Z	THELOSSOFDIVINITY^-1 | WISDOM^-1 | PRIMES	best LLR -9.81; testable
member	letters A-Z	THELOSSOFDIVINITY^-1 | ANEND^-1 | PRIMES	best LLR -9.58; testable
member	letters A-Z	THELOSSOFDIVINITY^-1 | LIKE | PRIMES	best LLR -8.69; testable
member	letters A-Z	THELOSSOFDIVINITY^-1 | THE | PRIMES	best LLR -9.72; testable
member	letters A-Z	THELOSSOFDIVINITY^-1 | THE^-1 | PRIMES	best LLR -9.36; testable
member	letters A-Z	THELOSSOFDIVINITY^-1 | TO | PRIMES	best LLR -9.56; testable
member	letters A-Z	THELOSSOFDIVINITY^-1 | SHED^-1 | PRIMES	best LLR -8.61; testable
member	letters A-Z	THELOSSOFDIVINITY^-1 | OUR | PRIMES	best LLR -9.01; testable
member	letters A-Z	THELOSSOFDIVINITY^-1 | CIRCUMFERENCES | PRIMES	best LLR -8.96; testable
member	letters A-Z	THELOSSOFDIVINITY^-1 | CIRCUMFERENCES^-1 | PRIMES	best LLR -8.13; testable
member	letters A-Z	THELOSSOFDIVINITY^-1 | AND^-1 | PRIMES	best LLR -8.74; testable
member	letters A-Z	THELOSSOFDIVINITY^-1 | CIRCUMFERENCE^-1 | PRIMES	best LLR -9.07; testable
member	letters A-Z	THELOSSOFDIVINITY^-1 | CICADA | PRIMES	best LLR -7.10; testable
member	letters A-Z	THELOSSOFDIVINITY^-1 | id | PRIMES^-1	best LLR -8.80; testable
member	letters A-Z	THELOSSOFDIVINITY^-1 | FIRFUMFERENFE | PRIMES^-1	best LLR -9.45; testable
member	letters A-Z	THELOSSOFDIVINITY^-1 | WISDOM^-1 | PRIMES^-1	best LLR -9.81; testable
member	letters A-Z	THELOSSOFDIVINITY^-1 | ANEND^-1 | PRIMES^-1	best LLR -9.58; testable
member	letters A-Z	THELOSSOFDIVINITY^-1 | LIKE | PRIMES^-1	best LLR -8.69; testable
member	letters A-Z	THELOSSOFDIVINITY^-1 | THE | PRIMES^-1	best LLR -9.72; testable
member	letters A-Z	THELOSSOFDIVINITY^-1 | THE^-1 | PRIMES^-1	best LLR -9.36; testable
member	letters A-Z	THELOSSOFDIVINITY^-1 | TO | PRIMES^-1	best LLR -9.56; testable
member	letters A-Z	THELOSSOFDIVINITY^-1 | SHED^-1 | PRIMES^-1	best LLR -8.61; testable
member	letters A-Z	THELOSSOFDIVINITY^-1 | OUR | PRIMES^-1	best LLR -9.01; testable
member	letters A-Z	THELOSSOFDIVINITY^-1 | CIRCUMFERENCES | PRIMES^-1	best LLR -8.96; testable
member	letters A-Z	THELOSSOFDIVINITY^-1 | CIRCUMFERENCES^-1 | PRIMES^-1	best LLR -8.13; testable
member	letters A-Z	THELOSSOFDIVINITY^-1 | AND^-1 | PRIMES^-1	best LLR -8.74; testable
member	letters A-Z	THELOSSOFDIVINITY^-1 | CIRCUMFERENCE^-1 | PRIMES^-1	best LLR -9.07; testable
member	letters A-Z	THELOSSOFDIVINITY^-1 | CICADA | PRIMES^-1	best LLR -7.10; testable
member	letters A-Z	THELOSSOFDIVINITY^-1 | id | TOTIENT	best LLR -8.80; testable
member	letters A-Z	THELOSSOFDIVINITY^-1 | FIRFUMFERENFE | TOTIENT	best LLR -9.45; testable
member	letters A-Z	THELOSSOFDIVINITY^-1 | WISDOM^-1 | TOTIENT	best LLR -9.81; testable
member	letters A-Z	THELOSSOFDIVINITY^-1 | ANEND^-1 | TOTIENT	best LLR -9.58; testable
member	letters A-Z	THELOSSOFDIVINITY^-1 | LIKE | TOTIENT	best LLR -8.69; testable
member	letters A-Z	THELOSSOFDIVINITY^-1 | THE | TOTIENT	best LLR -9.72; testable
member	letters A-Z	THELOSSOFDIVINITY^-1 | THE^-1 | TOTIENT	best LLR -9.36; testable
member	letters A-Z	THELOSSOFDIVINITY^-1 | TO | TOTIENT	best LLR -9.56; testable
member	letters A-Z	THELOSSOFDIVINITY^-1 | SHED^-1 | TOTIENT	best LLR -8.61; testable
member	letters A-Z	THELOSSOFDIVINITY^-1 | OUR | TOTIENT	best LLR -9.01; testable
member	letters A-Z	THELOSSOFDIVINITY^-1 | CIRCUMFERENCES | TOTIENT	best LLR -8.96; testable
member	letters A-Z	THELOSSOFDIVINITY^-1 | CIRCUMFERENCES^-1 | TOTIENT	best LLR -8.13; testable
member	letters A-Z	THELOSSOFDIVINITY^-1 | AND^-1 | TOTIENT	best LLR -8.74; testable
member	letters A-Z	THELOSSOFDIVINITY^-1 | CIRCUMFERENCE^-1 | TOTIENT	best LLR -9.07; testable
member	letters A-Z	THELOSSOFDIVINITY^-1 | CICADA | TOTIENT	best LLR -7.10; testable
member	letters A-Z	THELOSSOFDIVINITY^-1 | id | TOTIENT^-1	best LLR -8.80; testable
member	letters A-Z	THELOSSOFDIVINITY^-1 | FIRFUMFERENFE | TOTIENT^-1	best LLR -9.45; testable
member	letters A-Z	THELOSSOFDIVINITY^-1 | WISDOM^-1 | TOTIENT^-1	best LLR -9.81; testable
member	letters A-Z	THELOSSOFDIVINITY^-1 | ANEND^-1 | TOTIENT^-1	best LLR -9.58; testable
member	letters A-Z	THELOSSOFDIVINITY^-1 | LIKE | TOTIENT^-1	best LLR -8.69; testable
member	letters A-Z	THELOSSOFDIVINITY^-1 | THE | TOTIENT^-1	best LLR -9.72; testable
member	letters A-Z	THELOSSOFDIVINITY^-1 | THE^-1 | TOTIENT^-1	best LLR -9.36; testable
member	letters A-Z	THELOSSOFDIVINITY^-1 | TO | TOTIENT^-1	best LLR -9.56; testable
member	letters A-Z	THELOSSOFDIVINITY^-1 | SHED^-1 | TOTIENT^-1	best LLR -8.61; testable
member	letters A-Z	THELOSSOFDIVINITY^-1 | OUR | TOTIENT^-1	best LLR -9.01; testable
member	letters A-Z	THELOSSOFDIVINITY^-1 | CIRCUMFERENCES | TOTIENT^-1	best LLR -8.96; testable
member	letters A-Z	THELOSSOFDIVINITY^-1 | CIRCUMFERENCES^-1 | TOTIENT^-1	best LLR -8.13; testable
member	letters A-Z	THELOSSOFDIVINITY^-1 | AND^-1 | TOTIENT^-1	best LLR -8.74; testable
member	letters A-Z	THELOSSOFDIVINITY^-1 | CIRCUMFERENCE^-1 | TOTIENT^-1	best LLR -9.07; testable
member	letters A-Z	THELOSSOFDIVINITY^-1 | CICADA | TOTIENT^-1	best LLR -7.10; testable
member	letters A-Z	ANEND^-1 | WISDOM^-1 | id	best LLR -7.24; testable
member	letters A-Z	ANEND^-1 | AKOAN | id	best LLR -9.08; testable
member	letters A-Z	ANEND^-1 | PARABLE^-1 | id	best LLR -9.76; testable
member	letters A-Z	ANEND^-1 | INSTAR^-1 | id	best LLR -9.65; testable
member	letters A-Z	ANEND^-1 | TUNNELING^-1 | id	best LLR -8.48; testable
member	letters A-Z	ANEND^-1 | CICADA | id	best LLR -9.69; testable
member	letters A-Z	ANEND^-1 | PRIMES^-1 | id	best LLR -9.30; testable
member	letters A-Z	ANEND^-1 | TOTIENT^-1 | id	best LLR -8.80; testable
member	letters A-Z	ANEND^-1 | PRIMUS^-1 | DIVINITY	best LLR -8.07; testable
member	letters A-Z	ANEND^-1 | PRIMES^-1 | DIVINITY	best LLR -6.21; testable
member	letters A-Z	ANEND^-1 | FIRFUMFERENFE^-1 | DIVINITY^-1	best LLR -5.04; testable
member	letters A-Z	ANEND^-1 | THELOSSOFDIVINITY | DIVINITY^-1	best LLR -8.97; testable
member	letters A-Z	ANEND^-1 | PARABLE^-1 | DIVINITY^-1	best LLR -5.29; testable
member	letters A-Z	ANEND^-1 | MUST | DIVINITY^-1	best LLR -9.69; testable
member	letters A-Z	ANEND^-1 | CIRCUMFERENCE^-1 | DIVINITY^-1	best LLR -2.92; testable
member	letters A-Z	ANEND^-1 | PRIMUS^-1 | DIVINITY^-1	best LLR -5.84; testable
member	letters A-Z	ANEND^-1 | PRIMES^-1 | DIVINITY^-1	best LLR -7.07; testable
member	letters A-Z	ANEND^-1 | WISDOM^-1 | FIRFUMFERENFE	best LLR -7.24; testable
member	letters A-Z	ANEND^-1 | AKOAN | FIRFUMFERENFE	best LLR -9.08; testable
member	letters A-Z	ANEND^-1 | PARABLE^-1 | FIRFUMFERENFE	best LLR -9.76; testable
member	letters A-Z	ANEND^-1 | INSTAR^-1 | FIRFUMFERENFE	best LLR -9.65; testable
member	letters A-Z	ANEND^-1 | TUNNELING^-1 | FIRFUMFERENFE	best LLR -8.48; testable
member	letters A-Z	ANEND^-1 | CICADA | FIRFUMFERENFE	best LLR -9.69; testable
member	letters A-Z	ANEND^-1 | PRIMES^-1 | FIRFUMFERENFE	best LLR -9.30; testable
member	letters A-Z	ANEND^-1 | TOTIENT^-1 | FIRFUMFERENFE	best LLR -8.80; testable
member	letters A-Z	ANEND^-1 | WISDOM^-1 | FIRFUMFERENFE^-1	best LLR -7.24; testable
member	letters A-Z	ANEND^-1 | AKOAN | FIRFUMFERENFE^-1	best LLR -9.08; testable
member	letters A-Z	ANEND^-1 | PARABLE^-1 | FIRFUMFERENFE^-1	best LLR -9.76; testable
member	letters A-Z	ANEND^-1 | INSTAR^-1 | FIRFUMFERENFE^-1	best LLR -9.65; testable
member	letters A-Z	ANEND^-1 | TUNNELING^-1 | FIRFUMFERENFE^-1	best LLR -8.48; testable
member	letters A-Z	ANEND^-1 | CICADA | FIRFUMFERENFE^-1	best LLR -9.69; testable
member	letters A-Z	ANEND^-1 | PRIMES^-1 | FIRFUMFERENFE^-1	best LLR -9.30; testable
member	letters A-Z	ANEND^-1 | TOTIENT^-1 | FIRFUMFERENFE^-1	best LLR -8.80; testable
member	letters A-Z	ANEND^-1 | WISDOM^-1 | AWARNING	best LLR -7.24; testable
member	letters A-Z	ANEND^-1 | AKOAN | AWARNING	best LLR -9.08; testable
member	letters A-Z	ANEND^-1 | PARABLE^-1 | AWARNING	best LLR -9.76; testable
member	letters A-Z	ANEND^-1 | INSTAR^-1 | AWARNING	best LLR -9.65; testable
member	letters A-Z	ANEND^-1 | TUNNELING^-1 | AWARNING	best LLR -8.48; testable
member	letters A-Z	ANEND^-1 | CICADA | AWARNING	best LLR -9.69; testable
member	letters A-Z	ANEND^-1 | PRIMES^-1 | AWARNING	best LLR -9.30; testable
member	letters A-Z	ANEND^-1 | TOTIENT^-1 | AWARNING	best LLR -8.80; testable
member	letters A-Z	ANEND^-1 | WISDOM^-1 | AWARNING^-1	best LLR -7.24; testable
member	letters A-Z	ANEND^-1 | AKOAN | AWARNING^-1	best LLR -9.08; testable
member	letters A-Z	ANEND^-1 | PARABLE^-1 | AWARNING^-1	best LLR -9.76; testable
member	letters A-Z	ANEND^-1 | INSTAR^-1 | AWARNING^-1	best LLR -9.65; testable
member	letters A-Z	ANEND^-1 | TUNNELING^-1 | AWARNING^-1	best LLR -8.48; testable
member	letters A-Z	ANEND^-1 | CICADA | AWARNING^-1	best LLR -9.69; testable
member	letters A-Z	ANEND^-1 | PRIMES^-1 | AWARNING^-1	best LLR -9.30; testable
member	letters A-Z	ANEND^-1 | TOTIENT^-1 | AWARNING^-1	best LLR -8.80; testable
member	letters A-Z	ANEND^-1 | WISDOM^-1 | WELCOME	best LLR -7.24; testable
member	letters A-Z	ANEND^-1 | AKOAN | WELCOME	best LLR -9.08; testable
member	letters A-Z	ANEND^-1 | PARABLE^-1 | WELCOME	best LLR -9.76; testable
member	letters A-Z	ANEND^-1 | INSTAR^-1 | WELCOME	best LLR -9.65; testable
member	letters A-Z	ANEND^-1 | TUNNELING^-1 | WELCOME	best LLR -8.48; testable
member	letters A-Z	ANEND^-1 | CICADA | WELCOME	best LLR -9.69; testable
member	letters A-Z	ANEND^-1 | PRIMES^-1 | WELCOME	best LLR -9.30; testable
member	letters A-Z	ANEND^-1 | TOTIENT^-1 | WELCOME	best LLR -8.80; testable
member	letters A-Z	ANEND^-1 | WISDOM^-1 | WELCOME^-1	best LLR -7.24; testable
member	letters A-Z	ANEND^-1 | AKOAN | WELCOME^-1	best LLR -9.08; testable
member	letters A-Z	ANEND^-1 | PARABLE^-1 | WELCOME^-1	best LLR -9.76; testable
member	letters A-Z	ANEND^-1 | INSTAR^-1 | WELCOME^-1	best LLR -9.65; testable
member	letters A-Z	ANEND^-1 | TUNNELING^-1 | WELCOME^-1	best LLR -8.48; testable
member	letters A-Z	ANEND^-1 | CICADA | WELCOME^-1	best LLR -9.69; testable
member	letters A-Z	ANEND^-1 | PRIMES^-1 | WELCOME^-1	best LLR -9.30; testable
member	letters A-Z	ANEND^-1 | TOTIENT^-1 | WELCOME^-1	best LLR -8.80; testable
member	letters A-Z	ANEND^-1 | WISDOM^-1 | WISDOM	best LLR -7.24; testable
member	letters A-Z	ANEND^-1 | AKOAN | WISDOM	best LLR -9.08; testable
member	letters A-Z	ANEND^-1 | PARABLE^-1 | WISDOM	best LLR -9.76; testable
member	letters A-Z	ANEND^-1 | INSTAR^-1 | WISDOM	best LLR -9.65; testable
member	letters A-Z	ANEND^-1 | TUNNELING^-1 | WISDOM	best LLR -8.48; testable
member	letters A-Z	ANEND^-1 | CICADA | WISDOM	best LLR -9.69; testable
member	letters A-Z	ANEND^-1 | PRIMES^-1 | WISDOM	best LLR -9.30; testable
member	letters A-Z	ANEND^-1 | TOTIENT^-1 | WISDOM	best LLR -8.80; testable
member	letters A-Z	ANEND^-1 | WISDOM^-1 | WISDOM^-1	best LLR -7.24; testable
member	letters A-Z	ANEND^-1 | AKOAN | WISDOM^-1	best LLR -9.08; testable
member	letters A-Z	ANEND^-1 | PARABLE^-1 | WISDOM^-1	best LLR -9.76; testable
member	letters A-Z	ANEND^-1 | INSTAR^-1 | WISDOM^-1	best LLR -9.65; testable
member	letters A-Z	ANEND^-1 | TUNNELING^-1 | WISDOM^-1	best LLR -8.48; testable
member	letters A-Z	ANEND^-1 | CICADA | WISDOM^-1	best LLR -9.69; testable
member	letters A-Z	ANEND^-1 | PRIMES^-1 | WISDOM^-1	best LLR -9.30; testable
member	letters A-Z	ANEND^-1 | TOTIENT^-1 | WISDOM^-1	best LLR -8.80; testable
member	letters A-Z	ANEND^-1 | WISDOM^-1 | SOMEWISDOM	best LLR -7.24; testable
member	letters A-Z	ANEND^-1 | AKOAN | SOMEWISDOM	best LLR -9.08; testable
member	letters A-Z	ANEND^-1 | PARABLE^-1 | SOMEWISDOM	best LLR -9.76; testable
member	letters A-Z	ANEND^-1 | INSTAR^-1 | SOMEWISDOM	best LLR -9.65; testable
member	letters A-Z	ANEND^-1 | TUNNELING^-1 | SOMEWISDOM	best LLR -8.48; testable
member	letters A-Z	ANEND^-1 | CICADA | SOMEWISDOM	best LLR -9.69; testable
member	letters A-Z	ANEND^-1 | PRIMES^-1 | SOMEWISDOM	best LLR -9.30; testable
member	letters A-Z	ANEND^-1 | TOTIENT^-1 | SOMEWISDOM	best LLR -8.80; testable
member	letters A-Z	ANEND^-1 | WISDOM^-1 | SOMEWISDOM^-1	best LLR -7.24; testable
member	letters A-Z	ANEND^-1 | AKOAN | SOMEWISDOM^-1	best LLR -9.08; testable
member	letters A-Z	ANEND^-1 | PARABLE^-1 | SOMEWISDOM^-1	best LLR -9.76; testable
member	letters A-Z	ANEND^-1 | INSTAR^-1 | SOMEWISDOM^-1	best LLR -9.65; testable
member	letters A-Z	ANEND^-1 | TUNNELING^-1 | SOMEWISDOM^-1	best LLR -8.48; testable
member	letters A-Z	ANEND^-1 | CICADA | SOMEWISDOM^-1	best LLR -9.69; testable
member	letters A-Z	ANEND^-1 | PRIMES^-1 | SOMEWISDOM^-1	best LLR -9.30; testable
member	letters A-Z	ANEND^-1 | TOTIENT^-1 | SOMEWISDOM^-1	best LLR -8.80; testable
member	letters A-Z	ANEND^-1 | WISDOM^-1 | KNOWTHIS	best LLR -7.24; testable
member	letters A-Z	ANEND^-1 | AKOAN | KNOWTHIS	best LLR -9.08; testable
member	letters A-Z	ANEND^-1 | PARABLE^-1 | KNOWTHIS	best LLR -9.76; testable
member	letters A-Z	ANEND^-1 | INSTAR^-1 | KNOWTHIS	best LLR -9.65; testable
member	letters A-Z	ANEND^-1 | TUNNELING^-1 | KNOWTHIS	best LLR -8.48; testable
member	letters A-Z	ANEND^-1 | CICADA | KNOWTHIS	best LLR -9.69; testable
member	letters A-Z	ANEND^-1 | PRIMES^-1 | KNOWTHIS	best LLR -9.30; testable
member	letters A-Z	ANEND^-1 | TOTIENT^-1 | KNOWTHIS	best LLR -8.80; testable
member	letters A-Z	ANEND^-1 | WISDOM^-1 | KNOWTHIS^-1	best LLR -7.24; testable
member	letters A-Z	ANEND^-1 | AKOAN | KNOWTHIS^-1	best LLR -9.08; testable
member	letters A-Z	ANEND^-1 | PARABLE^-1 | KNOWTHIS^-1	best LLR -9.76; testable
member	letters A-Z	ANEND^-1 | INSTAR^-1 | KNOWTHIS^-1	best LLR -9.65; testable
member	letters A-Z	ANEND^-1 | TUNNELING^-1 | KNOWTHIS^-1	best LLR -8.48; testable
member	letters A-Z	ANEND^-1 | CICADA | KNOWTHIS^-1	best LLR -9.69; testable
member	letters A-Z	ANEND^-1 | PRIMES^-1 | KNOWTHIS^-1	best LLR -9.30; testable
member	letters A-Z	ANEND^-1 | TOTIENT^-1 | KNOWTHIS^-1	best LLR -8.80; testable
member	letters A-Z	ANEND^-1 | WISDOM^-1 | AKOAN	best LLR -7.24; testable
member	letters A-Z	ANEND^-1 | AKOAN | AKOAN	best LLR -9.08; testable
member	letters A-Z	ANEND^-1 | PARABLE^-1 | AKOAN	best LLR -9.76; testable
member	letters A-Z	ANEND^-1 | INSTAR^-1 | AKOAN	best LLR -9.65; testable
member	letters A-Z	ANEND^-1 | TUNNELING^-1 | AKOAN	best LLR -8.48; testable
member	letters A-Z	ANEND^-1 | CICADA | AKOAN	best LLR -9.69; testable
member	letters A-Z	ANEND^-1 | PRIMES^-1 | AKOAN	best LLR -9.30; testable
member	letters A-Z	ANEND^-1 | TOTIENT^-1 | AKOAN	best LLR -8.80; testable
member	letters A-Z	ANEND^-1 | WISDOM^-1 | AKOAN^-1	best LLR -7.24; testable
member	letters A-Z	ANEND^-1 | AKOAN | AKOAN^-1	best LLR -9.08; testable
member	letters A-Z	ANEND^-1 | PARABLE^-1 | AKOAN^-1	best LLR -9.76; testable
member	letters A-Z	ANEND^-1 | INSTAR^-1 | AKOAN^-1	best LLR -9.65; testable
member	letters A-Z	ANEND^-1 | TUNNELING^-1 | AKOAN^-1	best LLR -8.48; testable
member	letters A-Z	ANEND^-1 | CICADA | AKOAN^-1	best LLR -9.69; testable
member	letters A-Z	ANEND^-1 | PRIMES^-1 | AKOAN^-1	best LLR -9.30; testable
member	letters A-Z	ANEND^-1 | TOTIENT^-1 | AKOAN^-1	best LLR -8.80; testable
member	letters A-Z	ANEND^-1 | PRIMUS^-1 | ANINSTRUCTION	best LLR -9.37; testable
member	letters A-Z	ANEND^-1 | PRIMES^-1 | ANINSTRUCTION	best LLR -6.21; testable
member	letters A-Z	ANEND^-1 | PRIMUS^-1 | THELOSSOFDIVINITY	best LLR -8.07; testable
member	letters A-Z	ANEND^-1 | PRIMES^-1 | THELOSSOFDIVINITY	best LLR -6.21; testable
member	letters A-Z	ANEND^-1 | INSTAR^-1 | THELOSSOFDIVINITY^-1	best LLR -5.40; testable
member	letters A-Z	ANEND^-1 | PRIMUS^-1 | THELOSSOFDIVINITY^-1	best LLR -8.65; testable
member	letters A-Z	ANEND^-1 | PRIMES^-1 | THELOSSOFDIVINITY^-1	best LLR -4.19; testable
member	letters A-Z	ANEND^-1 | WISDOM^-1 | ANEND	best LLR -7.24; testable
member	letters A-Z	ANEND^-1 | AKOAN | ANEND	best LLR -9.08; testable
member	letters A-Z	ANEND^-1 | PARABLE^-1 | ANEND	best LLR -9.76; testable
member	letters A-Z	ANEND^-1 | INSTAR^-1 | ANEND	best LLR -9.65; testable
member	letters A-Z	ANEND^-1 | TUNNELING^-1 | ANEND	best LLR -8.48; testable
member	letters A-Z	ANEND^-1 | CICADA | ANEND	best LLR -9.69; testable
member	letters A-Z	ANEND^-1 | PRIMES^-1 | ANEND	best LLR -9.30; testable
member	letters A-Z	ANEND^-1 | TOTIENT^-1 | ANEND	best LLR -8.80; testable
member	letters A-Z	ANEND^-1 | WISDOM^-1 | ANEND^-1	best LLR -7.24; testable
member	letters A-Z	ANEND^-1 | AKOAN | ANEND^-1	best LLR -9.08; testable
member	letters A-Z	ANEND^-1 | PARABLE^-1 | ANEND^-1	best LLR -9.76; testable
member	letters A-Z	ANEND^-1 | INSTAR^-1 | ANEND^-1	best LLR -9.65; testable
member	letters A-Z	ANEND^-1 | TUNNELING^-1 | ANEND^-1	best LLR -8.48; testable
member	letters A-Z	ANEND^-1 | CICADA | ANEND^-1	best LLR -9.69; testable
member	letters A-Z	ANEND^-1 | PRIMES^-1 | ANEND^-1	best LLR -9.30; testable
member	letters A-Z	ANEND^-1 | TOTIENT^-1 | ANEND^-1	best LLR -8.80; testable
member	letters A-Z	ANEND^-1 | WISDOM^-1 | PARABLE	best LLR -7.24; testable
member	letters A-Z	ANEND^-1 | AKOAN | PARABLE	best LLR -9.08; testable
member	letters A-Z	ANEND^-1 | PARABLE^-1 | PARABLE	best LLR -9.76; testable
member	letters A-Z	ANEND^-1 | INSTAR^-1 | PARABLE	best LLR -9.65; testable
member	letters A-Z	ANEND^-1 | TUNNELING^-1 | PARABLE	best LLR -8.48; testable
member	letters A-Z	ANEND^-1 | CICADA | PARABLE	best LLR -9.69; testable
member	letters A-Z	ANEND^-1 | PRIMES^-1 | PARABLE	best LLR -9.30; testable
member	letters A-Z	ANEND^-1 | TOTIENT^-1 | PARABLE	best LLR -8.80; testable
member	letters A-Z	ANEND^-1 | WISDOM^-1 | PARABLE^-1	best LLR -7.24; testable
member	letters A-Z	ANEND^-1 | AKOAN | PARABLE^-1	best LLR -9.08; testable
member	letters A-Z	ANEND^-1 | PARABLE^-1 | PARABLE^-1	best LLR -9.76; testable
member	letters A-Z	ANEND^-1 | INSTAR^-1 | PARABLE^-1	best LLR -9.65; testable
member	letters A-Z	ANEND^-1 | TUNNELING^-1 | PARABLE^-1	best LLR -8.48; testable
member	letters A-Z	ANEND^-1 | CICADA | PARABLE^-1	best LLR -9.69; testable
member	letters A-Z	ANEND^-1 | PRIMES^-1 | PARABLE^-1	best LLR -9.30; testable
member	letters A-Z	ANEND^-1 | TOTIENT^-1 | PARABLE^-1	best LLR -8.80; testable
member	letters A-Z	ANEND^-1 | WISDOM^-1 | LIKE	best LLR -7.24; testable
member	letters A-Z	ANEND^-1 | AKOAN | LIKE	best LLR -9.08; testable
member	letters A-Z	ANEND^-1 | PARABLE^-1 | LIKE	best LLR -9.76; testable
member	letters A-Z	ANEND^-1 | INSTAR^-1 | LIKE	best LLR -9.65; testable
member	letters A-Z	ANEND^-1 | TUNNELING^-1 | LIKE	best LLR -8.48; testable
member	letters A-Z	ANEND^-1 | CICADA | LIKE	best LLR -9.69; testable
member	letters A-Z	ANEND^-1 | PRIMES^-1 | LIKE	best LLR -9.30; testable
member	letters A-Z	ANEND^-1 | TOTIENT^-1 | LIKE	best LLR -8.80; testable
member	letters A-Z	ANEND^-1 | WISDOM^-1 | LIKE^-1	best LLR -7.24; testable
member	letters A-Z	ANEND^-1 | AKOAN | LIKE^-1	best LLR -9.08; testable
member	letters A-Z	ANEND^-1 | PARABLE^-1 | LIKE^-1	best LLR -9.76; testable
member	letters A-Z	ANEND^-1 | INSTAR^-1 | LIKE^-1	best LLR -9.65; testable
member	letters A-Z	ANEND^-1 | TUNNELING^-1 | LIKE^-1	best LLR -8.48; testable
member	letters A-Z	ANEND^-1 | CICADA | LIKE^-1	best LLR -9.69; testable
member	letters A-Z	ANEND^-1 | PRIMES^-1 | LIKE^-1	best LLR -9.30; testable
member	letters A-Z	ANEND^-1 | TOTIENT^-1 | LIKE^-1	best LLR -8.80; testable
member	letters A-Z	ANEND^-1 | WISDOM^-1 | THE	best LLR -7.24; testable
member	letters A-Z	ANEND^-1 | AKOAN | THE	best LLR -9.08; testable
member	letters A-Z	ANEND^-1 | PARABLE^-1 | THE	best LLR -9.76; testable
member	letters A-Z	ANEND^-1 | INSTAR^-1 | THE	best LLR -9.65; testable
member	letters A-Z	ANEND^-1 | TUNNELING^-1 | THE	best LLR -8.48; testable
member	letters A-Z	ANEND^-1 | CICADA | THE	best LLR -9.69; testable
member	letters A-Z	ANEND^-1 | PRIMES^-1 | THE	best LLR -9.30; testable
member	letters A-Z	ANEND^-1 | TOTIENT^-1 | THE	best LLR -8.80; testable
member	letters A-Z	ANEND^-1 | WISDOM^-1 | THE^-1	best LLR -7.24; testable
member	letters A-Z	ANEND^-1 | AKOAN | THE^-1	best LLR -9.08; testable
member	letters A-Z	ANEND^-1 | PARABLE^-1 | THE^-1	best LLR -9.76; testable
member	letters A-Z	ANEND^-1 | INSTAR^-1 | THE^-1	best LLR -9.65; testable
member	letters A-Z	ANEND^-1 | TUNNELING^-1 | THE^-1	best LLR -8.48; testable
member	letters A-Z	ANEND^-1 | CICADA | THE^-1	best LLR -9.69; testable
member	letters A-Z	ANEND^-1 | PRIMES^-1 | THE^-1	best LLR -9.30; testable
member	letters A-Z	ANEND^-1 | TOTIENT^-1 | THE^-1	best LLR -8.80; testable
member	letters A-Z	ANEND^-1 | WISDOM^-1 | INSTAR	best LLR -7.24; testable
member	letters A-Z	ANEND^-1 | AKOAN | INSTAR	best LLR -9.08; testable
member	letters A-Z	ANEND^-1 | PARABLE^-1 | INSTAR	best LLR -9.76; testable
member	letters A-Z	ANEND^-1 | INSTAR^-1 | INSTAR	best LLR -9.65; testable
member	letters A-Z	ANEND^-1 | TUNNELING^-1 | INSTAR	best LLR -8.48; testable
member	letters A-Z	ANEND^-1 | CICADA | INSTAR	best LLR -9.69; testable
member	letters A-Z	ANEND^-1 | PRIMES^-1 | INSTAR	best LLR -9.30; testable
member	letters A-Z	ANEND^-1 | TOTIENT^-1 | INSTAR	best LLR -8.80; testable
member	letters A-Z	ANEND^-1 | WISDOM^-1 | INSTAR^-1	best LLR -7.24; testable
member	letters A-Z	ANEND^-1 | AKOAN | INSTAR^-1	best LLR -9.08; testable
member	letters A-Z	ANEND^-1 | PARABLE^-1 | INSTAR^-1	best LLR -9.76; testable
member	letters A-Z	ANEND^-1 | INSTAR^-1 | INSTAR^-1	best LLR -9.65; testable
member	letters A-Z	ANEND^-1 | TUNNELING^-1 | INSTAR^-1	best LLR -8.48; testable
member	letters A-Z	ANEND^-1 | CICADA | INSTAR^-1	best LLR -9.69; testable
member	letters A-Z	ANEND^-1 | PRIMES^-1 | INSTAR^-1	best LLR -9.30; testable
member	letters A-Z	ANEND^-1 | TOTIENT^-1 | INSTAR^-1	best LLR -8.80; testable
member	letters A-Z	ANEND^-1 | WISDOM^-1 | TUNNELING	best LLR -7.24; testable
member	letters A-Z	ANEND^-1 | AKOAN | TUNNELING	best LLR -9.08; testable
member	letters A-Z	ANEND^-1 | PARABLE^-1 | TUNNELING	best LLR -9.76; testable
member	letters A-Z	ANEND^-1 | INSTAR^-1 | TUNNELING	best LLR -9.65; testable
member	letters A-Z	ANEND^-1 | TUNNELING^-1 | TUNNELING	best LLR -8.48; testable
member	letters A-Z	ANEND^-1 | CICADA | TUNNELING	best LLR -9.69; testable
member	letters A-Z	ANEND^-1 | PRIMES^-1 | TUNNELING	best LLR -9.30; testable
member	letters A-Z	ANEND^-1 | TOTIENT^-1 | TUNNELING	best LLR -8.80; testable
member	letters A-Z	ANEND^-1 | WISDOM^-1 | TUNNELING^-1	best LLR -7.24; testable
member	letters A-Z	ANEND^-1 | AKOAN | TUNNELING^-1	best LLR -9.08; testable
member	letters A-Z	ANEND^-1 | PARABLE^-1 | TUNNELING^-1	best LLR -9.76; testable
member	letters A-Z	ANEND^-1 | INSTAR^-1 | TUNNELING^-1	best LLR -9.65; testable
member	letters A-Z	ANEND^-1 | TUNNELING^-1 | TUNNELING^-1	best LLR -8.48; testable
member	letters A-Z	ANEND^-1 | CICADA | TUNNELING^-1	best LLR -9.69; testable
member	letters A-Z	ANEND^-1 | PRIMES^-1 | TUNNELING^-1	best LLR -9.30; testable
member	letters A-Z	ANEND^-1 | TOTIENT^-1 | TUNNELING^-1	best LLR -8.80; testable
member	letters A-Z	ANEND^-1 | WISDOM^-1 | TO	best LLR -7.24; testable
member	letters A-Z	ANEND^-1 | AKOAN | TO	best LLR -9.08; testable
member	letters A-Z	ANEND^-1 | PARABLE^-1 | TO	best LLR -9.76; testable
member	letters A-Z	ANEND^-1 | INSTAR^-1 | TO	best LLR -9.65; testable
member	letters A-Z	ANEND^-1 | TUNNELING^-1 | TO	best LLR -8.48; testable
member	letters A-Z	ANEND^-1 | CICADA | TO	best LLR -9.69; testable
member	letters A-Z	ANEND^-1 | PRIMES^-1 | TO	best LLR -9.30; testable
member	letters A-Z	ANEND^-1 | TOTIENT^-1 | TO	best LLR -8.80; testable
member	letters A-Z	ANEND^-1 | WISDOM^-1 | TO^-1	best LLR -7.24; testable
member	letters A-Z	ANEND^-1 | AKOAN | TO^-1	best LLR -9.08; testable
member	letters A-Z	ANEND^-1 | PARABLE^-1 | TO^-1	best LLR -9.76; testable
member	letters A-Z	ANEND^-1 | INSTAR^-1 | TO^-1	best LLR -9.65; testable
member	letters A-Z	ANEND^-1 | TUNNELING^-1 | TO^-1	best LLR -8.48; testable
member	letters A-Z	ANEND^-1 | CICADA | TO^-1	best LLR -9.69; testable
member	letters A-Z	ANEND^-1 | PRIMES^-1 | TO^-1	best LLR -9.30; testable
member	letters A-Z	ANEND^-1 | TOTIENT^-1 | TO^-1	best LLR -8.80; testable
member	letters A-Z	ANEND^-1 | WISDOM^-1 | SURFACE	best LLR -7.24; testable
member	letters A-Z	ANEND^-1 | AKOAN | SURFACE	best LLR -9.08; testable
member	letters A-Z	ANEND^-1 | PARABLE^-1 | SURFACE	best LLR -9.76; testable
member	letters A-Z	ANEND^-1 | INSTAR^-1 | SURFACE	best LLR -9.65; testable
member	letters A-Z	ANEND^-1 | TUNNELING^-1 | SURFACE	best LLR -8.48; testable
member	letters A-Z	ANEND^-1 | CICADA | SURFACE	best LLR -9.69; testable
member	letters A-Z	ANEND^-1 | PRIMES^-1 | SURFACE	best LLR -9.30; testable
member	letters A-Z	ANEND^-1 | TOTIENT^-1 | SURFACE	best LLR -8.80; testable
member	letters A-Z	ANEND^-1 | WISDOM^-1 | SURFACE^-1	best LLR -7.24; testable
member	letters A-Z	ANEND^-1 | AKOAN | SURFACE^-1	best LLR -9.08; testable
member	letters A-Z	ANEND^-1 | PARABLE^-1 | SURFACE^-1	best LLR -9.76; testable
member	letters A-Z	ANEND^-1 | INSTAR^-1 | SURFACE^-1	best LLR -9.65; testable
member	letters A-Z	ANEND^-1 | TUNNELING^-1 | SURFACE^-1	best LLR -8.48; testable
member	letters A-Z	ANEND^-1 | CICADA | SURFACE^-1	best LLR -9.69; testable
member	letters A-Z	ANEND^-1 | PRIMES^-1 | SURFACE^-1	best LLR -9.30; testable
member	letters A-Z	ANEND^-1 | TOTIENT^-1 | SURFACE^-1	best LLR -8.80; testable
member	letters A-Z	ANEND^-1 | WISDOM^-1 | WE	best LLR -7.24; testable
member	letters A-Z	ANEND^-1 | AKOAN | WE	best LLR -9.08; testable
member	letters A-Z	ANEND^-1 | PARABLE^-1 | WE	best LLR -9.76; testable
member	letters A-Z	ANEND^-1 | INSTAR^-1 | WE	best LLR -9.65; testable
member	letters A-Z	ANEND^-1 | TUNNELING^-1 | WE	best LLR -8.48; testable
member	letters A-Z	ANEND^-1 | CICADA | WE	best LLR -9.69; testable
member	letters A-Z	ANEND^-1 | PRIMES^-1 | WE	best LLR -9.30; testable
member	letters A-Z	ANEND^-1 | TOTIENT^-1 | WE	best LLR -8.80; testable
member	letters A-Z	ANEND^-1 | WISDOM^-1 | WE^-1	best LLR -7.24; testable
member	letters A-Z	ANEND^-1 | AKOAN | WE^-1	best LLR -9.08; testable
member	letters A-Z	ANEND^-1 | PARABLE^-1 | WE^-1	best LLR -9.76; testable
member	letters A-Z	ANEND^-1 | INSTAR^-1 | WE^-1	best LLR -9.65; testable
member	letters A-Z	ANEND^-1 | TUNNELING^-1 | WE^-1	best LLR -8.48; testable
member	letters A-Z	ANEND^-1 | CICADA | WE^-1	best LLR -9.69; testable
member	letters A-Z	ANEND^-1 | PRIMES^-1 | WE^-1	best LLR -9.30; testable
member	letters A-Z	ANEND^-1 | TOTIENT^-1 | WE^-1	best LLR -8.80; testable
member	letters A-Z	ANEND^-1 | WISDOM^-1 | MUST	best LLR -7.24; testable
member	letters A-Z	ANEND^-1 | AKOAN | MUST	best LLR -9.08; testable
member	letters A-Z	ANEND^-1 | PARABLE^-1 | MUST	best LLR -9.76; testable
member	letters A-Z	ANEND^-1 | INSTAR^-1 | MUST	best LLR -9.65; testable
member	letters A-Z	ANEND^-1 | TUNNELING^-1 | MUST	best LLR -8.48; testable
member	letters A-Z	ANEND^-1 | CICADA | MUST	best LLR -9.69; testable
member	letters A-Z	ANEND^-1 | PRIMES^-1 | MUST	best LLR -9.30; testable
member	letters A-Z	ANEND^-1 | TOTIENT^-1 | MUST	best LLR -8.80; testable
member	letters A-Z	ANEND^-1 | WISDOM^-1 | MUST^-1	best LLR -7.24; testable
member	letters A-Z	ANEND^-1 | AKOAN | MUST^-1	best LLR -9.08; testable
member	letters A-Z	ANEND^-1 | PARABLE^-1 | MUST^-1	best LLR -9.76; testable
member	letters A-Z	ANEND^-1 | INSTAR^-1 | MUST^-1	best LLR -9.65; testable
member	letters A-Z	ANEND^-1 | TUNNELING^-1 | MUST^-1	best LLR -8.48; testable
member	letters A-Z	ANEND^-1 | CICADA | MUST^-1	best LLR -9.69; testable
member	letters A-Z	ANEND^-1 | PRIMES^-1 | MUST^-1	best LLR -9.30; testable
member	letters A-Z	ANEND^-1 | TOTIENT^-1 | MUST^-1	best LLR -8.80; testable
member	letters A-Z	ANEND^-1 | WISDOM^-1 | SHED	best LLR -7.24; testable
member	letters A-Z	ANEND^-1 | AKOAN | SHED	best LLR -9.08; testable
member	letters A-Z	ANEND^-1 | PARABLE^-1 | SHED	best LLR -9.76; testable
member	letters A-Z	ANEND^-1 | INSTAR^-1 | SHED	best LLR -9.65; testable
member	letters A-Z	ANEND^-1 | TUNNELING^-1 | SHED	best LLR -8.48; testable
member	letters A-Z	ANEND^-1 | CICADA | SHED	best LLR -9.69; testable
member	letters A-Z	ANEND^-1 | PRIMES^-1 | SHED	best LLR -9.30; testable
member	letters A-Z	ANEND^-1 | TOTIENT^-1 | SHED	best LLR -8.80; testable
member	letters A-Z	ANEND^-1 | WISDOM^-1 | SHED^-1	best LLR -7.24; testable
member	letters A-Z	ANEND^-1 | AKOAN | SHED^-1	best LLR -9.08; testable
member	letters A-Z	ANEND^-1 | PARABLE^-1 | SHED^-1	best LLR -9.76; testable
member	letters A-Z	ANEND^-1 | INSTAR^-1 | SHED^-1	best LLR -9.65; testable
member	letters A-Z	ANEND^-1 | TUNNELING^-1 | SHED^-1	best LLR -8.48; testable
member	letters A-Z	ANEND^-1 | CICADA | SHED^-1	best LLR -9.69; testable
member	letters A-Z	ANEND^-1 | PRIMES^-1 | SHED^-1	best LLR -9.30; testable
member	letters A-Z	ANEND^-1 | TOTIENT^-1 | SHED^-1	best LLR -8.80; testable
member	letters A-Z	ANEND^-1 | WISDOM^-1 | OUR	best LLR -7.24; testable
member	letters A-Z	ANEND^-1 | AKOAN | OUR	best LLR -9.08; testable
member	letters A-Z	ANEND^-1 | PARABLE^-1 | OUR	best LLR -9.76; testable
member	letters A-Z	ANEND^-1 | INSTAR^-1 | OUR	best LLR -9.65; testable
member	letters A-Z	ANEND^-1 | TUNNELING^-1 | OUR	best LLR -8.48; testable
member	letters A-Z	ANEND^-1 | CICADA | OUR	best LLR -9.69; testable
member	letters A-Z	ANEND^-1 | PRIMES^-1 | OUR	best LLR -9.30; testable
member	letters A-Z	ANEND^-1 | TOTIENT^-1 | OUR	best LLR -8.80; testable
member	letters A-Z	ANEND^-1 | WISDOM^-1 | OWN	best LLR -7.24; testable
member	letters A-Z	ANEND^-1 | AKOAN | OWN	best LLR -9.08; testable
member	letters A-Z	ANEND^-1 | PARABLE^-1 | OWN	best LLR -9.76; testable
member	letters A-Z	ANEND^-1 | INSTAR^-1 | OWN	best LLR -9.65; testable
member	letters A-Z	ANEND^-1 | TUNNELING^-1 | OWN	best LLR -8.48; testable
member	letters A-Z	ANEND^-1 | CICADA | OWN	best LLR -9.69; testable
member	letters A-Z	ANEND^-1 | PRIMES^-1 | OWN	best LLR -9.30; testable
member	letters A-Z	ANEND^-1 | TOTIENT^-1 | OWN	best LLR -8.80; testable
member	letters A-Z	ANEND^-1 | WISDOM^-1 | OWN^-1	best LLR -7.24; testable
member	letters A-Z	ANEND^-1 | AKOAN | OWN^-1	best LLR -9.08; testable
member	letters A-Z	ANEND^-1 | PARABLE^-1 | OWN^-1	best LLR -9.76; testable
member	letters A-Z	ANEND^-1 | INSTAR^-1 | OWN^-1	best LLR -9.65; testable
member	letters A-Z	ANEND^-1 | TUNNELING^-1 | OWN^-1	best LLR -8.48; testable
member	letters A-Z	ANEND^-1 | CICADA | OWN^-1	best LLR -9.69; testable
member	letters A-Z	ANEND^-1 | PRIMES^-1 | OWN^-1	best LLR -9.30; testable
member	letters A-Z	ANEND^-1 | TOTIENT^-1 | OWN^-1	best LLR -8.80; testable
member	letters A-Z	ANEND^-1 | WISDOM^-1 | CIRCUMFERENCES	best LLR -7.24; testable
member	letters A-Z	ANEND^-1 | AKOAN | CIRCUMFERENCES	best LLR -9.08; testable
member	letters A-Z	ANEND^-1 | PARABLE^-1 | CIRCUMFERENCES	best LLR -9.76; testable
member	letters A-Z	ANEND^-1 | INSTAR^-1 | CIRCUMFERENCES	best LLR -9.65; testable
member	letters A-Z	ANEND^-1 | TUNNELING^-1 | CIRCUMFERENCES	best LLR -8.48; testable
member	letters A-Z	ANEND^-1 | CICADA | CIRCUMFERENCES	best LLR -9.69; testable
member	letters A-Z	ANEND^-1 | PRIMES^-1 | CIRCUMFERENCES	best LLR -9.30; testable
member	letters A-Z	ANEND^-1 | TOTIENT^-1 | CIRCUMFERENCES	best LLR -8.80; testable
member	letters A-Z	ANEND^-1 | WISDOM^-1 | CIRCUMFERENCES^-1	best LLR -7.24; testable
member	letters A-Z	ANEND^-1 | AKOAN | CIRCUMFERENCES^-1	best LLR -9.08; testable
member	letters A-Z	ANEND^-1 | PARABLE^-1 | CIRCUMFERENCES^-1	best LLR -9.76; testable
member	letters A-Z	ANEND^-1 | INSTAR^-1 | CIRCUMFERENCES^-1	best LLR -9.65; testable
member	letters A-Z	ANEND^-1 | TUNNELING^-1 | CIRCUMFERENCES^-1	best LLR -8.48; testable
member	letters A-Z	ANEND^-1 | CICADA | CIRCUMFERENCES^-1	best LLR -9.69; testable
member	letters A-Z	ANEND^-1 | PRIMES^-1 | CIRCUMFERENCES^-1	best LLR -9.30; testable
member	letters A-Z	ANEND^-1 | TOTIENT^-1 | CIRCUMFERENCES^-1	best LLR -8.80; testable
member	letters A-Z	ANEND^-1 | WISDOM^-1 | FIND	best LLR -7.24; testable
member	letters A-Z	ANEND^-1 | AKOAN | FIND	best LLR -9.08; testable
member	letters A-Z	ANEND^-1 | PARABLE^-1 | FIND	best LLR -9.76; testable
member	letters A-Z	ANEND^-1 | INSTAR^-1 | FIND	best LLR -9.65; testable
member	letters A-Z	ANEND^-1 | TUNNELING^-1 | FIND	best LLR -8.48; testable
member	letters A-Z	ANEND^-1 | CICADA | FIND	best LLR -9.69; testable
member	letters A-Z	ANEND^-1 | PRIMES^-1 | FIND	best LLR -9.30; testable
member	letters A-Z	ANEND^-1 | TOTIENT^-1 | FIND	best LLR -8.80; testable
member	letters A-Z	ANEND^-1 | WISDOM^-1 | FIND^-1	best LLR -7.24; testable
member	letters A-Z	ANEND^-1 | AKOAN | FIND^-1	best LLR -9.08; testable
member	letters A-Z	ANEND^-1 | PARABLE^-1 | FIND^-1	best LLR -9.76; testable
member	letters A-Z	ANEND^-1 | INSTAR^-1 | FIND^-1	best LLR -9.65; testable
member	letters A-Z	ANEND^-1 | TUNNELING^-1 | FIND^-1	best LLR -8.48; testable
member	letters A-Z	ANEND^-1 | CICADA | FIND^-1	best LLR -9.69; testable
member	letters A-Z	ANEND^-1 | PRIMES^-1 | FIND^-1	best LLR -9.30; testable
member	letters A-Z	ANEND^-1 | TOTIENT^-1 | FIND^-1	best LLR -8.80; testable
member	letters A-Z	ANEND^-1 | WISDOM^-1 | WITHIN	best LLR -7.24; testable
member	letters A-Z	ANEND^-1 | AKOAN | WITHIN	best LLR -9.08; testable
member	letters A-Z	ANEND^-1 | PARABLE^-1 | WITHIN	best LLR -9.76; testable
member	letters A-Z	ANEND^-1 | INSTAR^-1 | WITHIN	best LLR -9.65; testable
member	letters A-Z	ANEND^-1 | TUNNELING^-1 | WITHIN	best LLR -8.48; testable
member	letters A-Z	ANEND^-1 | CICADA | WITHIN	best LLR -9.69; testable
member	letters A-Z	ANEND^-1 | PRIMES^-1 | WITHIN	best LLR -9.30; testable
member	letters A-Z	ANEND^-1 | TOTIENT^-1 | WITHIN	best LLR -8.80; testable
member	letters A-Z	ANEND^-1 | WISDOM^-1 | WITHIN^-1	best LLR -7.24; testable
member	letters A-Z	ANEND^-1 | AKOAN | WITHIN^-1	best LLR -9.08; testable
member	letters A-Z	ANEND^-1 | PARABLE^-1 | WITHIN^-1	best LLR -9.76; testable
member	letters A-Z	ANEND^-1 | INSTAR^-1 | WITHIN^-1	best LLR -9.65; testable
member	letters A-Z	ANEND^-1 | TUNNELING^-1 | WITHIN^-1	best LLR -8.48; testable
member	letters A-Z	ANEND^-1 | CICADA | WITHIN^-1	best LLR -9.69; testable
member	letters A-Z	ANEND^-1 | PRIMES^-1 | WITHIN^-1	best LLR -9.30; testable
member	letters A-Z	ANEND^-1 | TOTIENT^-1 | WITHIN^-1	best LLR -8.80; testable
member	letters A-Z	ANEND^-1 | WISDOM^-1 | AND	best LLR -7.24; testable
member	letters A-Z	ANEND^-1 | AKOAN | AND	best LLR -9.08; testable
member	letters A-Z	ANEND^-1 | PARABLE^-1 | AND	best LLR -9.76; testable
member	letters A-Z	ANEND^-1 | INSTAR^-1 | AND	best LLR -9.65; testable
member	letters A-Z	ANEND^-1 | TUNNELING^-1 | AND	best LLR -8.48; testable
member	letters A-Z	ANEND^-1 | CICADA | AND	best LLR -9.69; testable
member	letters A-Z	ANEND^-1 | PRIMES^-1 | AND	best LLR -9.30; testable
member	letters A-Z	ANEND^-1 | TOTIENT^-1 | AND	best LLR -8.80; testable
member	letters A-Z	ANEND^-1 | WISDOM^-1 | AND^-1	best LLR -7.24; testable
member	letters A-Z	ANEND^-1 | AKOAN | AND^-1	best LLR -9.08; testable
member	letters A-Z	ANEND^-1 | PARABLE^-1 | AND^-1	best LLR -9.76; testable
member	letters A-Z	ANEND^-1 | INSTAR^-1 | AND^-1	best LLR -9.65; testable
member	letters A-Z	ANEND^-1 | TUNNELING^-1 | AND^-1	best LLR -8.48; testable
member	letters A-Z	ANEND^-1 | CICADA | AND^-1	best LLR -9.69; testable
member	letters A-Z	ANEND^-1 | PRIMES^-1 | AND^-1	best LLR -9.30; testable
member	letters A-Z	ANEND^-1 | TOTIENT^-1 | AND^-1	best LLR -8.80; testable
member	letters A-Z	ANEND^-1 | WISDOM^-1 | EMERGE	best LLR -7.24; testable
member	letters A-Z	ANEND^-1 | AKOAN | EMERGE	best LLR -9.08; testable
member	letters A-Z	ANEND^-1 | PARABLE^-1 | EMERGE	best LLR -9.76; testable
member	letters A-Z	ANEND^-1 | INSTAR^-1 | EMERGE	best LLR -9.65; testable
member	letters A-Z	ANEND^-1 | TUNNELING^-1 | EMERGE	best LLR -8.48; testable
member	letters A-Z	ANEND^-1 | CICADA | EMERGE	best LLR -9.69; testable
member	letters A-Z	ANEND^-1 | PRIMES^-1 | EMERGE	best LLR -9.30; testable
member	letters A-Z	ANEND^-1 | TOTIENT^-1 | EMERGE	best LLR -8.80; testable
member	letters A-Z	ANEND^-1 | WISDOM^-1 | EMERGE^-1	best LLR -7.24; testable
member	letters A-Z	ANEND^-1 | AKOAN | EMERGE^-1	best LLR -9.08; testable
member	letters A-Z	ANEND^-1 | PARABLE^-1 | EMERGE^-1	best LLR -9.76; testable
member	letters A-Z	ANEND^-1 | INSTAR^-1 | EMERGE^-1	best LLR -9.65; testable
member	letters A-Z	ANEND^-1 | TUNNELING^-1 | EMERGE^-1	best LLR -8.48; testable
member	letters A-Z	ANEND^-1 | CICADA | EMERGE^-1	best LLR -9.69; testable
member	letters A-Z	ANEND^-1 | PRIMES^-1 | EMERGE^-1	best LLR -9.30; testable
member	letters A-Z	ANEND^-1 | TOTIENT^-1 | EMERGE^-1	best LLR -8.80; testable
member	letters A-Z	ANEND^-1 | WISDOM^-1 | CIRCUMFERENCE	best LLR -7.24; testable
member	letters A-Z	ANEND^-1 | AKOAN | CIRCUMFERENCE	best LLR -9.08; testable
member	letters A-Z	ANEND^-1 | PARABLE^-1 | CIRCUMFERENCE	best LLR -9.76; testable
member	letters A-Z	ANEND^-1 | INSTAR^-1 | CIRCUMFERENCE	best LLR -9.65; testable
member	letters A-Z	ANEND^-1 | TUNNELING^-1 | CIRCUMFERENCE	best LLR -8.48; testable
member	letters A-Z	ANEND^-1 | CICADA | CIRCUMFERENCE	best LLR -9.69; testable
member	letters A-Z	ANEND^-1 | PRIMES^-1 | CIRCUMFERENCE	best LLR -9.30; testable
member	letters A-Z	ANEND^-1 | TOTIENT^-1 | CIRCUMFERENCE	best LLR -8.80; testable
member	letters A-Z	ANEND^-1 | WISDOM^-1 | CIRCUMFERENCE^-1	best LLR -7.24; testable
member	letters A-Z	ANEND^-1 | AKOAN | CIRCUMFERENCE^-1	best LLR -9.08; testable
member	letters A-Z	ANEND^-1 | PARABLE^-1 | CIRCUMFERENCE^-1	best LLR -9.76; testable
member	letters A-Z	ANEND^-1 | INSTAR^-1 | CIRCUMFERENCE^-1	best LLR -9.65; testable
member	letters A-Z	ANEND^-1 | TUNNELING^-1 | CIRCUMFERENCE^-1	best LLR -8.48; testable
member	letters A-Z	ANEND^-1 | CICADA | CIRCUMFERENCE^-1	best LLR -9.69; testable
member	letters A-Z	ANEND^-1 | PRIMES^-1 | CIRCUMFERENCE^-1	best LLR -9.30; testable
member	letters A-Z	ANEND^-1 | TOTIENT^-1 | CIRCUMFERENCE^-1	best LLR -8.80; testable
member	letters A-Z	ANEND^-1 | WISDOM^-1 | LIBERPRIMUS	best LLR -7.24; testable
member	letters A-Z	ANEND^-1 | AKOAN | LIBERPRIMUS	best LLR -9.08; testable
member	letters A-Z	ANEND^-1 | PARABLE^-1 | LIBERPRIMUS	best LLR -9.76; testable
member	letters A-Z	ANEND^-1 | INSTAR^-1 | LIBERPRIMUS	best LLR -9.65; testable
member	letters A-Z	ANEND^-1 | TUNNELING^-1 | LIBERPRIMUS	best LLR -8.48; testable
member	letters A-Z	ANEND^-1 | CICADA | LIBERPRIMUS	best LLR -9.69; testable
member	letters A-Z	ANEND^-1 | PRIMES^-1 | LIBERPRIMUS	best LLR -9.30; testable
member	letters A-Z	ANEND^-1 | TOTIENT^-1 | LIBERPRIMUS	best LLR -8.80; testable
member	letters A-Z	ANEND^-1 | WISDOM^-1 | LIBERPRIMUS^-1	best LLR -7.24; testable
member	letters A-Z	ANEND^-1 | AKOAN | LIBERPRIMUS^-1	best LLR -9.08; testable
member	letters A-Z	ANEND^-1 | PARABLE^-1 | LIBERPRIMUS^-1	best LLR -9.76; testable
member	letters A-Z	ANEND^-1 | INSTAR^-1 | LIBERPRIMUS^-1	best LLR -9.65; testable
member	letters A-Z	ANEND^-1 | TUNNELING^-1 | LIBERPRIMUS^-1	best LLR -8.48; testable
member	letters A-Z	ANEND^-1 | CICADA | LIBERPRIMUS^-1	best LLR -9.69; testable
member	letters A-Z	ANEND^-1 | PRIMES^-1 | LIBERPRIMUS^-1	best LLR -9.30; testable
member	letters A-Z	ANEND^-1 | TOTIENT^-1 | LIBERPRIMUS^-1	best LLR -8.80; testable
member	letters A-Z	ANEND^-1 | WISDOM^-1 | PRIMUS	best LLR -7.24; testable
member	letters A-Z	ANEND^-1 | AKOAN | PRIMUS	best LLR -9.08; testable
member	letters A-Z	ANEND^-1 | PARABLE^-1 | PRIMUS	best LLR -9.76; testable
member	letters A-Z	ANEND^-1 | INSTAR^-1 | PRIMUS	best LLR -9.65; testable
member	letters A-Z	ANEND^-1 | TUNNELING^-1 | PRIMUS	best LLR -8.48; testable
member	letters A-Z	ANEND^-1 | CICADA | PRIMUS	best LLR -9.69; testable
member	letters A-Z	ANEND^-1 | PRIMES^-1 | PRIMUS	best LLR -9.30; testable
member	letters A-Z	ANEND^-1 | TOTIENT^-1 | PRIMUS	best LLR -8.80; testable
member	letters A-Z	ANEND^-1 | WISDOM^-1 | PRIMUS^-1	best LLR -7.24; testable
member	letters A-Z	ANEND^-1 | AKOAN | PRIMUS^-1	best LLR -9.08; testable
member	letters A-Z	ANEND^-1 | PARABLE^-1 | PRIMUS^-1	best LLR -9.76; testable
member	letters A-Z	ANEND^-1 | INSTAR^-1 | PRIMUS^-1	best LLR -9.65; testable
member	letters A-Z	ANEND^-1 | TUNNELING^-1 | PRIMUS^-1	best LLR -8.48; testable
member	letters A-Z	ANEND^-1 | CICADA | PRIMUS^-1	best LLR -9.69; testable
member	letters A-Z	ANEND^-1 | PRIMES^-1 | PRIMUS^-1	best LLR -9.30; testable
member	letters A-Z	ANEND^-1 | TOTIENT^-1 | PRIMUS^-1	best LLR -8.80; testable
member	letters A-Z	ANEND^-1 | WISDOM^-1 | CICADA	best LLR -7.24; testable
member	letters A-Z	ANEND^-1 | AKOAN | CICADA	best LLR -9.08; testable
member	letters A-Z	ANEND^-1 | PARABLE^-1 | CICADA	best LLR -9.76; testable
member	letters A-Z	ANEND^-1 | INSTAR^-1 | CICADA	best LLR -9.65; testable
member	letters A-Z	ANEND^-1 | TUNNELING^-1 | CICADA	best LLR -8.48; testable
member	letters A-Z	ANEND^-1 | CICADA | CICADA	best LLR -9.69; testable
member	letters A-Z	ANEND^-1 | PRIMES^-1 | CICADA	best LLR -9.30; testable
member	letters A-Z	ANEND^-1 | TOTIENT^-1 | CICADA	best LLR -8.80; testable
member	letters A-Z	ANEND^-1 | WISDOM^-1 | CICADA^-1	best LLR -7.24; testable
member	letters A-Z	ANEND^-1 | AKOAN | CICADA^-1	best LLR -9.08; testable
member	letters A-Z	ANEND^-1 | PARABLE^-1 | CICADA^-1	best LLR -9.76; testable
member	letters A-Z	ANEND^-1 | INSTAR^-1 | CICADA^-1	best LLR -9.65; testable
member	letters A-Z	ANEND^-1 | TUNNELING^-1 | CICADA^-1	best LLR -8.48; testable
member	letters A-Z	ANEND^-1 | CICADA | CICADA^-1	best LLR -9.69; testable
member	letters A-Z	ANEND^-1 | PRIMES^-1 | CICADA^-1	best LLR -9.30; testable
member	letters A-Z	ANEND^-1 | TOTIENT^-1 | CICADA^-1	best LLR -8.80; testable
member	letters A-Z	ANEND^-1 | WISDOM^-1 | PRIMES	best LLR -7.24; testable
member	letters A-Z	ANEND^-1 | AKOAN | PRIMES	best LLR -9.08; testable
member	letters A-Z	ANEND^-1 | PARABLE^-1 | PRIMES	best LLR -9.76; testable
member	letters A-Z	ANEND^-1 | INSTAR^-1 | PRIMES	best LLR -9.65; testable
member	letters A-Z	ANEND^-1 | TUNNELING^-1 | PRIMES	best LLR -8.48; testable
member	letters A-Z	ANEND^-1 | CICADA | PRIMES	best LLR -9.69; testable
member	letters A-Z	ANEND^-1 | PRIMES^-1 | PRIMES	best LLR -9.30; testable
member	letters A-Z	ANEND^-1 | TOTIENT^-1 | PRIMES	best LLR -8.80; testable
member	letters A-Z	ANEND^-1 | WISDOM^-1 | PRIMES^-1	best LLR -7.24; testable
member	letters A-Z	ANEND^-1 | AKOAN | PRIMES^-1	best LLR -9.08; testable
member	letters A-Z	ANEND^-1 | PARABLE^-1 | PRIMES^-1	best LLR -9.76; testable
member	letters A-Z	ANEND^-1 | INSTAR^-1 | PRIMES^-1	best LLR -9.65; testable
member	letters A-Z	ANEND^-1 | TUNNELING^-1 | PRIMES^-1	best LLR -8.48; testable
member	letters A-Z	ANEND^-1 | CICADA | PRIMES^-1	best LLR -9.69; testable
member	letters A-Z	ANEND^-1 | PRIMES^-1 | PRIMES^-1	best LLR -9.30; testable
member	letters A-Z	ANEND^-1 | TOTIENT^-1 | PRIMES^-1	best LLR -8.80; testable
member	letters A-Z	ANEND^-1 | WISDOM^-1 | TOTIENT	best LLR -7.24; testable
member	letters A-Z	ANEND^-1 | AKOAN | TOTIENT	best LLR -9.08; testable
member	letters A-Z	ANEND^-1 | PARABLE^-1 | TOTIENT	best LLR -9.76; testable
member	letters A-Z	ANEND^-1 | INSTAR^-1 | TOTIENT	best LLR -9.65; testable
member	letters A-Z	ANEND^-1 | TUNNELING^-1 | TOTIENT	best LLR -8.48; testable
member	letters A-Z	ANEND^-1 | CICADA | TOTIENT	best LLR -9.69; testable
member	letters A-Z	ANEND^-1 | PRIMES^-1 | TOTIENT	best LLR -9.30; testable
member	letters A-Z	ANEND^-1 | TOTIENT^-1 | TOTIENT	best LLR -8.80; testable
member	letters A-Z	ANEND^-1 | WISDOM^-1 | TOTIENT^-1	best LLR -7.24; testable
member	letters A-Z	ANEND^-1 | AKOAN | TOTIENT^-1	best LLR -9.08; testable
member	letters A-Z	ANEND^-1 | PARABLE^-1 | TOTIENT^-1	best LLR -9.76; testable
member	letters A-Z	ANEND^-1 | INSTAR^-1 | TOTIENT^-1	best LLR -9.65; testable
member	letters A-Z	ANEND^-1 | TUNNELING^-1 | TOTIENT^-1	best LLR -8.48; testable
member	letters A-Z	ANEND^-1 | CICADA | TOTIENT^-1	best LLR -9.69; testable
member	letters A-Z	ANEND^-1 | PRIMES^-1 | TOTIENT^-1	best LLR -9.30; testable
member	letters A-Z	ANEND^-1 | TOTIENT^-1 | TOTIENT^-1	best LLR -8.80; testable
member	letters A-Z	PARABLE | DIVINITY | ANINSTRUCTION^-1	best LLR -4.21; testable
member	letters A-Z	PARABLE | AWARNING | ANINSTRUCTION^-1	best LLR -9.53; testable
member	letters A-Z	PARABLE | WITHIN | ANINSTRUCTION^-1	best LLR -5.93; testable
member	letters A-Z	LIKE^-1 | MUST^-1 | id	best LLR -7.68; testable
member	letters A-Z	LIKE^-1 | MUST^-1 | FIRFUMFERENFE	best LLR -7.68; testable
member	letters A-Z	LIKE^-1 | MUST^-1 | FIRFUMFERENFE^-1	best LLR -7.68; testable
member	letters A-Z	LIKE^-1 | MUST^-1 | AWARNING	best LLR -7.68; testable
member	letters A-Z	LIKE^-1 | MUST^-1 | AWARNING^-1	best LLR -7.68; testable
member	letters A-Z	LIKE^-1 | MUST^-1 | WELCOME	best LLR -7.68; testable
member	letters A-Z	LIKE^-1 | MUST^-1 | WELCOME^-1	best LLR -7.68; testable
member	letters A-Z	LIKE^-1 | MUST^-1 | WISDOM	best LLR -7.68; testable
member	letters A-Z	LIKE^-1 | MUST^-1 | WISDOM^-1	best LLR -7.68; testable
member	letters A-Z	LIKE^-1 | MUST^-1 | SOMEWISDOM	best LLR -7.68; testable
member	letters A-Z	LIKE^-1 | MUST^-1 | SOMEWISDOM^-1	best LLR -7.68; testable
member	letters A-Z	LIKE^-1 | MUST^-1 | KNOWTHIS	best LLR -7.68; testable
member	letters A-Z	LIKE^-1 | MUST^-1 | KNOWTHIS^-1	best LLR -7.68; testable
member	letters A-Z	LIKE^-1 | MUST^-1 | AKOAN	best LLR -7.68; testable
member	letters A-Z	LIKE^-1 | MUST^-1 | AKOAN^-1	best LLR -7.68; testable
member	letters A-Z	LIKE^-1 | MUST^-1 | ANEND	best LLR -7.68; testable
member	letters A-Z	LIKE^-1 | MUST^-1 | ANEND^-1	best LLR -7.68; testable
member	letters A-Z	LIKE^-1 | MUST^-1 | PARABLE	best LLR -7.68; testable
member	letters A-Z	LIKE^-1 | MUST^-1 | PARABLE^-1	best LLR -7.68; testable
member	letters A-Z	LIKE^-1 | MUST^-1 | LIKE	best LLR -7.68; testable
member	letters A-Z	LIKE^-1 | MUST^-1 | LIKE^-1	best LLR -7.68; testable
member	letters A-Z	LIKE^-1 | MUST^-1 | THE	best LLR -7.68; testable
member	letters A-Z	LIKE^-1 | MUST^-1 | THE^-1	best LLR -7.68; testable
member	letters A-Z	LIKE^-1 | MUST^-1 | INSTAR	best LLR -7.68; testable
member	letters A-Z	LIKE^-1 | MUST^-1 | INSTAR^-1	best LLR -7.68; testable
member	letters A-Z	LIKE^-1 | MUST^-1 | TUNNELING	best LLR -7.68; testable
member	letters A-Z	LIKE^-1 | MUST^-1 | TUNNELING^-1	best LLR -7.68; testable
member	letters A-Z	LIKE^-1 | MUST^-1 | TO	best LLR -7.68; testable
member	letters A-Z	LIKE^-1 | MUST^-1 | TO^-1	best LLR -7.68; testable
member	letters A-Z	LIKE^-1 | MUST^-1 | SURFACE	best LLR -7.68; testable
member	letters A-Z	LIKE^-1 | MUST^-1 | SURFACE^-1	best LLR -7.68; testable
member	letters A-Z	LIKE^-1 | MUST^-1 | WE	best LLR -7.68; testable
member	letters A-Z	LIKE^-1 | MUST^-1 | WE^-1	best LLR -7.68; testable
member	letters A-Z	LIKE^-1 | MUST^-1 | MUST	best LLR -7.68; testable
member	letters A-Z	LIKE^-1 | MUST^-1 | MUST^-1	best LLR -7.68; testable
member	letters A-Z	LIKE^-1 | MUST^-1 | SHED	best LLR -7.68; testable
member	letters A-Z	LIKE^-1 | MUST^-1 | SHED^-1	best LLR -7.68; testable
member	letters A-Z	LIKE^-1 | MUST^-1 | OUR	best LLR -7.68; testable
member	letters A-Z	LIKE^-1 | MUST^-1 | OWN	best LLR -7.68; testable
member	letters A-Z	LIKE^-1 | MUST^-1 | OWN^-1	best LLR -7.68; testable
member	letters A-Z	LIKE^-1 | MUST^-1 | CIRCUMFERENCES	best LLR -7.68; testable
member	letters A-Z	LIKE^-1 | MUST^-1 | CIRCUMFERENCES^-1	best LLR -7.68; testable
member	letters A-Z	LIKE^-1 | MUST^-1 | FIND	best LLR -7.68; testable
member	letters A-Z	LIKE^-1 | MUST^-1 | FIND^-1	best LLR -7.68; testable
member	letters A-Z	LIKE^-1 | MUST^-1 | WITHIN	best LLR -7.68; testable
member	letters A-Z	LIKE^-1 | MUST^-1 | WITHIN^-1	best LLR -7.68; testable
member	letters A-Z	LIKE^-1 | MUST^-1 | AND	best LLR -7.68; testable
member	letters A-Z	LIKE^-1 | MUST^-1 | AND^-1	best LLR -7.68; testable
member	letters A-Z	LIKE^-1 | MUST^-1 | EMERGE	best LLR -7.68; testable
member	letters A-Z	LIKE^-1 | MUST^-1 | EMERGE^-1	best LLR -7.68; testable
member	letters A-Z	LIKE^-1 | MUST^-1 | CIRCUMFERENCE	best LLR -7.68; testable
member	letters A-Z	LIKE^-1 | MUST^-1 | CIRCUMFERENCE^-1	best LLR -7.68; testable
member	letters A-Z	LIKE^-1 | MUST^-1 | LIBERPRIMUS	best LLR -7.68; testable
member	letters A-Z	LIKE^-1 | MUST^-1 | LIBERPRIMUS^-1	best LLR -7.68; testable
member	letters A-Z	LIKE^-1 | MUST^-1 | PRIMUS	best LLR -7.68; testable
member	letters A-Z	LIKE^-1 | MUST^-1 | PRIMUS^-1	best LLR -7.68; testable
member	letters A-Z	LIKE^-1 | MUST^-1 | CICADA	best LLR -7.68; testable
member	letters A-Z	LIKE^-1 | MUST^-1 | CICADA^-1	best LLR -7.68; testable
member	letters A-Z	LIKE^-1 | MUST^-1 | PRIMES	best LLR -7.68; testable
member	letters A-Z	LIKE^-1 | MUST^-1 | PRIMES^-1	best LLR -7.68; testable
member	letters A-Z	LIKE^-1 | MUST^-1 | TOTIENT	best LLR -7.68; testable
member	letters A-Z	LIKE^-1 | MUST^-1 | TOTIENT^-1	best LLR -7.68; testable
member	letters A-Z	THE^-1 | SOMEWISDOM^-1 | DIVINITY^-1	best LLR -3.81; testable
member	letters A-Z	THE^-1 | KNOWTHIS | DIVINITY^-1	best LLR -5.66; testable
member	letters A-Z	THE^-1 | AKOAN | DIVINITY^-1	best LLR -8.71; testable
member	letters A-Z	THE^-1 | TUNNELING | DIVINITY^-1	best LLR -9.44; testable
member	letters A-Z	THE^-1 | OWN^-1 | DIVINITY^-1	best LLR -8.99; testable
member	letters A-Z	THE^-1 | FIND | DIVINITY^-1	best LLR -8.67; testable
member	letters A-Z	THE^-1 | FIND^-1 | DIVINITY^-1	best LLR -8.91; testable
member	letters A-Z	THE^-1 | CIRCUMFERENCE^-1 | DIVINITY^-1	best LLR -9.57; testable
member	letters A-Z	THE^-1 | CICADA | DIVINITY^-1	best LLR -9.98; testable
member	letters A-Z	INSTAR | DIVINITY^-1 | id	best LLR -5.83; testable
member	letters A-Z	INSTAR | WISDOM^-1 | id	best LLR -3.34; testable
member	letters A-Z	INSTAR | ANINSTRUCTION | id	best LLR -9.10; testable
member	letters A-Z	INSTAR | INSTAR^-1 | id	best LLR -8.42; testable
member	letters A-Z	INSTAR | WE^-1 | id	best LLR -8.74; testable
member	letters A-Z	INSTAR | PRIMUS^-1 | id	best LLR -3.83; testable
member	letters A-Z	INSTAR | DIVINITY^-1 | DIVINITY^-1	best LLR -3.58; testable
member	letters A-Z	INSTAR | WISDOM^-1 | DIVINITY^-1	best LLR -3.36; testable
member	letters A-Z	INSTAR | SOMEWISDOM^-1 | DIVINITY^-1	best LLR -8.75; testable
member	letters A-Z	INSTAR | PARABLE | DIVINITY^-1	best LLR -5.80; testable
member	letters A-Z	INSTAR | TUNNELING^-1 | DIVINITY^-1	best LLR -9.64; testable
member	letters A-Z	INSTAR | EMERGE^-1 | DIVINITY^-1	best LLR -9.67; testable
member	letters A-Z	INSTAR | CIRCUMFERENCE^-1 | DIVINITY^-1	best LLR -6.14; testable
member	letters A-Z	INSTAR | CICADA | DIVINITY^-1	best LLR -9.72; testable
member	letters A-Z	INSTAR | DIVINITY^-1 | FIRFUMFERENFE	best LLR -5.83; testable
member	letters A-Z	INSTAR | WISDOM^-1 | FIRFUMFERENFE	best LLR -3.34; testable
member	letters A-Z	INSTAR | ANINSTRUCTION | FIRFUMFERENFE	best LLR -9.10; testable
member	letters A-Z	INSTAR | INSTAR^-1 | FIRFUMFERENFE	best LLR -8.42; testable
member	letters A-Z	INSTAR | WE^-1 | FIRFUMFERENFE	best LLR -8.74; testable
member	letters A-Z	INSTAR | PRIMUS^-1 | FIRFUMFERENFE	best LLR -3.83; testable
member	letters A-Z	INSTAR | DIVINITY^-1 | FIRFUMFERENFE^-1	best LLR -5.83; testable
member	letters A-Z	INSTAR | WISDOM^-1 | FIRFUMFERENFE^-1	best LLR -3.34; testable
member	letters A-Z	INSTAR | ANINSTRUCTION | FIRFUMFERENFE^-1	best LLR -9.10; testable
member	letters A-Z	INSTAR | INSTAR^-1 | FIRFUMFERENFE^-1	best LLR -8.42; testable
member	letters A-Z	INSTAR | WE^-1 | FIRFUMFERENFE^-1	best LLR -8.74; testable
member	letters A-Z	INSTAR | PRIMUS^-1 | FIRFUMFERENFE^-1	best LLR -3.83; testable
member	letters A-Z	INSTAR | DIVINITY^-1 | AWARNING	best LLR -5.83; testable
member	letters A-Z	INSTAR | WISDOM^-1 | AWARNING	best LLR -3.34; testable
member	letters A-Z	INSTAR | ANINSTRUCTION | AWARNING	best LLR -9.10; testable
member	letters A-Z	INSTAR | INSTAR^-1 | AWARNING	best LLR -8.42; testable
member	letters A-Z	INSTAR | WE^-1 | AWARNING	best LLR -8.74; testable
member	letters A-Z	INSTAR | PRIMUS^-1 | AWARNING	best LLR -3.83; testable
member	letters A-Z	INSTAR | DIVINITY^-1 | AWARNING^-1	best LLR -5.83; testable
member	letters A-Z	INSTAR | WISDOM^-1 | AWARNING^-1	best LLR -3.34; testable
member	letters A-Z	INSTAR | ANINSTRUCTION | AWARNING^-1	best LLR -9.10; testable
member	letters A-Z	INSTAR | INSTAR^-1 | AWARNING^-1	best LLR -8.42; testable
member	letters A-Z	INSTAR | WE^-1 | AWARNING^-1	best LLR -8.74; testable
member	letters A-Z	INSTAR | PRIMUS^-1 | AWARNING^-1	best LLR -3.83; testable
member	letters A-Z	INSTAR | DIVINITY^-1 | WELCOME	best LLR -5.83; testable
member	letters A-Z	INSTAR | WISDOM^-1 | WELCOME	best LLR -3.34; testable
member	letters A-Z	INSTAR | ANINSTRUCTION | WELCOME	best LLR -9.10; testable
member	letters A-Z	INSTAR | INSTAR^-1 | WELCOME	best LLR -8.42; testable
member	letters A-Z	INSTAR | WE^-1 | WELCOME	best LLR -8.74; testable
member	letters A-Z	INSTAR | PRIMUS^-1 | WELCOME	best LLR -3.83; testable
member	letters A-Z	INSTAR | DIVINITY^-1 | WELCOME^-1	best LLR -5.83; testable
member	letters A-Z	INSTAR | WISDOM^-1 | WELCOME^-1	best LLR -3.34; testable
member	letters A-Z	INSTAR | ANINSTRUCTION | WELCOME^-1	best LLR -9.10; testable
member	letters A-Z	INSTAR | INSTAR^-1 | WELCOME^-1	best LLR -8.42; testable
member	letters A-Z	INSTAR | WE^-1 | WELCOME^-1	best LLR -8.74; testable
member	letters A-Z	INSTAR | PRIMUS^-1 | WELCOME^-1	best LLR -3.83; testable
member	letters A-Z	INSTAR | DIVINITY^-1 | WISDOM	best LLR -5.83; testable
member	letters A-Z	INSTAR | WISDOM^-1 | WISDOM	best LLR -3.34; testable
member	letters A-Z	INSTAR | ANINSTRUCTION | WISDOM	best LLR -9.10; testable
member	letters A-Z	INSTAR | INSTAR^-1 | WISDOM	best LLR -8.42; testable
member	letters A-Z	INSTAR | WE^-1 | WISDOM	best LLR -8.74; testable
member	letters A-Z	INSTAR | PRIMUS^-1 | WISDOM	best LLR -3.83; testable
member	letters A-Z	INSTAR | DIVINITY^-1 | WISDOM^-1	best LLR -5.83; testable
member	letters A-Z	INSTAR | WISDOM^-1 | WISDOM^-1	best LLR -3.34; testable
member	letters A-Z	INSTAR | ANINSTRUCTION | WISDOM^-1	best LLR -9.10; testable
member	letters A-Z	INSTAR | INSTAR^-1 | WISDOM^-1	best LLR -8.42; testable
member	letters A-Z	INSTAR | WE^-1 | WISDOM^-1	best LLR -8.74; testable
member	letters A-Z	INSTAR | PRIMUS^-1 | WISDOM^-1	best LLR -3.83; testable
member	letters A-Z	INSTAR | DIVINITY^-1 | SOMEWISDOM	best LLR -5.83; testable
member	letters A-Z	INSTAR | WISDOM^-1 | SOMEWISDOM	best LLR -3.34; testable
member	letters A-Z	INSTAR | ANINSTRUCTION | SOMEWISDOM	best LLR -9.10; testable
member	letters A-Z	INSTAR | INSTAR^-1 | SOMEWISDOM	best LLR -8.42; testable
member	letters A-Z	INSTAR | WE^-1 | SOMEWISDOM	best LLR -8.74; testable
member	letters A-Z	INSTAR | PRIMUS^-1 | SOMEWISDOM	best LLR -3.83; testable
member	letters A-Z	INSTAR | DIVINITY^-1 | SOMEWISDOM^-1	best LLR -5.83; testable
member	letters A-Z	INSTAR | WISDOM^-1 | SOMEWISDOM^-1	best LLR -3.34; testable
member	letters A-Z	INSTAR | ANINSTRUCTION | SOMEWISDOM^-1	best LLR -9.10; testable
member	letters A-Z	INSTAR | INSTAR^-1 | SOMEWISDOM^-1	best LLR -8.42; testable
member	letters A-Z	INSTAR | WE^-1 | SOMEWISDOM^-1	best LLR -8.74; testable
member	letters A-Z	INSTAR | PRIMUS^-1 | SOMEWISDOM^-1	best LLR -3.83; testable
member	letters A-Z	INSTAR | DIVINITY^-1 | KNOWTHIS	best LLR -5.83; testable
member	letters A-Z	INSTAR | WISDOM^-1 | KNOWTHIS	best LLR -3.34; testable
member	letters A-Z	INSTAR | ANINSTRUCTION | KNOWTHIS	best LLR -9.10; testable
member	letters A-Z	INSTAR | INSTAR^-1 | KNOWTHIS	best LLR -8.42; testable
member	letters A-Z	INSTAR | WE^-1 | KNOWTHIS	best LLR -8.74; testable
member	letters A-Z	INSTAR | PRIMUS^-1 | KNOWTHIS	best LLR -3.83; testable
member	letters A-Z	INSTAR | DIVINITY^-1 | KNOWTHIS^-1	best LLR -5.83; testable
member	letters A-Z	INSTAR | WISDOM^-1 | KNOWTHIS^-1	best LLR -3.34; testable
member	letters A-Z	INSTAR | ANINSTRUCTION | KNOWTHIS^-1	best LLR -9.10; testable
member	letters A-Z	INSTAR | INSTAR^-1 | KNOWTHIS^-1	best LLR -8.42; testable
member	letters A-Z	INSTAR | WE^-1 | KNOWTHIS^-1	best LLR -8.74; testable
member	letters A-Z	INSTAR | PRIMUS^-1 | KNOWTHIS^-1	best LLR -3.83; testable
member	letters A-Z	INSTAR | DIVINITY^-1 | AKOAN	best LLR -5.83; testable
member	letters A-Z	INSTAR | WISDOM^-1 | AKOAN	best LLR -3.34; testable
member	letters A-Z	INSTAR | ANINSTRUCTION | AKOAN	best LLR -9.10; testable
member	letters A-Z	INSTAR | INSTAR^-1 | AKOAN	best LLR -8.42; testable
member	letters A-Z	INSTAR | WE^-1 | AKOAN	best LLR -8.74; testable
member	letters A-Z	INSTAR | PRIMUS^-1 | AKOAN	best LLR -3.83; testable
member	letters A-Z	INSTAR | DIVINITY^-1 | AKOAN^-1	best LLR -5.83; testable
member	letters A-Z	INSTAR | WISDOM^-1 | AKOAN^-1	best LLR -3.34; testable
member	letters A-Z	INSTAR | ANINSTRUCTION | AKOAN^-1	best LLR -9.10; testable
member	letters A-Z	INSTAR | INSTAR^-1 | AKOAN^-1	best LLR -8.42; testable
member	letters A-Z	INSTAR | WE^-1 | AKOAN^-1	best LLR -8.74; testable
member	letters A-Z	INSTAR | PRIMUS^-1 | AKOAN^-1	best LLR -3.83; testable
member	letters A-Z	INSTAR | DIVINITY^-1 | ANEND	best LLR -5.83; testable
member	letters A-Z	INSTAR | WISDOM^-1 | ANEND	best LLR -3.34; testable
member	letters A-Z	INSTAR | ANINSTRUCTION | ANEND	best LLR -9.10; testable
member	letters A-Z	INSTAR | INSTAR^-1 | ANEND	best LLR -8.42; testable
member	letters A-Z	INSTAR | WE^-1 | ANEND	best LLR -8.74; testable
member	letters A-Z	INSTAR | PRIMUS^-1 | ANEND	best LLR -3.83; testable
member	letters A-Z	INSTAR | DIVINITY^-1 | ANEND^-1	best LLR -5.83; testable
member	letters A-Z	INSTAR | WISDOM^-1 | ANEND^-1	best LLR -3.34; testable
member	letters A-Z	INSTAR | ANINSTRUCTION | ANEND^-1	best LLR -9.10; testable
member	letters A-Z	INSTAR | INSTAR^-1 | ANEND^-1	best LLR -8.42; testable
member	letters A-Z	INSTAR | WE^-1 | ANEND^-1	best LLR -8.74; testable
member	letters A-Z	INSTAR | PRIMUS^-1 | ANEND^-1	best LLR -3.83; testable
member	letters A-Z	INSTAR | DIVINITY^-1 | PARABLE	best LLR -5.83; testable
member	letters A-Z	INSTAR | WISDOM^-1 | PARABLE	best LLR -3.34; testable
member	letters A-Z	INSTAR | ANINSTRUCTION | PARABLE	best LLR -9.10; testable
member	letters A-Z	INSTAR | INSTAR^-1 | PARABLE	best LLR -8.42; testable
member	letters A-Z	INSTAR | WE^-1 | PARABLE	best LLR -8.74; testable
member	letters A-Z	INSTAR | PRIMUS^-1 | PARABLE	best LLR -3.83; testable
member	letters A-Z	INSTAR | DIVINITY^-1 | PARABLE^-1	best LLR -5.83; testable
member	letters A-Z	INSTAR | WISDOM^-1 | PARABLE^-1	best LLR -3.34; testable
member	letters A-Z	INSTAR | ANINSTRUCTION | PARABLE^-1	best LLR -9.10; testable
member	letters A-Z	INSTAR | INSTAR^-1 | PARABLE^-1	best LLR -8.42; testable
member	letters A-Z	INSTAR | WE^-1 | PARABLE^-1	best LLR -8.74; testable
member	letters A-Z	INSTAR | PRIMUS^-1 | PARABLE^-1	best LLR -3.83; testable
member	letters A-Z	INSTAR | DIVINITY^-1 | LIKE	best LLR -5.83; testable
member	letters A-Z	INSTAR | WISDOM^-1 | LIKE	best LLR -3.34; testable
member	letters A-Z	INSTAR | ANINSTRUCTION | LIKE	best LLR -9.10; testable
member	letters A-Z	INSTAR | INSTAR^-1 | LIKE	best LLR -8.42; testable
member	letters A-Z	INSTAR | WE^-1 | LIKE	best LLR -8.74; testable
member	letters A-Z	INSTAR | PRIMUS^-1 | LIKE	best LLR -3.83; testable
member	letters A-Z	INSTAR | DIVINITY^-1 | LIKE^-1	best LLR -5.83; testable
member	letters A-Z	INSTAR | WISDOM^-1 | LIKE^-1	best LLR -3.34; testable
member	letters A-Z	INSTAR | ANINSTRUCTION | LIKE^-1	best LLR -9.10; testable
member	letters A-Z	INSTAR | INSTAR^-1 | LIKE^-1	best LLR -8.42; testable
member	letters A-Z	INSTAR | WE^-1 | LIKE^-1	best LLR -8.74; testable
member	letters A-Z	INSTAR | PRIMUS^-1 | LIKE^-1	best LLR -3.83; testable
member	letters A-Z	INSTAR | DIVINITY^-1 | THE	best LLR -5.83; testable
member	letters A-Z	INSTAR | WISDOM^-1 | THE	best LLR -3.34; testable
member	letters A-Z	INSTAR | ANINSTRUCTION | THE	best LLR -9.10; testable
member	letters A-Z	INSTAR | INSTAR^-1 | THE	best LLR -8.42; testable
member	letters A-Z	INSTAR | WE^-1 | THE	best LLR -8.74; testable
member	letters A-Z	INSTAR | PRIMUS^-1 | THE	best LLR -3.83; testable
member	letters A-Z	INSTAR | DIVINITY^-1 | THE^-1	best LLR -5.83; testable
member	letters A-Z	INSTAR | WISDOM^-1 | THE^-1	best LLR -3.34; testable
member	letters A-Z	INSTAR | ANINSTRUCTION | THE^-1	best LLR -9.10; testable
member	letters A-Z	INSTAR | INSTAR^-1 | THE^-1	best LLR -8.42; testable
member	letters A-Z	INSTAR | WE^-1 | THE^-1	best LLR -8.74; testable
member	letters A-Z	INSTAR | PRIMUS^-1 | THE^-1	best LLR -3.83; testable
member	letters A-Z	INSTAR | DIVINITY^-1 | INSTAR	best LLR -5.83; testable
member	letters A-Z	INSTAR | WISDOM^-1 | INSTAR	best LLR -3.34; testable
member	letters A-Z	INSTAR | ANINSTRUCTION | INSTAR	best LLR -9.10; testable
member	letters A-Z	INSTAR | INSTAR^-1 | INSTAR	best LLR -8.42; testable
member	letters A-Z	INSTAR | WE^-1 | INSTAR	best LLR -8.74; testable
member	letters A-Z	INSTAR | PRIMUS^-1 | INSTAR	best LLR -3.83; testable
member	letters A-Z	INSTAR | DIVINITY^-1 | INSTAR^-1	best LLR -5.83; testable
member	letters A-Z	INSTAR | WISDOM^-1 | INSTAR^-1	best LLR -3.34; testable
member	letters A-Z	INSTAR | ANINSTRUCTION | INSTAR^-1	best LLR -9.10; testable
member	letters A-Z	INSTAR | INSTAR^-1 | INSTAR^-1	best LLR -8.42; testable
member	letters A-Z	INSTAR | WE^-1 | INSTAR^-1	best LLR -8.74; testable
member	letters A-Z	INSTAR | PRIMUS^-1 | INSTAR^-1	best LLR -3.83; testable
member	letters A-Z	INSTAR | DIVINITY^-1 | TUNNELING	best LLR -5.83; testable
member	letters A-Z	INSTAR | WISDOM^-1 | TUNNELING	best LLR -3.34; testable
member	letters A-Z	INSTAR | ANINSTRUCTION | TUNNELING	best LLR -9.10; testable
member	letters A-Z	INSTAR | INSTAR^-1 | TUNNELING	best LLR -8.42; testable
member	letters A-Z	INSTAR | WE^-1 | TUNNELING	best LLR -8.74; testable
member	letters A-Z	INSTAR | PRIMUS^-1 | TUNNELING	best LLR -3.83; testable
member	letters A-Z	INSTAR | DIVINITY^-1 | TUNNELING^-1	best LLR -5.83; testable
member	letters A-Z	INSTAR | WISDOM^-1 | TUNNELING^-1	best LLR -3.34; testable
member	letters A-Z	INSTAR | ANINSTRUCTION | TUNNELING^-1	best LLR -9.10; testable
member	letters A-Z	INSTAR | INSTAR^-1 | TUNNELING^-1	best LLR -8.42; testable
member	letters A-Z	INSTAR | WE^-1 | TUNNELING^-1	best LLR -8.74; testable
member	letters A-Z	INSTAR | PRIMUS^-1 | TUNNELING^-1	best LLR -3.83; testable
member	letters A-Z	INSTAR | DIVINITY^-1 | TO	best LLR -5.83; testable
member	letters A-Z	INSTAR | WISDOM^-1 | TO	best LLR -3.34; testable
member	letters A-Z	INSTAR | ANINSTRUCTION | TO	best LLR -9.10; testable
member	letters A-Z	INSTAR | INSTAR^-1 | TO	best LLR -8.42; testable
member	letters A-Z	INSTAR | WE^-1 | TO	best LLR -8.74; testable
member	letters A-Z	INSTAR | PRIMUS^-1 | TO	best LLR -3.83; testable
member	letters A-Z	INSTAR | DIVINITY^-1 | TO^-1	best LLR -5.83; testable
member	letters A-Z	INSTAR | WISDOM^-1 | TO^-1	best LLR -3.34; testable
member	letters A-Z	INSTAR | ANINSTRUCTION | TO^-1	best LLR -9.10; testable
member	letters A-Z	INSTAR | INSTAR^-1 | TO^-1	best LLR -8.42; testable
member	letters A-Z	INSTAR | WE^-1 | TO^-1	best LLR -8.74; testable
member	letters A-Z	INSTAR | PRIMUS^-1 | TO^-1	best LLR -3.83; testable
member	letters A-Z	INSTAR | DIVINITY^-1 | SURFACE	best LLR -5.83; testable
member	letters A-Z	INSTAR | WISDOM^-1 | SURFACE	best LLR -3.34; testable
member	letters A-Z	INSTAR | ANINSTRUCTION | SURFACE	best LLR -9.10; testable
member	letters A-Z	INSTAR | INSTAR^-1 | SURFACE	best LLR -8.42; testable
member	letters A-Z	INSTAR | WE^-1 | SURFACE	best LLR -8.74; testable
member	letters A-Z	INSTAR | PRIMUS^-1 | SURFACE	best LLR -3.83; testable
member	letters A-Z	INSTAR | DIVINITY^-1 | SURFACE^-1	best LLR -5.83; testable
member	letters A-Z	INSTAR | WISDOM^-1 | SURFACE^-1	best LLR -3.34; testable
member	letters A-Z	INSTAR | ANINSTRUCTION | SURFACE^-1	best LLR -9.10; testable
member	letters A-Z	INSTAR | INSTAR^-1 | SURFACE^-1	best LLR -8.42; testable
member	letters A-Z	INSTAR | WE^-1 | SURFACE^-1	best LLR -8.74; testable
member	letters A-Z	INSTAR | PRIMUS^-1 | SURFACE^-1	best LLR -3.83; testable
member	letters A-Z	INSTAR | DIVINITY^-1 | WE	best LLR -5.83; testable
member	letters A-Z	INSTAR | WISDOM^-1 | WE	best LLR -3.34; testable
member	letters A-Z	INSTAR | ANINSTRUCTION | WE	best LLR -9.10; testable
member	letters A-Z	INSTAR | INSTAR^-1 | WE	best LLR -8.42; testable
member	letters A-Z	INSTAR | WE^-1 | WE	best LLR -8.74; testable
member	letters A-Z	INSTAR | PRIMUS^-1 | WE	best LLR -3.83; testable
member	letters A-Z	INSTAR | DIVINITY^-1 | WE^-1	best LLR -5.83; testable
member	letters A-Z	INSTAR | WISDOM^-1 | WE^-1	best LLR -3.34; testable
member	letters A-Z	INSTAR | ANINSTRUCTION | WE^-1	best LLR -9.10; testable
member	letters A-Z	INSTAR | INSTAR^-1 | WE^-1	best LLR -8.42; testable
member	letters A-Z	INSTAR | WE^-1 | WE^-1	best LLR -8.74; testable
member	letters A-Z	INSTAR | PRIMUS^-1 | WE^-1	best LLR -3.83; testable
member	letters A-Z	INSTAR | DIVINITY^-1 | MUST	best LLR -5.83; testable
member	letters A-Z	INSTAR | WISDOM^-1 | MUST	best LLR -3.34; testable
member	letters A-Z	INSTAR | ANINSTRUCTION | MUST	best LLR -9.10; testable
member	letters A-Z	INSTAR | INSTAR^-1 | MUST	best LLR -8.42; testable
member	letters A-Z	INSTAR | WE^-1 | MUST	best LLR -8.74; testable
member	letters A-Z	INSTAR | PRIMUS^-1 | MUST	best LLR -3.83; testable
member	letters A-Z	INSTAR | DIVINITY^-1 | MUST^-1	best LLR -5.83; testable
member	letters A-Z	INSTAR | WISDOM^-1 | MUST^-1	best LLR -3.34; testable
member	letters A-Z	INSTAR | ANINSTRUCTION | MUST^-1	best LLR -9.10; testable
member	letters A-Z	INSTAR | INSTAR^-1 | MUST^-1	best LLR -8.42; testable
member	letters A-Z	INSTAR | WE^-1 | MUST^-1	best LLR -8.74; testable
member	letters A-Z	INSTAR | PRIMUS^-1 | MUST^-1	best LLR -3.83; testable
member	letters A-Z	INSTAR | DIVINITY^-1 | SHED	best LLR -5.83; testable
member	letters A-Z	INSTAR | WISDOM^-1 | SHED	best LLR -3.34; testable
member	letters A-Z	INSTAR | ANINSTRUCTION | SHED	best LLR -9.10; testable
member	letters A-Z	INSTAR | INSTAR^-1 | SHED	best LLR -8.42; testable
member	letters A-Z	INSTAR | WE^-1 | SHED	best LLR -8.74; testable
member	letters A-Z	INSTAR | PRIMUS^-1 | SHED	best LLR -3.83; testable
member	letters A-Z	INSTAR | DIVINITY^-1 | SHED^-1	best LLR -5.83; testable
member	letters A-Z	INSTAR | WISDOM^-1 | SHED^-1	best LLR -3.34; testable
member	letters A-Z	INSTAR | ANINSTRUCTION | SHED^-1	best LLR -9.10; testable
member	letters A-Z	INSTAR | INSTAR^-1 | SHED^-1	best LLR -8.42; testable
member	letters A-Z	INSTAR | WE^-1 | SHED^-1	best LLR -8.74; testable
member	letters A-Z	INSTAR | PRIMUS^-1 | SHED^-1	best LLR -3.83; testable
member	letters A-Z	INSTAR | DIVINITY^-1 | OUR	best LLR -5.83; testable
member	letters A-Z	INSTAR | WISDOM^-1 | OUR	best LLR -3.34; testable
member	letters A-Z	INSTAR | ANINSTRUCTION | OUR	best LLR -9.10; testable
member	letters A-Z	INSTAR | INSTAR^-1 | OUR	best LLR -8.42; testable
member	letters A-Z	INSTAR | WE^-1 | OUR	best LLR -8.74; testable
member	letters A-Z	INSTAR | PRIMUS^-1 | OUR	best LLR -3.83; testable
member	letters A-Z	INSTAR | DIVINITY^-1 | OWN	best LLR -5.83; testable
member	letters A-Z	INSTAR | WISDOM^-1 | OWN	best LLR -3.34; testable
member	letters A-Z	INSTAR | ANINSTRUCTION | OWN	best LLR -9.10; testable
member	letters A-Z	INSTAR | INSTAR^-1 | OWN	best LLR -8.42; testable
member	letters A-Z	INSTAR | WE^-1 | OWN	best LLR -8.74; testable
member	letters A-Z	INSTAR | PRIMUS^-1 | OWN	best LLR -3.83; testable
member	letters A-Z	INSTAR | DIVINITY^-1 | OWN^-1	best LLR -5.83; testable
member	letters A-Z	INSTAR | WISDOM^-1 | OWN^-1	best LLR -3.34; testable
member	letters A-Z	INSTAR | ANINSTRUCTION | OWN^-1	best LLR -9.10; testable
member	letters A-Z	INSTAR | INSTAR^-1 | OWN^-1	best LLR -8.42; testable
member	letters A-Z	INSTAR | WE^-1 | OWN^-1	best LLR -8.74; testable
member	letters A-Z	INSTAR | PRIMUS^-1 | OWN^-1	best LLR -3.83; testable
member	letters A-Z	INSTAR | DIVINITY^-1 | CIRCUMFERENCES	best LLR -5.83; testable
member	letters A-Z	INSTAR | WISDOM^-1 | CIRCUMFERENCES	best LLR -3.34; testable
member	letters A-Z	INSTAR | ANINSTRUCTION | CIRCUMFERENCES	best LLR -9.10; testable
member	letters A-Z	INSTAR | INSTAR^-1 | CIRCUMFERENCES	best LLR -8.42; testable
member	letters A-Z	INSTAR | WE^-1 | CIRCUMFERENCES	best LLR -8.74; testable
member	letters A-Z	INSTAR | PRIMUS^-1 | CIRCUMFERENCES	best LLR -3.83; testable
member	letters A-Z	INSTAR | DIVINITY^-1 | CIRCUMFERENCES^-1	best LLR -5.83; testable
member	letters A-Z	INSTAR | WISDOM^-1 | CIRCUMFERENCES^-1	best LLR -3.34; testable
member	letters A-Z	INSTAR | ANINSTRUCTION | CIRCUMFERENCES^-1	best LLR -9.10; testable
member	letters A-Z	INSTAR | INSTAR^-1 | CIRCUMFERENCES^-1	best LLR -8.42; testable
member	letters A-Z	INSTAR | WE^-1 | CIRCUMFERENCES^-1	best LLR -8.74; testable
member	letters A-Z	INSTAR | PRIMUS^-1 | CIRCUMFERENCES^-1	best LLR -3.83; testable
member	letters A-Z	INSTAR | DIVINITY^-1 | FIND	best LLR -5.83; testable
member	letters A-Z	INSTAR | WISDOM^-1 | FIND	best LLR -3.34; testable
member	letters A-Z	INSTAR | ANINSTRUCTION | FIND	best LLR -9.10; testable
member	letters A-Z	INSTAR | INSTAR^-1 | FIND	best LLR -8.42; testable
member	letters A-Z	INSTAR | WE^-1 | FIND	best LLR -8.74; testable
member	letters A-Z	INSTAR | PRIMUS^-1 | FIND	best LLR -3.83; testable
member	letters A-Z	INSTAR | DIVINITY^-1 | FIND^-1	best LLR -5.83; testable
member	letters A-Z	INSTAR | WISDOM^-1 | FIND^-1	best LLR -3.34; testable
member	letters A-Z	INSTAR | ANINSTRUCTION | FIND^-1	best LLR -9.10; testable
member	letters A-Z	INSTAR | INSTAR^-1 | FIND^-1	best LLR -8.42; testable
member	letters A-Z	INSTAR | WE^-1 | FIND^-1	best LLR -8.74; testable
member	letters A-Z	INSTAR | PRIMUS^-1 | FIND^-1	best LLR -3.83; testable
member	letters A-Z	INSTAR | DIVINITY^-1 | WITHIN	best LLR -5.83; testable
member	letters A-Z	INSTAR | WISDOM^-1 | WITHIN	best LLR -3.34; testable
member	letters A-Z	INSTAR | ANINSTRUCTION | WITHIN	best LLR -9.10; testable
member	letters A-Z	INSTAR | INSTAR^-1 | WITHIN	best LLR -8.42; testable
member	letters A-Z	INSTAR | WE^-1 | WITHIN	best LLR -8.74; testable
member	letters A-Z	INSTAR | PRIMUS^-1 | WITHIN	best LLR -3.83; testable
member	letters A-Z	INSTAR | DIVINITY^-1 | WITHIN^-1	best LLR -5.83; testable
member	letters A-Z	INSTAR | WISDOM^-1 | WITHIN^-1	best LLR -3.34; testable
member	letters A-Z	INSTAR | ANINSTRUCTION | WITHIN^-1	best LLR -9.10; testable
member	letters A-Z	INSTAR | INSTAR^-1 | WITHIN^-1	best LLR -8.42; testable
member	letters A-Z	INSTAR | WE^-1 | WITHIN^-1	best LLR -8.74; testable
member	letters A-Z	INSTAR | PRIMUS^-1 | WITHIN^-1	best LLR -3.83; testable
member	letters A-Z	INSTAR | DIVINITY^-1 | AND	best LLR -5.83; testable
member	letters A-Z	INSTAR | WISDOM^-1 | AND	best LLR -3.34; testable
member	letters A-Z	INSTAR | ANINSTRUCTION | AND	best LLR -9.10; testable
member	letters A-Z	INSTAR | INSTAR^-1 | AND	best LLR -8.42; testable
member	letters A-Z	INSTAR | WE^-1 | AND	best LLR -8.74; testable
member	letters A-Z	INSTAR | PRIMUS^-1 | AND	best LLR -3.83; testable
member	letters A-Z	INSTAR | DIVINITY^-1 | AND^-1	best LLR -5.83; testable
member	letters A-Z	INSTAR | WISDOM^-1 | AND^-1	best LLR -3.34; testable
member	letters A-Z	INSTAR | ANINSTRUCTION | AND^-1	best LLR -9.10; testable
member	letters A-Z	INSTAR | INSTAR^-1 | AND^-1	best LLR -8.42; testable
member	letters A-Z	INSTAR | WE^-1 | AND^-1	best LLR -8.74; testable
member	letters A-Z	INSTAR | PRIMUS^-1 | AND^-1	best LLR -3.83; testable
member	letters A-Z	INSTAR | DIVINITY^-1 | EMERGE	best LLR -5.83; testable
member	letters A-Z	INSTAR | WISDOM^-1 | EMERGE	best LLR -3.34; testable
member	letters A-Z	INSTAR | ANINSTRUCTION | EMERGE	best LLR -9.10; testable
member	letters A-Z	INSTAR | INSTAR^-1 | EMERGE	best LLR -8.42; testable
member	letters A-Z	INSTAR | WE^-1 | EMERGE	best LLR -8.74; testable
member	letters A-Z	INSTAR | PRIMUS^-1 | EMERGE	best LLR -3.83; testable
member	letters A-Z	INSTAR | DIVINITY^-1 | EMERGE^-1	best LLR -5.83; testable
member	letters A-Z	INSTAR | WISDOM^-1 | EMERGE^-1	best LLR -3.34; testable
member	letters A-Z	INSTAR | ANINSTRUCTION | EMERGE^-1	best LLR -9.10; testable
member	letters A-Z	INSTAR | INSTAR^-1 | EMERGE^-1	best LLR -8.42; testable
member	letters A-Z	INSTAR | WE^-1 | EMERGE^-1	best LLR -8.74; testable
member	letters A-Z	INSTAR | PRIMUS^-1 | EMERGE^-1	best LLR -3.83; testable
member	letters A-Z	INSTAR | DIVINITY^-1 | CIRCUMFERENCE	best LLR -5.83; testable
member	letters A-Z	INSTAR | WISDOM^-1 | CIRCUMFERENCE	best LLR -3.34; testable
member	letters A-Z	INSTAR | ANINSTRUCTION | CIRCUMFERENCE	best LLR -9.10; testable
member	letters A-Z	INSTAR | INSTAR^-1 | CIRCUMFERENCE	best LLR -8.42; testable
member	letters A-Z	INSTAR | WE^-1 | CIRCUMFERENCE	best LLR -8.74; testable
member	letters A-Z	INSTAR | PRIMUS^-1 | CIRCUMFERENCE	best LLR -3.83; testable
member	letters A-Z	INSTAR | DIVINITY^-1 | CIRCUMFERENCE^-1	best LLR -5.83; testable
member	letters A-Z	INSTAR | WISDOM^-1 | CIRCUMFERENCE^-1	best LLR -3.34; testable
member	letters A-Z	INSTAR | ANINSTRUCTION | CIRCUMFERENCE^-1	best LLR -9.10; testable
member	letters A-Z	INSTAR | INSTAR^-1 | CIRCUMFERENCE^-1	best LLR -8.42; testable
member	letters A-Z	INSTAR | WE^-1 | CIRCUMFERENCE^-1	best LLR -8.74; testable
member	letters A-Z	INSTAR | PRIMUS^-1 | CIRCUMFERENCE^-1	best LLR -3.83; testable
member	letters A-Z	INSTAR | DIVINITY^-1 | LIBERPRIMUS	best LLR -5.83; testable
member	letters A-Z	INSTAR | WISDOM^-1 | LIBERPRIMUS	best LLR -3.34; testable
member	letters A-Z	INSTAR | ANINSTRUCTION | LIBERPRIMUS	best LLR -9.10; testable
member	letters A-Z	INSTAR | INSTAR^-1 | LIBERPRIMUS	best LLR -8.42; testable
member	letters A-Z	INSTAR | WE^-1 | LIBERPRIMUS	best LLR -8.74; testable
member	letters A-Z	INSTAR | PRIMUS^-1 | LIBERPRIMUS	best LLR -3.83; testable
member	letters A-Z	INSTAR | DIVINITY^-1 | LIBERPRIMUS^-1	best LLR -5.83; testable
member	letters A-Z	INSTAR | WISDOM^-1 | LIBERPRIMUS^-1	best LLR -3.34; testable
member	letters A-Z	INSTAR | ANINSTRUCTION | LIBERPRIMUS^-1	best LLR -9.10; testable
member	letters A-Z	INSTAR | INSTAR^-1 | LIBERPRIMUS^-1	best LLR -8.42; testable
member	letters A-Z	INSTAR | WE^-1 | LIBERPRIMUS^-1	best LLR -8.74; testable
member	letters A-Z	INSTAR | PRIMUS^-1 | LIBERPRIMUS^-1	best LLR -3.83; testable
member	letters A-Z	INSTAR | DIVINITY^-1 | PRIMUS	best LLR -5.83; testable
member	letters A-Z	INSTAR | WISDOM^-1 | PRIMUS	best LLR -3.34; testable
member	letters A-Z	INSTAR | ANINSTRUCTION | PRIMUS	best LLR -9.10; testable
member	letters A-Z	INSTAR | INSTAR^-1 | PRIMUS	best LLR -8.42; testable
member	letters A-Z	INSTAR | WE^-1 | PRIMUS	best LLR -8.74; testable
member	letters A-Z	INSTAR | PRIMUS^-1 | PRIMUS	best LLR -3.83; testable
member	letters A-Z	INSTAR | DIVINITY^-1 | PRIMUS^-1	best LLR -5.83; testable
member	letters A-Z	INSTAR | WISDOM^-1 | PRIMUS^-1	best LLR -3.34; testable
member	letters A-Z	INSTAR | ANINSTRUCTION | PRIMUS^-1	best LLR -9.10; testable
member	letters A-Z	INSTAR | INSTAR^-1 | PRIMUS^-1	best LLR -8.42; testable
member	letters A-Z	INSTAR | WE^-1 | PRIMUS^-1	best LLR -8.74; testable
member	letters A-Z	INSTAR | PRIMUS^-1 | PRIMUS^-1	best LLR -3.83; testable
member	letters A-Z	INSTAR | DIVINITY^-1 | CICADA	best LLR -5.83; testable
member	letters A-Z	INSTAR | WISDOM^-1 | CICADA	best LLR -3.34; testable
member	letters A-Z	INSTAR | ANINSTRUCTION | CICADA	best LLR -9.10; testable
member	letters A-Z	INSTAR | INSTAR^-1 | CICADA	best LLR -8.42; testable
member	letters A-Z	INSTAR | WE^-1 | CICADA	best LLR -8.74; testable
member	letters A-Z	INSTAR | PRIMUS^-1 | CICADA	best LLR -3.83; testable
member	letters A-Z	INSTAR | DIVINITY^-1 | CICADA^-1	best LLR -5.83; testable
member	letters A-Z	INSTAR | WISDOM^-1 | CICADA^-1	best LLR -3.34; testable
member	letters A-Z	INSTAR | ANINSTRUCTION | CICADA^-1	best LLR -9.10; testable
member	letters A-Z	INSTAR | INSTAR^-1 | CICADA^-1	best LLR -8.42; testable
member	letters A-Z	INSTAR | WE^-1 | CICADA^-1	best LLR -8.74; testable
member	letters A-Z	INSTAR | PRIMUS^-1 | CICADA^-1	best LLR -3.83; testable
member	letters A-Z	INSTAR | DIVINITY^-1 | PRIMES	best LLR -5.83; testable
member	letters A-Z	INSTAR | WISDOM^-1 | PRIMES	best LLR -3.34; testable
member	letters A-Z	INSTAR | ANINSTRUCTION | PRIMES	best LLR -9.10; testable
member	letters A-Z	INSTAR | INSTAR^-1 | PRIMES	best LLR -8.42; testable
member	letters A-Z	INSTAR | WE^-1 | PRIMES	best LLR -8.74; testable
member	letters A-Z	INSTAR | PRIMUS^-1 | PRIMES	best LLR -3.83; testable
member	letters A-Z	INSTAR | DIVINITY^-1 | PRIMES^-1	best LLR -5.83; testable
member	letters A-Z	INSTAR | WISDOM^-1 | PRIMES^-1	best LLR -3.34; testable
member	letters A-Z	INSTAR | ANINSTRUCTION | PRIMES^-1	best LLR -9.10; testable
member	letters A-Z	INSTAR | INSTAR^-1 | PRIMES^-1	best LLR -8.42; testable
member	letters A-Z	INSTAR | WE^-1 | PRIMES^-1	best LLR -8.74; testable
member	letters A-Z	INSTAR | PRIMUS^-1 | PRIMES^-1	best LLR -3.83; testable
member	letters A-Z	INSTAR | DIVINITY^-1 | TOTIENT	best LLR -5.83; testable
member	letters A-Z	INSTAR | WISDOM^-1 | TOTIENT	best LLR -3.34; testable
member	letters A-Z	INSTAR | ANINSTRUCTION | TOTIENT	best LLR -9.10; testable
member	letters A-Z	INSTAR | INSTAR^-1 | TOTIENT	best LLR -8.42; testable
member	letters A-Z	INSTAR | WE^-1 | TOTIENT	best LLR -8.74; testable
member	letters A-Z	INSTAR | PRIMUS^-1 | TOTIENT	best LLR -3.83; testable
member	letters A-Z	INSTAR | DIVINITY^-1 | TOTIENT^-1	best LLR -5.83; testable
member	letters A-Z	INSTAR | WISDOM^-1 | TOTIENT^-1	best LLR -3.34; testable
member	letters A-Z	INSTAR | ANINSTRUCTION | TOTIENT^-1	best LLR -9.10; testable
member	letters A-Z	INSTAR | INSTAR^-1 | TOTIENT^-1	best LLR -8.42; testable
member	letters A-Z	INSTAR | WE^-1 | TOTIENT^-1	best LLR -8.74; testable
member	letters A-Z	INSTAR | PRIMUS^-1 | TOTIENT^-1	best LLR -3.83; testable
member	letters A-Z	INSTAR^-1 | DIVINITY | id	best LLR -9.86; testable
member	letters A-Z	INSTAR^-1 | KNOWTHIS^-1 | id	best LLR -6.89; testable
member	letters A-Z	INSTAR^-1 | THELOSSOFDIVINITY | id	best LLR -9.46; testable
member	letters A-Z	INSTAR^-1 | INSTAR | id	best LLR -9.70; testable
member	letters A-Z	INSTAR^-1 | FIND | id	best LLR -9.97; testable
member	letters A-Z	INSTAR^-1 | PRIMES^-1 | id	best LLR -9.97; testable
member	letters A-Z	INSTAR^-1 | THE^-1 | DIVINITY	best LLR -9.96; testable
member	letters A-Z	INSTAR^-1 | WITHIN | DIVINITY	best LLR -5.29; testable
member	letters A-Z	INSTAR^-1 | DIVINITY | FIRFUMFERENFE	best LLR -9.86; testable
member	letters A-Z	INSTAR^-1 | KNOWTHIS^-1 | FIRFUMFERENFE	best LLR -6.89; testable
member	letters A-Z	INSTAR^-1 | THELOSSOFDIVINITY | FIRFUMFERENFE	best LLR -9.46; testable
member	letters A-Z	INSTAR^-1 | INSTAR | FIRFUMFERENFE	best LLR -9.70; testable
member	letters A-Z	INSTAR^-1 | FIND | FIRFUMFERENFE	best LLR -9.97; testable
member	letters A-Z	INSTAR^-1 | PRIMES^-1 | FIRFUMFERENFE	best LLR -9.97; testable
member	letters A-Z	INSTAR^-1 | DIVINITY | FIRFUMFERENFE^-1	best LLR -9.86; testable
member	letters A-Z	INSTAR^-1 | KNOWTHIS^-1 | FIRFUMFERENFE^-1	best LLR -6.89; testable
member	letters A-Z	INSTAR^-1 | THELOSSOFDIVINITY | FIRFUMFERENFE^-1	best LLR -9.46; testable
member	letters A-Z	INSTAR^-1 | INSTAR | FIRFUMFERENFE^-1	best LLR -9.70; testable
member	letters A-Z	INSTAR^-1 | FIND | FIRFUMFERENFE^-1	best LLR -9.97; testable
member	letters A-Z	INSTAR^-1 | PRIMES^-1 | FIRFUMFERENFE^-1	best LLR -9.97; testable
member	letters A-Z	INSTAR^-1 | DIVINITY | AWARNING	best LLR -9.86; testable
member	letters A-Z	INSTAR^-1 | KNOWTHIS^-1 | AWARNING	best LLR -6.89; testable
member	letters A-Z	INSTAR^-1 | THELOSSOFDIVINITY | AWARNING	best LLR -9.46; testable
member	letters A-Z	INSTAR^-1 | INSTAR | AWARNING	best LLR -9.70; testable
member	letters A-Z	INSTAR^-1 | FIND | AWARNING	best LLR -9.97; testable
member	letters A-Z	INSTAR^-1 | PRIMES^-1 | AWARNING	best LLR -9.97; testable
member	letters A-Z	INSTAR^-1 | DIVINITY | AWARNING^-1	best LLR -9.86; testable
member	letters A-Z	INSTAR^-1 | KNOWTHIS^-1 | AWARNING^-1	best LLR -6.89; testable
member	letters A-Z	INSTAR^-1 | THELOSSOFDIVINITY | AWARNING^-1	best LLR -9.46; testable
member	letters A-Z	INSTAR^-1 | INSTAR | AWARNING^-1	best LLR -9.70; testable
member	letters A-Z	INSTAR^-1 | FIND | AWARNING^-1	best LLR -9.97; testable
member	letters A-Z	INSTAR^-1 | PRIMES^-1 | AWARNING^-1	best LLR -9.97; testable
member	letters A-Z	INSTAR^-1 | DIVINITY | WELCOME	best LLR -9.86; testable
member	letters A-Z	INSTAR^-1 | KNOWTHIS^-1 | WELCOME	best LLR -6.89; testable
member	letters A-Z	INSTAR^-1 | THELOSSOFDIVINITY | WELCOME	best LLR -9.46; testable
member	letters A-Z	INSTAR^-1 | INSTAR | WELCOME	best LLR -9.70; testable
member	letters A-Z	INSTAR^-1 | FIND | WELCOME	best LLR -9.97; testable
member	letters A-Z	INSTAR^-1 | PRIMES^-1 | WELCOME	best LLR -9.97; testable
member	letters A-Z	INSTAR^-1 | DIVINITY | WELCOME^-1	best LLR -9.86; testable
member	letters A-Z	INSTAR^-1 | KNOWTHIS^-1 | WELCOME^-1	best LLR -6.89; testable
member	letters A-Z	INSTAR^-1 | THELOSSOFDIVINITY | WELCOME^-1	best LLR -9.46; testable
member	letters A-Z	INSTAR^-1 | INSTAR | WELCOME^-1	best LLR -9.70; testable
member	letters A-Z	INSTAR^-1 | FIND | WELCOME^-1	best LLR -9.97; testable
member	letters A-Z	INSTAR^-1 | PRIMES^-1 | WELCOME^-1	best LLR -9.97; testable
member	letters A-Z	INSTAR^-1 | DIVINITY | WISDOM	best LLR -9.86; testable
member	letters A-Z	INSTAR^-1 | KNOWTHIS^-1 | WISDOM	best LLR -6.89; testable
member	letters A-Z	INSTAR^-1 | THELOSSOFDIVINITY | WISDOM	best LLR -9.46; testable
member	letters A-Z	INSTAR^-1 | INSTAR | WISDOM	best LLR -9.70; testable
member	letters A-Z	INSTAR^-1 | FIND | WISDOM	best LLR -9.97; testable
member	letters A-Z	INSTAR^-1 | PRIMES^-1 | WISDOM	best LLR -9.97; testable
member	letters A-Z	INSTAR^-1 | DIVINITY | WISDOM^-1	best LLR -9.86; testable
member	letters A-Z	INSTAR^-1 | KNOWTHIS^-1 | WISDOM^-1	best LLR -6.89; testable
member	letters A-Z	INSTAR^-1 | THELOSSOFDIVINITY | WISDOM^-1	best LLR -9.46; testable
member	letters A-Z	INSTAR^-1 | INSTAR | WISDOM^-1	best LLR -9.70; testable
member	letters A-Z	INSTAR^-1 | FIND | WISDOM^-1	best LLR -9.97; testable
member	letters A-Z	INSTAR^-1 | PRIMES^-1 | WISDOM^-1	best LLR -9.97; testable
member	letters A-Z	INSTAR^-1 | DIVINITY | SOMEWISDOM	best LLR -9.86; testable
member	letters A-Z	INSTAR^-1 | KNOWTHIS^-1 | SOMEWISDOM	best LLR -6.89; testable
member	letters A-Z	INSTAR^-1 | THELOSSOFDIVINITY | SOMEWISDOM	best LLR -9.46; testable
member	letters A-Z	INSTAR^-1 | INSTAR | SOMEWISDOM	best LLR -9.70; testable
member	letters A-Z	INSTAR^-1 | FIND | SOMEWISDOM	best LLR -9.97; testable
member	letters A-Z	INSTAR^-1 | PRIMES^-1 | SOMEWISDOM	best LLR -9.97; testable
member	letters A-Z	INSTAR^-1 | DIVINITY | SOMEWISDOM^-1	best LLR -9.86; testable
member	letters A-Z	INSTAR^-1 | KNOWTHIS^-1 | SOMEWISDOM^-1	best LLR -6.89; testable
member	letters A-Z	INSTAR^-1 | THELOSSOFDIVINITY | SOMEWISDOM^-1	best LLR -9.46; testable
member	letters A-Z	INSTAR^-1 | INSTAR | SOMEWISDOM^-1	best LLR -9.70; testable
member	letters A-Z	INSTAR^-1 | FIND | SOMEWISDOM^-1	best LLR -9.97; testable
member	letters A-Z	INSTAR^-1 | PRIMES^-1 | SOMEWISDOM^-1	best LLR -9.97; testable
member	letters A-Z	INSTAR^-1 | DIVINITY | KNOWTHIS	best LLR -9.86; testable
member	letters A-Z	INSTAR^-1 | KNOWTHIS^-1 | KNOWTHIS	best LLR -6.89; testable
member	letters A-Z	INSTAR^-1 | THELOSSOFDIVINITY | KNOWTHIS	best LLR -9.46; testable
member	letters A-Z	INSTAR^-1 | INSTAR | KNOWTHIS	best LLR -9.70; testable
member	letters A-Z	INSTAR^-1 | FIND | KNOWTHIS	best LLR -9.97; testable
member	letters A-Z	INSTAR^-1 | PRIMES^-1 | KNOWTHIS	best LLR -9.97; testable
member	letters A-Z	INSTAR^-1 | DIVINITY | KNOWTHIS^-1	best LLR -9.86; testable
member	letters A-Z	INSTAR^-1 | KNOWTHIS^-1 | KNOWTHIS^-1	best LLR -6.89; testable
member	letters A-Z	INSTAR^-1 | THELOSSOFDIVINITY | KNOWTHIS^-1	best LLR -9.46; testable
member	letters A-Z	INSTAR^-1 | INSTAR | KNOWTHIS^-1	best LLR -9.70; testable
member	letters A-Z	INSTAR^-1 | FIND | KNOWTHIS^-1	best LLR -9.97; testable
member	letters A-Z	INSTAR^-1 | PRIMES^-1 | KNOWTHIS^-1	best LLR -9.97; testable
member	letters A-Z	INSTAR^-1 | DIVINITY | AKOAN	best LLR -9.86; testable
member	letters A-Z	INSTAR^-1 | KNOWTHIS^-1 | AKOAN	best LLR -6.89; testable
member	letters A-Z	INSTAR^-1 | THELOSSOFDIVINITY | AKOAN	best LLR -9.46; testable
member	letters A-Z	INSTAR^-1 | INSTAR | AKOAN	best LLR -9.70; testable
member	letters A-Z	INSTAR^-1 | FIND | AKOAN	best LLR -9.97; testable
member	letters A-Z	INSTAR^-1 | PRIMES^-1 | AKOAN	best LLR -9.97; testable
member	letters A-Z	INSTAR^-1 | DIVINITY | AKOAN^-1	best LLR -9.86; testable
member	letters A-Z	INSTAR^-1 | KNOWTHIS^-1 | AKOAN^-1	best LLR -6.89; testable
member	letters A-Z	INSTAR^-1 | THELOSSOFDIVINITY | AKOAN^-1	best LLR -9.46; testable
member	letters A-Z	INSTAR^-1 | INSTAR | AKOAN^-1	best LLR -9.70; testable
member	letters A-Z	INSTAR^-1 | FIND | AKOAN^-1	best LLR -9.97; testable
member	letters A-Z	INSTAR^-1 | PRIMES^-1 | AKOAN^-1	best LLR -9.97; testable
member	letters A-Z	INSTAR^-1 | PARABLE | ANINSTRUCTION	best LLR -8.52; testable
member	letters A-Z	INSTAR^-1 | WITHIN | ANINSTRUCTION	best LLR -5.29; testable
member	letters A-Z	INSTAR^-1 | PRIMES^-1 | ANINSTRUCTION^-1	best LLR -7.68; testable
member	letters A-Z	INSTAR^-1 | THE^-1 | THELOSSOFDIVINITY	best LLR -9.96; testable
member	letters A-Z	INSTAR^-1 | WITHIN | THELOSSOFDIVINITY	best LLR -5.29; testable
member	letters A-Z	INSTAR^-1 | DIVINITY | ANEND	best LLR -9.86; testable
member	letters A-Z	INSTAR^-1 | KNOWTHIS^-1 | ANEND	best LLR -6.89; testable
member	letters A-Z	INSTAR^-1 | THELOSSOFDIVINITY | ANEND	best LLR -9.46; testable
member	letters A-Z	INSTAR^-1 | INSTAR | ANEND	best LLR -9.70; testable
member	letters A-Z	INSTAR^-1 | FIND | ANEND	best LLR -9.97; testable
member	letters A-Z	INSTAR^-1 | PRIMES^-1 | ANEND	best LLR -9.97; testable
member	letters A-Z	INSTAR^-1 | DIVINITY | ANEND^-1	best LLR -9.86; testable
member	letters A-Z	INSTAR^-1 | KNOWTHIS^-1 | ANEND^-1	best LLR -6.89; testable
member	letters A-Z	INSTAR^-1 | THELOSSOFDIVINITY | ANEND^-1	best LLR -9.46; testable
member	letters A-Z	INSTAR^-1 | INSTAR | ANEND^-1	best LLR -9.70; testable
member	letters A-Z	INSTAR^-1 | FIND | ANEND^-1	best LLR -9.97; testable
member	letters A-Z	INSTAR^-1 | PRIMES^-1 | ANEND^-1	best LLR -9.97; testable
member	letters A-Z	INSTAR^-1 | DIVINITY | PARABLE	best LLR -9.86; testable
member	letters A-Z	INSTAR^-1 | KNOWTHIS^-1 | PARABLE	best LLR -6.89; testable
member	letters A-Z	INSTAR^-1 | THELOSSOFDIVINITY | PARABLE	best LLR -9.46; testable
member	letters A-Z	INSTAR^-1 | INSTAR | PARABLE	best LLR -9.70; testable
member	letters A-Z	INSTAR^-1 | FIND | PARABLE	best LLR -9.97; testable
member	letters A-Z	INSTAR^-1 | PRIMES^-1 | PARABLE	best LLR -9.97; testable
member	letters A-Z	INSTAR^-1 | DIVINITY | PARABLE^-1	best LLR -9.86; testable
member	letters A-Z	INSTAR^-1 | KNOWTHIS^-1 | PARABLE^-1	best LLR -6.89; testable
member	letters A-Z	INSTAR^-1 | THELOSSOFDIVINITY | PARABLE^-1	best LLR -9.46; testable
member	letters A-Z	INSTAR^-1 | INSTAR | PARABLE^-1	best LLR -9.70; testable
member	letters A-Z	INSTAR^-1 | FIND | PARABLE^-1	best LLR -9.97; testable
member	letters A-Z	INSTAR^-1 | PRIMES^-1 | PARABLE^-1	best LLR -9.97; testable
member	letters A-Z	INSTAR^-1 | DIVINITY | LIKE	best LLR -9.86; testable
member	letters A-Z	INSTAR^-1 | KNOWTHIS^-1 | LIKE	best LLR -6.89; testable
member	letters A-Z	INSTAR^-1 | THELOSSOFDIVINITY | LIKE	best LLR -9.46; testable
member	letters A-Z	INSTAR^-1 | INSTAR | LIKE	best LLR -9.70; testable
member	letters A-Z	INSTAR^-1 | FIND | LIKE	best LLR -9.97; testable
member	letters A-Z	INSTAR^-1 | PRIMES^-1 | LIKE	best LLR -9.97; testable
member	letters A-Z	INSTAR^-1 | DIVINITY | LIKE^-1	best LLR -9.86; testable
member	letters A-Z	INSTAR^-1 | KNOWTHIS^-1 | LIKE^-1	best LLR -6.89; testable
member	letters A-Z	INSTAR^-1 | THELOSSOFDIVINITY | LIKE^-1	best LLR -9.46; testable
member	letters A-Z	INSTAR^-1 | INSTAR | LIKE^-1	best LLR -9.70; testable
member	letters A-Z	INSTAR^-1 | FIND | LIKE^-1	best LLR -9.97; testable
member	letters A-Z	INSTAR^-1 | PRIMES^-1 | LIKE^-1	best LLR -9.97; testable
member	letters A-Z	INSTAR^-1 | DIVINITY | THE	best LLR -9.86; testable
member	letters A-Z	INSTAR^-1 | KNOWTHIS^-1 | THE	best LLR -6.89; testable
member	letters A-Z	INSTAR^-1 | THELOSSOFDIVINITY | THE	best LLR -9.46; testable
member	letters A-Z	INSTAR^-1 | INSTAR | THE	best LLR -9.70; testable
member	letters A-Z	INSTAR^-1 | FIND | THE	best LLR -9.97; testable
member	letters A-Z	INSTAR^-1 | PRIMES^-1 | THE	best LLR -9.97; testable
member	letters A-Z	INSTAR^-1 | DIVINITY | THE^-1	best LLR -9.86; testable
member	letters A-Z	INSTAR^-1 | KNOWTHIS^-1 | THE^-1	best LLR -6.89; testable
member	letters A-Z	INSTAR^-1 | THELOSSOFDIVINITY | THE^-1	best LLR -9.46; testable
member	letters A-Z	INSTAR^-1 | INSTAR | THE^-1	best LLR -9.70; testable
member	letters A-Z	INSTAR^-1 | FIND | THE^-1	best LLR -9.97; testable
member	letters A-Z	INSTAR^-1 | PRIMES^-1 | THE^-1	best LLR -9.97; testable
member	letters A-Z	INSTAR^-1 | DIVINITY | INSTAR	best LLR -9.86; testable
member	letters A-Z	INSTAR^-1 | KNOWTHIS^-1 | INSTAR	best LLR -6.89; testable
member	letters A-Z	INSTAR^-1 | THELOSSOFDIVINITY | INSTAR	best LLR -9.46; testable
member	letters A-Z	INSTAR^-1 | INSTAR | INSTAR	best LLR -9.70; testable
member	letters A-Z	INSTAR^-1 | FIND | INSTAR	best LLR -9.97; testable
member	letters A-Z	INSTAR^-1 | PRIMES^-1 | INSTAR	best LLR -9.97; testable
member	letters A-Z	INSTAR^-1 | DIVINITY | INSTAR^-1	best LLR -9.86; testable
member	letters A-Z	INSTAR^-1 | KNOWTHIS^-1 | INSTAR^-1	best LLR -6.89; testable
member	letters A-Z	INSTAR^-1 | THELOSSOFDIVINITY | INSTAR^-1	best LLR -9.46; testable
member	letters A-Z	INSTAR^-1 | INSTAR | INSTAR^-1	best LLR -9.70; testable
member	letters A-Z	INSTAR^-1 | FIND | INSTAR^-1	best LLR -9.97; testable
member	letters A-Z	INSTAR^-1 | PRIMES^-1 | INSTAR^-1	best LLR -9.97; testable
member	letters A-Z	INSTAR^-1 | DIVINITY | TUNNELING	best LLR -9.86; testable
member	letters A-Z	INSTAR^-1 | KNOWTHIS^-1 | TUNNELING	best LLR -6.89; testable
member	letters A-Z	INSTAR^-1 | THELOSSOFDIVINITY | TUNNELING	best LLR -9.46; testable
member	letters A-Z	INSTAR^-1 | INSTAR | TUNNELING	best LLR -9.70; testable
member	letters A-Z	INSTAR^-1 | FIND | TUNNELING	best LLR -9.97; testable
member	letters A-Z	INSTAR^-1 | PRIMES^-1 | TUNNELING	best LLR -9.97; testable
member	letters A-Z	INSTAR^-1 | DIVINITY | TUNNELING^-1	best LLR -9.86; testable
member	letters A-Z	INSTAR^-1 | KNOWTHIS^-1 | TUNNELING^-1	best LLR -6.89; testable
member	letters A-Z	INSTAR^-1 | THELOSSOFDIVINITY | TUNNELING^-1	best LLR -9.46; testable
member	letters A-Z	INSTAR^-1 | INSTAR | TUNNELING^-1	best LLR -9.70; testable
member	letters A-Z	INSTAR^-1 | FIND | TUNNELING^-1	best LLR -9.97; testable
member	letters A-Z	INSTAR^-1 | PRIMES^-1 | TUNNELING^-1	best LLR -9.97; testable
member	letters A-Z	INSTAR^-1 | DIVINITY | TO	best LLR -9.86; testable
member	letters A-Z	INSTAR^-1 | KNOWTHIS^-1 | TO	best LLR -6.89; testable
member	letters A-Z	INSTAR^-1 | THELOSSOFDIVINITY | TO	best LLR -9.46; testable
member	letters A-Z	INSTAR^-1 | INSTAR | TO	best LLR -9.70; testable
member	letters A-Z	INSTAR^-1 | FIND | TO	best LLR -9.97; testable
member	letters A-Z	INSTAR^-1 | PRIMES^-1 | TO	best LLR -9.97; testable
member	letters A-Z	INSTAR^-1 | DIVINITY | TO^-1	best LLR -9.86; testable
member	letters A-Z	INSTAR^-1 | KNOWTHIS^-1 | TO^-1	best LLR -6.89; testable
member	letters A-Z	INSTAR^-1 | THELOSSOFDIVINITY | TO^-1	best LLR -9.46; testable
member	letters A-Z	INSTAR^-1 | INSTAR | TO^-1	best LLR -9.70; testable
member	letters A-Z	INSTAR^-1 | FIND | TO^-1	best LLR -9.97; testable
member	letters A-Z	INSTAR^-1 | PRIMES^-1 | TO^-1	best LLR -9.97; testable
member	letters A-Z	INSTAR^-1 | DIVINITY | SURFACE	best LLR -9.86; testable
member	letters A-Z	INSTAR^-1 | KNOWTHIS^-1 | SURFACE	best LLR -6.89; testable
member	letters A-Z	INSTAR^-1 | THELOSSOFDIVINITY | SURFACE	best LLR -9.46; testable
member	letters A-Z	INSTAR^-1 | INSTAR | SURFACE	best LLR -9.70; testable
member	letters A-Z	INSTAR^-1 | FIND | SURFACE	best LLR -9.97; testable
member	letters A-Z	INSTAR^-1 | PRIMES^-1 | SURFACE	best LLR -9.97; testable
member	letters A-Z	INSTAR^-1 | DIVINITY | SURFACE^-1	best LLR -9.86; testable
member	letters A-Z	INSTAR^-1 | KNOWTHIS^-1 | SURFACE^-1	best LLR -6.89; testable
member	letters A-Z	INSTAR^-1 | THELOSSOFDIVINITY | SURFACE^-1	best LLR -9.46; testable
member	letters A-Z	INSTAR^-1 | INSTAR | SURFACE^-1	best LLR -9.70; testable
member	letters A-Z	INSTAR^-1 | FIND | SURFACE^-1	best LLR -9.97; testable
member	letters A-Z	INSTAR^-1 | PRIMES^-1 | SURFACE^-1	best LLR -9.97; testable
member	letters A-Z	INSTAR^-1 | DIVINITY | WE	best LLR -9.86; testable
member	letters A-Z	INSTAR^-1 | KNOWTHIS^-1 | WE	best LLR -6.89; testable
member	letters A-Z	INSTAR^-1 | THELOSSOFDIVINITY | WE	best LLR -9.46; testable
member	letters A-Z	INSTAR^-1 | INSTAR | WE	best LLR -9.70; testable
member	letters A-Z	INSTAR^-1 | FIND | WE	best LLR -9.97; testable
member	letters A-Z	INSTAR^-1 | PRIMES^-1 | WE	best LLR -9.97; testable
member	letters A-Z	INSTAR^-1 | DIVINITY | WE^-1	best LLR -9.86; testable
member	letters A-Z	INSTAR^-1 | KNOWTHIS^-1 | WE^-1	best LLR -6.89; testable
member	letters A-Z	INSTAR^-1 | THELOSSOFDIVINITY | WE^-1	best LLR -9.46; testable
member	letters A-Z	INSTAR^-1 | INSTAR | WE^-1	best LLR -9.70; testable
member	letters A-Z	INSTAR^-1 | FIND | WE^-1	best LLR -9.97; testable
member	letters A-Z	INSTAR^-1 | PRIMES^-1 | WE^-1	best LLR -9.97; testable
member	letters A-Z	INSTAR^-1 | DIVINITY | MUST	best LLR -9.86; testable
member	letters A-Z	INSTAR^-1 | KNOWTHIS^-1 | MUST	best LLR -6.89; testable
member	letters A-Z	INSTAR^-1 | THELOSSOFDIVINITY | MUST	best LLR -9.46; testable
member	letters A-Z	INSTAR^-1 | INSTAR | MUST	best LLR -9.70; testable
member	letters A-Z	INSTAR^-1 | FIND | MUST	best LLR -9.97; testable
member	letters A-Z	INSTAR^-1 | PRIMES^-1 | MUST	best LLR -9.97; testable
member	letters A-Z	INSTAR^-1 | DIVINITY | MUST^-1	best LLR -9.86; testable
member	letters A-Z	INSTAR^-1 | KNOWTHIS^-1 | MUST^-1	best LLR -6.89; testable
member	letters A-Z	INSTAR^-1 | THELOSSOFDIVINITY | MUST^-1	best LLR -9.46; testable
member	letters A-Z	INSTAR^-1 | INSTAR | MUST^-1	best LLR -9.70; testable
member	letters A-Z	INSTAR^-1 | FIND | MUST^-1	best LLR -9.97; testable
member	letters A-Z	INSTAR^-1 | PRIMES^-1 | MUST^-1	best LLR -9.97; testable
member	letters A-Z	INSTAR^-1 | DIVINITY | SHED	best LLR -9.86; testable
member	letters A-Z	INSTAR^-1 | KNOWTHIS^-1 | SHED	best LLR -6.89; testable
member	letters A-Z	INSTAR^-1 | THELOSSOFDIVINITY | SHED	best LLR -9.46; testable
member	letters A-Z	INSTAR^-1 | INSTAR | SHED	best LLR -9.70; testable
member	letters A-Z	INSTAR^-1 | FIND | SHED	best LLR -9.97; testable
member	letters A-Z	INSTAR^-1 | PRIMES^-1 | SHED	best LLR -9.97; testable
member	letters A-Z	INSTAR^-1 | DIVINITY | SHED^-1	best LLR -9.86; testable
member	letters A-Z	INSTAR^-1 | KNOWTHIS^-1 | SHED^-1	best LLR -6.89; testable
member	letters A-Z	INSTAR^-1 | THELOSSOFDIVINITY | SHED^-1	best LLR -9.46; testable
member	letters A-Z	INSTAR^-1 | INSTAR | SHED^-1	best LLR -9.70; testable
member	letters A-Z	INSTAR^-1 | FIND | SHED^-1	best LLR -9.97; testable
member	letters A-Z	INSTAR^-1 | PRIMES^-1 | SHED^-1	best LLR -9.97; testable
member	letters A-Z	INSTAR^-1 | DIVINITY | OUR	best LLR -9.86; testable
member	letters A-Z	INSTAR^-1 | KNOWTHIS^-1 | OUR	best LLR -6.89; testable
member	letters A-Z	INSTAR^-1 | THELOSSOFDIVINITY | OUR	best LLR -9.46; testable
member	letters A-Z	INSTAR^-1 | INSTAR | OUR	best LLR -9.70; testable
member	letters A-Z	INSTAR^-1 | FIND | OUR	best LLR -9.97; testable
member	letters A-Z	INSTAR^-1 | PRIMES^-1 | OUR	best LLR -9.97; testable
member	letters A-Z	INSTAR^-1 | DIVINITY | OWN	best LLR -9.86; testable
member	letters A-Z	INSTAR^-1 | KNOWTHIS^-1 | OWN	best LLR -6.89; testable
member	letters A-Z	INSTAR^-1 | THELOSSOFDIVINITY | OWN	best LLR -9.46; testable
member	letters A-Z	INSTAR^-1 | INSTAR | OWN	best LLR -9.70; testable
member	letters A-Z	INSTAR^-1 | FIND | OWN	best LLR -9.97; testable
member	letters A-Z	INSTAR^-1 | PRIMES^-1 | OWN	best LLR -9.97; testable
member	letters A-Z	INSTAR^-1 | DIVINITY | OWN^-1	best LLR -9.86; testable
member	letters A-Z	INSTAR^-1 | KNOWTHIS^-1 | OWN^-1	best LLR -6.89; testable
member	letters A-Z	INSTAR^-1 | THELOSSOFDIVINITY | OWN^-1	best LLR -9.46; testable
member	letters A-Z	INSTAR^-1 | INSTAR | OWN^-1	best LLR -9.70; testable
member	letters A-Z	INSTAR^-1 | FIND | OWN^-1	best LLR -9.97; testable
member	letters A-Z	INSTAR^-1 | PRIMES^-1 | OWN^-1	best LLR -9.97; testable
member	letters A-Z	INSTAR^-1 | DIVINITY | CIRCUMFERENCES	best LLR -9.86; testable
member	letters A-Z	INSTAR^-1 | KNOWTHIS^-1 | CIRCUMFERENCES	best LLR -6.89; testable
member	letters A-Z	INSTAR^-1 | THELOSSOFDIVINITY | CIRCUMFERENCES	best LLR -9.46; testable
member	letters A-Z	INSTAR^-1 | INSTAR | CIRCUMFERENCES	best LLR -9.70; testable
member	letters A-Z	INSTAR^-1 | FIND | CIRCUMFERENCES	best LLR -9.97; testable
member	letters A-Z	INSTAR^-1 | PRIMES^-1 | CIRCUMFERENCES	best LLR -9.97; testable
member	letters A-Z	INSTAR^-1 | DIVINITY | CIRCUMFERENCES^-1	best LLR -9.86; testable
member	letters A-Z	INSTAR^-1 | KNOWTHIS^-1 | CIRCUMFERENCES^-1	best LLR -6.89; testable
member	letters A-Z	INSTAR^-1 | THELOSSOFDIVINITY | CIRCUMFERENCES^-1	best LLR -9.46; testable
member	letters A-Z	INSTAR^-1 | INSTAR | CIRCUMFERENCES^-1	best LLR -9.70; testable
member	letters A-Z	INSTAR^-1 | FIND | CIRCUMFERENCES^-1	best LLR -9.97; testable
member	letters A-Z	INSTAR^-1 | PRIMES^-1 | CIRCUMFERENCES^-1	best LLR -9.97; testable
member	letters A-Z	INSTAR^-1 | DIVINITY | FIND	best LLR -9.86; testable
member	letters A-Z	INSTAR^-1 | KNOWTHIS^-1 | FIND	best LLR -6.89; testable
member	letters A-Z	INSTAR^-1 | THELOSSOFDIVINITY | FIND	best LLR -9.46; testable
member	letters A-Z	INSTAR^-1 | INSTAR | FIND	best LLR -9.70; testable
member	letters A-Z	INSTAR^-1 | FIND | FIND	best LLR -9.97; testable
member	letters A-Z	INSTAR^-1 | PRIMES^-1 | FIND	best LLR -9.97; testable
member	letters A-Z	INSTAR^-1 | DIVINITY | FIND^-1	best LLR -9.86; testable
member	letters A-Z	INSTAR^-1 | KNOWTHIS^-1 | FIND^-1	best LLR -6.89; testable
member	letters A-Z	INSTAR^-1 | THELOSSOFDIVINITY | FIND^-1	best LLR -9.46; testable
member	letters A-Z	INSTAR^-1 | INSTAR | FIND^-1	best LLR -9.70; testable
member	letters A-Z	INSTAR^-1 | FIND | FIND^-1	best LLR -9.97; testable
member	letters A-Z	INSTAR^-1 | PRIMES^-1 | FIND^-1	best LLR -9.97; testable
member	letters A-Z	INSTAR^-1 | DIVINITY | WITHIN	best LLR -9.86; testable
member	letters A-Z	INSTAR^-1 | KNOWTHIS^-1 | WITHIN	best LLR -6.89; testable
member	letters A-Z	INSTAR^-1 | THELOSSOFDIVINITY | WITHIN	best LLR -9.46; testable
member	letters A-Z	INSTAR^-1 | INSTAR | WITHIN	best LLR -9.70; testable
member	letters A-Z	INSTAR^-1 | FIND | WITHIN	best LLR -9.97; testable
member	letters A-Z	INSTAR^-1 | PRIMES^-1 | WITHIN	best LLR -9.97; testable
member	letters A-Z	INSTAR^-1 | DIVINITY | WITHIN^-1	best LLR -9.86; testable
member	letters A-Z	INSTAR^-1 | KNOWTHIS^-1 | WITHIN^-1	best LLR -6.89; testable
member	letters A-Z	INSTAR^-1 | THELOSSOFDIVINITY | WITHIN^-1	best LLR -9.46; testable
member	letters A-Z	INSTAR^-1 | INSTAR | WITHIN^-1	best LLR -9.70; testable
member	letters A-Z	INSTAR^-1 | FIND | WITHIN^-1	best LLR -9.97; testable
member	letters A-Z	INSTAR^-1 | PRIMES^-1 | WITHIN^-1	best LLR -9.97; testable
member	letters A-Z	INSTAR^-1 | DIVINITY | AND	best LLR -9.86; testable
member	letters A-Z	INSTAR^-1 | KNOWTHIS^-1 | AND	best LLR -6.89; testable
member	letters A-Z	INSTAR^-1 | THELOSSOFDIVINITY | AND	best LLR -9.46; testable
member	letters A-Z	INSTAR^-1 | INSTAR | AND	best LLR -9.70; testable
member	letters A-Z	INSTAR^-1 | FIND | AND	best LLR -9.97; testable
member	letters A-Z	INSTAR^-1 | PRIMES^-1 | AND	best LLR -9.97; testable
member	letters A-Z	INSTAR^-1 | DIVINITY | AND^-1	best LLR -9.86; testable
member	letters A-Z	INSTAR^-1 | KNOWTHIS^-1 | AND^-1	best LLR -6.89; testable
member	letters A-Z	INSTAR^-1 | THELOSSOFDIVINITY | AND^-1	best LLR -9.46; testable
member	letters A-Z	INSTAR^-1 | INSTAR | AND^-1	best LLR -9.70; testable
member	letters A-Z	INSTAR^-1 | FIND | AND^-1	best LLR -9.97; testable
member	letters A-Z	INSTAR^-1 | PRIMES^-1 | AND^-1	best LLR -9.97; testable
member	letters A-Z	INSTAR^-1 | DIVINITY | EMERGE	best LLR -9.86; testable
member	letters A-Z	INSTAR^-1 | KNOWTHIS^-1 | EMERGE	best LLR -6.89; testable
member	letters A-Z	INSTAR^-1 | THELOSSOFDIVINITY | EMERGE	best LLR -9.46; testable
member	letters A-Z	INSTAR^-1 | INSTAR | EMERGE	best LLR -9.70; testable
member	letters A-Z	INSTAR^-1 | FIND | EMERGE	best LLR -9.97; testable
member	letters A-Z	INSTAR^-1 | PRIMES^-1 | EMERGE	best LLR -9.97; testable
member	letters A-Z	INSTAR^-1 | DIVINITY | EMERGE^-1	best LLR -9.86; testable
member	letters A-Z	INSTAR^-1 | KNOWTHIS^-1 | EMERGE^-1	best LLR -6.89; testable
member	letters A-Z	INSTAR^-1 | THELOSSOFDIVINITY | EMERGE^-1	best LLR -9.46; testable
member	letters A-Z	INSTAR^-1 | INSTAR | EMERGE^-1	best LLR -9.70; testable
member	letters A-Z	INSTAR^-1 | FIND | EMERGE^-1	best LLR -9.97; testable
member	letters A-Z	INSTAR^-1 | PRIMES^-1 | EMERGE^-1	best LLR -9.97; testable
member	letters A-Z	INSTAR^-1 | DIVINITY | CIRCUMFERENCE	best LLR -9.86; testable
member	letters A-Z	INSTAR^-1 | KNOWTHIS^-1 | CIRCUMFERENCE	best LLR -6.89; testable
member	letters A-Z	INSTAR^-1 | THELOSSOFDIVINITY | CIRCUMFERENCE	best LLR -9.46; testable
member	letters A-Z	INSTAR^-1 | INSTAR | CIRCUMFERENCE	best LLR -9.70; testable
member	letters A-Z	INSTAR^-1 | FIND | CIRCUMFERENCE	best LLR -9.97; testable
member	letters A-Z	INSTAR^-1 | PRIMES^-1 | CIRCUMFERENCE	best LLR -9.97; testable
member	letters A-Z	INSTAR^-1 | DIVINITY | CIRCUMFERENCE^-1	best LLR -9.86; testable
member	letters A-Z	INSTAR^-1 | KNOWTHIS^-1 | CIRCUMFERENCE^-1	best LLR -6.89; testable
member	letters A-Z	INSTAR^-1 | THELOSSOFDIVINITY | CIRCUMFERENCE^-1	best LLR -9.46; testable
member	letters A-Z	INSTAR^-1 | INSTAR | CIRCUMFERENCE^-1	best LLR -9.70; testable
member	letters A-Z	INSTAR^-1 | FIND | CIRCUMFERENCE^-1	best LLR -9.97; testable
member	letters A-Z	INSTAR^-1 | PRIMES^-1 | CIRCUMFERENCE^-1	best LLR -9.97; testable
member	letters A-Z	INSTAR^-1 | DIVINITY | LIBERPRIMUS	best LLR -9.86; testable
member	letters A-Z	INSTAR^-1 | KNOWTHIS^-1 | LIBERPRIMUS	best LLR -6.89; testable
member	letters A-Z	INSTAR^-1 | THELOSSOFDIVINITY | LIBERPRIMUS	best LLR -9.46; testable
member	letters A-Z	INSTAR^-1 | INSTAR | LIBERPRIMUS	best LLR -9.70; testable
member	letters A-Z	INSTAR^-1 | FIND | LIBERPRIMUS	best LLR -9.97; testable
member	letters A-Z	INSTAR^-1 | PRIMES^-1 | LIBERPRIMUS	best LLR -9.97; testable
member	letters A-Z	INSTAR^-1 | DIVINITY | LIBERPRIMUS^-1	best LLR -9.86; testable
member	letters A-Z	INSTAR^-1 | KNOWTHIS^-1 | LIBERPRIMUS^-1	best LLR -6.89; testable
member	letters A-Z	INSTAR^-1 | THELOSSOFDIVINITY | LIBERPRIMUS^-1	best LLR -9.46; testable
member	letters A-Z	INSTAR^-1 | INSTAR | LIBERPRIMUS^-1	best LLR -9.70; testable
member	letters A-Z	INSTAR^-1 | FIND | LIBERPRIMUS^-1	best LLR -9.97; testable
member	letters A-Z	INSTAR^-1 | PRIMES^-1 | LIBERPRIMUS^-1	best LLR -9.97; testable
member	letters A-Z	INSTAR^-1 | DIVINITY | PRIMUS	best LLR -9.86; testable
member	letters A-Z	INSTAR^-1 | KNOWTHIS^-1 | PRIMUS	best LLR -6.89; testable
member	letters A-Z	INSTAR^-1 | THELOSSOFDIVINITY | PRIMUS	best LLR -9.46; testable
member	letters A-Z	INSTAR^-1 | INSTAR | PRIMUS	best LLR -9.70; testable
member	letters A-Z	INSTAR^-1 | FIND | PRIMUS	best LLR -9.97; testable
member	letters A-Z	INSTAR^-1 | PRIMES^-1 | PRIMUS	best LLR -9.97; testable
member	letters A-Z	INSTAR^-1 | DIVINITY | PRIMUS^-1	best LLR -9.86; testable
member	letters A-Z	INSTAR^-1 | KNOWTHIS^-1 | PRIMUS^-1	best LLR -6.89; testable
member	letters A-Z	INSTAR^-1 | THELOSSOFDIVINITY | PRIMUS^-1	best LLR -9.46; testable
member	letters A-Z	INSTAR^-1 | INSTAR | PRIMUS^-1	best LLR -9.70; testable
member	letters A-Z	INSTAR^-1 | FIND | PRIMUS^-1	best LLR -9.97; testable
member	letters A-Z	INSTAR^-1 | PRIMES^-1 | PRIMUS^-1	best LLR -9.97; testable
member	letters A-Z	INSTAR^-1 | DIVINITY | CICADA	best LLR -9.86; testable
member	letters A-Z	INSTAR^-1 | KNOWTHIS^-1 | CICADA	best LLR -6.89; testable
member	letters A-Z	INSTAR^-1 | THELOSSOFDIVINITY | CICADA	best LLR -9.46; testable
member	letters A-Z	INSTAR^-1 | INSTAR | CICADA	best LLR -9.70; testable
member	letters A-Z	INSTAR^-1 | FIND | CICADA	best LLR -9.97; testable
member	letters A-Z	INSTAR^-1 | PRIMES^-1 | CICADA	best LLR -9.97; testable
member	letters A-Z	INSTAR^-1 | DIVINITY | CICADA^-1	best LLR -9.86; testable
member	letters A-Z	INSTAR^-1 | KNOWTHIS^-1 | CICADA^-1	best LLR -6.89; testable
member	letters A-Z	INSTAR^-1 | THELOSSOFDIVINITY | CICADA^-1	best LLR -9.46; testable
member	letters A-Z	INSTAR^-1 | INSTAR | CICADA^-1	best LLR -9.70; testable
member	letters A-Z	INSTAR^-1 | FIND | CICADA^-1	best LLR -9.97; testable
member	letters A-Z	INSTAR^-1 | PRIMES^-1 | CICADA^-1	best LLR -9.97; testable
member	letters A-Z	INSTAR^-1 | DIVINITY | PRIMES	best LLR -9.86; testable
member	letters A-Z	INSTAR^-1 | KNOWTHIS^-1 | PRIMES	best LLR -6.89; testable
member	letters A-Z	INSTAR^-1 | THELOSSOFDIVINITY | PRIMES	best LLR -9.46; testable
member	letters A-Z	INSTAR^-1 | INSTAR | PRIMES	best LLR -9.70; testable
member	letters A-Z	INSTAR^-1 | FIND | PRIMES	best LLR -9.97; testable
member	letters A-Z	INSTAR^-1 | PRIMES^-1 | PRIMES	best LLR -9.97; testable
member	letters A-Z	INSTAR^-1 | DIVINITY | PRIMES^-1	best LLR -9.86; testable
member	letters A-Z	INSTAR^-1 | KNOWTHIS^-1 | PRIMES^-1	best LLR -6.89; testable
member	letters A-Z	INSTAR^-1 | THELOSSOFDIVINITY | PRIMES^-1	best LLR -9.46; testable
member	letters A-Z	INSTAR^-1 | INSTAR | PRIMES^-1	best LLR -9.70; testable
member	letters A-Z	INSTAR^-1 | FIND | PRIMES^-1	best LLR -9.97; testable
member	letters A-Z	INSTAR^-1 | PRIMES^-1 | PRIMES^-1	best LLR -9.97; testable
member	letters A-Z	INSTAR^-1 | DIVINITY | TOTIENT	best LLR -9.86; testable
member	letters A-Z	INSTAR^-1 | KNOWTHIS^-1 | TOTIENT	best LLR -6.89; testable
member	letters A-Z	INSTAR^-1 | THELOSSOFDIVINITY | TOTIENT	best LLR -9.46; testable
member	letters A-Z	INSTAR^-1 | INSTAR | TOTIENT	best LLR -9.70; testable
member	letters A-Z	INSTAR^-1 | FIND | TOTIENT	best LLR -9.97; testable
member	letters A-Z	INSTAR^-1 | PRIMES^-1 | TOTIENT	best LLR -9.97; testable
member	letters A-Z	INSTAR^-1 | DIVINITY | TOTIENT^-1	best LLR -9.86; testable
member	letters A-Z	INSTAR^-1 | KNOWTHIS^-1 | TOTIENT^-1	best LLR -6.89; testable
member	letters A-Z	INSTAR^-1 | THELOSSOFDIVINITY | TOTIENT^-1	best LLR -9.46; testable
member	letters A-Z	INSTAR^-1 | INSTAR | TOTIENT^-1	best LLR -9.70; testable
member	letters A-Z	INSTAR^-1 | FIND | TOTIENT^-1	best LLR -9.97; testable
member	letters A-Z	INSTAR^-1 | PRIMES^-1 | TOTIENT^-1	best LLR -9.97; testable
member	letters A-Z	TUNNELING^-1 | FIRFUMFERENFE^-1 | id	best LLR -8.84; testable
member	letters A-Z	TUNNELING^-1 | WELCOME^-1 | id	best LLR -5.86; testable
member	letters A-Z	TUNNELING^-1 | WISDOM^-1 | id	best LLR -5.36; testable
member	letters A-Z	TUNNELING^-1 | ANINSTRUCTION^-1 | id	best LLR -3.34; testable
member	letters A-Z	TUNNELING^-1 | ANEND^-1 | id	best LLR -4.50; testable
member	letters A-Z	TUNNELING^-1 | THE^-1 | id	best LLR -5.49; testable
member	letters A-Z	TUNNELING^-1 | INSTAR^-1 | id	best LLR -4.64; testable
member	letters A-Z	TUNNELING^-1 | WE^-1 | id	best LLR -5.86; testable
member	letters A-Z	TUNNELING^-1 | MUST | id	best LLR -4.41; testable
member	letters A-Z	TUNNELING^-1 | MUST^-1 | id	best LLR -7.55; testable
member	letters A-Z	TUNNELING^-1 | CIRCUMFERENCE^-1 | id	best LLR -5.38; testable
member	letters A-Z	TUNNELING^-1 | PRIMUS | id	best LLR -7.99; testable
member	letters A-Z	TUNNELING^-1 | PRIMUS^-1 | id	best LLR -5.18; testable
member	letters A-Z	TUNNELING^-1 | PRIMES | id	best LLR -9.35; testable
member	letters A-Z	TUNNELING^-1 | PRIMES^-1 | id	best LLR -8.87; testable
member	letters A-Z	TUNNELING^-1 | DIVINITY^-1 | DIVINITY^-1	best LLR -7.95; testable
member	letters A-Z	TUNNELING^-1 | FIRFUMFERENFE^-1 | DIVINITY^-1	best LLR -7.70; testable
member	letters A-Z	TUNNELING^-1 | WISDOM^-1 | DIVINITY^-1	best LLR -4.93; testable
member	letters A-Z	TUNNELING^-1 | ANEND^-1 | DIVINITY^-1	best LLR -7.04; testable
member	letters A-Z	TUNNELING^-1 | INSTAR | DIVINITY^-1	best LLR -7.50; testable
member	letters A-Z	TUNNELING^-1 | MUST | DIVINITY^-1	best LLR -7.34; testable
member	letters A-Z	TUNNELING^-1 | FIND^-1 | DIVINITY^-1	best LLR -7.12; testable
member	letters A-Z	TUNNELING^-1 | EMERGE | DIVINITY^-1	best LLR -1.19; testable
member	letters A-Z	TUNNELING^-1 | CIRCUMFERENCE^-1 | DIVINITY^-1	best LLR -5.39; testable
member	letters A-Z	TUNNELING^-1 | PRIMUS^-1 | DIVINITY^-1	best LLR -5.37; testable
member	letters A-Z	TUNNELING^-1 | PRIMES^-1 | DIVINITY^-1	best LLR -9.77; testable
member	letters A-Z	TUNNELING^-1 | TOTIENT^-1 | DIVINITY^-1	best LLR -7.37; testable
member	letters A-Z	TUNNELING^-1 | FIRFUMFERENFE^-1 | FIRFUMFERENFE	best LLR -8.84; testable
member	letters A-Z	TUNNELING^-1 | WELCOME^-1 | FIRFUMFERENFE	best LLR -5.86; testable
member	letters A-Z	TUNNELING^-1 | WISDOM^-1 | FIRFUMFERENFE	best LLR -5.36; testable
member	letters A-Z	TUNNELING^-1 | ANINSTRUCTION^-1 | FIRFUMFERENFE	best LLR -3.34; testable
member	letters A-Z	TUNNELING^-1 | ANEND^-1 | FIRFUMFERENFE	best LLR -4.50; testable
member	letters A-Z	TUNNELING^-1 | THE^-1 | FIRFUMFERENFE	best LLR -5.49; testable
member	letters A-Z	TUNNELING^-1 | INSTAR^-1 | FIRFUMFERENFE	best LLR -4.64; testable
member	letters A-Z	TUNNELING^-1 | WE^-1 | FIRFUMFERENFE	best LLR -5.86; testable
member	letters A-Z	TUNNELING^-1 | MUST | FIRFUMFERENFE	best LLR -4.41; testable
member	letters A-Z	TUNNELING^-1 | MUST^-1 | FIRFUMFERENFE	best LLR -7.55; testable
member	letters A-Z	TUNNELING^-1 | CIRCUMFERENCE^-1 | FIRFUMFERENFE	best LLR -5.38; testable
member	letters A-Z	TUNNELING^-1 | PRIMUS | FIRFUMFERENFE	best LLR -7.99; testable
member	letters A-Z	TUNNELING^-1 | PRIMUS^-1 | FIRFUMFERENFE	best LLR -5.18; testable
member	letters A-Z	TUNNELING^-1 | PRIMES | FIRFUMFERENFE	best LLR -9.35; testable
member	letters A-Z	TUNNELING^-1 | PRIMES^-1 | FIRFUMFERENFE	best LLR -8.87; testable
member	letters A-Z	TUNNELING^-1 | FIRFUMFERENFE^-1 | FIRFUMFERENFE^-1	best LLR -8.84; testable
member	letters A-Z	TUNNELING^-1 | WELCOME^-1 | FIRFUMFERENFE^-1	best LLR -5.86; testable
member	letters A-Z	TUNNELING^-1 | WISDOM^-1 | FIRFUMFERENFE^-1	best LLR -5.36; testable
member	letters A-Z	TUNNELING^-1 | ANINSTRUCTION^-1 | FIRFUMFERENFE^-1	best LLR -3.34; testable
member	letters A-Z	TUNNELING^-1 | ANEND^-1 | FIRFUMFERENFE^-1	best LLR -4.50; testable
member	letters A-Z	TUNNELING^-1 | THE^-1 | FIRFUMFERENFE^-1	best LLR -5.49; testable
member	letters A-Z	TUNNELING^-1 | INSTAR^-1 | FIRFUMFERENFE^-1	best LLR -4.64; testable
member	letters A-Z	TUNNELING^-1 | WE^-1 | FIRFUMFERENFE^-1	best LLR -5.86; testable
member	letters A-Z	TUNNELING^-1 | MUST | FIRFUMFERENFE^-1	best LLR -4.41; testable
member	letters A-Z	TUNNELING^-1 | MUST^-1 | FIRFUMFERENFE^-1	best LLR -7.55; testable
member	letters A-Z	TUNNELING^-1 | CIRCUMFERENCE^-1 | FIRFUMFERENFE^-1	best LLR -5.38; testable
member	letters A-Z	TUNNELING^-1 | PRIMUS | FIRFUMFERENFE^-1	best LLR -7.99; testable
member	letters A-Z	TUNNELING^-1 | PRIMUS^-1 | FIRFUMFERENFE^-1	best LLR -5.18; testable
member	letters A-Z	TUNNELING^-1 | PRIMES | FIRFUMFERENFE^-1	best LLR -9.35; testable
member	letters A-Z	TUNNELING^-1 | PRIMES^-1 | FIRFUMFERENFE^-1	best LLR -8.87; testable
member	letters A-Z	TUNNELING^-1 | FIRFUMFERENFE^-1 | AWARNING	best LLR -8.84; testable
member	letters A-Z	TUNNELING^-1 | WELCOME^-1 | AWARNING	best LLR -5.86; testable
member	letters A-Z	TUNNELING^-1 | WISDOM^-1 | AWARNING	best LLR -5.36; testable
member	letters A-Z	TUNNELING^-1 | ANINSTRUCTION^-1 | AWARNING	best LLR -3.34; testable
member	letters A-Z	TUNNELING^-1 | ANEND^-1 | AWARNING	best LLR -4.50; testable
member	letters A-Z	TUNNELING^-1 | THE^-1 | AWARNING	best LLR -5.49; testable
member	letters A-Z	TUNNELING^-1 | INSTAR^-1 | AWARNING	best LLR -4.64; testable
member	letters A-Z	TUNNELING^-1 | WE^-1 | AWARNING	best LLR -5.86; testable
member	letters A-Z	TUNNELING^-1 | MUST | AWARNING	best LLR -4.41; testable
member	letters A-Z	TUNNELING^-1 | MUST^-1 | AWARNING	best LLR -7.55; testable
member	letters A-Z	TUNNELING^-1 | CIRCUMFERENCE^-1 | AWARNING	best LLR -5.38; testable
member	letters A-Z	TUNNELING^-1 | PRIMUS | AWARNING	best LLR -7.99; testable
member	letters A-Z	TUNNELING^-1 | PRIMUS^-1 | AWARNING	best LLR -5.18; testable
member	letters A-Z	TUNNELING^-1 | PRIMES | AWARNING	best LLR -9.35; testable
member	letters A-Z	TUNNELING^-1 | PRIMES^-1 | AWARNING	best LLR -8.87; testable
member	letters A-Z	TUNNELING^-1 | FIRFUMFERENFE^-1 | AWARNING^-1	best LLR -8.84; testable
member	letters A-Z	TUNNELING^-1 | WELCOME^-1 | AWARNING^-1	best LLR -5.86; testable
member	letters A-Z	TUNNELING^-1 | WISDOM^-1 | AWARNING^-1	best LLR -5.36; testable
member	letters A-Z	TUNNELING^-1 | ANINSTRUCTION^-1 | AWARNING^-1	best LLR -3.34; testable
member	letters A-Z	TUNNELING^-1 | ANEND^-1 | AWARNING^-1	best LLR -4.50; testable
member	letters A-Z	TUNNELING^-1 | THE^-1 | AWARNING^-1	best LLR -5.49; testable
member	letters A-Z	TUNNELING^-1 | INSTAR^-1 | AWARNING^-1	best LLR -4.64; testable
member	letters A-Z	TUNNELING^-1 | WE^-1 | AWARNING^-1	best LLR -5.86; testable
member	letters A-Z	TUNNELING^-1 | MUST | AWARNING^-1	best LLR -4.41; testable
member	letters A-Z	TUNNELING^-1 | MUST^-1 | AWARNING^-1	best LLR -7.55; testable
member	letters A-Z	TUNNELING^-1 | CIRCUMFERENCE^-1 | AWARNING^-1	best LLR -5.38; testable
member	letters A-Z	TUNNELING^-1 | PRIMUS | AWARNING^-1	best LLR -7.99; testable
member	letters A-Z	TUNNELING^-1 | PRIMUS^-1 | AWARNING^-1	best LLR -5.18; testable
member	letters A-Z	TUNNELING^-1 | PRIMES | AWARNING^-1	best LLR -9.35; testable
member	letters A-Z	TUNNELING^-1 | PRIMES^-1 | AWARNING^-1	best LLR -8.87; testable
member	letters A-Z	TUNNELING^-1 | FIRFUMFERENFE^-1 | WELCOME	best LLR -8.84; testable
member	letters A-Z	TUNNELING^-1 | WELCOME^-1 | WELCOME	best LLR -5.86; testable
member	letters A-Z	TUNNELING^-1 | WISDOM^-1 | WELCOME	best LLR -5.36; testable
member	letters A-Z	TUNNELING^-1 | ANINSTRUCTION^-1 | WELCOME	best LLR -3.34; testable
member	letters A-Z	TUNNELING^-1 | ANEND^-1 | WELCOME	best LLR -4.50; testable
member	letters A-Z	TUNNELING^-1 | THE^-1 | WELCOME	best LLR -5.49; testable
member	letters A-Z	TUNNELING^-1 | INSTAR^-1 | WELCOME	best LLR -4.64; testable
member	letters A-Z	TUNNELING^-1 | WE^-1 | WELCOME	best LLR -5.86; testable
member	letters A-Z	TUNNELING^-1 | MUST | WELCOME	best LLR -4.41; testable
member	letters A-Z	TUNNELING^-1 | MUST^-1 | WELCOME	best LLR -7.55; testable
member	letters A-Z	TUNNELING^-1 | CIRCUMFERENCE^-1 | WELCOME	best LLR -5.38; testable
member	letters A-Z	TUNNELING^-1 | PRIMUS | WELCOME	best LLR -7.99; testable
member	letters A-Z	TUNNELING^-1 | PRIMUS^-1 | WELCOME	best LLR -5.18; testable
member	letters A-Z	TUNNELING^-1 | PRIMES | WELCOME	best LLR -9.35; testable
member	letters A-Z	TUNNELING^-1 | PRIMES^-1 | WELCOME	best LLR -8.87; testable
member	letters A-Z	TUNNELING^-1 | FIRFUMFERENFE^-1 | WELCOME^-1	best LLR -8.84; testable
member	letters A-Z	TUNNELING^-1 | WELCOME^-1 | WELCOME^-1	best LLR -5.86; testable
member	letters A-Z	TUNNELING^-1 | WISDOM^-1 | WELCOME^-1	best LLR -5.36; testable
member	letters A-Z	TUNNELING^-1 | ANINSTRUCTION^-1 | WELCOME^-1	best LLR -3.34; testable
member	letters A-Z	TUNNELING^-1 | ANEND^-1 | WELCOME^-1	best LLR -4.50; testable
member	letters A-Z	TUNNELING^-1 | THE^-1 | WELCOME^-1	best LLR -5.49; testable
member	letters A-Z	TUNNELING^-1 | INSTAR^-1 | WELCOME^-1	best LLR -4.64; testable
member	letters A-Z	TUNNELING^-1 | WE^-1 | WELCOME^-1	best LLR -5.86; testable
member	letters A-Z	TUNNELING^-1 | MUST | WELCOME^-1	best LLR -4.41; testable
member	letters A-Z	TUNNELING^-1 | MUST^-1 | WELCOME^-1	best LLR -7.55; testable
member	letters A-Z	TUNNELING^-1 | CIRCUMFERENCE^-1 | WELCOME^-1	best LLR -5.38; testable
member	letters A-Z	TUNNELING^-1 | PRIMUS | WELCOME^-1	best LLR -7.99; testable
member	letters A-Z	TUNNELING^-1 | PRIMUS^-1 | WELCOME^-1	best LLR -5.18; testable
member	letters A-Z	TUNNELING^-1 | PRIMES | WELCOME^-1	best LLR -9.35; testable
member	letters A-Z	TUNNELING^-1 | PRIMES^-1 | WELCOME^-1	best LLR -8.87; testable
member	letters A-Z	TUNNELING^-1 | FIRFUMFERENFE^-1 | WISDOM	best LLR -8.84; testable
member	letters A-Z	TUNNELING^-1 | WELCOME^-1 | WISDOM	best LLR -5.86; testable
member	letters A-Z	TUNNELING^-1 | WISDOM^-1 | WISDOM	best LLR -5.36; testable
member	letters A-Z	TUNNELING^-1 | ANINSTRUCTION^-1 | WISDOM	best LLR -3.34; testable
member	letters A-Z	TUNNELING^-1 | ANEND^-1 | WISDOM	best LLR -4.50; testable
member	letters A-Z	TUNNELING^-1 | THE^-1 | WISDOM	best LLR -5.49; testable
member	letters A-Z	TUNNELING^-1 | INSTAR^-1 | WISDOM	best LLR -4.64; testable
member	letters A-Z	TUNNELING^-1 | WE^-1 | WISDOM	best LLR -5.86; testable
member	letters A-Z	TUNNELING^-1 | MUST | WISDOM	best LLR -4.41; testable
member	letters A-Z	TUNNELING^-1 | MUST^-1 | WISDOM	best LLR -7.55; testable
member	letters A-Z	TUNNELING^-1 | CIRCUMFERENCE^-1 | WISDOM	best LLR -5.38; testable
member	letters A-Z	TUNNELING^-1 | PRIMUS | WISDOM	best LLR -7.99; testable
member	letters A-Z	TUNNELING^-1 | PRIMUS^-1 | WISDOM	best LLR -5.18; testable
member	letters A-Z	TUNNELING^-1 | PRIMES | WISDOM	best LLR -9.35; testable
member	letters A-Z	TUNNELING^-1 | PRIMES^-1 | WISDOM	best LLR -8.87; testable
member	letters A-Z	TUNNELING^-1 | FIRFUMFERENFE^-1 | WISDOM^-1	best LLR -8.84; testable
member	letters A-Z	TUNNELING^-1 | WELCOME^-1 | WISDOM^-1	best LLR -5.86; testable
member	letters A-Z	TUNNELING^-1 | WISDOM^-1 | WISDOM^-1	best LLR -5.36; testable
member	letters A-Z	TUNNELING^-1 | ANINSTRUCTION^-1 | WISDOM^-1	best LLR -3.34; testable
member	letters A-Z	TUNNELING^-1 | ANEND^-1 | WISDOM^-1	best LLR -4.50; testable
member	letters A-Z	TUNNELING^-1 | THE^-1 | WISDOM^-1	best LLR -5.49; testable
member	letters A-Z	TUNNELING^-1 | INSTAR^-1 | WISDOM^-1	best LLR -4.64; testable
member	letters A-Z	TUNNELING^-1 | WE^-1 | WISDOM^-1	best LLR -5.86; testable
member	letters A-Z	TUNNELING^-1 | MUST | WISDOM^-1	best LLR -4.41; testable
member	letters A-Z	TUNNELING^-1 | MUST^-1 | WISDOM^-1	best LLR -7.55; testable
member	letters A-Z	TUNNELING^-1 | CIRCUMFERENCE^-1 | WISDOM^-1	best LLR -5.38; testable
member	letters A-Z	TUNNELING^-1 | PRIMUS | WISDOM^-1	best LLR -7.99; testable
member	letters A-Z	TUNNELING^-1 | PRIMUS^-1 | WISDOM^-1	best LLR -5.18; testable
member	letters A-Z	TUNNELING^-1 | PRIMES | WISDOM^-1	best LLR -9.35; testable
member	letters A-Z	TUNNELING^-1 | PRIMES^-1 | WISDOM^-1	best LLR -8.87; testable
member	letters A-Z	TUNNELING^-1 | FIRFUMFERENFE^-1 | SOMEWISDOM	best LLR -8.84; testable
member	letters A-Z	TUNNELING^-1 | WELCOME^-1 | SOMEWISDOM	best LLR -5.86; testable
member	letters A-Z	TUNNELING^-1 | WISDOM^-1 | SOMEWISDOM	best LLR -5.36; testable
member	letters A-Z	TUNNELING^-1 | ANINSTRUCTION^-1 | SOMEWISDOM	best LLR -3.34; testable
member	letters A-Z	TUNNELING^-1 | ANEND^-1 | SOMEWISDOM	best LLR -4.50; testable
member	letters A-Z	TUNNELING^-1 | THE^-1 | SOMEWISDOM	best LLR -5.49; testable
member	letters A-Z	TUNNELING^-1 | INSTAR^-1 | SOMEWISDOM	best LLR -4.64; testable
member	letters A-Z	TUNNELING^-1 | WE^-1 | SOMEWISDOM	best LLR -5.86; testable
member	letters A-Z	TUNNELING^-1 | MUST | SOMEWISDOM	best LLR -4.41; testable
member	letters A-Z	TUNNELING^-1 | MUST^-1 | SOMEWISDOM	best LLR -7.55; testable
member	letters A-Z	TUNNELING^-1 | CIRCUMFERENCE^-1 | SOMEWISDOM	best LLR -5.38; testable
member	letters A-Z	TUNNELING^-1 | PRIMUS | SOMEWISDOM	best LLR -7.99; testable
member	letters A-Z	TUNNELING^-1 | PRIMUS^-1 | SOMEWISDOM	best LLR -5.18; testable
member	letters A-Z	TUNNELING^-1 | PRIMES | SOMEWISDOM	best LLR -9.35; testable
member	letters A-Z	TUNNELING^-1 | PRIMES^-1 | SOMEWISDOM	best LLR -8.87; testable
member	letters A-Z	TUNNELING^-1 | FIRFUMFERENFE^-1 | SOMEWISDOM^-1	best LLR -8.84; testable
member	letters A-Z	TUNNELING^-1 | WELCOME^-1 | SOMEWISDOM^-1	best LLR -5.86; testable
member	letters A-Z	TUNNELING^-1 | WISDOM^-1 | SOMEWISDOM^-1	best LLR -5.36; testable
member	letters A-Z	TUNNELING^-1 | ANINSTRUCTION^-1 | SOMEWISDOM^-1	best LLR -3.34; testable
member	letters A-Z	TUNNELING^-1 | ANEND^-1 | SOMEWISDOM^-1	best LLR -4.50; testable
member	letters A-Z	TUNNELING^-1 | THE^-1 | SOMEWISDOM^-1	best LLR -5.49; testable
member	letters A-Z	TUNNELING^-1 | INSTAR^-1 | SOMEWISDOM^-1	best LLR -4.64; testable
member	letters A-Z	TUNNELING^-1 | WE^-1 | SOMEWISDOM^-1	best LLR -5.86; testable
member	letters A-Z	TUNNELING^-1 | MUST | SOMEWISDOM^-1	best LLR -4.41; testable
member	letters A-Z	TUNNELING^-1 | MUST^-1 | SOMEWISDOM^-1	best LLR -7.55; testable
member	letters A-Z	TUNNELING^-1 | CIRCUMFERENCE^-1 | SOMEWISDOM^-1	best LLR -5.38; testable
member	letters A-Z	TUNNELING^-1 | PRIMUS | SOMEWISDOM^-1	best LLR -7.99; testable
member	letters A-Z	TUNNELING^-1 | PRIMUS^-1 | SOMEWISDOM^-1	best LLR -5.18; testable
member	letters A-Z	TUNNELING^-1 | PRIMES | SOMEWISDOM^-1	best LLR -9.35; testable
member	letters A-Z	TUNNELING^-1 | PRIMES^-1 | SOMEWISDOM^-1	best LLR -8.87; testable
member	letters A-Z	TUNNELING^-1 | FIRFUMFERENFE^-1 | KNOWTHIS	best LLR -8.84; testable
member	letters A-Z	TUNNELING^-1 | WELCOME^-1 | KNOWTHIS	best LLR -5.86; testable
member	letters A-Z	TUNNELING^-1 | WISDOM^-1 | KNOWTHIS	best LLR -5.36; testable
member	letters A-Z	TUNNELING^-1 | ANINSTRUCTION^-1 | KNOWTHIS	best LLR -3.34; testable
member	letters A-Z	TUNNELING^-1 | ANEND^-1 | KNOWTHIS	best LLR -4.50; testable
member	letters A-Z	TUNNELING^-1 | THE^-1 | KNOWTHIS	best LLR -5.49; testable
member	letters A-Z	TUNNELING^-1 | INSTAR^-1 | KNOWTHIS	best LLR -4.64; testable
member	letters A-Z	TUNNELING^-1 | WE^-1 | KNOWTHIS	best LLR -5.86; testable
member	letters A-Z	TUNNELING^-1 | MUST | KNOWTHIS	best LLR -4.41; testable
member	letters A-Z	TUNNELING^-1 | MUST^-1 | KNOWTHIS	best LLR -7.55; testable
member	letters A-Z	TUNNELING^-1 | CIRCUMFERENCE^-1 | KNOWTHIS	best LLR -5.38; testable
member	letters A-Z	TUNNELING^-1 | PRIMUS | KNOWTHIS	best LLR -7.99; testable
member	letters A-Z	TUNNELING^-1 | PRIMUS^-1 | KNOWTHIS	best LLR -5.18; testable
member	letters A-Z	TUNNELING^-1 | PRIMES | KNOWTHIS	best LLR -9.35; testable
member	letters A-Z	TUNNELING^-1 | PRIMES^-1 | KNOWTHIS	best LLR -8.87; testable
member	letters A-Z	TUNNELING^-1 | FIRFUMFERENFE^-1 | KNOWTHIS^-1	best LLR -8.84; testable
member	letters A-Z	TUNNELING^-1 | WELCOME^-1 | KNOWTHIS^-1	best LLR -5.86; testable
member	letters A-Z	TUNNELING^-1 | WISDOM^-1 | KNOWTHIS^-1	best LLR -5.36; testable
member	letters A-Z	TUNNELING^-1 | ANINSTRUCTION^-1 | KNOWTHIS^-1	best LLR -3.34; testable
member	letters A-Z	TUNNELING^-1 | ANEND^-1 | KNOWTHIS^-1	best LLR -4.50; testable
member	letters A-Z	TUNNELING^-1 | THE^-1 | KNOWTHIS^-1	best LLR -5.49; testable
member	letters A-Z	TUNNELING^-1 | INSTAR^-1 | KNOWTHIS^-1	best LLR -4.64; testable
member	letters A-Z	TUNNELING^-1 | WE^-1 | KNOWTHIS^-1	best LLR -5.86; testable
member	letters A-Z	TUNNELING^-1 | MUST | KNOWTHIS^-1	best LLR -4.41; testable
member	letters A-Z	TUNNELING^-1 | MUST^-1 | KNOWTHIS^-1	best LLR -7.55; testable
member	letters A-Z	TUNNELING^-1 | CIRCUMFERENCE^-1 | KNOWTHIS^-1	best LLR -5.38; testable
member	letters A-Z	TUNNELING^-1 | PRIMUS | KNOWTHIS^-1	best LLR -7.99; testable
member	letters A-Z	TUNNELING^-1 | PRIMUS^-1 | KNOWTHIS^-1	best LLR -5.18; testable
member	letters A-Z	TUNNELING^-1 | PRIMES | KNOWTHIS^-1	best LLR -9.35; testable
member	letters A-Z	TUNNELING^-1 | PRIMES^-1 | KNOWTHIS^-1	best LLR -8.87; testable
member	letters A-Z	TUNNELING^-1 | FIRFUMFERENFE^-1 | AKOAN	best LLR -8.84; testable
member	letters A-Z	TUNNELING^-1 | WELCOME^-1 | AKOAN	best LLR -5.86; testable
member	letters A-Z	TUNNELING^-1 | WISDOM^-1 | AKOAN	best LLR -5.36; testable
member	letters A-Z	TUNNELING^-1 | ANINSTRUCTION^-1 | AKOAN	best LLR -3.34; testable
member	letters A-Z	TUNNELING^-1 | ANEND^-1 | AKOAN	best LLR -4.50; testable
member	letters A-Z	TUNNELING^-1 | THE^-1 | AKOAN	best LLR -5.49; testable
member	letters A-Z	TUNNELING^-1 | INSTAR^-1 | AKOAN	best LLR -4.64; testable
member	letters A-Z	TUNNELING^-1 | WE^-1 | AKOAN	best LLR -5.86; testable
member	letters A-Z	TUNNELING^-1 | MUST | AKOAN	best LLR -4.41; testable
member	letters A-Z	TUNNELING^-1 | MUST^-1 | AKOAN	best LLR -7.55; testable
member	letters A-Z	TUNNELING^-1 | CIRCUMFERENCE^-1 | AKOAN	best LLR -5.38; testable
member	letters A-Z	TUNNELING^-1 | PRIMUS | AKOAN	best LLR -7.99; testable
member	letters A-Z	TUNNELING^-1 | PRIMUS^-1 | AKOAN	best LLR -5.18; testable
member	letters A-Z	TUNNELING^-1 | PRIMES | AKOAN	best LLR -9.35; testable
member	letters A-Z	TUNNELING^-1 | PRIMES^-1 | AKOAN	best LLR -8.87; testable
member	letters A-Z	TUNNELING^-1 | FIRFUMFERENFE^-1 | AKOAN^-1	best LLR -8.84; testable
member	letters A-Z	TUNNELING^-1 | WELCOME^-1 | AKOAN^-1	best LLR -5.86; testable
member	letters A-Z	TUNNELING^-1 | WISDOM^-1 | AKOAN^-1	best LLR -5.36; testable
member	letters A-Z	TUNNELING^-1 | ANINSTRUCTION^-1 | AKOAN^-1	best LLR -3.34; testable
member	letters A-Z	TUNNELING^-1 | ANEND^-1 | AKOAN^-1	best LLR -4.50; testable
member	letters A-Z	TUNNELING^-1 | THE^-1 | AKOAN^-1	best LLR -5.49; testable
member	letters A-Z	TUNNELING^-1 | INSTAR^-1 | AKOAN^-1	best LLR -4.64; testable
member	letters A-Z	TUNNELING^-1 | WE^-1 | AKOAN^-1	best LLR -5.86; testable
member	letters A-Z	TUNNELING^-1 | MUST | AKOAN^-1	best LLR -4.41; testable
member	letters A-Z	TUNNELING^-1 | MUST^-1 | AKOAN^-1	best LLR -7.55; testable
member	letters A-Z	TUNNELING^-1 | CIRCUMFERENCE^-1 | AKOAN^-1	best LLR -5.38; testable
member	letters A-Z	TUNNELING^-1 | PRIMUS | AKOAN^-1	best LLR -7.99; testable
member	letters A-Z	TUNNELING^-1 | PRIMUS^-1 | AKOAN^-1	best LLR -5.18; testable
member	letters A-Z	TUNNELING^-1 | PRIMES | AKOAN^-1	best LLR -9.35; testable
member	letters A-Z	TUNNELING^-1 | PRIMES^-1 | AKOAN^-1	best LLR -8.87; testable
member	letters A-Z	TUNNELING^-1 | FIRFUMFERENFE^-1 | ANEND	best LLR -8.84; testable
member	letters A-Z	TUNNELING^-1 | WELCOME^-1 | ANEND	best LLR -5.86; testable
member	letters A-Z	TUNNELING^-1 | WISDOM^-1 | ANEND	best LLR -5.36; testable
member	letters A-Z	TUNNELING^-1 | ANINSTRUCTION^-1 | ANEND	best LLR -3.34; testable
member	letters A-Z	TUNNELING^-1 | ANEND^-1 | ANEND	best LLR -4.50; testable
member	letters A-Z	TUNNELING^-1 | THE^-1 | ANEND	best LLR -5.49; testable
member	letters A-Z	TUNNELING^-1 | INSTAR^-1 | ANEND	best LLR -4.64; testable
member	letters A-Z	TUNNELING^-1 | WE^-1 | ANEND	best LLR -5.86; testable
member	letters A-Z	TUNNELING^-1 | MUST | ANEND	best LLR -4.41; testable
member	letters A-Z	TUNNELING^-1 | MUST^-1 | ANEND	best LLR -7.55; testable
member	letters A-Z	TUNNELING^-1 | CIRCUMFERENCE^-1 | ANEND	best LLR -5.38; testable
member	letters A-Z	TUNNELING^-1 | PRIMUS | ANEND	best LLR -7.99; testable
member	letters A-Z	TUNNELING^-1 | PRIMUS^-1 | ANEND	best LLR -5.18; testable
member	letters A-Z	TUNNELING^-1 | PRIMES | ANEND	best LLR -9.35; testable
member	letters A-Z	TUNNELING^-1 | PRIMES^-1 | ANEND	best LLR -8.87; testable
member	letters A-Z	TUNNELING^-1 | FIRFUMFERENFE^-1 | ANEND^-1	best LLR -8.84; testable
member	letters A-Z	TUNNELING^-1 | WELCOME^-1 | ANEND^-1	best LLR -5.86; testable
member	letters A-Z	TUNNELING^-1 | WISDOM^-1 | ANEND^-1	best LLR -5.36; testable
member	letters A-Z	TUNNELING^-1 | ANINSTRUCTION^-1 | ANEND^-1	best LLR -3.34; testable
member	letters A-Z	TUNNELING^-1 | ANEND^-1 | ANEND^-1	best LLR -4.50; testable
member	letters A-Z	TUNNELING^-1 | THE^-1 | ANEND^-1	best LLR -5.49; testable
member	letters A-Z	TUNNELING^-1 | INSTAR^-1 | ANEND^-1	best LLR -4.64; testable
member	letters A-Z	TUNNELING^-1 | WE^-1 | ANEND^-1	best LLR -5.86; testable
member	letters A-Z	TUNNELING^-1 | MUST | ANEND^-1	best LLR -4.41; testable
member	letters A-Z	TUNNELING^-1 | MUST^-1 | ANEND^-1	best LLR -7.55; testable
member	letters A-Z	TUNNELING^-1 | CIRCUMFERENCE^-1 | ANEND^-1	best LLR -5.38; testable
member	letters A-Z	TUNNELING^-1 | PRIMUS | ANEND^-1	best LLR -7.99; testable
member	letters A-Z	TUNNELING^-1 | PRIMUS^-1 | ANEND^-1	best LLR -5.18; testable
member	letters A-Z	TUNNELING^-1 | PRIMES | ANEND^-1	best LLR -9.35; testable
member	letters A-Z	TUNNELING^-1 | PRIMES^-1 | ANEND^-1	best LLR -8.87; testable
member	letters A-Z	TUNNELING^-1 | FIRFUMFERENFE^-1 | PARABLE	best LLR -8.84; testable
member	letters A-Z	TUNNELING^-1 | WELCOME^-1 | PARABLE	best LLR -5.86; testable
member	letters A-Z	TUNNELING^-1 | WISDOM^-1 | PARABLE	best LLR -5.36; testable
member	letters A-Z	TUNNELING^-1 | ANINSTRUCTION^-1 | PARABLE	best LLR -3.34; testable
member	letters A-Z	TUNNELING^-1 | ANEND^-1 | PARABLE	best LLR -4.50; testable
member	letters A-Z	TUNNELING^-1 | THE^-1 | PARABLE	best LLR -5.49; testable
member	letters A-Z	TUNNELING^-1 | INSTAR^-1 | PARABLE	best LLR -4.64; testable
member	letters A-Z	TUNNELING^-1 | WE^-1 | PARABLE	best LLR -5.86; testable
member	letters A-Z	TUNNELING^-1 | MUST | PARABLE	best LLR -4.41; testable
member	letters A-Z	TUNNELING^-1 | MUST^-1 | PARABLE	best LLR -7.55; testable
member	letters A-Z	TUNNELING^-1 | CIRCUMFERENCE^-1 | PARABLE	best LLR -5.38; testable
member	letters A-Z	TUNNELING^-1 | PRIMUS | PARABLE	best LLR -7.99; testable
member	letters A-Z	TUNNELING^-1 | PRIMUS^-1 | PARABLE	best LLR -5.18; testable
member	letters A-Z	TUNNELING^-1 | PRIMES | PARABLE	best LLR -9.35; testable
member	letters A-Z	TUNNELING^-1 | PRIMES^-1 | PARABLE	best LLR -8.87; testable
member	letters A-Z	TUNNELING^-1 | FIRFUMFERENFE^-1 | PARABLE^-1	best LLR -8.84; testable
member	letters A-Z	TUNNELING^-1 | WELCOME^-1 | PARABLE^-1	best LLR -5.86; testable
member	letters A-Z	TUNNELING^-1 | WISDOM^-1 | PARABLE^-1	best LLR -5.36; testable
member	letters A-Z	TUNNELING^-1 | ANINSTRUCTION^-1 | PARABLE^-1	best LLR -3.34; testable
member	letters A-Z	TUNNELING^-1 | ANEND^-1 | PARABLE^-1	best LLR -4.50; testable
member	letters A-Z	TUNNELING^-1 | THE^-1 | PARABLE^-1	best LLR -5.49; testable
member	letters A-Z	TUNNELING^-1 | INSTAR^-1 | PARABLE^-1	best LLR -4.64; testable
member	letters A-Z	TUNNELING^-1 | WE^-1 | PARABLE^-1	best LLR -5.86; testable
member	letters A-Z	TUNNELING^-1 | MUST | PARABLE^-1	best LLR -4.41; testable
member	letters A-Z	TUNNELING^-1 | MUST^-1 | PARABLE^-1	best LLR -7.55; testable
member	letters A-Z	TUNNELING^-1 | CIRCUMFERENCE^-1 | PARABLE^-1	best LLR -5.38; testable
member	letters A-Z	TUNNELING^-1 | PRIMUS | PARABLE^-1	best LLR -7.99; testable
member	letters A-Z	TUNNELING^-1 | PRIMUS^-1 | PARABLE^-1	best LLR -5.18; testable
member	letters A-Z	TUNNELING^-1 | PRIMES | PARABLE^-1	best LLR -9.35; testable
member	letters A-Z	TUNNELING^-1 | PRIMES^-1 | PARABLE^-1	best LLR -8.87; testable
member	letters A-Z	TUNNELING^-1 | FIRFUMFERENFE^-1 | LIKE	best LLR -8.84; testable
member	letters A-Z	TUNNELING^-1 | WELCOME^-1 | LIKE	best LLR -5.86; testable
member	letters A-Z	TUNNELING^-1 | WISDOM^-1 | LIKE	best LLR -5.36; testable
member	letters A-Z	TUNNELING^-1 | ANINSTRUCTION^-1 | LIKE	best LLR -3.34; testable
member	letters A-Z	TUNNELING^-1 | ANEND^-1 | LIKE	best LLR -4.50; testable
member	letters A-Z	TUNNELING^-1 | THE^-1 | LIKE	best LLR -5.49; testable
member	letters A-Z	TUNNELING^-1 | INSTAR^-1 | LIKE	best LLR -4.64; testable
member	letters A-Z	TUNNELING^-1 | WE^-1 | LIKE	best LLR -5.86; testable
member	letters A-Z	TUNNELING^-1 | MUST | LIKE	best LLR -4.41; testable
member	letters A-Z	TUNNELING^-1 | MUST^-1 | LIKE	best LLR -7.55; testable
member	letters A-Z	TUNNELING^-1 | CIRCUMFERENCE^-1 | LIKE	best LLR -5.38; testable
member	letters A-Z	TUNNELING^-1 | PRIMUS | LIKE	best LLR -7.99; testable
member	letters A-Z	TUNNELING^-1 | PRIMUS^-1 | LIKE	best LLR -5.18; testable
member	letters A-Z	TUNNELING^-1 | PRIMES | LIKE	best LLR -9.35; testable
member	letters A-Z	TUNNELING^-1 | PRIMES^-1 | LIKE	best LLR -8.87; testable
member	letters A-Z	TUNNELING^-1 | FIRFUMFERENFE^-1 | LIKE^-1	best LLR -8.84; testable
member	letters A-Z	TUNNELING^-1 | WELCOME^-1 | LIKE^-1	best LLR -5.86; testable
member	letters A-Z	TUNNELING^-1 | WISDOM^-1 | LIKE^-1	best LLR -5.36; testable
member	letters A-Z	TUNNELING^-1 | ANINSTRUCTION^-1 | LIKE^-1	best LLR -3.34; testable
member	letters A-Z	TUNNELING^-1 | ANEND^-1 | LIKE^-1	best LLR -4.50; testable
member	letters A-Z	TUNNELING^-1 | THE^-1 | LIKE^-1	best LLR -5.49; testable
member	letters A-Z	TUNNELING^-1 | INSTAR^-1 | LIKE^-1	best LLR -4.64; testable
member	letters A-Z	TUNNELING^-1 | WE^-1 | LIKE^-1	best LLR -5.86; testable
member	letters A-Z	TUNNELING^-1 | MUST | LIKE^-1	best LLR -4.41; testable
member	letters A-Z	TUNNELING^-1 | MUST^-1 | LIKE^-1	best LLR -7.55; testable
member	letters A-Z	TUNNELING^-1 | CIRCUMFERENCE^-1 | LIKE^-1	best LLR -5.38; testable
member	letters A-Z	TUNNELING^-1 | PRIMUS | LIKE^-1	best LLR -7.99; testable
member	letters A-Z	TUNNELING^-1 | PRIMUS^-1 | LIKE^-1	best LLR -5.18; testable
member	letters A-Z	TUNNELING^-1 | PRIMES | LIKE^-1	best LLR -9.35; testable
member	letters A-Z	TUNNELING^-1 | PRIMES^-1 | LIKE^-1	best LLR -8.87; testable
member	letters A-Z	TUNNELING^-1 | FIRFUMFERENFE^-1 | THE	best LLR -8.84; testable
member	letters A-Z	TUNNELING^-1 | WELCOME^-1 | THE	best LLR -5.86; testable
member	letters A-Z	TUNNELING^-1 | WISDOM^-1 | THE	best LLR -5.36; testable
member	letters A-Z	TUNNELING^-1 | ANINSTRUCTION^-1 | THE	best LLR -3.34; testable
member	letters A-Z	TUNNELING^-1 | ANEND^-1 | THE	best LLR -4.50; testable
member	letters A-Z	TUNNELING^-1 | THE^-1 | THE	best LLR -5.49; testable
member	letters A-Z	TUNNELING^-1 | INSTAR^-1 | THE	best LLR -4.64; testable
member	letters A-Z	TUNNELING^-1 | WE^-1 | THE	best LLR -5.86; testable
member	letters A-Z	TUNNELING^-1 | MUST | THE	best LLR -4.41; testable
member	letters A-Z	TUNNELING^-1 | MUST^-1 | THE	best LLR -7.55; testable
member	letters A-Z	TUNNELING^-1 | CIRCUMFERENCE^-1 | THE	best LLR -5.38; testable
member	letters A-Z	TUNNELING^-1 | PRIMUS | THE	best LLR -7.99; testable
member	letters A-Z	TUNNELING^-1 | PRIMUS^-1 | THE	best LLR -5.18; testable
member	letters A-Z	TUNNELING^-1 | PRIMES | THE	best LLR -9.35; testable
member	letters A-Z	TUNNELING^-1 | PRIMES^-1 | THE	best LLR -8.87; testable
member	letters A-Z	TUNNELING^-1 | FIRFUMFERENFE^-1 | THE^-1	best LLR -8.84; testable
member	letters A-Z	TUNNELING^-1 | WELCOME^-1 | THE^-1	best LLR -5.86; testable
member	letters A-Z	TUNNELING^-1 | WISDOM^-1 | THE^-1	best LLR -5.36; testable
member	letters A-Z	TUNNELING^-1 | ANINSTRUCTION^-1 | THE^-1	best LLR -3.34; testable
member	letters A-Z	TUNNELING^-1 | ANEND^-1 | THE^-1	best LLR -4.50; testable
member	letters A-Z	TUNNELING^-1 | THE^-1 | THE^-1	best LLR -5.49; testable
member	letters A-Z	TUNNELING^-1 | INSTAR^-1 | THE^-1	best LLR -4.64; testable
member	letters A-Z	TUNNELING^-1 | WE^-1 | THE^-1	best LLR -5.86; testable
member	letters A-Z	TUNNELING^-1 | MUST | THE^-1	best LLR -4.41; testable
member	letters A-Z	TUNNELING^-1 | MUST^-1 | THE^-1	best LLR -7.55; testable
member	letters A-Z	TUNNELING^-1 | CIRCUMFERENCE^-1 | THE^-1	best LLR -5.38; testable
member	letters A-Z	TUNNELING^-1 | PRIMUS | THE^-1	best LLR -7.99; testable
member	letters A-Z	TUNNELING^-1 | PRIMUS^-1 | THE^-1	best LLR -5.18; testable
member	letters A-Z	TUNNELING^-1 | PRIMES | THE^-1	best LLR -9.35; testable
member	letters A-Z	TUNNELING^-1 | PRIMES^-1 | THE^-1	best LLR -8.87; testable
member	letters A-Z	TUNNELING^-1 | FIRFUMFERENFE^-1 | INSTAR	best LLR -8.84; testable
member	letters A-Z	TUNNELING^-1 | WELCOME^-1 | INSTAR	best LLR -5.86; testable
member	letters A-Z	TUNNELING^-1 | WISDOM^-1 | INSTAR	best LLR -5.36; testable
member	letters A-Z	TUNNELING^-1 | ANINSTRUCTION^-1 | INSTAR	best LLR -3.34; testable
member	letters A-Z	TUNNELING^-1 | ANEND^-1 | INSTAR	best LLR -4.50; testable
member	letters A-Z	TUNNELING^-1 | THE^-1 | INSTAR	best LLR -5.49; testable
member	letters A-Z	TUNNELING^-1 | INSTAR^-1 | INSTAR	best LLR -4.64; testable
member	letters A-Z	TUNNELING^-1 | WE^-1 | INSTAR	best LLR -5.86; testable
member	letters A-Z	TUNNELING^-1 | MUST | INSTAR	best LLR -4.41; testable
member	letters A-Z	TUNNELING^-1 | MUST^-1 | INSTAR	best LLR -7.55; testable
member	letters A-Z	TUNNELING^-1 | CIRCUMFERENCE^-1 | INSTAR	best LLR -5.38; testable
member	letters A-Z	TUNNELING^-1 | PRIMUS | INSTAR	best LLR -7.99; testable
member	letters A-Z	TUNNELING^-1 | PRIMUS^-1 | INSTAR	best LLR -5.18; testable
member	letters A-Z	TUNNELING^-1 | PRIMES | INSTAR	best LLR -9.35; testable
member	letters A-Z	TUNNELING^-1 | PRIMES^-1 | INSTAR	best LLR -8.87; testable
member	letters A-Z	TUNNELING^-1 | FIRFUMFERENFE^-1 | INSTAR^-1	best LLR -8.84; testable
member	letters A-Z	TUNNELING^-1 | WELCOME^-1 | INSTAR^-1	best LLR -5.86; testable
member	letters A-Z	TUNNELING^-1 | WISDOM^-1 | INSTAR^-1	best LLR -5.36; testable
member	letters A-Z	TUNNELING^-1 | ANINSTRUCTION^-1 | INSTAR^-1	best LLR -3.34; testable
member	letters A-Z	TUNNELING^-1 | ANEND^-1 | INSTAR^-1	best LLR -4.50; testable
member	letters A-Z	TUNNELING^-1 | THE^-1 | INSTAR^-1	best LLR -5.49; testable
member	letters A-Z	TUNNELING^-1 | INSTAR^-1 | INSTAR^-1	best LLR -4.64; testable
member	letters A-Z	TUNNELING^-1 | WE^-1 | INSTAR^-1	best LLR -5.86; testable
member	letters A-Z	TUNNELING^-1 | MUST | INSTAR^-1	best LLR -4.41; testable
member	letters A-Z	TUNNELING^-1 | MUST^-1 | INSTAR^-1	best LLR -7.55; testable
member	letters A-Z	TUNNELING^-1 | CIRCUMFERENCE^-1 | INSTAR^-1	best LLR -5.38; testable
member	letters A-Z	TUNNELING^-1 | PRIMUS | INSTAR^-1	best LLR -7.99; testable
member	letters A-Z	TUNNELING^-1 | PRIMUS^-1 | INSTAR^-1	best LLR -5.18; testable
member	letters A-Z	TUNNELING^-1 | PRIMES | INSTAR^-1	best LLR -9.35; testable
member	letters A-Z	TUNNELING^-1 | PRIMES^-1 | INSTAR^-1	best LLR -8.87; testable
member	letters A-Z	TUNNELING^-1 | FIRFUMFERENFE^-1 | TUNNELING	best LLR -8.84; testable
member	letters A-Z	TUNNELING^-1 | WELCOME^-1 | TUNNELING	best LLR -5.86; testable
member	letters A-Z	TUNNELING^-1 | WISDOM^-1 | TUNNELING	best LLR -5.36; testable
member	letters A-Z	TUNNELING^-1 | ANINSTRUCTION^-1 | TUNNELING	best LLR -3.34; testable
member	letters A-Z	TUNNELING^-1 | ANEND^-1 | TUNNELING	best LLR -4.50; testable
member	letters A-Z	TUNNELING^-1 | THE^-1 | TUNNELING	best LLR -5.49; testable
member	letters A-Z	TUNNELING^-1 | INSTAR^-1 | TUNNELING	best LLR -4.64; testable
member	letters A-Z	TUNNELING^-1 | WE^-1 | TUNNELING	best LLR -5.86; testable
member	letters A-Z	TUNNELING^-1 | MUST | TUNNELING	best LLR -4.41; testable
member	letters A-Z	TUNNELING^-1 | MUST^-1 | TUNNELING	best LLR -7.55; testable
member	letters A-Z	TUNNELING^-1 | CIRCUMFERENCE^-1 | TUNNELING	best LLR -5.38; testable
member	letters A-Z	TUNNELING^-1 | PRIMUS | TUNNELING	best LLR -7.99; testable
member	letters A-Z	TUNNELING^-1 | PRIMUS^-1 | TUNNELING	best LLR -5.18; testable
member	letters A-Z	TUNNELING^-1 | PRIMES | TUNNELING	best LLR -9.35; testable
member	letters A-Z	TUNNELING^-1 | PRIMES^-1 | TUNNELING	best LLR -8.87; testable
member	letters A-Z	TUNNELING^-1 | FIRFUMFERENFE^-1 | TUNNELING^-1	best LLR -8.84; testable
member	letters A-Z	TUNNELING^-1 | WELCOME^-1 | TUNNELING^-1	best LLR -5.86; testable
member	letters A-Z	TUNNELING^-1 | WISDOM^-1 | TUNNELING^-1	best LLR -5.36; testable
member	letters A-Z	TUNNELING^-1 | ANINSTRUCTION^-1 | TUNNELING^-1	best LLR -3.34; testable
member	letters A-Z	TUNNELING^-1 | ANEND^-1 | TUNNELING^-1	best LLR -4.50; testable
member	letters A-Z	TUNNELING^-1 | THE^-1 | TUNNELING^-1	best LLR -5.49; testable
member	letters A-Z	TUNNELING^-1 | INSTAR^-1 | TUNNELING^-1	best LLR -4.64; testable
member	letters A-Z	TUNNELING^-1 | WE^-1 | TUNNELING^-1	best LLR -5.86; testable
member	letters A-Z	TUNNELING^-1 | MUST | TUNNELING^-1	best LLR -4.41; testable
member	letters A-Z	TUNNELING^-1 | MUST^-1 | TUNNELING^-1	best LLR -7.55; testable
member	letters A-Z	TUNNELING^-1 | CIRCUMFERENCE^-1 | TUNNELING^-1	best LLR -5.38; testable
member	letters A-Z	TUNNELING^-1 | PRIMUS | TUNNELING^-1	best LLR -7.99; testable
member	letters A-Z	TUNNELING^-1 | PRIMUS^-1 | TUNNELING^-1	best LLR -5.18; testable
member	letters A-Z	TUNNELING^-1 | PRIMES | TUNNELING^-1	best LLR -9.35; testable
member	letters A-Z	TUNNELING^-1 | PRIMES^-1 | TUNNELING^-1	best LLR -8.87; testable
member	letters A-Z	TUNNELING^-1 | FIRFUMFERENFE^-1 | TO	best LLR -8.84; testable
member	letters A-Z	TUNNELING^-1 | WELCOME^-1 | TO	best LLR -5.86; testable
member	letters A-Z	TUNNELING^-1 | WISDOM^-1 | TO	best LLR -5.36; testable
member	letters A-Z	TUNNELING^-1 | ANINSTRUCTION^-1 | TO	best LLR -3.34; testable
member	letters A-Z	TUNNELING^-1 | ANEND^-1 | TO	best LLR -4.50; testable
member	letters A-Z	TUNNELING^-1 | THE^-1 | TO	best LLR -5.49; testable
member	letters A-Z	TUNNELING^-1 | INSTAR^-1 | TO	best LLR -4.64; testable
member	letters A-Z	TUNNELING^-1 | WE^-1 | TO	best LLR -5.86; testable
member	letters A-Z	TUNNELING^-1 | MUST | TO	best LLR -4.41; testable
member	letters A-Z	TUNNELING^-1 | MUST^-1 | TO	best LLR -7.55; testable
member	letters A-Z	TUNNELING^-1 | CIRCUMFERENCE^-1 | TO	best LLR -5.38; testable
member	letters A-Z	TUNNELING^-1 | PRIMUS | TO	best LLR -7.99; testable
member	letters A-Z	TUNNELING^-1 | PRIMUS^-1 | TO	best LLR -5.18; testable
member	letters A-Z	TUNNELING^-1 | PRIMES | TO	best LLR -9.35; testable
member	letters A-Z	TUNNELING^-1 | PRIMES^-1 | TO	best LLR -8.87; testable
member	letters A-Z	TUNNELING^-1 | FIRFUMFERENFE^-1 | TO^-1	best LLR -8.84; testable
member	letters A-Z	TUNNELING^-1 | WELCOME^-1 | TO^-1	best LLR -5.86; testable
member	letters A-Z	TUNNELING^-1 | WISDOM^-1 | TO^-1	best LLR -5.36; testable
member	letters A-Z	TUNNELING^-1 | ANINSTRUCTION^-1 | TO^-1	best LLR -3.34; testable
member	letters A-Z	TUNNELING^-1 | ANEND^-1 | TO^-1	best LLR -4.50; testable
member	letters A-Z	TUNNELING^-1 | THE^-1 | TO^-1	best LLR -5.49; testable
member	letters A-Z	TUNNELING^-1 | INSTAR^-1 | TO^-1	best LLR -4.64; testable
member	letters A-Z	TUNNELING^-1 | WE^-1 | TO^-1	best LLR -5.86; testable
member	letters A-Z	TUNNELING^-1 | MUST | TO^-1	best LLR -4.41; testable
member	letters A-Z	TUNNELING^-1 | MUST^-1 | TO^-1	best LLR -7.55; testable
member	letters A-Z	TUNNELING^-1 | CIRCUMFERENCE^-1 | TO^-1	best LLR -5.38; testable
member	letters A-Z	TUNNELING^-1 | PRIMUS | TO^-1	best LLR -7.99; testable
member	letters A-Z	TUNNELING^-1 | PRIMUS^-1 | TO^-1	best LLR -5.18; testable
member	letters A-Z	TUNNELING^-1 | PRIMES | TO^-1	best LLR -9.35; testable
member	letters A-Z	TUNNELING^-1 | PRIMES^-1 | TO^-1	best LLR -8.87; testable
member	letters A-Z	TUNNELING^-1 | FIRFUMFERENFE^-1 | SURFACE	best LLR -8.84; testable
member	letters A-Z	TUNNELING^-1 | WELCOME^-1 | SURFACE	best LLR -5.86; testable
member	letters A-Z	TUNNELING^-1 | WISDOM^-1 | SURFACE	best LLR -5.36; testable
member	letters A-Z	TUNNELING^-1 | ANINSTRUCTION^-1 | SURFACE	best LLR -3.34; testable
member	letters A-Z	TUNNELING^-1 | ANEND^-1 | SURFACE	best LLR -4.50; testable
member	letters A-Z	TUNNELING^-1 | THE^-1 | SURFACE	best LLR -5.49; testable
member	letters A-Z	TUNNELING^-1 | INSTAR^-1 | SURFACE	best LLR -4.64; testable
member	letters A-Z	TUNNELING^-1 | WE^-1 | SURFACE	best LLR -5.86; testable
member	letters A-Z	TUNNELING^-1 | MUST | SURFACE	best LLR -4.41; testable
member	letters A-Z	TUNNELING^-1 | MUST^-1 | SURFACE	best LLR -7.55; testable
member	letters A-Z	TUNNELING^-1 | CIRCUMFERENCE^-1 | SURFACE	best LLR -5.38; testable
member	letters A-Z	TUNNELING^-1 | PRIMUS | SURFACE	best LLR -7.99; testable
member	letters A-Z	TUNNELING^-1 | PRIMUS^-1 | SURFACE	best LLR -5.18; testable
member	letters A-Z	TUNNELING^-1 | PRIMES | SURFACE	best LLR -9.35; testable
member	letters A-Z	TUNNELING^-1 | PRIMES^-1 | SURFACE	best LLR -8.87; testable
member	letters A-Z	TUNNELING^-1 | FIRFUMFERENFE^-1 | SURFACE^-1	best LLR -8.84; testable
member	letters A-Z	TUNNELING^-1 | WELCOME^-1 | SURFACE^-1	best LLR -5.86; testable
member	letters A-Z	TUNNELING^-1 | WISDOM^-1 | SURFACE^-1	best LLR -5.36; testable
member	letters A-Z	TUNNELING^-1 | ANINSTRUCTION^-1 | SURFACE^-1	best LLR -3.34; testable
member	letters A-Z	TUNNELING^-1 | ANEND^-1 | SURFACE^-1	best LLR -4.50; testable
member	letters A-Z	TUNNELING^-1 | THE^-1 | SURFACE^-1	best LLR -5.49; testable
member	letters A-Z	TUNNELING^-1 | INSTAR^-1 | SURFACE^-1	best LLR -4.64; testable
member	letters A-Z	TUNNELING^-1 | WE^-1 | SURFACE^-1	best LLR -5.86; testable
member	letters A-Z	TUNNELING^-1 | MUST | SURFACE^-1	best LLR -4.41; testable
member	letters A-Z	TUNNELING^-1 | MUST^-1 | SURFACE^-1	best LLR -7.55; testable
member	letters A-Z	TUNNELING^-1 | CIRCUMFERENCE^-1 | SURFACE^-1	best LLR -5.38; testable
member	letters A-Z	TUNNELING^-1 | PRIMUS | SURFACE^-1	best LLR -7.99; testable
member	letters A-Z	TUNNELING^-1 | PRIMUS^-1 | SURFACE^-1	best LLR -5.18; testable
member	letters A-Z	TUNNELING^-1 | PRIMES | SURFACE^-1	best LLR -9.35; testable
member	letters A-Z	TUNNELING^-1 | PRIMES^-1 | SURFACE^-1	best LLR -8.87; testable
member	letters A-Z	TUNNELING^-1 | FIRFUMFERENFE^-1 | WE	best LLR -8.84; testable
member	letters A-Z	TUNNELING^-1 | WELCOME^-1 | WE	best LLR -5.86; testable
member	letters A-Z	TUNNELING^-1 | WISDOM^-1 | WE	best LLR -5.36; testable
member	letters A-Z	TUNNELING^-1 | ANINSTRUCTION^-1 | WE	best LLR -3.34; testable
member	letters A-Z	TUNNELING^-1 | ANEND^-1 | WE	best LLR -4.50; testable
member	letters A-Z	TUNNELING^-1 | THE^-1 | WE	best LLR -5.49; testable
member	letters A-Z	TUNNELING^-1 | INSTAR^-1 | WE	best LLR -4.64; testable
member	letters A-Z	TUNNELING^-1 | WE^-1 | WE	best LLR -5.86; testable
member	letters A-Z	TUNNELING^-1 | MUST | WE	best LLR -4.41; testable
member	letters A-Z	TUNNELING^-1 | MUST^-1 | WE	best LLR -7.55; testable
member	letters A-Z	TUNNELING^-1 | CIRCUMFERENCE^-1 | WE	best LLR -5.38; testable
member	letters A-Z	TUNNELING^-1 | PRIMUS | WE	best LLR -7.99; testable
member	letters A-Z	TUNNELING^-1 | PRIMUS^-1 | WE	best LLR -5.18; testable
member	letters A-Z	TUNNELING^-1 | PRIMES | WE	best LLR -9.35; testable
member	letters A-Z	TUNNELING^-1 | PRIMES^-1 | WE	best LLR -8.87; testable
member	letters A-Z	TUNNELING^-1 | FIRFUMFERENFE^-1 | WE^-1	best LLR -8.84; testable
member	letters A-Z	TUNNELING^-1 | WELCOME^-1 | WE^-1	best LLR -5.86; testable
member	letters A-Z	TUNNELING^-1 | WISDOM^-1 | WE^-1	best LLR -5.36; testable
member	letters A-Z	TUNNELING^-1 | ANINSTRUCTION^-1 | WE^-1	best LLR -3.34; testable
member	letters A-Z	TUNNELING^-1 | ANEND^-1 | WE^-1	best LLR -4.50; testable
member	letters A-Z	TUNNELING^-1 | THE^-1 | WE^-1	best LLR -5.49; testable
member	letters A-Z	TUNNELING^-1 | INSTAR^-1 | WE^-1	best LLR -4.64; testable
member	letters A-Z	TUNNELING^-1 | WE^-1 | WE^-1	best LLR -5.86; testable
member	letters A-Z	TUNNELING^-1 | MUST | WE^-1	best LLR -4.41; testable
member	letters A-Z	TUNNELING^-1 | MUST^-1 | WE^-1	best LLR -7.55; testable
member	letters A-Z	TUNNELING^-1 | CIRCUMFERENCE^-1 | WE^-1	best LLR -5.38; testable
member	letters A-Z	TUNNELING^-1 | PRIMUS | WE^-1	best LLR -7.99; testable
member	letters A-Z	TUNNELING^-1 | PRIMUS^-1 | WE^-1	best LLR -5.18; testable
member	letters A-Z	TUNNELING^-1 | PRIMES | WE^-1	best LLR -9.35; testable
member	letters A-Z	TUNNELING^-1 | PRIMES^-1 | WE^-1	best LLR -8.87; testable
member	letters A-Z	TUNNELING^-1 | FIRFUMFERENFE^-1 | MUST	best LLR -8.84; testable
member	letters A-Z	TUNNELING^-1 | WELCOME^-1 | MUST	best LLR -5.86; testable
member	letters A-Z	TUNNELING^-1 | WISDOM^-1 | MUST	best LLR -5.36; testable
member	letters A-Z	TUNNELING^-1 | ANINSTRUCTION^-1 | MUST	best LLR -3.34; testable
member	letters A-Z	TUNNELING^-1 | ANEND^-1 | MUST	best LLR -4.50; testable
member	letters A-Z	TUNNELING^-1 | THE^-1 | MUST	best LLR -5.49; testable
member	letters A-Z	TUNNELING^-1 | INSTAR^-1 | MUST	best LLR -4.64; testable
member	letters A-Z	TUNNELING^-1 | WE^-1 | MUST	best LLR -5.86; testable
member	letters A-Z	TUNNELING^-1 | MUST | MUST	best LLR -4.41; testable
member	letters A-Z	TUNNELING^-1 | MUST^-1 | MUST	best LLR -7.55; testable
member	letters A-Z	TUNNELING^-1 | CIRCUMFERENCE^-1 | MUST	best LLR -5.38; testable
member	letters A-Z	TUNNELING^-1 | PRIMUS | MUST	best LLR -7.99; testable
member	letters A-Z	TUNNELING^-1 | PRIMUS^-1 | MUST	best LLR -5.18; testable
member	letters A-Z	TUNNELING^-1 | PRIMES | MUST	best LLR -9.35; testable
member	letters A-Z	TUNNELING^-1 | PRIMES^-1 | MUST	best LLR -8.87; testable
member	letters A-Z	TUNNELING^-1 | FIRFUMFERENFE^-1 | MUST^-1	best LLR -8.84; testable
member	letters A-Z	TUNNELING^-1 | WELCOME^-1 | MUST^-1	best LLR -5.86; testable
member	letters A-Z	TUNNELING^-1 | WISDOM^-1 | MUST^-1	best LLR -5.36; testable
member	letters A-Z	TUNNELING^-1 | ANINSTRUCTION^-1 | MUST^-1	best LLR -3.34; testable
member	letters A-Z	TUNNELING^-1 | ANEND^-1 | MUST^-1	best LLR -4.50; testable
member	letters A-Z	TUNNELING^-1 | THE^-1 | MUST^-1	best LLR -5.49; testable
member	letters A-Z	TUNNELING^-1 | INSTAR^-1 | MUST^-1	best LLR -4.64; testable
member	letters A-Z	TUNNELING^-1 | WE^-1 | MUST^-1	best LLR -5.86; testable
member	letters A-Z	TUNNELING^-1 | MUST | MUST^-1	best LLR -4.41; testable
member	letters A-Z	TUNNELING^-1 | MUST^-1 | MUST^-1	best LLR -7.55; testable
member	letters A-Z	TUNNELING^-1 | CIRCUMFERENCE^-1 | MUST^-1	best LLR -5.38; testable
member	letters A-Z	TUNNELING^-1 | PRIMUS | MUST^-1	best LLR -7.99; testable
member	letters A-Z	TUNNELING^-1 | PRIMUS^-1 | MUST^-1	best LLR -5.18; testable
member	letters A-Z	TUNNELING^-1 | PRIMES | MUST^-1	best LLR -9.35; testable
member	letters A-Z	TUNNELING^-1 | PRIMES^-1 | MUST^-1	best LLR -8.87; testable
member	letters A-Z	TUNNELING^-1 | FIRFUMFERENFE^-1 | SHED	best LLR -8.84; testable
member	letters A-Z	TUNNELING^-1 | WELCOME^-1 | SHED	best LLR -5.86; testable
member	letters A-Z	TUNNELING^-1 | WISDOM^-1 | SHED	best LLR -5.36; testable
member	letters A-Z	TUNNELING^-1 | ANINSTRUCTION^-1 | SHED	best LLR -3.34; testable
member	letters A-Z	TUNNELING^-1 | ANEND^-1 | SHED	best LLR -4.50; testable
member	letters A-Z	TUNNELING^-1 | THE^-1 | SHED	best LLR -5.49; testable
member	letters A-Z	TUNNELING^-1 | INSTAR^-1 | SHED	best LLR -4.64; testable
member	letters A-Z	TUNNELING^-1 | WE^-1 | SHED	best LLR -5.86; testable
member	letters A-Z	TUNNELING^-1 | MUST | SHED	best LLR -4.41; testable
member	letters A-Z	TUNNELING^-1 | MUST^-1 | SHED	best LLR -7.55; testable
member	letters A-Z	TUNNELING^-1 | CIRCUMFERENCE^-1 | SHED	best LLR -5.38; testable
member	letters A-Z	TUNNELING^-1 | PRIMUS | SHED	best LLR -7.99; testable
member	letters A-Z	TUNNELING^-1 | PRIMUS^-1 | SHED	best LLR -5.18; testable
member	letters A-Z	TUNNELING^-1 | PRIMES | SHED	best LLR -9.35; testable
member	letters A-Z	TUNNELING^-1 | PRIMES^-1 | SHED	best LLR -8.87; testable
member	letters A-Z	TUNNELING^-1 | FIRFUMFERENFE^-1 | SHED^-1	best LLR -8.84; testable
member	letters A-Z	TUNNELING^-1 | WELCOME^-1 | SHED^-1	best LLR -5.86; testable
member	letters A-Z	TUNNELING^-1 | WISDOM^-1 | SHED^-1	best LLR -5.36; testable
member	letters A-Z	TUNNELING^-1 | ANINSTRUCTION^-1 | SHED^-1	best LLR -3.34; testable
member	letters A-Z	TUNNELING^-1 | ANEND^-1 | SHED^-1	best LLR -4.50; testable
member	letters A-Z	TUNNELING^-1 | THE^-1 | SHED^-1	best LLR -5.49; testable
member	letters A-Z	TUNNELING^-1 | INSTAR^-1 | SHED^-1	best LLR -4.64; testable
member	letters A-Z	TUNNELING^-1 | WE^-1 | SHED^-1	best LLR -5.86; testable
member	letters A-Z	TUNNELING^-1 | MUST | SHED^-1	best LLR -4.41; testable
member	letters A-Z	TUNNELING^-1 | MUST^-1 | SHED^-1	best LLR -7.55; testable
member	letters A-Z	TUNNELING^-1 | CIRCUMFERENCE^-1 | SHED^-1	best LLR -5.38; testable
member	letters A-Z	TUNNELING^-1 | PRIMUS | SHED^-1	best LLR -7.99; testable
member	letters A-Z	TUNNELING^-1 | PRIMUS^-1 | SHED^-1	best LLR -5.18; testable
member	letters A-Z	TUNNELING^-1 | PRIMES | SHED^-1	best LLR -9.35; testable
member	letters A-Z	TUNNELING^-1 | PRIMES^-1 | SHED^-1	best LLR -8.87; testable
member	letters A-Z	TUNNELING^-1 | FIRFUMFERENFE^-1 | OUR	best LLR -8.84; testable
member	letters A-Z	TUNNELING^-1 | WELCOME^-1 | OUR	best LLR -5.86; testable
member	letters A-Z	TUNNELING^-1 | WISDOM^-1 | OUR	best LLR -5.36; testable
member	letters A-Z	TUNNELING^-1 | ANINSTRUCTION^-1 | OUR	best LLR -3.34; testable
member	letters A-Z	TUNNELING^-1 | ANEND^-1 | OUR	best LLR -4.50; testable
member	letters A-Z	TUNNELING^-1 | THE^-1 | OUR	best LLR -5.49; testable
member	letters A-Z	TUNNELING^-1 | INSTAR^-1 | OUR	best LLR -4.64; testable
member	letters A-Z	TUNNELING^-1 | WE^-1 | OUR	best LLR -5.86; testable
member	letters A-Z	TUNNELING^-1 | MUST | OUR	best LLR -4.41; testable
member	letters A-Z	TUNNELING^-1 | MUST^-1 | OUR	best LLR -7.55; testable
member	letters A-Z	TUNNELING^-1 | CIRCUMFERENCE^-1 | OUR	best LLR -5.38; testable
member	letters A-Z	TUNNELING^-1 | PRIMUS | OUR	best LLR -7.99; testable
member	letters A-Z	TUNNELING^-1 | PRIMUS^-1 | OUR	best LLR -5.18; testable
member	letters A-Z	TUNNELING^-1 | PRIMES | OUR	best LLR -9.35; testable
member	letters A-Z	TUNNELING^-1 | PRIMES^-1 | OUR	best LLR -8.87; testable
member	letters A-Z	TUNNELING^-1 | FIRFUMFERENFE^-1 | OWN	best LLR -8.84; testable
member	letters A-Z	TUNNELING^-1 | WELCOME^-1 | OWN	best LLR -5.86; testable
member	letters A-Z	TUNNELING^-1 | WISDOM^-1 | OWN	best LLR -5.36; testable
member	letters A-Z	TUNNELING^-1 | ANINSTRUCTION^-1 | OWN	best LLR -3.34; testable
member	letters A-Z	TUNNELING^-1 | ANEND^-1 | OWN	best LLR -4.50; testable
member	letters A-Z	TUNNELING^-1 | THE^-1 | OWN	best LLR -5.49; testable
member	letters A-Z	TUNNELING^-1 | INSTAR^-1 | OWN	best LLR -4.64; testable
member	letters A-Z	TUNNELING^-1 | WE^-1 | OWN	best LLR -5.86; testable
member	letters A-Z	TUNNELING^-1 | MUST | OWN	best LLR -4.41; testable
member	letters A-Z	TUNNELING^-1 | MUST^-1 | OWN	best LLR -7.55; testable
member	letters A-Z	TUNNELING^-1 | CIRCUMFERENCE^-1 | OWN	best LLR -5.38; testable
member	letters A-Z	TUNNELING^-1 | PRIMUS | OWN	best LLR -7.99; testable
member	letters A-Z	TUNNELING^-1 | PRIMUS^-1 | OWN	best LLR -5.18; testable
member	letters A-Z	TUNNELING^-1 | PRIMES | OWN	best LLR -9.35; testable
member	letters A-Z	TUNNELING^-1 | PRIMES^-1 | OWN	best LLR -8.87; testable
member	letters A-Z	TUNNELING^-1 | FIRFUMFERENFE^-1 | OWN^-1	best LLR -8.84; testable
member	letters A-Z	TUNNELING^-1 | WELCOME^-1 | OWN^-1	best LLR -5.86; testable
member	letters A-Z	TUNNELING^-1 | WISDOM^-1 | OWN^-1	best LLR -5.36; testable
member	letters A-Z	TUNNELING^-1 | ANINSTRUCTION^-1 | OWN^-1	best LLR -3.34; testable
member	letters A-Z	TUNNELING^-1 | ANEND^-1 | OWN^-1	best LLR -4.50; testable
member	letters A-Z	TUNNELING^-1 | THE^-1 | OWN^-1	best LLR -5.49; testable
member	letters A-Z	TUNNELING^-1 | INSTAR^-1 | OWN^-1	best LLR -4.64; testable
member	letters A-Z	TUNNELING^-1 | WE^-1 | OWN^-1	best LLR -5.86; testable
member	letters A-Z	TUNNELING^-1 | MUST | OWN^-1	best LLR -4.41; testable
member	letters A-Z	TUNNELING^-1 | MUST^-1 | OWN^-1	best LLR -7.55; testable
member	letters A-Z	TUNNELING^-1 | CIRCUMFERENCE^-1 | OWN^-1	best LLR -5.38; testable
member	letters A-Z	TUNNELING^-1 | PRIMUS | OWN^-1	best LLR -7.99; testable
member	letters A-Z	TUNNELING^-1 | PRIMUS^-1 | OWN^-1	best LLR -5.18; testable
member	letters A-Z	TUNNELING^-1 | PRIMES | OWN^-1	best LLR -9.35; testable
member	letters A-Z	TUNNELING^-1 | PRIMES^-1 | OWN^-1	best LLR -8.87; testable
member	letters A-Z	TUNNELING^-1 | FIRFUMFERENFE^-1 | CIRCUMFERENCES	best LLR -8.84; testable
member	letters A-Z	TUNNELING^-1 | WELCOME^-1 | CIRCUMFERENCES	best LLR -5.86; testable
member	letters A-Z	TUNNELING^-1 | WISDOM^-1 | CIRCUMFERENCES	best LLR -5.36; testable
member	letters A-Z	TUNNELING^-1 | ANINSTRUCTION^-1 | CIRCUMFERENCES	best LLR -3.34; testable
member	letters A-Z	TUNNELING^-1 | ANEND^-1 | CIRCUMFERENCES	best LLR -4.50; testable
member	letters A-Z	TUNNELING^-1 | THE^-1 | CIRCUMFERENCES	best LLR -5.49; testable
member	letters A-Z	TUNNELING^-1 | INSTAR^-1 | CIRCUMFERENCES	best LLR -4.64; testable
member	letters A-Z	TUNNELING^-1 | WE^-1 | CIRCUMFERENCES	best LLR -5.86; testable
member	letters A-Z	TUNNELING^-1 | MUST | CIRCUMFERENCES	best LLR -4.41; testable
member	letters A-Z	TUNNELING^-1 | MUST^-1 | CIRCUMFERENCES	best LLR -7.55; testable
member	letters A-Z	TUNNELING^-1 | CIRCUMFERENCE^-1 | CIRCUMFERENCES	best LLR -5.38; testable
member	letters A-Z	TUNNELING^-1 | PRIMUS | CIRCUMFERENCES	best LLR -7.99; testable
member	letters A-Z	TUNNELING^-1 | PRIMUS^-1 | CIRCUMFERENCES	best LLR -5.18; testable
member	letters A-Z	TUNNELING^-1 | PRIMES | CIRCUMFERENCES	best LLR -9.35; testable
member	letters A-Z	TUNNELING^-1 | PRIMES^-1 | CIRCUMFERENCES	best LLR -8.87; testable
member	letters A-Z	TUNNELING^-1 | FIRFUMFERENFE^-1 | CIRCUMFERENCES^-1	best LLR -8.84; testable
member	letters A-Z	TUNNELING^-1 | WELCOME^-1 | CIRCUMFERENCES^-1	best LLR -5.86; testable
member	letters A-Z	TUNNELING^-1 | WISDOM^-1 | CIRCUMFERENCES^-1	best LLR -5.36; testable
member	letters A-Z	TUNNELING^-1 | ANINSTRUCTION^-1 | CIRCUMFERENCES^-1	best LLR -3.34; testable
member	letters A-Z	TUNNELING^-1 | ANEND^-1 | CIRCUMFERENCES^-1	best LLR -4.50; testable
member	letters A-Z	TUNNELING^-1 | THE^-1 | CIRCUMFERENCES^-1	best LLR -5.49; testable
member	letters A-Z	TUNNELING^-1 | INSTAR^-1 | CIRCUMFERENCES^-1	best LLR -4.64; testable
member	letters A-Z	TUNNELING^-1 | WE^-1 | CIRCUMFERENCES^-1	best LLR -5.86; testable
member	letters A-Z	TUNNELING^-1 | MUST | CIRCUMFERENCES^-1	best LLR -4.41; testable
member	letters A-Z	TUNNELING^-1 | MUST^-1 | CIRCUMFERENCES^-1	best LLR -7.55; testable
member	letters A-Z	TUNNELING^-1 | CIRCUMFERENCE^-1 | CIRCUMFERENCES^-1	best LLR -5.38; testable
member	letters A-Z	TUNNELING^-1 | PRIMUS | CIRCUMFERENCES^-1	best LLR -7.99; testable
member	letters A-Z	TUNNELING^-1 | PRIMUS^-1 | CIRCUMFERENCES^-1	best LLR -5.18; testable
member	letters A-Z	TUNNELING^-1 | PRIMES | CIRCUMFERENCES^-1	best LLR -9.35; testable
member	letters A-Z	TUNNELING^-1 | PRIMES^-1 | CIRCUMFERENCES^-1	best LLR -8.87; testable
member	letters A-Z	TUNNELING^-1 | FIRFUMFERENFE^-1 | FIND	best LLR -8.84; testable
member	letters A-Z	TUNNELING^-1 | WELCOME^-1 | FIND	best LLR -5.86; testable
member	letters A-Z	TUNNELING^-1 | WISDOM^-1 | FIND	best LLR -5.36; testable
member	letters A-Z	TUNNELING^-1 | ANINSTRUCTION^-1 | FIND	best LLR -3.34; testable
member	letters A-Z	TUNNELING^-1 | ANEND^-1 | FIND	best LLR -4.50; testable
member	letters A-Z	TUNNELING^-1 | THE^-1 | FIND	best LLR -5.49; testable
member	letters A-Z	TUNNELING^-1 | INSTAR^-1 | FIND	best LLR -4.64; testable
member	letters A-Z	TUNNELING^-1 | WE^-1 | FIND	best LLR -5.86; testable
member	letters A-Z	TUNNELING^-1 | MUST | FIND	best LLR -4.41; testable
member	letters A-Z	TUNNELING^-1 | MUST^-1 | FIND	best LLR -7.55; testable
member	letters A-Z	TUNNELING^-1 | CIRCUMFERENCE^-1 | FIND	best LLR -5.38; testable
member	letters A-Z	TUNNELING^-1 | PRIMUS | FIND	best LLR -7.99; testable
member	letters A-Z	TUNNELING^-1 | PRIMUS^-1 | FIND	best LLR -5.18; testable
member	letters A-Z	TUNNELING^-1 | PRIMES | FIND	best LLR -9.35; testable
member	letters A-Z	TUNNELING^-1 | PRIMES^-1 | FIND	best LLR -8.87; testable
member	letters A-Z	TUNNELING^-1 | FIRFUMFERENFE^-1 | FIND^-1	best LLR -8.84; testable
member	letters A-Z	TUNNELING^-1 | WELCOME^-1 | FIND^-1	best LLR -5.86; testable
member	letters A-Z	TUNNELING^-1 | WISDOM^-1 | FIND^-1	best LLR -5.36; testable
member	letters A-Z	TUNNELING^-1 | ANINSTRUCTION^-1 | FIND^-1	best LLR -3.34; testable
member	letters A-Z	TUNNELING^-1 | ANEND^-1 | FIND^-1	best LLR -4.50; testable
member	letters A-Z	TUNNELING^-1 | THE^-1 | FIND^-1	best LLR -5.49; testable
member	letters A-Z	TUNNELING^-1 | INSTAR^-1 | FIND^-1	best LLR -4.64; testable
member	letters A-Z	TUNNELING^-1 | WE^-1 | FIND^-1	best LLR -5.86; testable
member	letters A-Z	TUNNELING^-1 | MUST | FIND^-1	best LLR -4.41; testable
member	letters A-Z	TUNNELING^-1 | MUST^-1 | FIND^-1	best LLR -7.55; testable
member	letters A-Z	TUNNELING^-1 | CIRCUMFERENCE^-1 | FIND^-1	best LLR -5.38; testable
member	letters A-Z	TUNNELING^-1 | PRIMUS | FIND^-1	best LLR -7.99; testable
member	letters A-Z	TUNNELING^-1 | PRIMUS^-1 | FIND^-1	best LLR -5.18; testable
member	letters A-Z	TUNNELING^-1 | PRIMES | FIND^-1	best LLR -9.35; testable
member	letters A-Z	TUNNELING^-1 | PRIMES^-1 | FIND^-1	best LLR -8.87; testable
member	letters A-Z	TUNNELING^-1 | FIRFUMFERENFE^-1 | WITHIN	best LLR -8.84; testable
member	letters A-Z	TUNNELING^-1 | WELCOME^-1 | WITHIN	best LLR -5.86; testable
member	letters A-Z	TUNNELING^-1 | WISDOM^-1 | WITHIN	best LLR -5.36; testable
member	letters A-Z	TUNNELING^-1 | ANINSTRUCTION^-1 | WITHIN	best LLR -3.34; testable
member	letters A-Z	TUNNELING^-1 | ANEND^-1 | WITHIN	best LLR -4.50; testable
member	letters A-Z	TUNNELING^-1 | THE^-1 | WITHIN	best LLR -5.49; testable
member	letters A-Z	TUNNELING^-1 | INSTAR^-1 | WITHIN	best LLR -4.64; testable
member	letters A-Z	TUNNELING^-1 | WE^-1 | WITHIN	best LLR -5.86; testable
member	letters A-Z	TUNNELING^-1 | MUST | WITHIN	best LLR -4.41; testable
member	letters A-Z	TUNNELING^-1 | MUST^-1 | WITHIN	best LLR -7.55; testable
member	letters A-Z	TUNNELING^-1 | CIRCUMFERENCE^-1 | WITHIN	best LLR -5.38; testable
member	letters A-Z	TUNNELING^-1 | PRIMUS | WITHIN	best LLR -7.99; testable
member	letters A-Z	TUNNELING^-1 | PRIMUS^-1 | WITHIN	best LLR -5.18; testable
member	letters A-Z	TUNNELING^-1 | PRIMES | WITHIN	best LLR -9.35; testable
member	letters A-Z	TUNNELING^-1 | PRIMES^-1 | WITHIN	best LLR -8.87; testable
member	letters A-Z	TUNNELING^-1 | FIRFUMFERENFE^-1 | WITHIN^-1	best LLR -8.84; testable
member	letters A-Z	TUNNELING^-1 | WELCOME^-1 | WITHIN^-1	best LLR -5.86; testable
member	letters A-Z	TUNNELING^-1 | WISDOM^-1 | WITHIN^-1	best LLR -5.36; testable
member	letters A-Z	TUNNELING^-1 | ANINSTRUCTION^-1 | WITHIN^-1	best LLR -3.34; testable
member	letters A-Z	TUNNELING^-1 | ANEND^-1 | WITHIN^-1	best LLR -4.50; testable
member	letters A-Z	TUNNELING^-1 | THE^-1 | WITHIN^-1	best LLR -5.49; testable
member	letters A-Z	TUNNELING^-1 | INSTAR^-1 | WITHIN^-1	best LLR -4.64; testable
member	letters A-Z	TUNNELING^-1 | WE^-1 | WITHIN^-1	best LLR -5.86; testable
member	letters A-Z	TUNNELING^-1 | MUST | WITHIN^-1	best LLR -4.41; testable
member	letters A-Z	TUNNELING^-1 | MUST^-1 | WITHIN^-1	best LLR -7.55; testable
member	letters A-Z	TUNNELING^-1 | CIRCUMFERENCE^-1 | WITHIN^-1	best LLR -5.38; testable
member	letters A-Z	TUNNELING^-1 | PRIMUS | WITHIN^-1	best LLR -7.99; testable
member	letters A-Z	TUNNELING^-1 | PRIMUS^-1 | WITHIN^-1	best LLR -5.18; testable
member	letters A-Z	TUNNELING^-1 | PRIMES | WITHIN^-1	best LLR -9.35; testable
member	letters A-Z	TUNNELING^-1 | PRIMES^-1 | WITHIN^-1	best LLR -8.87; testable
member	letters A-Z	TUNNELING^-1 | FIRFUMFERENFE^-1 | AND	best LLR -8.84; testable
member	letters A-Z	TUNNELING^-1 | WELCOME^-1 | AND	best LLR -5.86; testable
member	letters A-Z	TUNNELING^-1 | WISDOM^-1 | AND	best LLR -5.36; testable
member	letters A-Z	TUNNELING^-1 | ANINSTRUCTION^-1 | AND	best LLR -3.34; testable
member	letters A-Z	TUNNELING^-1 | ANEND^-1 | AND	best LLR -4.50; testable
member	letters A-Z	TUNNELING^-1 | THE^-1 | AND	best LLR -5.49; testable
member	letters A-Z	TUNNELING^-1 | INSTAR^-1 | AND	best LLR -4.64; testable
member	letters A-Z	TUNNELING^-1 | WE^-1 | AND	best LLR -5.86; testable
member	letters A-Z	TUNNELING^-1 | MUST | AND	best LLR -4.41; testable
member	letters A-Z	TUNNELING^-1 | MUST^-1 | AND	best LLR -7.55; testable
member	letters A-Z	TUNNELING^-1 | CIRCUMFERENCE^-1 | AND	best LLR -5.38; testable
member	letters A-Z	TUNNELING^-1 | PRIMUS | AND	best LLR -7.99; testable
member	letters A-Z	TUNNELING^-1 | PRIMUS^-1 | AND	best LLR -5.18; testable
member	letters A-Z	TUNNELING^-1 | PRIMES | AND	best LLR -9.35; testable
member	letters A-Z	TUNNELING^-1 | PRIMES^-1 | AND	best LLR -8.87; testable
member	letters A-Z	TUNNELING^-1 | FIRFUMFERENFE^-1 | AND^-1	best LLR -8.84; testable
member	letters A-Z	TUNNELING^-1 | WELCOME^-1 | AND^-1	best LLR -5.86; testable
member	letters A-Z	TUNNELING^-1 | WISDOM^-1 | AND^-1	best LLR -5.36; testable
member	letters A-Z	TUNNELING^-1 | ANINSTRUCTION^-1 | AND^-1	best LLR -3.34; testable
member	letters A-Z	TUNNELING^-1 | ANEND^-1 | AND^-1	best LLR -4.50; testable
member	letters A-Z	TUNNELING^-1 | THE^-1 | AND^-1	best LLR -5.49; testable
member	letters A-Z	TUNNELING^-1 | INSTAR^-1 | AND^-1	best LLR -4.64; testable
member	letters A-Z	TUNNELING^-1 | WE^-1 | AND^-1	best LLR -5.86; testable
member	letters A-Z	TUNNELING^-1 | MUST | AND^-1	best LLR -4.41; testable
member	letters A-Z	TUNNELING^-1 | MUST^-1 | AND^-1	best LLR -7.55; testable
member	letters A-Z	TUNNELING^-1 | CIRCUMFERENCE^-1 | AND^-1	best LLR -5.38; testable
member	letters A-Z	TUNNELING^-1 | PRIMUS | AND^-1	best LLR -7.99; testable
member	letters A-Z	TUNNELING^-1 | PRIMUS^-1 | AND^-1	best LLR -5.18; testable
member	letters A-Z	TUNNELING^-1 | PRIMES | AND^-1	best LLR -9.35; testable
member	letters A-Z	TUNNELING^-1 | PRIMES^-1 | AND^-1	best LLR -8.87; testable
member	letters A-Z	TUNNELING^-1 | FIRFUMFERENFE^-1 | EMERGE	best LLR -8.84; testable
member	letters A-Z	TUNNELING^-1 | WELCOME^-1 | EMERGE	best LLR -5.86; testable
member	letters A-Z	TUNNELING^-1 | WISDOM^-1 | EMERGE	best LLR -5.36; testable
member	letters A-Z	TUNNELING^-1 | ANINSTRUCTION^-1 | EMERGE	best LLR -3.34; testable
member	letters A-Z	TUNNELING^-1 | ANEND^-1 | EMERGE	best LLR -4.50; testable
member	letters A-Z	TUNNELING^-1 | THE^-1 | EMERGE	best LLR -5.49; testable
member	letters A-Z	TUNNELING^-1 | INSTAR^-1 | EMERGE	best LLR -4.64; testable
member	letters A-Z	TUNNELING^-1 | WE^-1 | EMERGE	best LLR -5.86; testable
member	letters A-Z	TUNNELING^-1 | MUST | EMERGE	best LLR -4.41; testable
member	letters A-Z	TUNNELING^-1 | MUST^-1 | EMERGE	best LLR -7.55; testable
member	letters A-Z	TUNNELING^-1 | CIRCUMFERENCE^-1 | EMERGE	best LLR -5.38; testable
member	letters A-Z	TUNNELING^-1 | PRIMUS | EMERGE	best LLR -7.99; testable
member	letters A-Z	TUNNELING^-1 | PRIMUS^-1 | EMERGE	best LLR -5.18; testable
member	letters A-Z	TUNNELING^-1 | PRIMES | EMERGE	best LLR -9.35; testable
member	letters A-Z	TUNNELING^-1 | PRIMES^-1 | EMERGE	best LLR -8.87; testable
member	letters A-Z	TUNNELING^-1 | FIRFUMFERENFE^-1 | EMERGE^-1	best LLR -8.84; testable
member	letters A-Z	TUNNELING^-1 | WELCOME^-1 | EMERGE^-1	best LLR -5.86; testable
member	letters A-Z	TUNNELING^-1 | WISDOM^-1 | EMERGE^-1	best LLR -5.36; testable
member	letters A-Z	TUNNELING^-1 | ANINSTRUCTION^-1 | EMERGE^-1	best LLR -3.34; testable
member	letters A-Z	TUNNELING^-1 | ANEND^-1 | EMERGE^-1	best LLR -4.50; testable
member	letters A-Z	TUNNELING^-1 | THE^-1 | EMERGE^-1	best LLR -5.49; testable
member	letters A-Z	TUNNELING^-1 | INSTAR^-1 | EMERGE^-1	best LLR -4.64; testable
member	letters A-Z	TUNNELING^-1 | WE^-1 | EMERGE^-1	best LLR -5.86; testable
member	letters A-Z	TUNNELING^-1 | MUST | EMERGE^-1	best LLR -4.41; testable
member	letters A-Z	TUNNELING^-1 | MUST^-1 | EMERGE^-1	best LLR -7.55; testable
member	letters A-Z	TUNNELING^-1 | CIRCUMFERENCE^-1 | EMERGE^-1	best LLR -5.38; testable
member	letters A-Z	TUNNELING^-1 | PRIMUS | EMERGE^-1	best LLR -7.99; testable
member	letters A-Z	TUNNELING^-1 | PRIMUS^-1 | EMERGE^-1	best LLR -5.18; testable
member	letters A-Z	TUNNELING^-1 | PRIMES | EMERGE^-1	best LLR -9.35; testable
member	letters A-Z	TUNNELING^-1 | PRIMES^-1 | EMERGE^-1	best LLR -8.87; testable
member	letters A-Z	TUNNELING^-1 | FIRFUMFERENFE^-1 | CIRCUMFERENCE	best LLR -8.84; testable
member	letters A-Z	TUNNELING^-1 | WELCOME^-1 | CIRCUMFERENCE	best LLR -5.86; testable
member	letters A-Z	TUNNELING^-1 | WISDOM^-1 | CIRCUMFERENCE	best LLR -5.36; testable
member	letters A-Z	TUNNELING^-1 | ANINSTRUCTION^-1 | CIRCUMFERENCE	best LLR -3.34; testable
member	letters A-Z	TUNNELING^-1 | ANEND^-1 | CIRCUMFERENCE	best LLR -4.50; testable
member	letters A-Z	TUNNELING^-1 | THE^-1 | CIRCUMFERENCE	best LLR -5.49; testable
member	letters A-Z	TUNNELING^-1 | INSTAR^-1 | CIRCUMFERENCE	best LLR -4.64; testable
member	letters A-Z	TUNNELING^-1 | WE^-1 | CIRCUMFERENCE	best LLR -5.86; testable
member	letters A-Z	TUNNELING^-1 | MUST | CIRCUMFERENCE	best LLR -4.41; testable
member	letters A-Z	TUNNELING^-1 | MUST^-1 | CIRCUMFERENCE	best LLR -7.55; testable
member	letters A-Z	TUNNELING^-1 | CIRCUMFERENCE^-1 | CIRCUMFERENCE	best LLR -5.38; testable
member	letters A-Z	TUNNELING^-1 | PRIMUS | CIRCUMFERENCE	best LLR -7.99; testable
member	letters A-Z	TUNNELING^-1 | PRIMUS^-1 | CIRCUMFERENCE	best LLR -5.18; testable
member	letters A-Z	TUNNELING^-1 | PRIMES | CIRCUMFERENCE	best LLR -9.35; testable
member	letters A-Z	TUNNELING^-1 | PRIMES^-1 | CIRCUMFERENCE	best LLR -8.87; testable
member	letters A-Z	TUNNELING^-1 | FIRFUMFERENFE^-1 | CIRCUMFERENCE^-1	best LLR -8.84; testable
member	letters A-Z	TUNNELING^-1 | WELCOME^-1 | CIRCUMFERENCE^-1	best LLR -5.86; testable
member	letters A-Z	TUNNELING^-1 | WISDOM^-1 | CIRCUMFERENCE^-1	best LLR -5.36; testable
member	letters A-Z	TUNNELING^-1 | ANINSTRUCTION^-1 | CIRCUMFERENCE^-1	best LLR -3.34; testable
member	letters A-Z	TUNNELING^-1 | ANEND^-1 | CIRCUMFERENCE^-1	best LLR -4.50; testable
member	letters A-Z	TUNNELING^-1 | THE^-1 | CIRCUMFERENCE^-1	best LLR -5.49; testable
member	letters A-Z	TUNNELING^-1 | INSTAR^-1 | CIRCUMFERENCE^-1	best LLR -4.64; testable
member	letters A-Z	TUNNELING^-1 | WE^-1 | CIRCUMFERENCE^-1	best LLR -5.86; testable
member	letters A-Z	TUNNELING^-1 | MUST | CIRCUMFERENCE^-1	best LLR -4.41; testable
member	letters A-Z	TUNNELING^-1 | MUST^-1 | CIRCUMFERENCE^-1	best LLR -7.55; testable
member	letters A-Z	TUNNELING^-1 | CIRCUMFERENCE^-1 | CIRCUMFERENCE^-1	best LLR -5.38; testable
member	letters A-Z	TUNNELING^-1 | PRIMUS | CIRCUMFERENCE^-1	best LLR -7.99; testable
member	letters A-Z	TUNNELING^-1 | PRIMUS^-1 | CIRCUMFERENCE^-1	best LLR -5.18; testable
member	letters A-Z	TUNNELING^-1 | PRIMES | CIRCUMFERENCE^-1	best LLR -9.35; testable
member	letters A-Z	TUNNELING^-1 | PRIMES^-1 | CIRCUMFERENCE^-1	best LLR -8.87; testable
member	letters A-Z	TUNNELING^-1 | FIRFUMFERENFE^-1 | LIBERPRIMUS	best LLR -8.84; testable
member	letters A-Z	TUNNELING^-1 | WELCOME^-1 | LIBERPRIMUS	best LLR -5.86; testable
member	letters A-Z	TUNNELING^-1 | WISDOM^-1 | LIBERPRIMUS	best LLR -5.36; testable
member	letters A-Z	TUNNELING^-1 | ANINSTRUCTION^-1 | LIBERPRIMUS	best LLR -3.34; testable
member	letters A-Z	TUNNELING^-1 | ANEND^-1 | LIBERPRIMUS	best LLR -4.50; testable
member	letters A-Z	TUNNELING^-1 | THE^-1 | LIBERPRIMUS	best LLR -5.49; testable
member	letters A-Z	TUNNELING^-1 | INSTAR^-1 | LIBERPRIMUS	best LLR -4.64; testable
member	letters A-Z	TUNNELING^-1 | WE^-1 | LIBERPRIMUS	best LLR -5.86; testable
member	letters A-Z	TUNNELING^-1 | MUST | LIBERPRIMUS	best LLR -4.41; testable
member	letters A-Z	TUNNELING^-1 | MUST^-1 | LIBERPRIMUS	best LLR -7.55; testable
member	letters A-Z	TUNNELING^-1 | CIRCUMFERENCE^-1 | LIBERPRIMUS	best LLR -5.38; testable
member	letters A-Z	TUNNELING^-1 | PRIMUS | LIBERPRIMUS	best LLR -7.99; testable
member	letters A-Z	TUNNELING^-1 | PRIMUS^-1 | LIBERPRIMUS	best LLR -5.18; testable
member	letters A-Z	TUNNELING^-1 | PRIMES | LIBERPRIMUS	best LLR -9.35; testable
member	letters A-Z	TUNNELING^-1 | PRIMES^-1 | LIBERPRIMUS	best LLR -8.87; testable
member	letters A-Z	TUNNELING^-1 | FIRFUMFERENFE^-1 | LIBERPRIMUS^-1	best LLR -8.84; testable
member	letters A-Z	TUNNELING^-1 | WELCOME^-1 | LIBERPRIMUS^-1	best LLR -5.86; testable
member	letters A-Z	TUNNELING^-1 | WISDOM^-1 | LIBERPRIMUS^-1	best LLR -5.36; testable
member	letters A-Z	TUNNELING^-1 | ANINSTRUCTION^-1 | LIBERPRIMUS^-1	best LLR -3.34; testable
member	letters A-Z	TUNNELING^-1 | ANEND^-1 | LIBERPRIMUS^-1	best LLR -4.50; testable
member	letters A-Z	TUNNELING^-1 | THE^-1 | LIBERPRIMUS^-1	best LLR -5.49; testable
member	letters A-Z	TUNNELING^-1 | INSTAR^-1 | LIBERPRIMUS^-1	best LLR -4.64; testable
member	letters A-Z	TUNNELING^-1 | WE^-1 | LIBERPRIMUS^-1	best LLR -5.86; testable
member	letters A-Z	TUNNELING^-1 | MUST | LIBERPRIMUS^-1	best LLR -4.41; testable
member	letters A-Z	TUNNELING^-1 | MUST^-1 | LIBERPRIMUS^-1	best LLR -7.55; testable
member	letters A-Z	TUNNELING^-1 | CIRCUMFERENCE^-1 | LIBERPRIMUS^-1	best LLR -5.38; testable
member	letters A-Z	TUNNELING^-1 | PRIMUS | LIBERPRIMUS^-1	best LLR -7.99; testable
member	letters A-Z	TUNNELING^-1 | PRIMUS^-1 | LIBERPRIMUS^-1	best LLR -5.18; testable
member	letters A-Z	TUNNELING^-1 | PRIMES | LIBERPRIMUS^-1	best LLR -9.35; testable
member	letters A-Z	TUNNELING^-1 | PRIMES^-1 | LIBERPRIMUS^-1	best LLR -8.87; testable
member	letters A-Z	TUNNELING^-1 | FIRFUMFERENFE^-1 | PRIMUS	best LLR -8.84; testable
member	letters A-Z	TUNNELING^-1 | WELCOME^-1 | PRIMUS	best LLR -5.86; testable
member	letters A-Z	TUNNELING^-1 | WISDOM^-1 | PRIMUS	best LLR -5.36; testable
member	letters A-Z	TUNNELING^-1 | ANINSTRUCTION^-1 | PRIMUS	best LLR -3.34; testable
member	letters A-Z	TUNNELING^-1 | ANEND^-1 | PRIMUS	best LLR -4.50; testable
member	letters A-Z	TUNNELING^-1 | THE^-1 | PRIMUS	best LLR -5.49; testable
member	letters A-Z	TUNNELING^-1 | INSTAR^-1 | PRIMUS	best LLR -4.64; testable
member	letters A-Z	TUNNELING^-1 | WE^-1 | PRIMUS	best LLR -5.86; testable
member	letters A-Z	TUNNELING^-1 | MUST | PRIMUS	best LLR -4.41; testable
member	letters A-Z	TUNNELING^-1 | MUST^-1 | PRIMUS	best LLR -7.55; testable
member	letters A-Z	TUNNELING^-1 | CIRCUMFERENCE^-1 | PRIMUS	best LLR -5.38; testable
member	letters A-Z	TUNNELING^-1 | PRIMUS | PRIMUS	best LLR -7.99; testable
member	letters A-Z	TUNNELING^-1 | PRIMUS^-1 | PRIMUS	best LLR -5.18; testable
member	letters A-Z	TUNNELING^-1 | PRIMES | PRIMUS	best LLR -9.35; testable
member	letters A-Z	TUNNELING^-1 | PRIMES^-1 | PRIMUS	best LLR -8.87; testable
member	letters A-Z	TUNNELING^-1 | FIRFUMFERENFE^-1 | PRIMUS^-1	best LLR -8.84; testable
member	letters A-Z	TUNNELING^-1 | WELCOME^-1 | PRIMUS^-1	best LLR -5.86; testable
member	letters A-Z	TUNNELING^-1 | WISDOM^-1 | PRIMUS^-1	best LLR -5.36; testable
member	letters A-Z	TUNNELING^-1 | ANINSTRUCTION^-1 | PRIMUS^-1	best LLR -3.34; testable
member	letters A-Z	TUNNELING^-1 | ANEND^-1 | PRIMUS^-1	best LLR -4.50; testable
member	letters A-Z	TUNNELING^-1 | THE^-1 | PRIMUS^-1	best LLR -5.49; testable
member	letters A-Z	TUNNELING^-1 | INSTAR^-1 | PRIMUS^-1	best LLR -4.64; testable
member	letters A-Z	TUNNELING^-1 | WE^-1 | PRIMUS^-1	best LLR -5.86; testable
member	letters A-Z	TUNNELING^-1 | MUST | PRIMUS^-1	best LLR -4.41; testable
member	letters A-Z	TUNNELING^-1 | MUST^-1 | PRIMUS^-1	best LLR -7.55; testable
member	letters A-Z	TUNNELING^-1 | CIRCUMFERENCE^-1 | PRIMUS^-1	best LLR -5.38; testable
member	letters A-Z	TUNNELING^-1 | PRIMUS | PRIMUS^-1	best LLR -7.99; testable
member	letters A-Z	TUNNELING^-1 | PRIMUS^-1 | PRIMUS^-1	best LLR -5.18; testable
member	letters A-Z	TUNNELING^-1 | PRIMES | PRIMUS^-1	best LLR -9.35; testable
member	letters A-Z	TUNNELING^-1 | PRIMES^-1 | PRIMUS^-1	best LLR -8.87; testable
member	letters A-Z	TUNNELING^-1 | FIRFUMFERENFE^-1 | CICADA	best LLR -8.84; testable
member	letters A-Z	TUNNELING^-1 | WELCOME^-1 | CICADA	best LLR -5.86; testable
member	letters A-Z	TUNNELING^-1 | WISDOM^-1 | CICADA	best LLR -5.36; testable
member	letters A-Z	TUNNELING^-1 | ANINSTRUCTION^-1 | CICADA	best LLR -3.34; testable
member	letters A-Z	TUNNELING^-1 | ANEND^-1 | CICADA	best LLR -4.50; testable
member	letters A-Z	TUNNELING^-1 | THE^-1 | CICADA	best LLR -5.49; testable
member	letters A-Z	TUNNELING^-1 | INSTAR^-1 | CICADA	best LLR -4.64; testable
member	letters A-Z	TUNNELING^-1 | WE^-1 | CICADA	best LLR -5.86; testable
member	letters A-Z	TUNNELING^-1 | MUST | CICADA	best LLR -4.41; testable
member	letters A-Z	TUNNELING^-1 | MUST^-1 | CICADA	best LLR -7.55; testable
member	letters A-Z	TUNNELING^-1 | CIRCUMFERENCE^-1 | CICADA	best LLR -5.38; testable
member	letters A-Z	TUNNELING^-1 | PRIMUS | CICADA	best LLR -7.99; testable
member	letters A-Z	TUNNELING^-1 | PRIMUS^-1 | CICADA	best LLR -5.18; testable
member	letters A-Z	TUNNELING^-1 | PRIMES | CICADA	best LLR -9.35; testable
member	letters A-Z	TUNNELING^-1 | PRIMES^-1 | CICADA	best LLR -8.87; testable
member	letters A-Z	TUNNELING^-1 | FIRFUMFERENFE^-1 | CICADA^-1	best LLR -8.84; testable
member	letters A-Z	TUNNELING^-1 | WELCOME^-1 | CICADA^-1	best LLR -5.86; testable
member	letters A-Z	TUNNELING^-1 | WISDOM^-1 | CICADA^-1	best LLR -5.36; testable
member	letters A-Z	TUNNELING^-1 | ANINSTRUCTION^-1 | CICADA^-1	best LLR -3.34; testable
member	letters A-Z	TUNNELING^-1 | ANEND^-1 | CICADA^-1	best LLR -4.50; testable
member	letters A-Z	TUNNELING^-1 | THE^-1 | CICADA^-1	best LLR -5.49; testable
member	letters A-Z	TUNNELING^-1 | INSTAR^-1 | CICADA^-1	best LLR -4.64; testable
member	letters A-Z	TUNNELING^-1 | WE^-1 | CICADA^-1	best LLR -5.86; testable
member	letters A-Z	TUNNELING^-1 | MUST | CICADA^-1	best LLR -4.41; testable
member	letters A-Z	TUNNELING^-1 | MUST^-1 | CICADA^-1	best LLR -7.55; testable
member	letters A-Z	TUNNELING^-1 | CIRCUMFERENCE^-1 | CICADA^-1	best LLR -5.38; testable
member	letters A-Z	TUNNELING^-1 | PRIMUS | CICADA^-1	best LLR -7.99; testable
member	letters A-Z	TUNNELING^-1 | PRIMUS^-1 | CICADA^-1	best LLR -5.18; testable
member	letters A-Z	TUNNELING^-1 | PRIMES | CICADA^-1	best LLR -9.35; testable
member	letters A-Z	TUNNELING^-1 | PRIMES^-1 | CICADA^-1	best LLR -8.87; testable
member	letters A-Z	TUNNELING^-1 | FIRFUMFERENFE^-1 | PRIMES	best LLR -8.84; testable
member	letters A-Z	TUNNELING^-1 | WELCOME^-1 | PRIMES	best LLR -5.86; testable
member	letters A-Z	TUNNELING^-1 | WISDOM^-1 | PRIMES	best LLR -5.36; testable
member	letters A-Z	TUNNELING^-1 | ANINSTRUCTION^-1 | PRIMES	best LLR -3.34; testable
member	letters A-Z	TUNNELING^-1 | ANEND^-1 | PRIMES	best LLR -4.50; testable
member	letters A-Z	TUNNELING^-1 | THE^-1 | PRIMES	best LLR -5.49; testable
member	letters A-Z	TUNNELING^-1 | INSTAR^-1 | PRIMES	best LLR -4.64; testable
member	letters A-Z	TUNNELING^-1 | WE^-1 | PRIMES	best LLR -5.86; testable
member	letters A-Z	TUNNELING^-1 | MUST | PRIMES	best LLR -4.41; testable
member	letters A-Z	TUNNELING^-1 | MUST^-1 | PRIMES	best LLR -7.55; testable
member	letters A-Z	TUNNELING^-1 | CIRCUMFERENCE^-1 | PRIMES	best LLR -5.38; testable
member	letters A-Z	TUNNELING^-1 | PRIMUS | PRIMES	best LLR -7.99; testable
member	letters A-Z	TUNNELING^-1 | PRIMUS^-1 | PRIMES	best LLR -5.18; testable
member	letters A-Z	TUNNELING^-1 | PRIMES | PRIMES	best LLR -9.35; testable
member	letters A-Z	TUNNELING^-1 | PRIMES^-1 | PRIMES	best LLR -8.87; testable
member	letters A-Z	TUNNELING^-1 | FIRFUMFERENFE^-1 | PRIMES^-1	best LLR -8.84; testable
member	letters A-Z	TUNNELING^-1 | WELCOME^-1 | PRIMES^-1	best LLR -5.86; testable
member	letters A-Z	TUNNELING^-1 | WISDOM^-1 | PRIMES^-1	best LLR -5.36; testable
member	letters A-Z	TUNNELING^-1 | ANINSTRUCTION^-1 | PRIMES^-1	best LLR -3.34; testable
member	letters A-Z	TUNNELING^-1 | ANEND^-1 | PRIMES^-1	best LLR -4.50; testable
member	letters A-Z	TUNNELING^-1 | THE^-1 | PRIMES^-1	best LLR -5.49; testable
member	letters A-Z	TUNNELING^-1 | INSTAR^-1 | PRIMES^-1	best LLR -4.64; testable
member	letters A-Z	TUNNELING^-1 | WE^-1 | PRIMES^-1	best LLR -5.86; testable
member	letters A-Z	TUNNELING^-1 | MUST | PRIMES^-1	best LLR -4.41; testable
member	letters A-Z	TUNNELING^-1 | MUST^-1 | PRIMES^-1	best LLR -7.55; testable
member	letters A-Z	TUNNELING^-1 | CIRCUMFERENCE^-1 | PRIMES^-1	best LLR -5.38; testable
member	letters A-Z	TUNNELING^-1 | PRIMUS | PRIMES^-1	best LLR -7.99; testable
member	letters A-Z	TUNNELING^-1 | PRIMUS^-1 | PRIMES^-1	best LLR -5.18; testable
member	letters A-Z	TUNNELING^-1 | PRIMES | PRIMES^-1	best LLR -9.35; testable
member	letters A-Z	TUNNELING^-1 | PRIMES^-1 | PRIMES^-1	best LLR -8.87; testable
member	letters A-Z	TUNNELING^-1 | FIRFUMFERENFE^-1 | TOTIENT	best LLR -8.84; testable
member	letters A-Z	TUNNELING^-1 | WELCOME^-1 | TOTIENT	best LLR -5.86; testable
member	letters A-Z	TUNNELING^-1 | WISDOM^-1 | TOTIENT	best LLR -5.36; testable
member	letters A-Z	TUNNELING^-1 | ANINSTRUCTION^-1 | TOTIENT	best LLR -3.34; testable
member	letters A-Z	TUNNELING^-1 | ANEND^-1 | TOTIENT	best LLR -4.50; testable
member	letters A-Z	TUNNELING^-1 | THE^-1 | TOTIENT	best LLR -5.49; testable
member	letters A-Z	TUNNELING^-1 | INSTAR^-1 | TOTIENT	best LLR -4.64; testable
member	letters A-Z	TUNNELING^-1 | WE^-1 | TOTIENT	best LLR -5.86; testable
member	letters A-Z	TUNNELING^-1 | MUST | TOTIENT	best LLR -4.41; testable
member	letters A-Z	TUNNELING^-1 | MUST^-1 | TOTIENT	best LLR -7.55; testable
member	letters A-Z	TUNNELING^-1 | CIRCUMFERENCE^-1 | TOTIENT	best LLR -5.38; testable
member	letters A-Z	TUNNELING^-1 | PRIMUS | TOTIENT	best LLR -7.99; testable
member	letters A-Z	TUNNELING^-1 | PRIMUS^-1 | TOTIENT	best LLR -5.18; testable
member	letters A-Z	TUNNELING^-1 | PRIMES | TOTIENT	best LLR -9.35; testable
member	letters A-Z	TUNNELING^-1 | PRIMES^-1 | TOTIENT	best LLR -8.87; testable
member	letters A-Z	TUNNELING^-1 | FIRFUMFERENFE^-1 | TOTIENT^-1	best LLR -8.84; testable
member	letters A-Z	TUNNELING^-1 | WELCOME^-1 | TOTIENT^-1	best LLR -5.86; testable
member	letters A-Z	TUNNELING^-1 | WISDOM^-1 | TOTIENT^-1	best LLR -5.36; testable
member	letters A-Z	TUNNELING^-1 | ANINSTRUCTION^-1 | TOTIENT^-1	best LLR -3.34; testable
member	letters A-Z	TUNNELING^-1 | ANEND^-1 | TOTIENT^-1	best LLR -4.50; testable
member	letters A-Z	TUNNELING^-1 | THE^-1 | TOTIENT^-1	best LLR -5.49; testable
member	letters A-Z	TUNNELING^-1 | INSTAR^-1 | TOTIENT^-1	best LLR -4.64; testable
member	letters A-Z	TUNNELING^-1 | WE^-1 | TOTIENT^-1	best LLR -5.86; testable
member	letters A-Z	TUNNELING^-1 | MUST | TOTIENT^-1	best LLR -4.41; testable
member	letters A-Z	TUNNELING^-1 | MUST^-1 | TOTIENT^-1	best LLR -7.55; testable
member	letters A-Z	TUNNELING^-1 | CIRCUMFERENCE^-1 | TOTIENT^-1	best LLR -5.38; testable
member	letters A-Z	TUNNELING^-1 | PRIMUS | TOTIENT^-1	best LLR -7.99; testable
member	letters A-Z	TUNNELING^-1 | PRIMUS^-1 | TOTIENT^-1	best LLR -5.18; testable
member	letters A-Z	TUNNELING^-1 | PRIMES | TOTIENT^-1	best LLR -9.35; testable
member	letters A-Z	TUNNELING^-1 | PRIMES^-1 | TOTIENT^-1	best LLR -8.87; testable
member	letters A-Z	TO | LIKE^-1 | DIVINITY^-1	best LLR -8.49; testable
member	letters A-Z	TO | FIND | DIVINITY^-1	best LLR -9.43; testable
member	letters A-Z	TO | AWARNING | THELOSSOFDIVINITY^-1	best LLR -9.31; testable
member	letters A-Z	TO | ANINSTRUCTION | THELOSSOFDIVINITY^-1	best LLR -8.72; testable
member	letters A-Z	TO | LIKE^-1 | THELOSSOFDIVINITY^-1	best LLR -8.20; testable
member	letters A-Z	TO | WE | THELOSSOFDIVINITY^-1	best LLR -6.06; testable
member	letters A-Z	SURFACE | AKOAN | DIVINITY^-1	best LLR -7.73; testable
member	letters A-Z	SURFACE | SURFACE^-1 | DIVINITY^-1	best LLR -7.92; testable
member	letters A-Z	SURFACE | WE | DIVINITY^-1	best LLR -9.04; testable
member	letters A-Z	SURFACE | LIKE^-1 | THELOSSOFDIVINITY^-1	best LLR -5.72; testable
member	letters A-Z	SURFACE | TUNNELING^-1 | THELOSSOFDIVINITY^-1	best LLR -8.32; testable
member	letters A-Z	SURFACE | WE | THELOSSOFDIVINITY^-1	best LLR -7.37; testable
member	letters A-Z	SURFACE^-1 | DIVINITY | id	best LLR -4.55; testable
member	letters A-Z	SURFACE^-1 | FIRFUMFERENFE | id	best LLR -8.84; testable
member	letters A-Z	SURFACE^-1 | SOMEWISDOM^-1 | id	best LLR -8.34; testable
member	letters A-Z	SURFACE^-1 | KNOWTHIS | id	best LLR -9.94; testable
member	letters A-Z	SURFACE^-1 | AKOAN | id	best LLR -9.71; testable
member	letters A-Z	SURFACE^-1 | THELOSSOFDIVINITY | id	best LLR -3.79; testable
member	letters A-Z	SURFACE^-1 | ANEND^-1 | id	best LLR -9.27; testable
member	letters A-Z	SURFACE^-1 | LIKE | id	best LLR -6.98; testable
member	letters A-Z	SURFACE^-1 | INSTAR | id	best LLR -7.61; testable
member	letters A-Z	SURFACE^-1 | INSTAR^-1 | id	best LLR -6.69; testable
member	letters A-Z	SURFACE^-1 | OWN^-1 | id	best LLR -9.20; testable
member	letters A-Z	SURFACE^-1 | CIRCUMFERENCES^-1 | id	best LLR -9.44; testable
member	letters A-Z	SURFACE^-1 | FIND | id	best LLR -6.61; testable
member	letters A-Z	SURFACE^-1 | WITHIN | id	best LLR -9.86; testable
member	letters A-Z	SURFACE^-1 | EMERGE^-1 | id	best LLR -9.86; testable
member	letters A-Z	SURFACE^-1 | PRIMUS | id	best LLR -8.82; testable
member	letters A-Z	SURFACE^-1 | PRIMUS^-1 | id	best LLR -8.28; testable
member	letters A-Z	SURFACE^-1 | PRIMES | id	best LLR -9.68; testable
member	letters A-Z	SURFACE^-1 | TOTIENT | id	best LLR -5.43; testable
member	letters A-Z	SURFACE^-1 | TOTIENT^-1 | id	best LLR -6.95; testable
member	letters A-Z	SURFACE^-1 | ANEND^-1 | DIVINITY	best LLR -9.44; testable
member	letters A-Z	SURFACE^-1 | THE | DIVINITY	best LLR -7.61; testable
member	letters A-Z	SURFACE^-1 | PRIMUS^-1 | DIVINITY	best LLR -7.66; testable
member	letters A-Z	SURFACE^-1 | TOTIENT^-1 | DIVINITY	best LLR -8.29; testable
member	letters A-Z	SURFACE^-1 | ANEND^-1 | DIVINITY^-1	best LLR -4.31; testable
member	letters A-Z	SURFACE^-1 | OWN^-1 | DIVINITY^-1	best LLR -4.59; testable
member	letters A-Z	SURFACE^-1 | DIVINITY | FIRFUMFERENFE	best LLR -4.55; testable
member	letters A-Z	SURFACE^-1 | FIRFUMFERENFE | FIRFUMFERENFE	best LLR -8.84; testable
member	letters A-Z	SURFACE^-1 | SOMEWISDOM^-1 | FIRFUMFERENFE	best LLR -8.34; testable
member	letters A-Z	SURFACE^-1 | KNOWTHIS | FIRFUMFERENFE	best LLR -9.94; testable
member	letters A-Z	SURFACE^-1 | AKOAN | FIRFUMFERENFE	best LLR -9.71; testable
member	letters A-Z	SURFACE^-1 | THELOSSOFDIVINITY | FIRFUMFERENFE	best LLR -3.79; testable
member	letters A-Z	SURFACE^-1 | ANEND^-1 | FIRFUMFERENFE	best LLR -9.27; testable
member	letters A-Z	SURFACE^-1 | LIKE | FIRFUMFERENFE	best LLR -6.98; testable
member	letters A-Z	SURFACE^-1 | INSTAR | FIRFUMFERENFE	best LLR -7.61; testable
member	letters A-Z	SURFACE^-1 | INSTAR^-1 | FIRFUMFERENFE	best LLR -6.69; testable
member	letters A-Z	SURFACE^-1 | OWN^-1 | FIRFUMFERENFE	best LLR -9.20; testable
member	letters A-Z	SURFACE^-1 | CIRCUMFERENCES^-1 | FIRFUMFERENFE	best LLR -9.44; testable
member	letters A-Z	SURFACE^-1 | FIND | FIRFUMFERENFE	best LLR -6.61; testable
member	letters A-Z	SURFACE^-1 | WITHIN | FIRFUMFERENFE	best LLR -9.86; testable
member	letters A-Z	SURFACE^-1 | EMERGE^-1 | FIRFUMFERENFE	best LLR -9.86; testable
member	letters A-Z	SURFACE^-1 | PRIMUS | FIRFUMFERENFE	best LLR -8.82; testable
member	letters A-Z	SURFACE^-1 | PRIMUS^-1 | FIRFUMFERENFE	best LLR -8.28; testable
member	letters A-Z	SURFACE^-1 | PRIMES | FIRFUMFERENFE	best LLR -9.68; testable
member	letters A-Z	SURFACE^-1 | TOTIENT | FIRFUMFERENFE	best LLR -5.43; testable
member	letters A-Z	SURFACE^-1 | TOTIENT^-1 | FIRFUMFERENFE	best LLR -6.95; testable
member	letters A-Z	SURFACE^-1 | DIVINITY | FIRFUMFERENFE^-1	best LLR -4.55; testable
member	letters A-Z	SURFACE^-1 | FIRFUMFERENFE | FIRFUMFERENFE^-1	best LLR -8.84; testable
member	letters A-Z	SURFACE^-1 | SOMEWISDOM^-1 | FIRFUMFERENFE^-1	best LLR -8.34; testable
member	letters A-Z	SURFACE^-1 | KNOWTHIS | FIRFUMFERENFE^-1	best LLR -9.94; testable
member	letters A-Z	SURFACE^-1 | AKOAN | FIRFUMFERENFE^-1	best LLR -9.71; testable
member	letters A-Z	SURFACE^-1 | THELOSSOFDIVINITY | FIRFUMFERENFE^-1	best LLR -3.79; testable
member	letters A-Z	SURFACE^-1 | ANEND^-1 | FIRFUMFERENFE^-1	best LLR -9.27; testable
member	letters A-Z	SURFACE^-1 | LIKE | FIRFUMFERENFE^-1	best LLR -6.98; testable
member	letters A-Z	SURFACE^-1 | INSTAR | FIRFUMFERENFE^-1	best LLR -7.61; testable
member	letters A-Z	SURFACE^-1 | INSTAR^-1 | FIRFUMFERENFE^-1	best LLR -6.69; testable
member	letters A-Z	SURFACE^-1 | OWN^-1 | FIRFUMFERENFE^-1	best LLR -9.20; testable
member	letters A-Z	SURFACE^-1 | CIRCUMFERENCES^-1 | FIRFUMFERENFE^-1	best LLR -9.44; testable
member	letters A-Z	SURFACE^-1 | FIND | FIRFUMFERENFE^-1	best LLR -6.61; testable
member	letters A-Z	SURFACE^-1 | WITHIN | FIRFUMFERENFE^-1	best LLR -9.86; testable
member	letters A-Z	SURFACE^-1 | EMERGE^-1 | FIRFUMFERENFE^-1	best LLR -9.86; testable
member	letters A-Z	SURFACE^-1 | PRIMUS | FIRFUMFERENFE^-1	best LLR -8.82; testable
member	letters A-Z	SURFACE^-1 | PRIMUS^-1 | FIRFUMFERENFE^-1	best LLR -8.28; testable
member	letters A-Z	SURFACE^-1 | PRIMES | FIRFUMFERENFE^-1	best LLR -9.68; testable
member	letters A-Z	SURFACE^-1 | TOTIENT | FIRFUMFERENFE^-1	best LLR -5.43; testable
member	letters A-Z	SURFACE^-1 | TOTIENT^-1 | FIRFUMFERENFE^-1	best LLR -6.95; testable
member	letters A-Z	SURFACE^-1 | DIVINITY | AWARNING	best LLR -4.55; testable
member	letters A-Z	SURFACE^-1 | FIRFUMFERENFE | AWARNING	best LLR -8.84; testable
member	letters A-Z	SURFACE^-1 | SOMEWISDOM^-1 | AWARNING	best LLR -8.34; testable
member	letters A-Z	SURFACE^-1 | KNOWTHIS | AWARNING	best LLR -9.94; testable
member	letters A-Z	SURFACE^-1 | AKOAN | AWARNING	best LLR -9.71; testable
member	letters A-Z	SURFACE^-1 | THELOSSOFDIVINITY | AWARNING	best LLR -3.79; testable
member	letters A-Z	SURFACE^-1 | ANEND^-1 | AWARNING	best LLR -9.27; testable
member	letters A-Z	SURFACE^-1 | LIKE | AWARNING	best LLR -6.98; testable
member	letters A-Z	SURFACE^-1 | INSTAR | AWARNING	best LLR -7.61; testable
member	letters A-Z	SURFACE^-1 | INSTAR^-1 | AWARNING	best LLR -6.69; testable
member	letters A-Z	SURFACE^-1 | OWN^-1 | AWARNING	best LLR -9.20; testable
member	letters A-Z	SURFACE^-1 | CIRCUMFERENCES^-1 | AWARNING	best LLR -9.44; testable
member	letters A-Z	SURFACE^-1 | FIND | AWARNING	best LLR -6.61; testable
member	letters A-Z	SURFACE^-1 | WITHIN | AWARNING	best LLR -9.86; testable
member	letters A-Z	SURFACE^-1 | EMERGE^-1 | AWARNING	best LLR -9.86; testable
member	letters A-Z	SURFACE^-1 | PRIMUS | AWARNING	best LLR -8.82; testable
member	letters A-Z	SURFACE^-1 | PRIMUS^-1 | AWARNING	best LLR -8.28; testable
member	letters A-Z	SURFACE^-1 | PRIMES | AWARNING	best LLR -9.68; testable
member	letters A-Z	SURFACE^-1 | TOTIENT | AWARNING	best LLR -5.43; testable
member	letters A-Z	SURFACE^-1 | TOTIENT^-1 | AWARNING	best LLR -6.95; testable
member	letters A-Z	SURFACE^-1 | DIVINITY | AWARNING^-1	best LLR -4.55; testable
member	letters A-Z	SURFACE^-1 | FIRFUMFERENFE | AWARNING^-1	best LLR -8.84; testable
member	letters A-Z	SURFACE^-1 | SOMEWISDOM^-1 | AWARNING^-1	best LLR -8.34; testable
member	letters A-Z	SURFACE^-1 | KNOWTHIS | AWARNING^-1	best LLR -9.94; testable
member	letters A-Z	SURFACE^-1 | AKOAN | AWARNING^-1	best LLR -9.71; testable
member	letters A-Z	SURFACE^-1 | THELOSSOFDIVINITY | AWARNING^-1	best LLR -3.79; testable
member	letters A-Z	SURFACE^-1 | ANEND^-1 | AWARNING^-1	best LLR -9.27; testable
member	letters A-Z	SURFACE^-1 | LIKE | AWARNING^-1	best LLR -6.98; testable
member	letters A-Z	SURFACE^-1 | INSTAR | AWARNING^-1	best LLR -7.61; testable
member	letters A-Z	SURFACE^-1 | INSTAR^-1 | AWARNING^-1	best LLR -6.69; testable
member	letters A-Z	SURFACE^-1 | OWN^-1 | AWARNING^-1	best LLR -9.20; testable
member	letters A-Z	SURFACE^-1 | CIRCUMFERENCES^-1 | AWARNING^-1	best LLR -9.44; testable
member	letters A-Z	SURFACE^-1 | FIND | AWARNING^-1	best LLR -6.61; testable
member	letters A-Z	SURFACE^-1 | WITHIN | AWARNING^-1	best LLR -9.86; testable
member	letters A-Z	SURFACE^-1 | EMERGE^-1 | AWARNING^-1	best LLR -9.86; testable
member	letters A-Z	SURFACE^-1 | PRIMUS | AWARNING^-1	best LLR -8.82; testable
member	letters A-Z	SURFACE^-1 | PRIMUS^-1 | AWARNING^-1	best LLR -8.28; testable
member	letters A-Z	SURFACE^-1 | PRIMES | AWARNING^-1	best LLR -9.68; testable
member	letters A-Z	SURFACE^-1 | TOTIENT | AWARNING^-1	best LLR -5.43; testable
member	letters A-Z	SURFACE^-1 | TOTIENT^-1 | AWARNING^-1	best LLR -6.95; testable
member	letters A-Z	SURFACE^-1 | DIVINITY | WELCOME	best LLR -4.55; testable
member	letters A-Z	SURFACE^-1 | FIRFUMFERENFE | WELCOME	best LLR -8.84; testable
member	letters A-Z	SURFACE^-1 | SOMEWISDOM^-1 | WELCOME	best LLR -8.34; testable
member	letters A-Z	SURFACE^-1 | KNOWTHIS | WELCOME	best LLR -9.94; testable
member	letters A-Z	SURFACE^-1 | AKOAN | WELCOME	best LLR -9.71; testable
member	letters A-Z	SURFACE^-1 | THELOSSOFDIVINITY | WELCOME	best LLR -3.79; testable
member	letters A-Z	SURFACE^-1 | ANEND^-1 | WELCOME	best LLR -9.27; testable
member	letters A-Z	SURFACE^-1 | LIKE | WELCOME	best LLR -6.98; testable
member	letters A-Z	SURFACE^-1 | INSTAR | WELCOME	best LLR -7.61; testable
member	letters A-Z	SURFACE^-1 | INSTAR^-1 | WELCOME	best LLR -6.69; testable
member	letters A-Z	SURFACE^-1 | OWN^-1 | WELCOME	best LLR -9.20; testable
member	letters A-Z	SURFACE^-1 | CIRCUMFERENCES^-1 | WELCOME	best LLR -9.44; testable
member	letters A-Z	SURFACE^-1 | FIND | WELCOME	best LLR -6.61; testable
member	letters A-Z	SURFACE^-1 | WITHIN | WELCOME	best LLR -9.86; testable
member	letters A-Z	SURFACE^-1 | EMERGE^-1 | WELCOME	best LLR -9.86; testable
member	letters A-Z	SURFACE^-1 | PRIMUS | WELCOME	best LLR -8.82; testable
member	letters A-Z	SURFACE^-1 | PRIMUS^-1 | WELCOME	best LLR -8.28; testable
member	letters A-Z	SURFACE^-1 | PRIMES | WELCOME	best LLR -9.68; testable
member	letters A-Z	SURFACE^-1 | TOTIENT | WELCOME	best LLR -5.43; testable
member	letters A-Z	SURFACE^-1 | TOTIENT^-1 | WELCOME	best LLR -6.95; testable
member	letters A-Z	SURFACE^-1 | DIVINITY | WELCOME^-1	best LLR -4.55; testable
member	letters A-Z	SURFACE^-1 | FIRFUMFERENFE | WELCOME^-1	best LLR -8.84; testable
member	letters A-Z	SURFACE^-1 | SOMEWISDOM^-1 | WELCOME^-1	best LLR -8.34; testable
member	letters A-Z	SURFACE^-1 | KNOWTHIS | WELCOME^-1	best LLR -9.94; testable
member	letters A-Z	SURFACE^-1 | AKOAN | WELCOME^-1	best LLR -9.71; testable
member	letters A-Z	SURFACE^-1 | THELOSSOFDIVINITY | WELCOME^-1	best LLR -3.79; testable
member	letters A-Z	SURFACE^-1 | ANEND^-1 | WELCOME^-1	best LLR -9.27; testable
member	letters A-Z	SURFACE^-1 | LIKE | WELCOME^-1	best LLR -6.98; testable
member	letters A-Z	SURFACE^-1 | INSTAR | WELCOME^-1	best LLR -7.61; testable
member	letters A-Z	SURFACE^-1 | INSTAR^-1 | WELCOME^-1	best LLR -6.69; testable
member	letters A-Z	SURFACE^-1 | OWN^-1 | WELCOME^-1	best LLR -9.20; testable
member	letters A-Z	SURFACE^-1 | CIRCUMFERENCES^-1 | WELCOME^-1	best LLR -9.44; testable
member	letters A-Z	SURFACE^-1 | FIND | WELCOME^-1	best LLR -6.61; testable
member	letters A-Z	SURFACE^-1 | WITHIN | WELCOME^-1	best LLR -9.86; testable
member	letters A-Z	SURFACE^-1 | EMERGE^-1 | WELCOME^-1	best LLR -9.86; testable
member	letters A-Z	SURFACE^-1 | PRIMUS | WELCOME^-1	best LLR -8.82; testable
member	letters A-Z	SURFACE^-1 | PRIMUS^-1 | WELCOME^-1	best LLR -8.28; testable
member	letters A-Z	SURFACE^-1 | PRIMES | WELCOME^-1	best LLR -9.68; testable
member	letters A-Z	SURFACE^-1 | TOTIENT | WELCOME^-1	best LLR -5.43; testable
member	letters A-Z	SURFACE^-1 | TOTIENT^-1 | WELCOME^-1	best LLR -6.95; testable
member	letters A-Z	SURFACE^-1 | DIVINITY | WISDOM	best LLR -4.55; testable
member	letters A-Z	SURFACE^-1 | FIRFUMFERENFE | WISDOM	best LLR -8.84; testable
member	letters A-Z	SURFACE^-1 | SOMEWISDOM^-1 | WISDOM	best LLR -8.34; testable
member	letters A-Z	SURFACE^-1 | KNOWTHIS | WISDOM	best LLR -9.94; testable
member	letters A-Z	SURFACE^-1 | AKOAN | WISDOM	best LLR -9.71; testable
member	letters A-Z	SURFACE^-1 | THELOSSOFDIVINITY | WISDOM	best LLR -3.79; testable
member	letters A-Z	SURFACE^-1 | ANEND^-1 | WISDOM	best LLR -9.27; testable
member	letters A-Z	SURFACE^-1 | LIKE | WISDOM	best LLR -6.98; testable
member	letters A-Z	SURFACE^-1 | INSTAR | WISDOM	best LLR -7.61; testable
member	letters A-Z	SURFACE^-1 | INSTAR^-1 | WISDOM	best LLR -6.69; testable
member	letters A-Z	SURFACE^-1 | OWN^-1 | WISDOM	best LLR -9.20; testable
member	letters A-Z	SURFACE^-1 | CIRCUMFERENCES^-1 | WISDOM	best LLR -9.44; testable
member	letters A-Z	SURFACE^-1 | FIND | WISDOM	best LLR -6.61; testable
member	letters A-Z	SURFACE^-1 | WITHIN | WISDOM	best LLR -9.86; testable
member	letters A-Z	SURFACE^-1 | EMERGE^-1 | WISDOM	best LLR -9.86; testable
member	letters A-Z	SURFACE^-1 | PRIMUS | WISDOM	best LLR -8.82; testable
member	letters A-Z	SURFACE^-1 | PRIMUS^-1 | WISDOM	best LLR -8.28; testable
member	letters A-Z	SURFACE^-1 | PRIMES | WISDOM	best LLR -9.68; testable
member	letters A-Z	SURFACE^-1 | TOTIENT | WISDOM	best LLR -5.43; testable
member	letters A-Z	SURFACE^-1 | TOTIENT^-1 | WISDOM	best LLR -6.95; testable
member	letters A-Z	SURFACE^-1 | DIVINITY | WISDOM^-1	best LLR -4.55; testable
member	letters A-Z	SURFACE^-1 | FIRFUMFERENFE | WISDOM^-1	best LLR -8.84; testable
member	letters A-Z	SURFACE^-1 | SOMEWISDOM^-1 | WISDOM^-1	best LLR -8.34; testable
member	letters A-Z	SURFACE^-1 | KNOWTHIS | WISDOM^-1	best LLR -9.94; testable
member	letters A-Z	SURFACE^-1 | AKOAN | WISDOM^-1	best LLR -9.71; testable
member	letters A-Z	SURFACE^-1 | THELOSSOFDIVINITY | WISDOM^-1	best LLR -3.79; testable
member	letters A-Z	SURFACE^-1 | ANEND^-1 | WISDOM^-1	best LLR -9.27; testable
member	letters A-Z	SURFACE^-1 | LIKE | WISDOM^-1	best LLR -6.98; testable
member	letters A-Z	SURFACE^-1 | INSTAR | WISDOM^-1	best LLR -7.61; testable
member	letters A-Z	SURFACE^-1 | INSTAR^-1 | WISDOM^-1	best LLR -6.69; testable
member	letters A-Z	SURFACE^-1 | OWN^-1 | WISDOM^-1	best LLR -9.20; testable
member	letters A-Z	SURFACE^-1 | CIRCUMFERENCES^-1 | WISDOM^-1	best LLR -9.44; testable
member	letters A-Z	SURFACE^-1 | FIND | WISDOM^-1	best LLR -6.61; testable
member	letters A-Z	SURFACE^-1 | WITHIN | WISDOM^-1	best LLR -9.86; testable
member	letters A-Z	SURFACE^-1 | EMERGE^-1 | WISDOM^-1	best LLR -9.86; testable
member	letters A-Z	SURFACE^-1 | PRIMUS | WISDOM^-1	best LLR -8.82; testable
member	letters A-Z	SURFACE^-1 | PRIMUS^-1 | WISDOM^-1	best LLR -8.28; testable
member	letters A-Z	SURFACE^-1 | PRIMES | WISDOM^-1	best LLR -9.68; testable
member	letters A-Z	SURFACE^-1 | TOTIENT | WISDOM^-1	best LLR -5.43; testable
member	letters A-Z	SURFACE^-1 | TOTIENT^-1 | WISDOM^-1	best LLR -6.95; testable
member	letters A-Z	SURFACE^-1 | DIVINITY | SOMEWISDOM	best LLR -4.55; testable
member	letters A-Z	SURFACE^-1 | FIRFUMFERENFE | SOMEWISDOM	best LLR -8.84; testable
member	letters A-Z	SURFACE^-1 | SOMEWISDOM^-1 | SOMEWISDOM	best LLR -8.34; testable
member	letters A-Z	SURFACE^-1 | KNOWTHIS | SOMEWISDOM	best LLR -9.94; testable
member	letters A-Z	SURFACE^-1 | AKOAN | SOMEWISDOM	best LLR -9.71; testable
member	letters A-Z	SURFACE^-1 | THELOSSOFDIVINITY | SOMEWISDOM	best LLR -3.79; testable
member	letters A-Z	SURFACE^-1 | ANEND^-1 | SOMEWISDOM	best LLR -9.27; testable
member	letters A-Z	SURFACE^-1 | LIKE | SOMEWISDOM	best LLR -6.98; testable
member	letters A-Z	SURFACE^-1 | INSTAR | SOMEWISDOM	best LLR -7.61; testable
member	letters A-Z	SURFACE^-1 | INSTAR^-1 | SOMEWISDOM	best LLR -6.69; testable
member	letters A-Z	SURFACE^-1 | OWN^-1 | SOMEWISDOM	best LLR -9.20; testable
member	letters A-Z	SURFACE^-1 | CIRCUMFERENCES^-1 | SOMEWISDOM	best LLR -9.44; testable
member	letters A-Z	SURFACE^-1 | FIND | SOMEWISDOM	best LLR -6.61; testable
member	letters A-Z	SURFACE^-1 | WITHIN | SOMEWISDOM	best LLR -9.86; testable
member	letters A-Z	SURFACE^-1 | EMERGE^-1 | SOMEWISDOM	best LLR -9.86; testable
member	letters A-Z	SURFACE^-1 | PRIMUS | SOMEWISDOM	best LLR -8.82; testable
member	letters A-Z	SURFACE^-1 | PRIMUS^-1 | SOMEWISDOM	best LLR -8.28; testable
member	letters A-Z	SURFACE^-1 | PRIMES | SOMEWISDOM	best LLR -9.68; testable
member	letters A-Z	SURFACE^-1 | TOTIENT | SOMEWISDOM	best LLR -5.43; testable
member	letters A-Z	SURFACE^-1 | TOTIENT^-1 | SOMEWISDOM	best LLR -6.95; testable
member	letters A-Z	SURFACE^-1 | DIVINITY | SOMEWISDOM^-1	best LLR -4.55; testable
member	letters A-Z	SURFACE^-1 | FIRFUMFERENFE | SOMEWISDOM^-1	best LLR -8.84; testable
member	letters A-Z	SURFACE^-1 | SOMEWISDOM^-1 | SOMEWISDOM^-1	best LLR -8.34; testable
member	letters A-Z	SURFACE^-1 | KNOWTHIS | SOMEWISDOM^-1	best LLR -9.94; testable
member	letters A-Z	SURFACE^-1 | AKOAN | SOMEWISDOM^-1	best LLR -9.71; testable
member	letters A-Z	SURFACE^-1 | THELOSSOFDIVINITY | SOMEWISDOM^-1	best LLR -3.79; testable
member	letters A-Z	SURFACE^-1 | ANEND^-1 | SOMEWISDOM^-1	best LLR -9.27; testable
member	letters A-Z	SURFACE^-1 | LIKE | SOMEWISDOM^-1	best LLR -6.98; testable
member	letters A-Z	SURFACE^-1 | INSTAR | SOMEWISDOM^-1	best LLR -7.61; testable
member	letters A-Z	SURFACE^-1 | INSTAR^-1 | SOMEWISDOM^-1	best LLR -6.69; testable
member	letters A-Z	SURFACE^-1 | OWN^-1 | SOMEWISDOM^-1	best LLR -9.20; testable
member	letters A-Z	SURFACE^-1 | CIRCUMFERENCES^-1 | SOMEWISDOM^-1	best LLR -9.44; testable
member	letters A-Z	SURFACE^-1 | FIND | SOMEWISDOM^-1	best LLR -6.61; testable
member	letters A-Z	SURFACE^-1 | WITHIN | SOMEWISDOM^-1	best LLR -9.86; testable
member	letters A-Z	SURFACE^-1 | EMERGE^-1 | SOMEWISDOM^-1	best LLR -9.86; testable
member	letters A-Z	SURFACE^-1 | PRIMUS | SOMEWISDOM^-1	best LLR -8.82; testable
member	letters A-Z	SURFACE^-1 | PRIMUS^-1 | SOMEWISDOM^-1	best LLR -8.28; testable
member	letters A-Z	SURFACE^-1 | PRIMES | SOMEWISDOM^-1	best LLR -9.68; testable
member	letters A-Z	SURFACE^-1 | TOTIENT | SOMEWISDOM^-1	best LLR -5.43; testable
member	letters A-Z	SURFACE^-1 | TOTIENT^-1 | SOMEWISDOM^-1	best LLR -6.95; testable
member	letters A-Z	SURFACE^-1 | DIVINITY | KNOWTHIS	best LLR -4.55; testable
member	letters A-Z	SURFACE^-1 | FIRFUMFERENFE | KNOWTHIS	best LLR -8.84; testable
member	letters A-Z	SURFACE^-1 | SOMEWISDOM^-1 | KNOWTHIS	best LLR -8.34; testable
member	letters A-Z	SURFACE^-1 | KNOWTHIS | KNOWTHIS	best LLR -9.94; testable
member	letters A-Z	SURFACE^-1 | AKOAN | KNOWTHIS	best LLR -9.71; testable
member	letters A-Z	SURFACE^-1 | THELOSSOFDIVINITY | KNOWTHIS	best LLR -3.79; testable
member	letters A-Z	SURFACE^-1 | ANEND^-1 | KNOWTHIS	best LLR -9.27; testable
member	letters A-Z	SURFACE^-1 | LIKE | KNOWTHIS	best LLR -6.98; testable
member	letters A-Z	SURFACE^-1 | INSTAR | KNOWTHIS	best LLR -7.61; testable
member	letters A-Z	SURFACE^-1 | INSTAR^-1 | KNOWTHIS	best LLR -6.69; testable
member	letters A-Z	SURFACE^-1 | OWN^-1 | KNOWTHIS	best LLR -9.20; testable
member	letters A-Z	SURFACE^-1 | CIRCUMFERENCES^-1 | KNOWTHIS	best LLR -9.44; testable
member	letters A-Z	SURFACE^-1 | FIND | KNOWTHIS	best LLR -6.61; testable
member	letters A-Z	SURFACE^-1 | WITHIN | KNOWTHIS	best LLR -9.86; testable
member	letters A-Z	SURFACE^-1 | EMERGE^-1 | KNOWTHIS	best LLR -9.86; testable
member	letters A-Z	SURFACE^-1 | PRIMUS | KNOWTHIS	best LLR -8.82; testable
member	letters A-Z	SURFACE^-1 | PRIMUS^-1 | KNOWTHIS	best LLR -8.28; testable
member	letters A-Z	SURFACE^-1 | PRIMES | KNOWTHIS	best LLR -9.68; testable
member	letters A-Z	SURFACE^-1 | TOTIENT | KNOWTHIS	best LLR -5.43; testable
member	letters A-Z	SURFACE^-1 | TOTIENT^-1 | KNOWTHIS	best LLR -6.95; testable
member	letters A-Z	SURFACE^-1 | DIVINITY | KNOWTHIS^-1	best LLR -4.55; testable
member	letters A-Z	SURFACE^-1 | FIRFUMFERENFE | KNOWTHIS^-1	best LLR -8.84; testable
member	letters A-Z	SURFACE^-1 | SOMEWISDOM^-1 | KNOWTHIS^-1	best LLR -8.34; testable
member	letters A-Z	SURFACE^-1 | KNOWTHIS | KNOWTHIS^-1	best LLR -9.94; testable
member	letters A-Z	SURFACE^-1 | AKOAN | KNOWTHIS^-1	best LLR -9.71; testable
member	letters A-Z	SURFACE^-1 | THELOSSOFDIVINITY | KNOWTHIS^-1	best LLR -3.79; testable
member	letters A-Z	SURFACE^-1 | ANEND^-1 | KNOWTHIS^-1	best LLR -9.27; testable
member	letters A-Z	SURFACE^-1 | LIKE | KNOWTHIS^-1	best LLR -6.98; testable
member	letters A-Z	SURFACE^-1 | INSTAR | KNOWTHIS^-1	best LLR -7.61; testable
member	letters A-Z	SURFACE^-1 | INSTAR^-1 | KNOWTHIS^-1	best LLR -6.69; testable
member	letters A-Z	SURFACE^-1 | OWN^-1 | KNOWTHIS^-1	best LLR -9.20; testable
member	letters A-Z	SURFACE^-1 | CIRCUMFERENCES^-1 | KNOWTHIS^-1	best LLR -9.44; testable
member	letters A-Z	SURFACE^-1 | FIND | KNOWTHIS^-1	best LLR -6.61; testable
member	letters A-Z	SURFACE^-1 | WITHIN | KNOWTHIS^-1	best LLR -9.86; testable
member	letters A-Z	SURFACE^-1 | EMERGE^-1 | KNOWTHIS^-1	best LLR -9.86; testable
member	letters A-Z	SURFACE^-1 | PRIMUS | KNOWTHIS^-1	best LLR -8.82; testable
member	letters A-Z	SURFACE^-1 | PRIMUS^-1 | KNOWTHIS^-1	best LLR -8.28; testable
member	letters A-Z	SURFACE^-1 | PRIMES | KNOWTHIS^-1	best LLR -9.68; testable
member	letters A-Z	SURFACE^-1 | TOTIENT | KNOWTHIS^-1	best LLR -5.43; testable
member	letters A-Z	SURFACE^-1 | TOTIENT^-1 | KNOWTHIS^-1	best LLR -6.95; testable
member	letters A-Z	SURFACE^-1 | DIVINITY | AKOAN	best LLR -4.55; testable
member	letters A-Z	SURFACE^-1 | FIRFUMFERENFE | AKOAN	best LLR -8.84; testable
member	letters A-Z	SURFACE^-1 | SOMEWISDOM^-1 | AKOAN	best LLR -8.34; testable
member	letters A-Z	SURFACE^-1 | KNOWTHIS | AKOAN	best LLR -9.94; testable
member	letters A-Z	SURFACE^-1 | AKOAN | AKOAN	best LLR -9.71; testable
member	letters A-Z	SURFACE^-1 | THELOSSOFDIVINITY | AKOAN	best LLR -3.79; testable
member	letters A-Z	SURFACE^-1 | ANEND^-1 | AKOAN	best LLR -9.27; testable
member	letters A-Z	SURFACE^-1 | LIKE | AKOAN	best LLR -6.98; testable
member	letters A-Z	SURFACE^-1 | INSTAR | AKOAN	best LLR -7.61; testable
member	letters A-Z	SURFACE^-1 | INSTAR^-1 | AKOAN	best LLR -6.69; testable
member	letters A-Z	SURFACE^-1 | OWN^-1 | AKOAN	best LLR -9.20; testable
member	letters A-Z	SURFACE^-1 | CIRCUMFERENCES^-1 | AKOAN	best LLR -9.44; testable
member	letters A-Z	SURFACE^-1 | FIND | AKOAN	best LLR -6.61; testable
member	letters A-Z	SURFACE^-1 | WITHIN | AKOAN	best LLR -9.86; testable
member	letters A-Z	SURFACE^-1 | EMERGE^-1 | AKOAN	best LLR -9.86; testable
member	letters A-Z	SURFACE^-1 | PRIMUS | AKOAN	best LLR -8.82; testable
member	letters A-Z	SURFACE^-1 | PRIMUS^-1 | AKOAN	best LLR -8.28; testable
member	letters A-Z	SURFACE^-1 | PRIMES | AKOAN	best LLR -9.68; testable
member	letters A-Z	SURFACE^-1 | TOTIENT | AKOAN	best LLR -5.43; testable
member	letters A-Z	SURFACE^-1 | TOTIENT^-1 | AKOAN	best LLR -6.95; testable
member	letters A-Z	SURFACE^-1 | DIVINITY | AKOAN^-1	best LLR -4.55; testable
member	letters A-Z	SURFACE^-1 | FIRFUMFERENFE | AKOAN^-1	best LLR -8.84; testable
member	letters A-Z	SURFACE^-1 | SOMEWISDOM^-1 | AKOAN^-1	best LLR -8.34; testable
member	letters A-Z	SURFACE^-1 | KNOWTHIS | AKOAN^-1	best LLR -9.94; testable
member	letters A-Z	SURFACE^-1 | AKOAN | AKOAN^-1	best LLR -9.71; testable
member	letters A-Z	SURFACE^-1 | THELOSSOFDIVINITY | AKOAN^-1	best LLR -3.79; testable
member	letters A-Z	SURFACE^-1 | ANEND^-1 | AKOAN^-1	best LLR -9.27; testable
member	letters A-Z	SURFACE^-1 | LIKE | AKOAN^-1	best LLR -6.98; testable
member	letters A-Z	SURFACE^-1 | INSTAR | AKOAN^-1	best LLR -7.61; testable
member	letters A-Z	SURFACE^-1 | INSTAR^-1 | AKOAN^-1	best LLR -6.69; testable
member	letters A-Z	SURFACE^-1 | OWN^-1 | AKOAN^-1	best LLR -9.20; testable
member	letters A-Z	SURFACE^-1 | CIRCUMFERENCES^-1 | AKOAN^-1	best LLR -9.44; testable
member	letters A-Z	SURFACE^-1 | FIND | AKOAN^-1	best LLR -6.61; testable
member	letters A-Z	SURFACE^-1 | WITHIN | AKOAN^-1	best LLR -9.86; testable
member	letters A-Z	SURFACE^-1 | EMERGE^-1 | AKOAN^-1	best LLR -9.86; testable
member	letters A-Z	SURFACE^-1 | PRIMUS | AKOAN^-1	best LLR -8.82; testable
member	letters A-Z	SURFACE^-1 | PRIMUS^-1 | AKOAN^-1	best LLR -8.28; testable
member	letters A-Z	SURFACE^-1 | PRIMES | AKOAN^-1	best LLR -9.68; testable
member	letters A-Z	SURFACE^-1 | TOTIENT | AKOAN^-1	best LLR -5.43; testable
member	letters A-Z	SURFACE^-1 | TOTIENT^-1 | AKOAN^-1	best LLR -6.95; testable
member	letters A-Z	SURFACE^-1 | KNOWTHIS | ANINSTRUCTION	best LLR -6.41; testable
member	letters A-Z	SURFACE^-1 | ANEND^-1 | ANINSTRUCTION	best LLR -8.62; testable
member	letters A-Z	SURFACE^-1 | THE | ANINSTRUCTION	best LLR -7.61; testable
member	letters A-Z	SURFACE^-1 | TO^-1 | ANINSTRUCTION	best LLR -8.71; testable
member	letters A-Z	SURFACE^-1 | WITHIN | ANINSTRUCTION	best LLR -4.98; testable
member	letters A-Z	SURFACE^-1 | LIBERPRIMUS^-1 | ANINSTRUCTION	best LLR -8.34; testable
member	letters A-Z	SURFACE^-1 | ANEND^-1 | THELOSSOFDIVINITY	best LLR -9.44; testable
member	letters A-Z	SURFACE^-1 | THE | THELOSSOFDIVINITY	best LLR -7.61; testable
member	letters A-Z	SURFACE^-1 | PRIMUS^-1 | THELOSSOFDIVINITY	best LLR -7.66; testable
member	letters A-Z	SURFACE^-1 | TOTIENT^-1 | THELOSSOFDIVINITY	best LLR -8.29; testable
member	letters A-Z	SURFACE^-1 | DIVINITY | ANEND	best LLR -4.55; testable
member	letters A-Z	SURFACE^-1 | FIRFUMFERENFE | ANEND	best LLR -8.84; testable
member	letters A-Z	SURFACE^-1 | SOMEWISDOM^-1 | ANEND	best LLR -8.34; testable
member	letters A-Z	SURFACE^-1 | KNOWTHIS | ANEND	best LLR -9.94; testable
member	letters A-Z	SURFACE^-1 | AKOAN | ANEND	best LLR -9.71; testable
member	letters A-Z	SURFACE^-1 | THELOSSOFDIVINITY | ANEND	best LLR -3.79; testable
member	letters A-Z	SURFACE^-1 | ANEND^-1 | ANEND	best LLR -9.27; testable
member	letters A-Z	SURFACE^-1 | LIKE | ANEND	best LLR -6.98; testable
member	letters A-Z	SURFACE^-1 | INSTAR | ANEND	best LLR -7.61; testable
member	letters A-Z	SURFACE^-1 | INSTAR^-1 | ANEND	best LLR -6.69; testable
member	letters A-Z	SURFACE^-1 | OWN^-1 | ANEND	best LLR -9.20; testable
member	letters A-Z	SURFACE^-1 | CIRCUMFERENCES^-1 | ANEND	best LLR -9.44; testable
member	letters A-Z	SURFACE^-1 | FIND | ANEND	best LLR -6.61; testable
member	letters A-Z	SURFACE^-1 | WITHIN | ANEND	best LLR -9.86; testable
member	letters A-Z	SURFACE^-1 | EMERGE^-1 | ANEND	best LLR -9.86; testable
member	letters A-Z	SURFACE^-1 | PRIMUS | ANEND	best LLR -8.82; testable
member	letters A-Z	SURFACE^-1 | PRIMUS^-1 | ANEND	best LLR -8.28; testable
member	letters A-Z	SURFACE^-1 | PRIMES | ANEND	best LLR -9.68; testable
member	letters A-Z	SURFACE^-1 | TOTIENT | ANEND	best LLR -5.43; testable
member	letters A-Z	SURFACE^-1 | TOTIENT^-1 | ANEND	best LLR -6.95; testable
member	letters A-Z	SURFACE^-1 | DIVINITY | ANEND^-1	best LLR -4.55; testable
member	letters A-Z	SURFACE^-1 | FIRFUMFERENFE | ANEND^-1	best LLR -8.84; testable
member	letters A-Z	SURFACE^-1 | SOMEWISDOM^-1 | ANEND^-1	best LLR -8.34; testable
member	letters A-Z	SURFACE^-1 | KNOWTHIS | ANEND^-1	best LLR -9.94; testable
member	letters A-Z	SURFACE^-1 | AKOAN | ANEND^-1	best LLR -9.71; testable
member	letters A-Z	SURFACE^-1 | THELOSSOFDIVINITY | ANEND^-1	best LLR -3.79; testable
member	letters A-Z	SURFACE^-1 | ANEND^-1 | ANEND^-1	best LLR -9.27; testable
member	letters A-Z	SURFACE^-1 | LIKE | ANEND^-1	best LLR -6.98; testable
member	letters A-Z	SURFACE^-1 | INSTAR | ANEND^-1	best LLR -7.61; testable
member	letters A-Z	SURFACE^-1 | INSTAR^-1 | ANEND^-1	best LLR -6.69; testable
member	letters A-Z	SURFACE^-1 | OWN^-1 | ANEND^-1	best LLR -9.20; testable
member	letters A-Z	SURFACE^-1 | CIRCUMFERENCES^-1 | ANEND^-1	best LLR -9.44; testable
member	letters A-Z	SURFACE^-1 | FIND | ANEND^-1	best LLR -6.61; testable
member	letters A-Z	SURFACE^-1 | WITHIN | ANEND^-1	best LLR -9.86; testable
member	letters A-Z	SURFACE^-1 | EMERGE^-1 | ANEND^-1	best LLR -9.86; testable
member	letters A-Z	SURFACE^-1 | PRIMUS | ANEND^-1	best LLR -8.82; testable
member	letters A-Z	SURFACE^-1 | PRIMUS^-1 | ANEND^-1	best LLR -8.28; testable
member	letters A-Z	SURFACE^-1 | PRIMES | ANEND^-1	best LLR -9.68; testable
member	letters A-Z	SURFACE^-1 | TOTIENT | ANEND^-1	best LLR -5.43; testable
member	letters A-Z	SURFACE^-1 | TOTIENT^-1 | ANEND^-1	best LLR -6.95; testable
member	letters A-Z	SURFACE^-1 | DIVINITY | PARABLE	best LLR -4.55; testable
member	letters A-Z	SURFACE^-1 | FIRFUMFERENFE | PARABLE	best LLR -8.84; testable
member	letters A-Z	SURFACE^-1 | SOMEWISDOM^-1 | PARABLE	best LLR -8.34; testable
member	letters A-Z	SURFACE^-1 | KNOWTHIS | PARABLE	best LLR -9.94; testable
member	letters A-Z	SURFACE^-1 | AKOAN | PARABLE	best LLR -9.71; testable
member	letters A-Z	SURFACE^-1 | THELOSSOFDIVINITY | PARABLE	best LLR -3.79; testable
member	letters A-Z	SURFACE^-1 | ANEND^-1 | PARABLE	best LLR -9.27; testable
member	letters A-Z	SURFACE^-1 | LIKE | PARABLE	best LLR -6.98; testable
member	letters A-Z	SURFACE^-1 | INSTAR | PARABLE	best LLR -7.61; testable
member	letters A-Z	SURFACE^-1 | INSTAR^-1 | PARABLE	best LLR -6.69; testable
member	letters A-Z	SURFACE^-1 | OWN^-1 | PARABLE	best LLR -9.20; testable
member	letters A-Z	SURFACE^-1 | CIRCUMFERENCES^-1 | PARABLE	best LLR -9.44; testable
member	letters A-Z	SURFACE^-1 | FIND | PARABLE	best LLR -6.61; testable
member	letters A-Z	SURFACE^-1 | WITHIN | PARABLE	best LLR -9.86; testable
member	letters A-Z	SURFACE^-1 | EMERGE^-1 | PARABLE	best LLR -9.86; testable
member	letters A-Z	SURFACE^-1 | PRIMUS | PARABLE	best LLR -8.82; testable
member	letters A-Z	SURFACE^-1 | PRIMUS^-1 | PARABLE	best LLR -8.28; testable
member	letters A-Z	SURFACE^-1 | PRIMES | PARABLE	best LLR -9.68; testable
member	letters A-Z	SURFACE^-1 | TOTIENT | PARABLE	best LLR -5.43; testable
member	letters A-Z	SURFACE^-1 | TOTIENT^-1 | PARABLE	best LLR -6.95; testable
member	letters A-Z	SURFACE^-1 | DIVINITY | PARABLE^-1	best LLR -4.55; testable
member	letters A-Z	SURFACE^-1 | FIRFUMFERENFE | PARABLE^-1	best LLR -8.84; testable
member	letters A-Z	SURFACE^-1 | SOMEWISDOM^-1 | PARABLE^-1	best LLR -8.34; testable
member	letters A-Z	SURFACE^-1 | KNOWTHIS | PARABLE^-1	best LLR -9.94; testable
member	letters A-Z	SURFACE^-1 | AKOAN | PARABLE^-1	best LLR -9.71; testable
member	letters A-Z	SURFACE^-1 | THELOSSOFDIVINITY | PARABLE^-1	best LLR -3.79; testable
member	letters A-Z	SURFACE^-1 | ANEND^-1 | PARABLE^-1	best LLR -9.27; testable
member	letters A-Z	SURFACE^-1 | LIKE | PARABLE^-1	best LLR -6.98; testable
member	letters A-Z	SURFACE^-1 | INSTAR | PARABLE^-1	best LLR -7.61; testable
member	letters A-Z	SURFACE^-1 | INSTAR^-1 | PARABLE^-1	best LLR -6.69; testable
member	letters A-Z	SURFACE^-1 | OWN^-1 | PARABLE^-1	best LLR -9.20; testable
member	letters A-Z	SURFACE^-1 | CIRCUMFERENCES^-1 | PARABLE^-1	best LLR -9.44; testable
member	letters A-Z	SURFACE^-1 | FIND | PARABLE^-1	best LLR -6.61; testable
member	letters A-Z	SURFACE^-1 | WITHIN | PARABLE^-1	best LLR -9.86; testable
member	letters A-Z	SURFACE^-1 | EMERGE^-1 | PARABLE^-1	best LLR -9.86; testable
member	letters A-Z	SURFACE^-1 | PRIMUS | PARABLE^-1	best LLR -8.82; testable
member	letters A-Z	SURFACE^-1 | PRIMUS^-1 | PARABLE^-1	best LLR -8.28; testable
member	letters A-Z	SURFACE^-1 | PRIMES | PARABLE^-1	best LLR -9.68; testable
member	letters A-Z	SURFACE^-1 | TOTIENT | PARABLE^-1	best LLR -5.43; testable
member	letters A-Z	SURFACE^-1 | TOTIENT^-1 | PARABLE^-1	best LLR -6.95; testable
member	letters A-Z	SURFACE^-1 | DIVINITY | LIKE	best LLR -4.55; testable
member	letters A-Z	SURFACE^-1 | FIRFUMFERENFE | LIKE	best LLR -8.84; testable
member	letters A-Z	SURFACE^-1 | SOMEWISDOM^-1 | LIKE	best LLR -8.34; testable
member	letters A-Z	SURFACE^-1 | KNOWTHIS | LIKE	best LLR -9.94; testable
member	letters A-Z	SURFACE^-1 | AKOAN | LIKE	best LLR -9.71; testable
member	letters A-Z	SURFACE^-1 | THELOSSOFDIVINITY | LIKE	best LLR -3.79; testable
member	letters A-Z	SURFACE^-1 | ANEND^-1 | LIKE	best LLR -9.27; testable
member	letters A-Z	SURFACE^-1 | LIKE | LIKE	best LLR -6.98; testable
member	letters A-Z	SURFACE^-1 | INSTAR | LIKE	best LLR -7.61; testable
member	letters A-Z	SURFACE^-1 | INSTAR^-1 | LIKE	best LLR -6.69; testable
member	letters A-Z	SURFACE^-1 | OWN^-1 | LIKE	best LLR -9.20; testable
member	letters A-Z	SURFACE^-1 | CIRCUMFERENCES^-1 | LIKE	best LLR -9.44; testable
member	letters A-Z	SURFACE^-1 | FIND | LIKE	best LLR -6.61; testable
member	letters A-Z	SURFACE^-1 | WITHIN | LIKE	best LLR -9.86; testable
member	letters A-Z	SURFACE^-1 | EMERGE^-1 | LIKE	best LLR -9.86; testable
member	letters A-Z	SURFACE^-1 | PRIMUS | LIKE	best LLR -8.82; testable
member	letters A-Z	SURFACE^-1 | PRIMUS^-1 | LIKE	best LLR -8.28; testable
member	letters A-Z	SURFACE^-1 | PRIMES | LIKE	best LLR -9.68; testable
member	letters A-Z	SURFACE^-1 | TOTIENT | LIKE	best LLR -5.43; testable
member	letters A-Z	SURFACE^-1 | TOTIENT^-1 | LIKE	best LLR -6.95; testable
member	letters A-Z	SURFACE^-1 | DIVINITY | LIKE^-1	best LLR -4.55; testable
member	letters A-Z	SURFACE^-1 | FIRFUMFERENFE | LIKE^-1	best LLR -8.84; testable
member	letters A-Z	SURFACE^-1 | SOMEWISDOM^-1 | LIKE^-1	best LLR -8.34; testable
member	letters A-Z	SURFACE^-1 | KNOWTHIS | LIKE^-1	best LLR -9.94; testable
member	letters A-Z	SURFACE^-1 | AKOAN | LIKE^-1	best LLR -9.71; testable
member	letters A-Z	SURFACE^-1 | THELOSSOFDIVINITY | LIKE^-1	best LLR -3.79; testable
member	letters A-Z	SURFACE^-1 | ANEND^-1 | LIKE^-1	best LLR -9.27; testable
member	letters A-Z	SURFACE^-1 | LIKE | LIKE^-1	best LLR -6.98; testable
member	letters A-Z	SURFACE^-1 | INSTAR | LIKE^-1	best LLR -7.61; testable
member	letters A-Z	SURFACE^-1 | INSTAR^-1 | LIKE^-1	best LLR -6.69; testable
member	letters A-Z	SURFACE^-1 | OWN^-1 | LIKE^-1	best LLR -9.20; testable
member	letters A-Z	SURFACE^-1 | CIRCUMFERENCES^-1 | LIKE^-1	best LLR -9.44; testable
member	letters A-Z	SURFACE^-1 | FIND | LIKE^-1	best LLR -6.61; testable
member	letters A-Z	SURFACE^-1 | WITHIN | LIKE^-1	best LLR -9.86; testable
member	letters A-Z	SURFACE^-1 | EMERGE^-1 | LIKE^-1	best LLR -9.86; testable
member	letters A-Z	SURFACE^-1 | PRIMUS | LIKE^-1	best LLR -8.82; testable
member	letters A-Z	SURFACE^-1 | PRIMUS^-1 | LIKE^-1	best LLR -8.28; testable
member	letters A-Z	SURFACE^-1 | PRIMES | LIKE^-1	best LLR -9.68; testable
member	letters A-Z	SURFACE^-1 | TOTIENT | LIKE^-1	best LLR -5.43; testable
member	letters A-Z	SURFACE^-1 | TOTIENT^-1 | LIKE^-1	best LLR -6.95; testable
member	letters A-Z	SURFACE^-1 | DIVINITY | THE	best LLR -4.55; testable
member	letters A-Z	SURFACE^-1 | FIRFUMFERENFE | THE	best LLR -8.84; testable
member	letters A-Z	SURFACE^-1 | SOMEWISDOM^-1 | THE	best LLR -8.34; testable
member	letters A-Z	SURFACE^-1 | KNOWTHIS | THE	best LLR -9.94; testable
member	letters A-Z	SURFACE^-1 | AKOAN | THE	best LLR -9.71; testable
member	letters A-Z	SURFACE^-1 | THELOSSOFDIVINITY | THE	best LLR -3.79; testable
member	letters A-Z	SURFACE^-1 | ANEND^-1 | THE	best LLR -9.27; testable
member	letters A-Z	SURFACE^-1 | LIKE | THE	best LLR -6.98; testable
member	letters A-Z	SURFACE^-1 | INSTAR | THE	best LLR -7.61; testable
member	letters A-Z	SURFACE^-1 | INSTAR^-1 | THE	best LLR -6.69; testable
member	letters A-Z	SURFACE^-1 | OWN^-1 | THE	best LLR -9.20; testable
member	letters A-Z	SURFACE^-1 | CIRCUMFERENCES^-1 | THE	best LLR -9.44; testable
member	letters A-Z	SURFACE^-1 | FIND | THE	best LLR -6.61; testable
member	letters A-Z	SURFACE^-1 | WITHIN | THE	best LLR -9.86; testable
member	letters A-Z	SURFACE^-1 | EMERGE^-1 | THE	best LLR -9.86; testable
member	letters A-Z	SURFACE^-1 | PRIMUS | THE	best LLR -8.82; testable
member	letters A-Z	SURFACE^-1 | PRIMUS^-1 | THE	best LLR -8.28; testable
member	letters A-Z	SURFACE^-1 | PRIMES | THE	best LLR -9.68; testable
member	letters A-Z	SURFACE^-1 | TOTIENT | THE	best LLR -5.43; testable
member	letters A-Z	SURFACE^-1 | TOTIENT^-1 | THE	best LLR -6.95; testable
member	letters A-Z	SURFACE^-1 | DIVINITY | THE^-1	best LLR -4.55; testable
member	letters A-Z	SURFACE^-1 | FIRFUMFERENFE | THE^-1	best LLR -8.84; testable
member	letters A-Z	SURFACE^-1 | SOMEWISDOM^-1 | THE^-1	best LLR -8.34; testable
member	letters A-Z	SURFACE^-1 | KNOWTHIS | THE^-1	best LLR -9.94; testable
member	letters A-Z	SURFACE^-1 | AKOAN | THE^-1	best LLR -9.71; testable
member	letters A-Z	SURFACE^-1 | THELOSSOFDIVINITY | THE^-1	best LLR -3.79; testable
member	letters A-Z	SURFACE^-1 | ANEND^-1 | THE^-1	best LLR -9.27; testable
member	letters A-Z	SURFACE^-1 | LIKE | THE^-1	best LLR -6.98; testable
member	letters A-Z	SURFACE^-1 | INSTAR | THE^-1	best LLR -7.61; testable
member	letters A-Z	SURFACE^-1 | INSTAR^-1 | THE^-1	best LLR -6.69; testable
member	letters A-Z	SURFACE^-1 | OWN^-1 | THE^-1	best LLR -9.20; testable
member	letters A-Z	SURFACE^-1 | CIRCUMFERENCES^-1 | THE^-1	best LLR -9.44; testable
member	letters A-Z	SURFACE^-1 | FIND | THE^-1	best LLR -6.61; testable
member	letters A-Z	SURFACE^-1 | WITHIN | THE^-1	best LLR -9.86; testable
member	letters A-Z	SURFACE^-1 | EMERGE^-1 | THE^-1	best LLR -9.86; testable
member	letters A-Z	SURFACE^-1 | PRIMUS | THE^-1	best LLR -8.82; testable
member	letters A-Z	SURFACE^-1 | PRIMUS^-1 | THE^-1	best LLR -8.28; testable
member	letters A-Z	SURFACE^-1 | PRIMES | THE^-1	best LLR -9.68; testable
member	letters A-Z	SURFACE^-1 | TOTIENT | THE^-1	best LLR -5.43; testable
member	letters A-Z	SURFACE^-1 | TOTIENT^-1 | THE^-1	best LLR -6.95; testable
member	letters A-Z	SURFACE^-1 | DIVINITY | INSTAR	best LLR -4.55; testable
member	letters A-Z	SURFACE^-1 | FIRFUMFERENFE | INSTAR	best LLR -8.84; testable
member	letters A-Z	SURFACE^-1 | SOMEWISDOM^-1 | INSTAR	best LLR -8.34; testable
member	letters A-Z	SURFACE^-1 | KNOWTHIS | INSTAR	best LLR -9.94; testable
member	letters A-Z	SURFACE^-1 | AKOAN | INSTAR	best LLR -9.71; testable
member	letters A-Z	SURFACE^-1 | THELOSSOFDIVINITY | INSTAR	best LLR -3.79; testable
member	letters A-Z	SURFACE^-1 | ANEND^-1 | INSTAR	best LLR -9.27; testable
member	letters A-Z	SURFACE^-1 | LIKE | INSTAR	best LLR -6.98; testable
member	letters A-Z	SURFACE^-1 | INSTAR | INSTAR	best LLR -7.61; testable
member	letters A-Z	SURFACE^-1 | INSTAR^-1 | INSTAR	best LLR -6.69; testable
member	letters A-Z	SURFACE^-1 | OWN^-1 | INSTAR	best LLR -9.20; testable
member	letters A-Z	SURFACE^-1 | CIRCUMFERENCES^-1 | INSTAR	best LLR -9.44; testable
member	letters A-Z	SURFACE^-1 | FIND | INSTAR	best LLR -6.61; testable
member	letters A-Z	SURFACE^-1 | WITHIN | INSTAR	best LLR -9.86; testable
member	letters A-Z	SURFACE^-1 | EMERGE^-1 | INSTAR	best LLR -9.86; testable
member	letters A-Z	SURFACE^-1 | PRIMUS | INSTAR	best LLR -8.82; testable
member	letters A-Z	SURFACE^-1 | PRIMUS^-1 | INSTAR	best LLR -8.28; testable
member	letters A-Z	SURFACE^-1 | PRIMES | INSTAR	best LLR -9.68; testable
member	letters A-Z	SURFACE^-1 | TOTIENT | INSTAR	best LLR -5.43; testable
member	letters A-Z	SURFACE^-1 | TOTIENT^-1 | INSTAR	best LLR -6.95; testable
member	letters A-Z	SURFACE^-1 | DIVINITY | INSTAR^-1	best LLR -4.55; testable
member	letters A-Z	SURFACE^-1 | FIRFUMFERENFE | INSTAR^-1	best LLR -8.84; testable
member	letters A-Z	SURFACE^-1 | SOMEWISDOM^-1 | INSTAR^-1	best LLR -8.34; testable
member	letters A-Z	SURFACE^-1 | KNOWTHIS | INSTAR^-1	best LLR -9.94; testable
member	letters A-Z	SURFACE^-1 | AKOAN | INSTAR^-1	best LLR -9.71; testable
member	letters A-Z	SURFACE^-1 | THELOSSOFDIVINITY | INSTAR^-1	best LLR -3.79; testable
member	letters A-Z	SURFACE^-1 | ANEND^-1 | INSTAR^-1	best LLR -9.27; testable
member	letters A-Z	SURFACE^-1 | LIKE | INSTAR^-1	best LLR -6.98; testable
member	letters A-Z	SURFACE^-1 | INSTAR | INSTAR^-1	best LLR -7.61; testable
member	letters A-Z	SURFACE^-1 | INSTAR^-1 | INSTAR^-1	best LLR -6.69; testable
member	letters A-Z	SURFACE^-1 | OWN^-1 | INSTAR^-1	best LLR -9.20; testable
member	letters A-Z	SURFACE^-1 | CIRCUMFERENCES^-1 | INSTAR^-1	best LLR -9.44; testable
member	letters A-Z	SURFACE^-1 | FIND | INSTAR^-1	best LLR -6.61; testable
member	letters A-Z	SURFACE^-1 | WITHIN | INSTAR^-1	best LLR -9.86; testable
member	letters A-Z	SURFACE^-1 | EMERGE^-1 | INSTAR^-1	best LLR -9.86; testable
member	letters A-Z	SURFACE^-1 | PRIMUS | INSTAR^-1	best LLR -8.82; testable
member	letters A-Z	SURFACE^-1 | PRIMUS^-1 | INSTAR^-1	best LLR -8.28; testable
member	letters A-Z	SURFACE^-1 | PRIMES | INSTAR^-1	best LLR -9.68; testable
member	letters A-Z	SURFACE^-1 | TOTIENT | INSTAR^-1	best LLR -5.43; testable
member	letters A-Z	SURFACE^-1 | TOTIENT^-1 | INSTAR^-1	best LLR -6.95; testable
member	letters A-Z	SURFACE^-1 | DIVINITY | TUNNELING	best LLR -4.55; testable
member	letters A-Z	SURFACE^-1 | FIRFUMFERENFE | TUNNELING	best LLR -8.84; testable
member	letters A-Z	SURFACE^-1 | SOMEWISDOM^-1 | TUNNELING	best LLR -8.34; testable
member	letters A-Z	SURFACE^-1 | KNOWTHIS | TUNNELING	best LLR -9.94; testable
member	letters A-Z	SURFACE^-1 | AKOAN | TUNNELING	best LLR -9.71; testable
member	letters A-Z	SURFACE^-1 | THELOSSOFDIVINITY | TUNNELING	best LLR -3.79; testable
member	letters A-Z	SURFACE^-1 | ANEND^-1 | TUNNELING	best LLR -9.27; testable
member	letters A-Z	SURFACE^-1 | LIKE | TUNNELING	best LLR -6.98; testable
member	letters A-Z	SURFACE^-1 | INSTAR | TUNNELING	best LLR -7.61; testable
member	letters A-Z	SURFACE^-1 | INSTAR^-1 | TUNNELING	best LLR -6.69; testable
member	letters A-Z	SURFACE^-1 | OWN^-1 | TUNNELING	best LLR -9.20; testable
member	letters A-Z	SURFACE^-1 | CIRCUMFERENCES^-1 | TUNNELING	best LLR -9.44; testable
member	letters A-Z	SURFACE^-1 | FIND | TUNNELING	best LLR -6.61; testable
member	letters A-Z	SURFACE^-1 | WITHIN | TUNNELING	best LLR -9.86; testable
member	letters A-Z	SURFACE^-1 | EMERGE^-1 | TUNNELING	best LLR -9.86; testable
member	letters A-Z	SURFACE^-1 | PRIMUS | TUNNELING	best LLR -8.82; testable
member	letters A-Z	SURFACE^-1 | PRIMUS^-1 | TUNNELING	best LLR -8.28; testable
member	letters A-Z	SURFACE^-1 | PRIMES | TUNNELING	best LLR -9.68; testable
member	letters A-Z	SURFACE^-1 | TOTIENT | TUNNELING	best LLR -5.43; testable
member	letters A-Z	SURFACE^-1 | TOTIENT^-1 | TUNNELING	best LLR -6.95; testable
member	letters A-Z	SURFACE^-1 | DIVINITY | TUNNELING^-1	best LLR -4.55; testable
member	letters A-Z	SURFACE^-1 | FIRFUMFERENFE | TUNNELING^-1	best LLR -8.84; testable
member	letters A-Z	SURFACE^-1 | SOMEWISDOM^-1 | TUNNELING^-1	best LLR -8.34; testable
member	letters A-Z	SURFACE^-1 | KNOWTHIS | TUNNELING^-1	best LLR -9.94; testable
member	letters A-Z	SURFACE^-1 | AKOAN | TUNNELING^-1	best LLR -9.71; testable
member	letters A-Z	SURFACE^-1 | THELOSSOFDIVINITY | TUNNELING^-1	best LLR -3.79; testable
member	letters A-Z	SURFACE^-1 | ANEND^-1 | TUNNELING^-1	best LLR -9.27; testable
member	letters A-Z	SURFACE^-1 | LIKE | TUNNELING^-1	best LLR -6.98; testable
member	letters A-Z	SURFACE^-1 | INSTAR | TUNNELING^-1	best LLR -7.61; testable
member	letters A-Z	SURFACE^-1 | INSTAR^-1 | TUNNELING^-1	best LLR -6.69; testable
member	letters A-Z	SURFACE^-1 | OWN^-1 | TUNNELING^-1	best LLR -9.20; testable
member	letters A-Z	SURFACE^-1 | CIRCUMFERENCES^-1 | TUNNELING^-1	best LLR -9.44; testable
member	letters A-Z	SURFACE^-1 | FIND | TUNNELING^-1	best LLR -6.61; testable
member	letters A-Z	SURFACE^-1 | WITHIN | TUNNELING^-1	best LLR -9.86; testable
member	letters A-Z	SURFACE^-1 | EMERGE^-1 | TUNNELING^-1	best LLR -9.86; testable
member	letters A-Z	SURFACE^-1 | PRIMUS | TUNNELING^-1	best LLR -8.82; testable
member	letters A-Z	SURFACE^-1 | PRIMUS^-1 | TUNNELING^-1	best LLR -8.28; testable
member	letters A-Z	SURFACE^-1 | PRIMES | TUNNELING^-1	best LLR -9.68; testable
member	letters A-Z	SURFACE^-1 | TOTIENT | TUNNELING^-1	best LLR -5.43; testable
member	letters A-Z	SURFACE^-1 | TOTIENT^-1 | TUNNELING^-1	best LLR -6.95; testable
member	letters A-Z	SURFACE^-1 | DIVINITY | TO	best LLR -4.55; testable
member	letters A-Z	SURFACE^-1 | FIRFUMFERENFE | TO	best LLR -8.84; testable
member	letters A-Z	SURFACE^-1 | SOMEWISDOM^-1 | TO	best LLR -8.34; testable
member	letters A-Z	SURFACE^-1 | KNOWTHIS | TO	best LLR -9.94; testable
member	letters A-Z	SURFACE^-1 | AKOAN | TO	best LLR -9.71; testable
member	letters A-Z	SURFACE^-1 | THELOSSOFDIVINITY | TO	best LLR -3.79; testable
member	letters A-Z	SURFACE^-1 | ANEND^-1 | TO	best LLR -9.27; testable
member	letters A-Z	SURFACE^-1 | LIKE | TO	best LLR -6.98; testable
member	letters A-Z	SURFACE^-1 | INSTAR | TO	best LLR -7.61; testable
member	letters A-Z	SURFACE^-1 | INSTAR^-1 | TO	best LLR -6.69; testable
member	letters A-Z	SURFACE^-1 | OWN^-1 | TO	best LLR -9.20; testable
member	letters A-Z	SURFACE^-1 | CIRCUMFERENCES^-1 | TO	best LLR -9.44; testable
member	letters A-Z	SURFACE^-1 | FIND | TO	best LLR -6.61; testable
member	letters A-Z	SURFACE^-1 | WITHIN | TO	best LLR -9.86; testable
member	letters A-Z	SURFACE^-1 | EMERGE^-1 | TO	best LLR -9.86; testable
member	letters A-Z	SURFACE^-1 | PRIMUS | TO	best LLR -8.82; testable
member	letters A-Z	SURFACE^-1 | PRIMUS^-1 | TO	best LLR -8.28; testable
member	letters A-Z	SURFACE^-1 | PRIMES | TO	best LLR -9.68; testable
member	letters A-Z	SURFACE^-1 | TOTIENT | TO	best LLR -5.43; testable
member	letters A-Z	SURFACE^-1 | TOTIENT^-1 | TO	best LLR -6.95; testable
member	letters A-Z	SURFACE^-1 | DIVINITY | TO^-1	best LLR -4.55; testable
member	letters A-Z	SURFACE^-1 | FIRFUMFERENFE | TO^-1	best LLR -8.84; testable
member	letters A-Z	SURFACE^-1 | SOMEWISDOM^-1 | TO^-1	best LLR -8.34; testable
member	letters A-Z	SURFACE^-1 | KNOWTHIS | TO^-1	best LLR -9.94; testable
member	letters A-Z	SURFACE^-1 | AKOAN | TO^-1	best LLR -9.71; testable
member	letters A-Z	SURFACE^-1 | THELOSSOFDIVINITY | TO^-1	best LLR -3.79; testable
member	letters A-Z	SURFACE^-1 | ANEND^-1 | TO^-1	best LLR -9.27; testable
member	letters A-Z	SURFACE^-1 | LIKE | TO^-1	best LLR -6.98; testable
member	letters A-Z	SURFACE^-1 | INSTAR | TO^-1	best LLR -7.61; testable
member	letters A-Z	SURFACE^-1 | INSTAR^-1 | TO^-1	best LLR -6.69; testable
member	letters A-Z	SURFACE^-1 | OWN^-1 | TO^-1	best LLR -9.20; testable
member	letters A-Z	SURFACE^-1 | CIRCUMFERENCES^-1 | TO^-1	best LLR -9.44; testable
member	letters A-Z	SURFACE^-1 | FIND | TO^-1	best LLR -6.61; testable
member	letters A-Z	SURFACE^-1 | WITHIN | TO^-1	best LLR -9.86; testable
member	letters A-Z	SURFACE^-1 | EMERGE^-1 | TO^-1	best LLR -9.86; testable
member	letters A-Z	SURFACE^-1 | PRIMUS | TO^-1	best LLR -8.82; testable
member	letters A-Z	SURFACE^-1 | PRIMUS^-1 | TO^-1	best LLR -8.28; testable
member	letters A-Z	SURFACE^-1 | PRIMES | TO^-1	best LLR -9.68; testable
member	letters A-Z	SURFACE^-1 | TOTIENT | TO^-1	best LLR -5.43; testable
member	letters A-Z	SURFACE^-1 | TOTIENT^-1 | TO^-1	best LLR -6.95; testable
member	letters A-Z	SURFACE^-1 | DIVINITY | SURFACE	best LLR -4.55; testable
member	letters A-Z	SURFACE^-1 | FIRFUMFERENFE | SURFACE	best LLR -8.84; testable
member	letters A-Z	SURFACE^-1 | SOMEWISDOM^-1 | SURFACE	best LLR -8.34; testable
member	letters A-Z	SURFACE^-1 | KNOWTHIS | SURFACE	best LLR -9.94; testable
member	letters A-Z	SURFACE^-1 | AKOAN | SURFACE	best LLR -9.71; testable
member	letters A-Z	SURFACE^-1 | THELOSSOFDIVINITY | SURFACE	best LLR -3.79; testable
member	letters A-Z	SURFACE^-1 | ANEND^-1 | SURFACE	best LLR -9.27; testable
member	letters A-Z	SURFACE^-1 | LIKE | SURFACE	best LLR -6.98; testable
member	letters A-Z	SURFACE^-1 | INSTAR | SURFACE	best LLR -7.61; testable
member	letters A-Z	SURFACE^-1 | INSTAR^-1 | SURFACE	best LLR -6.69; testable
member	letters A-Z	SURFACE^-1 | OWN^-1 | SURFACE	best LLR -9.20; testable
member	letters A-Z	SURFACE^-1 | CIRCUMFERENCES^-1 | SURFACE	best LLR -9.44; testable
member	letters A-Z	SURFACE^-1 | FIND | SURFACE	best LLR -6.61; testable
member	letters A-Z	SURFACE^-1 | WITHIN | SURFACE	best LLR -9.86; testable
member	letters A-Z	SURFACE^-1 | EMERGE^-1 | SURFACE	best LLR -9.86; testable
member	letters A-Z	SURFACE^-1 | PRIMUS | SURFACE	best LLR -8.82; testable
member	letters A-Z	SURFACE^-1 | PRIMUS^-1 | SURFACE	best LLR -8.28; testable
member	letters A-Z	SURFACE^-1 | PRIMES | SURFACE	best LLR -9.68; testable
member	letters A-Z	SURFACE^-1 | TOTIENT | SURFACE	best LLR -5.43; testable
member	letters A-Z	SURFACE^-1 | TOTIENT^-1 | SURFACE	best LLR -6.95; testable
member	letters A-Z	SURFACE^-1 | DIVINITY | SURFACE^-1	best LLR -4.55; testable
member	letters A-Z	SURFACE^-1 | FIRFUMFERENFE | SURFACE^-1	best LLR -8.84; testable
member	letters A-Z	SURFACE^-1 | SOMEWISDOM^-1 | SURFACE^-1	best LLR -8.34; testable
member	letters A-Z	SURFACE^-1 | KNOWTHIS | SURFACE^-1	best LLR -9.94; testable
member	letters A-Z	SURFACE^-1 | AKOAN | SURFACE^-1	best LLR -9.71; testable
member	letters A-Z	SURFACE^-1 | THELOSSOFDIVINITY | SURFACE^-1	best LLR -3.79; testable
member	letters A-Z	SURFACE^-1 | ANEND^-1 | SURFACE^-1	best LLR -9.27; testable
member	letters A-Z	SURFACE^-1 | LIKE | SURFACE^-1	best LLR -6.98; testable
member	letters A-Z	SURFACE^-1 | INSTAR | SURFACE^-1	best LLR -7.61; testable
member	letters A-Z	SURFACE^-1 | INSTAR^-1 | SURFACE^-1	best LLR -6.69; testable
member	letters A-Z	SURFACE^-1 | OWN^-1 | SURFACE^-1	best LLR -9.20; testable
member	letters A-Z	SURFACE^-1 | CIRCUMFERENCES^-1 | SURFACE^-1	best LLR -9.44; testable
member	letters A-Z	SURFACE^-1 | FIND | SURFACE^-1	best LLR -6.61; testable
member	letters A-Z	SURFACE^-1 | WITHIN | SURFACE^-1	best LLR -9.86; testable
member	letters A-Z	SURFACE^-1 | EMERGE^-1 | SURFACE^-1	best LLR -9.86; testable
member	letters A-Z	SURFACE^-1 | PRIMUS | SURFACE^-1	best LLR -8.82; testable
member	letters A-Z	SURFACE^-1 | PRIMUS^-1 | SURFACE^-1	best LLR -8.28; testable
member	letters A-Z	SURFACE^-1 | PRIMES | SURFACE^-1	best LLR -9.68; testable
member	letters A-Z	SURFACE^-1 | TOTIENT | SURFACE^-1	best LLR -5.43; testable
member	letters A-Z	SURFACE^-1 | TOTIENT^-1 | SURFACE^-1	best LLR -6.95; testable
member	letters A-Z	SURFACE^-1 | DIVINITY | WE	best LLR -4.55; testable
member	letters A-Z	SURFACE^-1 | FIRFUMFERENFE | WE	best LLR -8.84; testable
member	letters A-Z	SURFACE^-1 | SOMEWISDOM^-1 | WE	best LLR -8.34; testable
member	letters A-Z	SURFACE^-1 | KNOWTHIS | WE	best LLR -9.94; testable
member	letters A-Z	SURFACE^-1 | AKOAN | WE	best LLR -9.71; testable
member	letters A-Z	SURFACE^-1 | THELOSSOFDIVINITY | WE	best LLR -3.79; testable
member	letters A-Z	SURFACE^-1 | ANEND^-1 | WE	best LLR -9.27; testable
member	letters A-Z	SURFACE^-1 | LIKE | WE	best LLR -6.98; testable
member	letters A-Z	SURFACE^-1 | INSTAR | WE	best LLR -7.61; testable
member	letters A-Z	SURFACE^-1 | INSTAR^-1 | WE	best LLR -6.69; testable
member	letters A-Z	SURFACE^-1 | OWN^-1 | WE	best LLR -9.20; testable
member	letters A-Z	SURFACE^-1 | CIRCUMFERENCES^-1 | WE	best LLR -9.44; testable
member	letters A-Z	SURFACE^-1 | FIND | WE	best LLR -6.61; testable
member	letters A-Z	SURFACE^-1 | WITHIN | WE	best LLR -9.86; testable
member	letters A-Z	SURFACE^-1 | EMERGE^-1 | WE	best LLR -9.86; testable
member	letters A-Z	SURFACE^-1 | PRIMUS | WE	best LLR -8.82; testable
member	letters A-Z	SURFACE^-1 | PRIMUS^-1 | WE	best LLR -8.28; testable
member	letters A-Z	SURFACE^-1 | PRIMES | WE	best LLR -9.68; testable
member	letters A-Z	SURFACE^-1 | TOTIENT | WE	best LLR -5.43; testable
member	letters A-Z	SURFACE^-1 | TOTIENT^-1 | WE	best LLR -6.95; testable
member	letters A-Z	SURFACE^-1 | DIVINITY | WE^-1	best LLR -4.55; testable
member	letters A-Z	SURFACE^-1 | FIRFUMFERENFE | WE^-1	best LLR -8.84; testable
member	letters A-Z	SURFACE^-1 | SOMEWISDOM^-1 | WE^-1	best LLR -8.34; testable
member	letters A-Z	SURFACE^-1 | KNOWTHIS | WE^-1	best LLR -9.94; testable
member	letters A-Z	SURFACE^-1 | AKOAN | WE^-1	best LLR -9.71; testable
member	letters A-Z	SURFACE^-1 | THELOSSOFDIVINITY | WE^-1	best LLR -3.79; testable
member	letters A-Z	SURFACE^-1 | ANEND^-1 | WE^-1	best LLR -9.27; testable
member	letters A-Z	SURFACE^-1 | LIKE | WE^-1	best LLR -6.98; testable
member	letters A-Z	SURFACE^-1 | INSTAR | WE^-1	best LLR -7.61; testable
member	letters A-Z	SURFACE^-1 | INSTAR^-1 | WE^-1	best LLR -6.69; testable
member	letters A-Z	SURFACE^-1 | OWN^-1 | WE^-1	best LLR -9.20; testable
member	letters A-Z	SURFACE^-1 | CIRCUMFERENCES^-1 | WE^-1	best LLR -9.44; testable
member	letters A-Z	SURFACE^-1 | FIND | WE^-1	best LLR -6.61; testable
member	letters A-Z	SURFACE^-1 | WITHIN | WE^-1	best LLR -9.86; testable
member	letters A-Z	SURFACE^-1 | EMERGE^-1 | WE^-1	best LLR -9.86; testable
member	letters A-Z	SURFACE^-1 | PRIMUS | WE^-1	best LLR -8.82; testable
member	letters A-Z	SURFACE^-1 | PRIMUS^-1 | WE^-1	best LLR -8.28; testable
member	letters A-Z	SURFACE^-1 | PRIMES | WE^-1	best LLR -9.68; testable
member	letters A-Z	SURFACE^-1 | TOTIENT | WE^-1	best LLR -5.43; testable
member	letters A-Z	SURFACE^-1 | TOTIENT^-1 | WE^-1	best LLR -6.95; testable
member	letters A-Z	SURFACE^-1 | DIVINITY | MUST	best LLR -4.55; testable
member	letters A-Z	SURFACE^-1 | FIRFUMFERENFE | MUST	best LLR -8.84; testable
member	letters A-Z	SURFACE^-1 | SOMEWISDOM^-1 | MUST	best LLR -8.34; testable
member	letters A-Z	SURFACE^-1 | KNOWTHIS | MUST	best LLR -9.94; testable
member	letters A-Z	SURFACE^-1 | AKOAN | MUST	best LLR -9.71; testable
member	letters A-Z	SURFACE^-1 | THELOSSOFDIVINITY | MUST	best LLR -3.79; testable
member	letters A-Z	SURFACE^-1 | ANEND^-1 | MUST	best LLR -9.27; testable
member	letters A-Z	SURFACE^-1 | LIKE | MUST	best LLR -6.98; testable
member	letters A-Z	SURFACE^-1 | INSTAR | MUST	best LLR -7.61; testable
member	letters A-Z	SURFACE^-1 | INSTAR^-1 | MUST	best LLR -6.69; testable
member	letters A-Z	SURFACE^-1 | OWN^-1 | MUST	best LLR -9.20; testable
member	letters A-Z	SURFACE^-1 | CIRCUMFERENCES^-1 | MUST	best LLR -9.44; testable
member	letters A-Z	SURFACE^-1 | FIND | MUST	best LLR -6.61; testable
member	letters A-Z	SURFACE^-1 | WITHIN | MUST	best LLR -9.86; testable
member	letters A-Z	SURFACE^-1 | EMERGE^-1 | MUST	best LLR -9.86; testable
member	letters A-Z	SURFACE^-1 | PRIMUS | MUST	best LLR -8.82; testable
member	letters A-Z	SURFACE^-1 | PRIMUS^-1 | MUST	best LLR -8.28; testable
member	letters A-Z	SURFACE^-1 | PRIMES | MUST	best LLR -9.68; testable
member	letters A-Z	SURFACE^-1 | TOTIENT | MUST	best LLR -5.43; testable
member	letters A-Z	SURFACE^-1 | TOTIENT^-1 | MUST	best LLR -6.95; testable
member	letters A-Z	SURFACE^-1 | DIVINITY | MUST^-1	best LLR -4.55; testable
member	letters A-Z	SURFACE^-1 | FIRFUMFERENFE | MUST^-1	best LLR -8.84; testable
member	letters A-Z	SURFACE^-1 | SOMEWISDOM^-1 | MUST^-1	best LLR -8.34; testable
member	letters A-Z	SURFACE^-1 | KNOWTHIS | MUST^-1	best LLR -9.94; testable
member	letters A-Z	SURFACE^-1 | AKOAN | MUST^-1	best LLR -9.71; testable
member	letters A-Z	SURFACE^-1 | THELOSSOFDIVINITY | MUST^-1	best LLR -3.79; testable
member	letters A-Z	SURFACE^-1 | ANEND^-1 | MUST^-1	best LLR -9.27; testable
member	letters A-Z	SURFACE^-1 | LIKE | MUST^-1	best LLR -6.98; testable
member	letters A-Z	SURFACE^-1 | INSTAR | MUST^-1	best LLR -7.61; testable
member	letters A-Z	SURFACE^-1 | INSTAR^-1 | MUST^-1	best LLR -6.69; testable
member	letters A-Z	SURFACE^-1 | OWN^-1 | MUST^-1	best LLR -9.20; testable
member	letters A-Z	SURFACE^-1 | CIRCUMFERENCES^-1 | MUST^-1	best LLR -9.44; testable
member	letters A-Z	SURFACE^-1 | FIND | MUST^-1	best LLR -6.61; testable
member	letters A-Z	SURFACE^-1 | WITHIN | MUST^-1	best LLR -9.86; testable
member	letters A-Z	SURFACE^-1 | EMERGE^-1 | MUST^-1	best LLR -9.86; testable
member	letters A-Z	SURFACE^-1 | PRIMUS | MUST^-1	best LLR -8.82; testable
member	letters A-Z	SURFACE^-1 | PRIMUS^-1 | MUST^-1	best LLR -8.28; testable
member	letters A-Z	SURFACE^-1 | PRIMES | MUST^-1	best LLR -9.68; testable
member	letters A-Z	SURFACE^-1 | TOTIENT | MUST^-1	best LLR -5.43; testable
member	letters A-Z	SURFACE^-1 | TOTIENT^-1 | MUST^-1	best LLR -6.95; testable
member	letters A-Z	SURFACE^-1 | DIVINITY | SHED	best LLR -4.55; testable
member	letters A-Z	SURFACE^-1 | FIRFUMFERENFE | SHED	best LLR -8.84; testable
member	letters A-Z	SURFACE^-1 | SOMEWISDOM^-1 | SHED	best LLR -8.34; testable
member	letters A-Z	SURFACE^-1 | KNOWTHIS | SHED	best LLR -9.94; testable
member	letters A-Z	SURFACE^-1 | AKOAN | SHED	best LLR -9.71; testable
member	letters A-Z	SURFACE^-1 | THELOSSOFDIVINITY | SHED	best LLR -3.79; testable
member	letters A-Z	SURFACE^-1 | ANEND^-1 | SHED	best LLR -9.27; testable
member	letters A-Z	SURFACE^-1 | LIKE | SHED	best LLR -6.98; testable
member	letters A-Z	SURFACE^-1 | INSTAR | SHED	best LLR -7.61; testable
member	letters A-Z	SURFACE^-1 | INSTAR^-1 | SHED	best LLR -6.69; testable
member	letters A-Z	SURFACE^-1 | OWN^-1 | SHED	best LLR -9.20; testable
member	letters A-Z	SURFACE^-1 | CIRCUMFERENCES^-1 | SHED	best LLR -9.44; testable
member	letters A-Z	SURFACE^-1 | FIND | SHED	best LLR -6.61; testable
member	letters A-Z	SURFACE^-1 | WITHIN | SHED	best LLR -9.86; testable
member	letters A-Z	SURFACE^-1 | EMERGE^-1 | SHED	best LLR -9.86; testable
member	letters A-Z	SURFACE^-1 | PRIMUS | SHED	best LLR -8.82; testable
member	letters A-Z	SURFACE^-1 | PRIMUS^-1 | SHED	best LLR -8.28; testable
member	letters A-Z	SURFACE^-1 | PRIMES | SHED	best LLR -9.68; testable
member	letters A-Z	SURFACE^-1 | TOTIENT | SHED	best LLR -5.43; testable
member	letters A-Z	SURFACE^-1 | TOTIENT^-1 | SHED	best LLR -6.95; testable
member	letters A-Z	SURFACE^-1 | DIVINITY | SHED^-1	best LLR -4.55; testable
member	letters A-Z	SURFACE^-1 | FIRFUMFERENFE | SHED^-1	best LLR -8.84; testable
member	letters A-Z	SURFACE^-1 | SOMEWISDOM^-1 | SHED^-1	best LLR -8.34; testable
member	letters A-Z	SURFACE^-1 | KNOWTHIS | SHED^-1	best LLR -9.94; testable
member	letters A-Z	SURFACE^-1 | AKOAN | SHED^-1	best LLR -9.71; testable
member	letters A-Z	SURFACE^-1 | THELOSSOFDIVINITY | SHED^-1	best LLR -3.79; testable
member	letters A-Z	SURFACE^-1 | ANEND^-1 | SHED^-1	best LLR -9.27; testable
member	letters A-Z	SURFACE^-1 | LIKE | SHED^-1	best LLR -6.98; testable
member	letters A-Z	SURFACE^-1 | INSTAR | SHED^-1	best LLR -7.61; testable
member	letters A-Z	SURFACE^-1 | INSTAR^-1 | SHED^-1	best LLR -6.69; testable
member	letters A-Z	SURFACE^-1 | OWN^-1 | SHED^-1	best LLR -9.20; testable
member	letters A-Z	SURFACE^-1 | CIRCUMFERENCES^-1 | SHED^-1	best LLR -9.44; testable
member	letters A-Z	SURFACE^-1 | FIND | SHED^-1	best LLR -6.61; testable
member	letters A-Z	SURFACE^-1 | WITHIN | SHED^-1	best LLR -9.86; testable
member	letters A-Z	SURFACE^-1 | EMERGE^-1 | SHED^-1	best LLR -9.86; testable
member	letters A-Z	SURFACE^-1 | PRIMUS | SHED^-1	best LLR -8.82; testable
member	letters A-Z	SURFACE^-1 | PRIMUS^-1 | SHED^-1	best LLR -8.28; testable
member	letters A-Z	SURFACE^-1 | PRIMES | SHED^-1	best LLR -9.68; testable
member	letters A-Z	SURFACE^-1 | TOTIENT | SHED^-1	best LLR -5.43; testable
member	letters A-Z	SURFACE^-1 | TOTIENT^-1 | SHED^-1	best LLR -6.95; testable
member	letters A-Z	SURFACE^-1 | DIVINITY | OUR	best LLR -4.55; testable
member	letters A-Z	SURFACE^-1 | FIRFUMFERENFE | OUR	best LLR -8.84; testable
member	letters A-Z	SURFACE^-1 | SOMEWISDOM^-1 | OUR	best LLR -8.34; testable
member	letters A-Z	SURFACE^-1 | KNOWTHIS | OUR	best LLR -9.94; testable
member	letters A-Z	SURFACE^-1 | AKOAN | OUR	best LLR -9.71; testable
member	letters A-Z	SURFACE^-1 | THELOSSOFDIVINITY | OUR	best LLR -3.79; testable
member	letters A-Z	SURFACE^-1 | ANEND^-1 | OUR	best LLR -9.27; testable
member	letters A-Z	SURFACE^-1 | LIKE | OUR	best LLR -6.98; testable
member	letters A-Z	SURFACE^-1 | INSTAR | OUR	best LLR -7.61; testable
member	letters A-Z	SURFACE^-1 | INSTAR^-1 | OUR	best LLR -6.69; testable
member	letters A-Z	SURFACE^-1 | OWN^-1 | OUR	best LLR -9.20; testable
member	letters A-Z	SURFACE^-1 | CIRCUMFERENCES^-1 | OUR	best LLR -9.44; testable
member	letters A-Z	SURFACE^-1 | FIND | OUR	best LLR -6.61; testable
member	letters A-Z	SURFACE^-1 | WITHIN | OUR	best LLR -9.86; testable
member	letters A-Z	SURFACE^-1 | EMERGE^-1 | OUR	best LLR -9.86; testable
member	letters A-Z	SURFACE^-1 | PRIMUS | OUR	best LLR -8.82; testable
member	letters A-Z	SURFACE^-1 | PRIMUS^-1 | OUR	best LLR -8.28; testable
member	letters A-Z	SURFACE^-1 | PRIMES | OUR	best LLR -9.68; testable
member	letters A-Z	SURFACE^-1 | TOTIENT | OUR	best LLR -5.43; testable
member	letters A-Z	SURFACE^-1 | TOTIENT^-1 | OUR	best LLR -6.95; testable
member	letters A-Z	SURFACE^-1 | DIVINITY | OWN	best LLR -4.55; testable
member	letters A-Z	SURFACE^-1 | FIRFUMFERENFE | OWN	best LLR -8.84; testable
member	letters A-Z	SURFACE^-1 | SOMEWISDOM^-1 | OWN	best LLR -8.34; testable
member	letters A-Z	SURFACE^-1 | KNOWTHIS | OWN	best LLR -9.94; testable
member	letters A-Z	SURFACE^-1 | AKOAN | OWN	best LLR -9.71; testable
member	letters A-Z	SURFACE^-1 | THELOSSOFDIVINITY | OWN	best LLR -3.79; testable
member	letters A-Z	SURFACE^-1 | ANEND^-1 | OWN	best LLR -9.27; testable
member	letters A-Z	SURFACE^-1 | LIKE | OWN	best LLR -6.98; testable
member	letters A-Z	SURFACE^-1 | INSTAR | OWN	best LLR -7.61; testable
member	letters A-Z	SURFACE^-1 | INSTAR^-1 | OWN	best LLR -6.69; testable
member	letters A-Z	SURFACE^-1 | OWN^-1 | OWN	best LLR -9.20; testable
member	letters A-Z	SURFACE^-1 | CIRCUMFERENCES^-1 | OWN	best LLR -9.44; testable
member	letters A-Z	SURFACE^-1 | FIND | OWN	best LLR -6.61; testable
member	letters A-Z	SURFACE^-1 | WITHIN | OWN	best LLR -9.86; testable
member	letters A-Z	SURFACE^-1 | EMERGE^-1 | OWN	best LLR -9.86; testable
member	letters A-Z	SURFACE^-1 | PRIMUS | OWN	best LLR -8.82; testable
member	letters A-Z	SURFACE^-1 | PRIMUS^-1 | OWN	best LLR -8.28; testable
member	letters A-Z	SURFACE^-1 | PRIMES | OWN	best LLR -9.68; testable
member	letters A-Z	SURFACE^-1 | TOTIENT | OWN	best LLR -5.43; testable
member	letters A-Z	SURFACE^-1 | TOTIENT^-1 | OWN	best LLR -6.95; testable
member	letters A-Z	SURFACE^-1 | DIVINITY | OWN^-1	best LLR -4.55; testable
member	letters A-Z	SURFACE^-1 | FIRFUMFERENFE | OWN^-1	best LLR -8.84; testable
member	letters A-Z	SURFACE^-1 | SOMEWISDOM^-1 | OWN^-1	best LLR -8.34; testable
member	letters A-Z	SURFACE^-1 | KNOWTHIS | OWN^-1	best LLR -9.94; testable
member	letters A-Z	SURFACE^-1 | AKOAN | OWN^-1	best LLR -9.71; testable
member	letters A-Z	SURFACE^-1 | THELOSSOFDIVINITY | OWN^-1	best LLR -3.79; testable
member	letters A-Z	SURFACE^-1 | ANEND^-1 | OWN^-1	best LLR -9.27; testable
member	letters A-Z	SURFACE^-1 | LIKE | OWN^-1	best LLR -6.98; testable
member	letters A-Z	SURFACE^-1 | INSTAR | OWN^-1	best LLR -7.61; testable
member	letters A-Z	SURFACE^-1 | INSTAR^-1 | OWN^-1	best LLR -6.69; testable
member	letters A-Z	SURFACE^-1 | OWN^-1 | OWN^-1	best LLR -9.20; testable
member	letters A-Z	SURFACE^-1 | CIRCUMFERENCES^-1 | OWN^-1	best LLR -9.44; testable
member	letters A-Z	SURFACE^-1 | FIND | OWN^-1	best LLR -6.61; testable
member	letters A-Z	SURFACE^-1 | WITHIN | OWN^-1	best LLR -9.86; testable
member	letters A-Z	SURFACE^-1 | EMERGE^-1 | OWN^-1	best LLR -9.86; testable
member	letters A-Z	SURFACE^-1 | PRIMUS | OWN^-1	best LLR -8.82; testable
member	letters A-Z	SURFACE^-1 | PRIMUS^-1 | OWN^-1	best LLR -8.28; testable
member	letters A-Z	SURFACE^-1 | PRIMES | OWN^-1	best LLR -9.68; testable
member	letters A-Z	SURFACE^-1 | TOTIENT | OWN^-1	best LLR -5.43; testable
member	letters A-Z	SURFACE^-1 | TOTIENT^-1 | OWN^-1	best LLR -6.95; testable
member	letters A-Z	SURFACE^-1 | DIVINITY | CIRCUMFERENCES	best LLR -4.55; testable
member	letters A-Z	SURFACE^-1 | FIRFUMFERENFE | CIRCUMFERENCES	best LLR -8.84; testable
member	letters A-Z	SURFACE^-1 | SOMEWISDOM^-1 | CIRCUMFERENCES	best LLR -8.34; testable
member	letters A-Z	SURFACE^-1 | KNOWTHIS | CIRCUMFERENCES	best LLR -9.94; testable
member	letters A-Z	SURFACE^-1 | AKOAN | CIRCUMFERENCES	best LLR -9.71; testable
member	letters A-Z	SURFACE^-1 | THELOSSOFDIVINITY | CIRCUMFERENCES	best LLR -3.79; testable
member	letters A-Z	SURFACE^-1 | ANEND^-1 | CIRCUMFERENCES	best LLR -9.27; testable
member	letters A-Z	SURFACE^-1 | LIKE | CIRCUMFERENCES	best LLR -6.98; testable
member	letters A-Z	SURFACE^-1 | INSTAR | CIRCUMFERENCES	best LLR -7.61; testable
member	letters A-Z	SURFACE^-1 | INSTAR^-1 | CIRCUMFERENCES	best LLR -6.69; testable
member	letters A-Z	SURFACE^-1 | OWN^-1 | CIRCUMFERENCES	best LLR -9.20; testable
member	letters A-Z	SURFACE^-1 | CIRCUMFERENCES^-1 | CIRCUMFERENCES	best LLR -9.44; testable
member	letters A-Z	SURFACE^-1 | FIND | CIRCUMFERENCES	best LLR -6.61; testable
member	letters A-Z	SURFACE^-1 | WITHIN | CIRCUMFERENCES	best LLR -9.86; testable
member	letters A-Z	SURFACE^-1 | EMERGE^-1 | CIRCUMFERENCES	best LLR -9.86; testable
member	letters A-Z	SURFACE^-1 | PRIMUS | CIRCUMFERENCES	best LLR -8.82; testable
member	letters A-Z	SURFACE^-1 | PRIMUS^-1 | CIRCUMFERENCES	best LLR -8.28; testable
member	letters A-Z	SURFACE^-1 | PRIMES | CIRCUMFERENCES	best LLR -9.68; testable
member	letters A-Z	SURFACE^-1 | TOTIENT | CIRCUMFERENCES	best LLR -5.43; testable
member	letters A-Z	SURFACE^-1 | TOTIENT^-1 | CIRCUMFERENCES	best LLR -6.95; testable
member	letters A-Z	SURFACE^-1 | DIVINITY | CIRCUMFERENCES^-1	best LLR -4.55; testable
member	letters A-Z	SURFACE^-1 | FIRFUMFERENFE | CIRCUMFERENCES^-1	best LLR -8.84; testable
member	letters A-Z	SURFACE^-1 | SOMEWISDOM^-1 | CIRCUMFERENCES^-1	best LLR -8.34; testable
member	letters A-Z	SURFACE^-1 | KNOWTHIS | CIRCUMFERENCES^-1	best LLR -9.94; testable
member	letters A-Z	SURFACE^-1 | AKOAN | CIRCUMFERENCES^-1	best LLR -9.71; testable
member	letters A-Z	SURFACE^-1 | THELOSSOFDIVINITY | CIRCUMFERENCES^-1	best LLR -3.79; testable
member	letters A-Z	SURFACE^-1 | ANEND^-1 | CIRCUMFERENCES^-1	best LLR -9.27; testable
member	letters A-Z	SURFACE^-1 | LIKE | CIRCUMFERENCES^-1	best LLR -6.98; testable
member	letters A-Z	SURFACE^-1 | INSTAR | CIRCUMFERENCES^-1	best LLR -7.61; testable
member	letters A-Z	SURFACE^-1 | INSTAR^-1 | CIRCUMFERENCES^-1	best LLR -6.69; testable
member	letters A-Z	SURFACE^-1 | OWN^-1 | CIRCUMFERENCES^-1	best LLR -9.20; testable
member	letters A-Z	SURFACE^-1 | CIRCUMFERENCES^-1 | CIRCUMFERENCES^-1	best LLR -9.44; testable
member	letters A-Z	SURFACE^-1 | FIND | CIRCUMFERENCES^-1	best LLR -6.61; testable
member	letters A-Z	SURFACE^-1 | WITHIN | CIRCUMFERENCES^-1	best LLR -9.86; testable
member	letters A-Z	SURFACE^-1 | EMERGE^-1 | CIRCUMFERENCES^-1	best LLR -9.86; testable
member	letters A-Z	SURFACE^-1 | PRIMUS | CIRCUMFERENCES^-1	best LLR -8.82; testable
member	letters A-Z	SURFACE^-1 | PRIMUS^-1 | CIRCUMFERENCES^-1	best LLR -8.28; testable
member	letters A-Z	SURFACE^-1 | PRIMES | CIRCUMFERENCES^-1	best LLR -9.68; testable
member	letters A-Z	SURFACE^-1 | TOTIENT | CIRCUMFERENCES^-1	best LLR -5.43; testable
member	letters A-Z	SURFACE^-1 | TOTIENT^-1 | CIRCUMFERENCES^-1	best LLR -6.95; testable
member	letters A-Z	SURFACE^-1 | DIVINITY | FIND	best LLR -4.55; testable
member	letters A-Z	SURFACE^-1 | FIRFUMFERENFE | FIND	best LLR -8.84; testable
member	letters A-Z	SURFACE^-1 | SOMEWISDOM^-1 | FIND	best LLR -8.34; testable
member	letters A-Z	SURFACE^-1 | KNOWTHIS | FIND	best LLR -9.94; testable
member	letters A-Z	SURFACE^-1 | AKOAN | FIND	best LLR -9.71; testable
member	letters A-Z	SURFACE^-1 | THELOSSOFDIVINITY | FIND	best LLR -3.79; testable
member	letters A-Z	SURFACE^-1 | ANEND^-1 | FIND	best LLR -9.27; testable
member	letters A-Z	SURFACE^-1 | LIKE | FIND	best LLR -6.98; testable
member	letters A-Z	SURFACE^-1 | INSTAR | FIND	best LLR -7.61; testable
member	letters A-Z	SURFACE^-1 | INSTAR^-1 | FIND	best LLR -6.69; testable
member	letters A-Z	SURFACE^-1 | OWN^-1 | FIND	best LLR -9.20; testable
member	letters A-Z	SURFACE^-1 | CIRCUMFERENCES^-1 | FIND	best LLR -9.44; testable
member	letters A-Z	SURFACE^-1 | FIND | FIND	best LLR -6.61; testable
member	letters A-Z	SURFACE^-1 | WITHIN | FIND	best LLR -9.86; testable
member	letters A-Z	SURFACE^-1 | EMERGE^-1 | FIND	best LLR -9.86; testable
member	letters A-Z	SURFACE^-1 | PRIMUS | FIND	best LLR -8.82; testable
member	letters A-Z	SURFACE^-1 | PRIMUS^-1 | FIND	best LLR -8.28; testable
member	letters A-Z	SURFACE^-1 | PRIMES | FIND	best LLR -9.68; testable
member	letters A-Z	SURFACE^-1 | TOTIENT | FIND	best LLR -5.43; testable
member	letters A-Z	SURFACE^-1 | TOTIENT^-1 | FIND	best LLR -6.95; testable
member	letters A-Z	SURFACE^-1 | DIVINITY | FIND^-1	best LLR -4.55; testable
member	letters A-Z	SURFACE^-1 | FIRFUMFERENFE | FIND^-1	best LLR -8.84; testable
member	letters A-Z	SURFACE^-1 | SOMEWISDOM^-1 | FIND^-1	best LLR -8.34; testable
member	letters A-Z	SURFACE^-1 | KNOWTHIS | FIND^-1	best LLR -9.94; testable
member	letters A-Z	SURFACE^-1 | AKOAN | FIND^-1	best LLR -9.71; testable
member	letters A-Z	SURFACE^-1 | THELOSSOFDIVINITY | FIND^-1	best LLR -3.79; testable
member	letters A-Z	SURFACE^-1 | ANEND^-1 | FIND^-1	best LLR -9.27; testable
member	letters A-Z	SURFACE^-1 | LIKE | FIND^-1	best LLR -6.98; testable
member	letters A-Z	SURFACE^-1 | INSTAR | FIND^-1	best LLR -7.61; testable
member	letters A-Z	SURFACE^-1 | INSTAR^-1 | FIND^-1	best LLR -6.69; testable
member	letters A-Z	SURFACE^-1 | OWN^-1 | FIND^-1	best LLR -9.20; testable
member	letters A-Z	SURFACE^-1 | CIRCUMFERENCES^-1 | FIND^-1	best LLR -9.44; testable
member	letters A-Z	SURFACE^-1 | FIND | FIND^-1	best LLR -6.61; testable
member	letters A-Z	SURFACE^-1 | WITHIN | FIND^-1	best LLR -9.86; testable
member	letters A-Z	SURFACE^-1 | EMERGE^-1 | FIND^-1	best LLR -9.86; testable
member	letters A-Z	SURFACE^-1 | PRIMUS | FIND^-1	best LLR -8.82; testable
member	letters A-Z	SURFACE^-1 | PRIMUS^-1 | FIND^-1	best LLR -8.28; testable
member	letters A-Z	SURFACE^-1 | PRIMES | FIND^-1	best LLR -9.68; testable
member	letters A-Z	SURFACE^-1 | TOTIENT | FIND^-1	best LLR -5.43; testable
member	letters A-Z	SURFACE^-1 | TOTIENT^-1 | FIND^-1	best LLR -6.95; testable
member	letters A-Z	SURFACE^-1 | DIVINITY | WITHIN	best LLR -4.55; testable
member	letters A-Z	SURFACE^-1 | FIRFUMFERENFE | WITHIN	best LLR -8.84; testable
member	letters A-Z	SURFACE^-1 | SOMEWISDOM^-1 | WITHIN	best LLR -8.34; testable
member	letters A-Z	SURFACE^-1 | KNOWTHIS | WITHIN	best LLR -9.94; testable
member	letters A-Z	SURFACE^-1 | AKOAN | WITHIN	best LLR -9.71; testable
member	letters A-Z	SURFACE^-1 | THELOSSOFDIVINITY | WITHIN	best LLR -3.79; testable
member	letters A-Z	SURFACE^-1 | ANEND^-1 | WITHIN	best LLR -9.27; testable
member	letters A-Z	SURFACE^-1 | LIKE | WITHIN	best LLR -6.98; testable
member	letters A-Z	SURFACE^-1 | INSTAR | WITHIN	best LLR -7.61; testable
member	letters A-Z	SURFACE^-1 | INSTAR^-1 | WITHIN	best LLR -6.69; testable
member	letters A-Z	SURFACE^-1 | OWN^-1 | WITHIN	best LLR -9.20; testable
member	letters A-Z	SURFACE^-1 | CIRCUMFERENCES^-1 | WITHIN	best LLR -9.44; testable
member	letters A-Z	SURFACE^-1 | FIND | WITHIN	best LLR -6.61; testable
member	letters A-Z	SURFACE^-1 | WITHIN | WITHIN	best LLR -9.86; testable
member	letters A-Z	SURFACE^-1 | EMERGE^-1 | WITHIN	best LLR -9.86; testable
member	letters A-Z	SURFACE^-1 | PRIMUS | WITHIN	best LLR -8.82; testable
member	letters A-Z	SURFACE^-1 | PRIMUS^-1 | WITHIN	best LLR -8.28; testable
member	letters A-Z	SURFACE^-1 | PRIMES | WITHIN	best LLR -9.68; testable
member	letters A-Z	SURFACE^-1 | TOTIENT | WITHIN	best LLR -5.43; testable
member	letters A-Z	SURFACE^-1 | TOTIENT^-1 | WITHIN	best LLR -6.95; testable
member	letters A-Z	SURFACE^-1 | DIVINITY | WITHIN^-1	best LLR -4.55; testable
member	letters A-Z	SURFACE^-1 | FIRFUMFERENFE | WITHIN^-1	best LLR -8.84; testable
member	letters A-Z	SURFACE^-1 | SOMEWISDOM^-1 | WITHIN^-1	best LLR -8.34; testable
member	letters A-Z	SURFACE^-1 | KNOWTHIS | WITHIN^-1	best LLR -9.94; testable
member	letters A-Z	SURFACE^-1 | AKOAN | WITHIN^-1	best LLR -9.71; testable
member	letters A-Z	SURFACE^-1 | THELOSSOFDIVINITY | WITHIN^-1	best LLR -3.79; testable
member	letters A-Z	SURFACE^-1 | ANEND^-1 | WITHIN^-1	best LLR -9.27; testable
member	letters A-Z	SURFACE^-1 | LIKE | WITHIN^-1	best LLR -6.98; testable
member	letters A-Z	SURFACE^-1 | INSTAR | WITHIN^-1	best LLR -7.61; testable
member	letters A-Z	SURFACE^-1 | INSTAR^-1 | WITHIN^-1	best LLR -6.69; testable
member	letters A-Z	SURFACE^-1 | OWN^-1 | WITHIN^-1	best LLR -9.20; testable
member	letters A-Z	SURFACE^-1 | CIRCUMFERENCES^-1 | WITHIN^-1	best LLR -9.44; testable
member	letters A-Z	SURFACE^-1 | FIND | WITHIN^-1	best LLR -6.61; testable
member	letters A-Z	SURFACE^-1 | WITHIN | WITHIN^-1	best LLR -9.86; testable
member	letters A-Z	SURFACE^-1 | EMERGE^-1 | WITHIN^-1	best LLR -9.86; testable
member	letters A-Z	SURFACE^-1 | PRIMUS | WITHIN^-1	best LLR -8.82; testable
member	letters A-Z	SURFACE^-1 | PRIMUS^-1 | WITHIN^-1	best LLR -8.28; testable
member	letters A-Z	SURFACE^-1 | PRIMES | WITHIN^-1	best LLR -9.68; testable
member	letters A-Z	SURFACE^-1 | TOTIENT | WITHIN^-1	best LLR -5.43; testable
member	letters A-Z	SURFACE^-1 | TOTIENT^-1 | WITHIN^-1	best LLR -6.95; testable
member	letters A-Z	SURFACE^-1 | DIVINITY | AND	best LLR -4.55; testable
member	letters A-Z	SURFACE^-1 | FIRFUMFERENFE | AND	best LLR -8.84; testable
member	letters A-Z	SURFACE^-1 | SOMEWISDOM^-1 | AND	best LLR -8.34; testable
member	letters A-Z	SURFACE^-1 | KNOWTHIS | AND	best LLR -9.94; testable
member	letters A-Z	SURFACE^-1 | AKOAN | AND	best LLR -9.71; testable
member	letters A-Z	SURFACE^-1 | THELOSSOFDIVINITY | AND	best LLR -3.79; testable
member	letters A-Z	SURFACE^-1 | ANEND^-1 | AND	best LLR -9.27; testable
member	letters A-Z	SURFACE^-1 | LIKE | AND	best LLR -6.98; testable
member	letters A-Z	SURFACE^-1 | INSTAR | AND	best LLR -7.61; testable
member	letters A-Z	SURFACE^-1 | INSTAR^-1 | AND	best LLR -6.69; testable
member	letters A-Z	SURFACE^-1 | OWN^-1 | AND	best LLR -9.20; testable
member	letters A-Z	SURFACE^-1 | CIRCUMFERENCES^-1 | AND	best LLR -9.44; testable
member	letters A-Z	SURFACE^-1 | FIND | AND	best LLR -6.61; testable
member	letters A-Z	SURFACE^-1 | WITHIN | AND	best LLR -9.86; testable
member	letters A-Z	SURFACE^-1 | EMERGE^-1 | AND	best LLR -9.86; testable
member	letters A-Z	SURFACE^-1 | PRIMUS | AND	best LLR -8.82; testable
member	letters A-Z	SURFACE^-1 | PRIMUS^-1 | AND	best LLR -8.28; testable
member	letters A-Z	SURFACE^-1 | PRIMES | AND	best LLR -9.68; testable
member	letters A-Z	SURFACE^-1 | TOTIENT | AND	best LLR -5.43; testable
member	letters A-Z	SURFACE^-1 | TOTIENT^-1 | AND	best LLR -6.95; testable
member	letters A-Z	SURFACE^-1 | DIVINITY | AND^-1	best LLR -4.55; testable
member	letters A-Z	SURFACE^-1 | FIRFUMFERENFE | AND^-1	best LLR -8.84; testable
member	letters A-Z	SURFACE^-1 | SOMEWISDOM^-1 | AND^-1	best LLR -8.34; testable
member	letters A-Z	SURFACE^-1 | KNOWTHIS | AND^-1	best LLR -9.94; testable
member	letters A-Z	SURFACE^-1 | AKOAN | AND^-1	best LLR -9.71; testable
member	letters A-Z	SURFACE^-1 | THELOSSOFDIVINITY | AND^-1	best LLR -3.79; testable
member	letters A-Z	SURFACE^-1 | ANEND^-1 | AND^-1	best LLR -9.27; testable
member	letters A-Z	SURFACE^-1 | LIKE | AND^-1	best LLR -6.98; testable
member	letters A-Z	SURFACE^-1 | INSTAR | AND^-1	best LLR -7.61; testable
member	letters A-Z	SURFACE^-1 | INSTAR^-1 | AND^-1	best LLR -6.69; testable
member	letters A-Z	SURFACE^-1 | OWN^-1 | AND^-1	best LLR -9.20; testable
member	letters A-Z	SURFACE^-1 | CIRCUMFERENCES^-1 | AND^-1	best LLR -9.44; testable
member	letters A-Z	SURFACE^-1 | FIND | AND^-1	best LLR -6.61; testable
member	letters A-Z	SURFACE^-1 | WITHIN | AND^-1	best LLR -9.86; testable
member	letters A-Z	SURFACE^-1 | EMERGE^-1 | AND^-1	best LLR -9.86; testable
member	letters A-Z	SURFACE^-1 | PRIMUS | AND^-1	best LLR -8.82; testable
member	letters A-Z	SURFACE^-1 | PRIMUS^-1 | AND^-1	best LLR -8.28; testable
member	letters A-Z	SURFACE^-1 | PRIMES | AND^-1	best LLR -9.68; testable
member	letters A-Z	SURFACE^-1 | TOTIENT | AND^-1	best LLR -5.43; testable
member	letters A-Z	SURFACE^-1 | TOTIENT^-1 | AND^-1	best LLR -6.95; testable
member	letters A-Z	SURFACE^-1 | DIVINITY | EMERGE	best LLR -4.55; testable
member	letters A-Z	SURFACE^-1 | FIRFUMFERENFE | EMERGE	best LLR -8.84; testable
member	letters A-Z	SURFACE^-1 | SOMEWISDOM^-1 | EMERGE	best LLR -8.34; testable
member	letters A-Z	SURFACE^-1 | KNOWTHIS | EMERGE	best LLR -9.94; testable
member	letters A-Z	SURFACE^-1 | AKOAN | EMERGE	best LLR -9.71; testable
member	letters A-Z	SURFACE^-1 | THELOSSOFDIVINITY | EMERGE	best LLR -3.79; testable
member	letters A-Z	SURFACE^-1 | ANEND^-1 | EMERGE	best LLR -9.27; testable
member	letters A-Z	SURFACE^-1 | LIKE | EMERGE	best LLR -6.98; testable
member	letters A-Z	SURFACE^-1 | INSTAR | EMERGE	best LLR -7.61; testable
member	letters A-Z	SURFACE^-1 | INSTAR^-1 | EMERGE	best LLR -6.69; testable
member	letters A-Z	SURFACE^-1 | OWN^-1 | EMERGE	best LLR -9.20; testable
member	letters A-Z	SURFACE^-1 | CIRCUMFERENCES^-1 | EMERGE	best LLR -9.44; testable
member	letters A-Z	SURFACE^-1 | FIND | EMERGE	best LLR -6.61; testable
member	letters A-Z	SURFACE^-1 | WITHIN | EMERGE	best LLR -9.86; testable
member	letters A-Z	SURFACE^-1 | EMERGE^-1 | EMERGE	best LLR -9.86; testable
member	letters A-Z	SURFACE^-1 | PRIMUS | EMERGE	best LLR -8.82; testable
member	letters A-Z	SURFACE^-1 | PRIMUS^-1 | EMERGE	best LLR -8.28; testable
member	letters A-Z	SURFACE^-1 | PRIMES | EMERGE	best LLR -9.68; testable
member	letters A-Z	SURFACE^-1 | TOTIENT | EMERGE	best LLR -5.43; testable
member	letters A-Z	SURFACE^-1 | TOTIENT^-1 | EMERGE	best LLR -6.95; testable
member	letters A-Z	SURFACE^-1 | DIVINITY | EMERGE^-1	best LLR -4.55; testable
member	letters A-Z	SURFACE^-1 | FIRFUMFERENFE | EMERGE^-1	best LLR -8.84; testable
member	letters A-Z	SURFACE^-1 | SOMEWISDOM^-1 | EMERGE^-1	best LLR -8.34; testable
member	letters A-Z	SURFACE^-1 | KNOWTHIS | EMERGE^-1	best LLR -9.94; testable
member	letters A-Z	SURFACE^-1 | AKOAN | EMERGE^-1	best LLR -9.71; testable
member	letters A-Z	SURFACE^-1 | THELOSSOFDIVINITY | EMERGE^-1	best LLR -3.79; testable
member	letters A-Z	SURFACE^-1 | ANEND^-1 | EMERGE^-1	best LLR -9.27; testable
member	letters A-Z	SURFACE^-1 | LIKE | EMERGE^-1	best LLR -6.98; testable
member	letters A-Z	SURFACE^-1 | INSTAR | EMERGE^-1	best LLR -7.61; testable
member	letters A-Z	SURFACE^-1 | INSTAR^-1 | EMERGE^-1	best LLR -6.69; testable
member	letters A-Z	SURFACE^-1 | OWN^-1 | EMERGE^-1	best LLR -9.20; testable
member	letters A-Z	SURFACE^-1 | CIRCUMFERENCES^-1 | EMERGE^-1	best LLR -9.44; testable
member	letters A-Z	SURFACE^-1 | FIND | EMERGE^-1	best LLR -6.61; testable
member	letters A-Z	SURFACE^-1 | WITHIN | EMERGE^-1	best LLR -9.86; testable
member	letters A-Z	SURFACE^-1 | EMERGE^-1 | EMERGE^-1	best LLR -9.86; testable
member	letters A-Z	SURFACE^-1 | PRIMUS | EMERGE^-1	best LLR -8.82; testable
member	letters A-Z	SURFACE^-1 | PRIMUS^-1 | EMERGE^-1	best LLR -8.28; testable
member	letters A-Z	SURFACE^-1 | PRIMES | EMERGE^-1	best LLR -9.68; testable
member	letters A-Z	SURFACE^-1 | TOTIENT | EMERGE^-1	best LLR -5.43; testable
member	letters A-Z	SURFACE^-1 | TOTIENT^-1 | EMERGE^-1	best LLR -6.95; testable
member	letters A-Z	SURFACE^-1 | DIVINITY | CIRCUMFERENCE	best LLR -4.55; testable
member	letters A-Z	SURFACE^-1 | FIRFUMFERENFE | CIRCUMFERENCE	best LLR -8.84; testable
member	letters A-Z	SURFACE^-1 | SOMEWISDOM^-1 | CIRCUMFERENCE	best LLR -8.34; testable
member	letters A-Z	SURFACE^-1 | KNOWTHIS | CIRCUMFERENCE	best LLR -9.94; testable
member	letters A-Z	SURFACE^-1 | AKOAN | CIRCUMFERENCE	best LLR -9.71; testable
member	letters A-Z	SURFACE^-1 | THELOSSOFDIVINITY | CIRCUMFERENCE	best LLR -3.79; testable
member	letters A-Z	SURFACE^-1 | ANEND^-1 | CIRCUMFERENCE	best LLR -9.27; testable
member	letters A-Z	SURFACE^-1 | LIKE | CIRCUMFERENCE	best LLR -6.98; testable
member	letters A-Z	SURFACE^-1 | INSTAR | CIRCUMFERENCE	best LLR -7.61; testable
member	letters A-Z	SURFACE^-1 | INSTAR^-1 | CIRCUMFERENCE	best LLR -6.69; testable
member	letters A-Z	SURFACE^-1 | OWN^-1 | CIRCUMFERENCE	best LLR -9.20; testable
member	letters A-Z	SURFACE^-1 | CIRCUMFERENCES^-1 | CIRCUMFERENCE	best LLR -9.44; testable
member	letters A-Z	SURFACE^-1 | FIND | CIRCUMFERENCE	best LLR -6.61; testable
member	letters A-Z	SURFACE^-1 | WITHIN | CIRCUMFERENCE	best LLR -9.86; testable
member	letters A-Z	SURFACE^-1 | EMERGE^-1 | CIRCUMFERENCE	best LLR -9.86; testable
member	letters A-Z	SURFACE^-1 | PRIMUS | CIRCUMFERENCE	best LLR -8.82; testable
member	letters A-Z	SURFACE^-1 | PRIMUS^-1 | CIRCUMFERENCE	best LLR -8.28; testable
member	letters A-Z	SURFACE^-1 | PRIMES | CIRCUMFERENCE	best LLR -9.68; testable
member	letters A-Z	SURFACE^-1 | TOTIENT | CIRCUMFERENCE	best LLR -5.43; testable
member	letters A-Z	SURFACE^-1 | TOTIENT^-1 | CIRCUMFERENCE	best LLR -6.95; testable
member	letters A-Z	SURFACE^-1 | DIVINITY | CIRCUMFERENCE^-1	best LLR -4.55; testable
member	letters A-Z	SURFACE^-1 | FIRFUMFERENFE | CIRCUMFERENCE^-1	best LLR -8.84; testable
member	letters A-Z	SURFACE^-1 | SOMEWISDOM^-1 | CIRCUMFERENCE^-1	best LLR -8.34; testable
member	letters A-Z	SURFACE^-1 | KNOWTHIS | CIRCUMFERENCE^-1	best LLR -9.94; testable
member	letters A-Z	SURFACE^-1 | AKOAN | CIRCUMFERENCE^-1	best LLR -9.71; testable
member	letters A-Z	SURFACE^-1 | THELOSSOFDIVINITY | CIRCUMFERENCE^-1	best LLR -3.79; testable
member	letters A-Z	SURFACE^-1 | ANEND^-1 | CIRCUMFERENCE^-1	best LLR -9.27; testable
member	letters A-Z	SURFACE^-1 | LIKE | CIRCUMFERENCE^-1	best LLR -6.98; testable
member	letters A-Z	SURFACE^-1 | INSTAR | CIRCUMFERENCE^-1	best LLR -7.61; testable
member	letters A-Z	SURFACE^-1 | INSTAR^-1 | CIRCUMFERENCE^-1	best LLR -6.69; testable
member	letters A-Z	SURFACE^-1 | OWN^-1 | CIRCUMFERENCE^-1	best LLR -9.20; testable
member	letters A-Z	SURFACE^-1 | CIRCUMFERENCES^-1 | CIRCUMFERENCE^-1	best LLR -9.44; testable
member	letters A-Z	SURFACE^-1 | FIND | CIRCUMFERENCE^-1	best LLR -6.61; testable
member	letters A-Z	SURFACE^-1 | WITHIN | CIRCUMFERENCE^-1	best LLR -9.86; testable
member	letters A-Z	SURFACE^-1 | EMERGE^-1 | CIRCUMFERENCE^-1	best LLR -9.86; testable
member	letters A-Z	SURFACE^-1 | PRIMUS | CIRCUMFERENCE^-1	best LLR -8.82; testable
member	letters A-Z	SURFACE^-1 | PRIMUS^-1 | CIRCUMFERENCE^-1	best LLR -8.28; testable
member	letters A-Z	SURFACE^-1 | PRIMES | CIRCUMFERENCE^-1	best LLR -9.68; testable
member	letters A-Z	SURFACE^-1 | TOTIENT | CIRCUMFERENCE^-1	best LLR -5.43; testable
member	letters A-Z	SURFACE^-1 | TOTIENT^-1 | CIRCUMFERENCE^-1	best LLR -6.95; testable
member	letters A-Z	SURFACE^-1 | DIVINITY | LIBERPRIMUS	best LLR -4.55; testable
member	letters A-Z	SURFACE^-1 | FIRFUMFERENFE | LIBERPRIMUS	best LLR -8.84; testable
member	letters A-Z	SURFACE^-1 | SOMEWISDOM^-1 | LIBERPRIMUS	best LLR -8.34; testable
member	letters A-Z	SURFACE^-1 | KNOWTHIS | LIBERPRIMUS	best LLR -9.94; testable
member	letters A-Z	SURFACE^-1 | AKOAN | LIBERPRIMUS	best LLR -9.71; testable
member	letters A-Z	SURFACE^-1 | THELOSSOFDIVINITY | LIBERPRIMUS	best LLR -3.79; testable
member	letters A-Z	SURFACE^-1 | ANEND^-1 | LIBERPRIMUS	best LLR -9.27; testable
member	letters A-Z	SURFACE^-1 | LIKE | LIBERPRIMUS	best LLR -6.98; testable
member	letters A-Z	SURFACE^-1 | INSTAR | LIBERPRIMUS	best LLR -7.61; testable
member	letters A-Z	SURFACE^-1 | INSTAR^-1 | LIBERPRIMUS	best LLR -6.69; testable
member	letters A-Z	SURFACE^-1 | OWN^-1 | LIBERPRIMUS	best LLR -9.20; testable
member	letters A-Z	SURFACE^-1 | CIRCUMFERENCES^-1 | LIBERPRIMUS	best LLR -9.44; testable
member	letters A-Z	SURFACE^-1 | FIND | LIBERPRIMUS	best LLR -6.61; testable
member	letters A-Z	SURFACE^-1 | WITHIN | LIBERPRIMUS	best LLR -9.86; testable
member	letters A-Z	SURFACE^-1 | EMERGE^-1 | LIBERPRIMUS	best LLR -9.86; testable
member	letters A-Z	SURFACE^-1 | PRIMUS | LIBERPRIMUS	best LLR -8.82; testable
member	letters A-Z	SURFACE^-1 | PRIMUS^-1 | LIBERPRIMUS	best LLR -8.28; testable
member	letters A-Z	SURFACE^-1 | PRIMES | LIBERPRIMUS	best LLR -9.68; testable
member	letters A-Z	SURFACE^-1 | TOTIENT | LIBERPRIMUS	best LLR -5.43; testable
member	letters A-Z	SURFACE^-1 | TOTIENT^-1 | LIBERPRIMUS	best LLR -6.95; testable
member	letters A-Z	SURFACE^-1 | DIVINITY | LIBERPRIMUS^-1	best LLR -4.55; testable
member	letters A-Z	SURFACE^-1 | FIRFUMFERENFE | LIBERPRIMUS^-1	best LLR -8.84; testable
member	letters A-Z	SURFACE^-1 | SOMEWISDOM^-1 | LIBERPRIMUS^-1	best LLR -8.34; testable
member	letters A-Z	SURFACE^-1 | KNOWTHIS | LIBERPRIMUS^-1	best LLR -9.94; testable
member	letters A-Z	SURFACE^-1 | AKOAN | LIBERPRIMUS^-1	best LLR -9.71; testable
member	letters A-Z	SURFACE^-1 | THELOSSOFDIVINITY | LIBERPRIMUS^-1	best LLR -3.79; testable
member	letters A-Z	SURFACE^-1 | ANEND^-1 | LIBERPRIMUS^-1	best LLR -9.27; testable
member	letters A-Z	SURFACE^-1 | LIKE | LIBERPRIMUS^-1	best LLR -6.98; testable
member	letters A-Z	SURFACE^-1 | INSTAR | LIBERPRIMUS^-1	best LLR -7.61; testable
member	letters A-Z	SURFACE^-1 | INSTAR^-1 | LIBERPRIMUS^-1	best LLR -6.69; testable
member	letters A-Z	SURFACE^-1 | OWN^-1 | LIBERPRIMUS^-1	best LLR -9.20; testable
member	letters A-Z	SURFACE^-1 | CIRCUMFERENCES^-1 | LIBERPRIMUS^-1	best LLR -9.44; testable
member	letters A-Z	SURFACE^-1 | FIND | LIBERPRIMUS^-1	best LLR -6.61; testable
member	letters A-Z	SURFACE^-1 | WITHIN | LIBERPRIMUS^-1	best LLR -9.86; testable
member	letters A-Z	SURFACE^-1 | EMERGE^-1 | LIBERPRIMUS^-1	best LLR -9.86; testable
member	letters A-Z	SURFACE^-1 | PRIMUS | LIBERPRIMUS^-1	best LLR -8.82; testable
member	letters A-Z	SURFACE^-1 | PRIMUS^-1 | LIBERPRIMUS^-1	best LLR -8.28; testable
member	letters A-Z	SURFACE^-1 | PRIMES | LIBERPRIMUS^-1	best LLR -9.68; testable
member	letters A-Z	SURFACE^-1 | TOTIENT | LIBERPRIMUS^-1	best LLR -5.43; testable
member	letters A-Z	SURFACE^-1 | TOTIENT^-1 | LIBERPRIMUS^-1	best LLR -6.95; testable
member	letters A-Z	SURFACE^-1 | DIVINITY | PRIMUS	best LLR -4.55; testable
member	letters A-Z	SURFACE^-1 | FIRFUMFERENFE | PRIMUS	best LLR -8.84; testable
member	letters A-Z	SURFACE^-1 | SOMEWISDOM^-1 | PRIMUS	best LLR -8.34; testable
member	letters A-Z	SURFACE^-1 | KNOWTHIS | PRIMUS	best LLR -9.94; testable
member	letters A-Z	SURFACE^-1 | AKOAN | PRIMUS	best LLR -9.71; testable
member	letters A-Z	SURFACE^-1 | THELOSSOFDIVINITY | PRIMUS	best LLR -3.79; testable
member	letters A-Z	SURFACE^-1 | ANEND^-1 | PRIMUS	best LLR -9.27; testable
member	letters A-Z	SURFACE^-1 | LIKE | PRIMUS	best LLR -6.98; testable
member	letters A-Z	SURFACE^-1 | INSTAR | PRIMUS	best LLR -7.61; testable
member	letters A-Z	SURFACE^-1 | INSTAR^-1 | PRIMUS	best LLR -6.69; testable
member	letters A-Z	SURFACE^-1 | OWN^-1 | PRIMUS	best LLR -9.20; testable
member	letters A-Z	SURFACE^-1 | CIRCUMFERENCES^-1 | PRIMUS	best LLR -9.44; testable
member	letters A-Z	SURFACE^-1 | FIND | PRIMUS	best LLR -6.61; testable
member	letters A-Z	SURFACE^-1 | WITHIN | PRIMUS	best LLR -9.86; testable
member	letters A-Z	SURFACE^-1 | EMERGE^-1 | PRIMUS	best LLR -9.86; testable
member	letters A-Z	SURFACE^-1 | PRIMUS | PRIMUS	best LLR -8.82; testable
member	letters A-Z	SURFACE^-1 | PRIMUS^-1 | PRIMUS	best LLR -8.28; testable
member	letters A-Z	SURFACE^-1 | PRIMES | PRIMUS	best LLR -9.68; testable
member	letters A-Z	SURFACE^-1 | TOTIENT | PRIMUS	best LLR -5.43; testable
member	letters A-Z	SURFACE^-1 | TOTIENT^-1 | PRIMUS	best LLR -6.95; testable
member	letters A-Z	SURFACE^-1 | DIVINITY | PRIMUS^-1	best LLR -4.55; testable
member	letters A-Z	SURFACE^-1 | FIRFUMFERENFE | PRIMUS^-1	best LLR -8.84; testable
member	letters A-Z	SURFACE^-1 | SOMEWISDOM^-1 | PRIMUS^-1	best LLR -8.34; testable
member	letters A-Z	SURFACE^-1 | KNOWTHIS | PRIMUS^-1	best LLR -9.94; testable
member	letters A-Z	SURFACE^-1 | AKOAN | PRIMUS^-1	best LLR -9.71; testable
member	letters A-Z	SURFACE^-1 | THELOSSOFDIVINITY | PRIMUS^-1	best LLR -3.79; testable
member	letters A-Z	SURFACE^-1 | ANEND^-1 | PRIMUS^-1	best LLR -9.27; testable
member	letters A-Z	SURFACE^-1 | LIKE | PRIMUS^-1	best LLR -6.98; testable
member	letters A-Z	SURFACE^-1 | INSTAR | PRIMUS^-1	best LLR -7.61; testable
member	letters A-Z	SURFACE^-1 | INSTAR^-1 | PRIMUS^-1	best LLR -6.69; testable
member	letters A-Z	SURFACE^-1 | OWN^-1 | PRIMUS^-1	best LLR -9.20; testable
member	letters A-Z	SURFACE^-1 | CIRCUMFERENCES^-1 | PRIMUS^-1	best LLR -9.44; testable
member	letters A-Z	SURFACE^-1 | FIND | PRIMUS^-1	best LLR -6.61; testable
member	letters A-Z	SURFACE^-1 | WITHIN | PRIMUS^-1	best LLR -9.86; testable
member	letters A-Z	SURFACE^-1 | EMERGE^-1 | PRIMUS^-1	best LLR -9.86; testable
member	letters A-Z	SURFACE^-1 | PRIMUS | PRIMUS^-1	best LLR -8.82; testable
member	letters A-Z	SURFACE^-1 | PRIMUS^-1 | PRIMUS^-1	best LLR -8.28; testable
member	letters A-Z	SURFACE^-1 | PRIMES | PRIMUS^-1	best LLR -9.68; testable
member	letters A-Z	SURFACE^-1 | TOTIENT | PRIMUS^-1	best LLR -5.43; testable
member	letters A-Z	SURFACE^-1 | TOTIENT^-1 | PRIMUS^-1	best LLR -6.95; testable
member	letters A-Z	SURFACE^-1 | DIVINITY | CICADA	best LLR -4.55; testable
member	letters A-Z	SURFACE^-1 | FIRFUMFERENFE | CICADA	best LLR -8.84; testable
member	letters A-Z	SURFACE^-1 | SOMEWISDOM^-1 | CICADA	best LLR -8.34; testable
member	letters A-Z	SURFACE^-1 | KNOWTHIS | CICADA	best LLR -9.94; testable
member	letters A-Z	SURFACE^-1 | AKOAN | CICADA	best LLR -9.71; testable
member	letters A-Z	SURFACE^-1 | THELOSSOFDIVINITY | CICADA	best LLR -3.79; testable
member	letters A-Z	SURFACE^-1 | ANEND^-1 | CICADA	best LLR -9.27; testable
member	letters A-Z	SURFACE^-1 | LIKE | CICADA	best LLR -6.98; testable
member	letters A-Z	SURFACE^-1 | INSTAR | CICADA	best LLR -7.61; testable
member	letters A-Z	SURFACE^-1 | INSTAR^-1 | CICADA	best LLR -6.69; testable
member	letters A-Z	SURFACE^-1 | OWN^-1 | CICADA	best LLR -9.20; testable
member	letters A-Z	SURFACE^-1 | CIRCUMFERENCES^-1 | CICADA	best LLR -9.44; testable
member	letters A-Z	SURFACE^-1 | FIND | CICADA	best LLR -6.61; testable
member	letters A-Z	SURFACE^-1 | WITHIN | CICADA	best LLR -9.86; testable
member	letters A-Z	SURFACE^-1 | EMERGE^-1 | CICADA	best LLR -9.86; testable
member	letters A-Z	SURFACE^-1 | PRIMUS | CICADA	best LLR -8.82; testable
member	letters A-Z	SURFACE^-1 | PRIMUS^-1 | CICADA	best LLR -8.28; testable
member	letters A-Z	SURFACE^-1 | PRIMES | CICADA	best LLR -9.68; testable
member	letters A-Z	SURFACE^-1 | TOTIENT | CICADA	best LLR -5.43; testable
member	letters A-Z	SURFACE^-1 | TOTIENT^-1 | CICADA	best LLR -6.95; testable
member	letters A-Z	SURFACE^-1 | DIVINITY | CICADA^-1	best LLR -4.55; testable
member	letters A-Z	SURFACE^-1 | FIRFUMFERENFE | CICADA^-1	best LLR -8.84; testable
member	letters A-Z	SURFACE^-1 | SOMEWISDOM^-1 | CICADA^-1	best LLR -8.34; testable
member	letters A-Z	SURFACE^-1 | KNOWTHIS | CICADA^-1	best LLR -9.94; testable
member	letters A-Z	SURFACE^-1 | AKOAN | CICADA^-1	best LLR -9.71; testable
member	letters A-Z	SURFACE^-1 | THELOSSOFDIVINITY | CICADA^-1	best LLR -3.79; testable
member	letters A-Z	SURFACE^-1 | ANEND^-1 | CICADA^-1	best LLR -9.27; testable
member	letters A-Z	SURFACE^-1 | LIKE | CICADA^-1	best LLR -6.98; testable
member	letters A-Z	SURFACE^-1 | INSTAR | CICADA^-1	best LLR -7.61; testable
member	letters A-Z	SURFACE^-1 | INSTAR^-1 | CICADA^-1	best LLR -6.69; testable
member	letters A-Z	SURFACE^-1 | OWN^-1 | CICADA^-1	best LLR -9.20; testable
member	letters A-Z	SURFACE^-1 | CIRCUMFERENCES^-1 | CICADA^-1	best LLR -9.44; testable
member	letters A-Z	SURFACE^-1 | FIND | CICADA^-1	best LLR -6.61; testable
member	letters A-Z	SURFACE^-1 | WITHIN | CICADA^-1	best LLR -9.86; testable
member	letters A-Z	SURFACE^-1 | EMERGE^-1 | CICADA^-1	best LLR -9.86; testable
member	letters A-Z	SURFACE^-1 | PRIMUS | CICADA^-1	best LLR -8.82; testable
member	letters A-Z	SURFACE^-1 | PRIMUS^-1 | CICADA^-1	best LLR -8.28; testable
member	letters A-Z	SURFACE^-1 | PRIMES | CICADA^-1	best LLR -9.68; testable
member	letters A-Z	SURFACE^-1 | TOTIENT | CICADA^-1	best LLR -5.43; testable
member	letters A-Z	SURFACE^-1 | TOTIENT^-1 | CICADA^-1	best LLR -6.95; testable
member	letters A-Z	SURFACE^-1 | DIVINITY | PRIMES	best LLR -4.55; testable
member	letters A-Z	SURFACE^-1 | FIRFUMFERENFE | PRIMES	best LLR -8.84; testable
member	letters A-Z	SURFACE^-1 | SOMEWISDOM^-1 | PRIMES	best LLR -8.34; testable
member	letters A-Z	SURFACE^-1 | KNOWTHIS | PRIMES	best LLR -9.94; testable
member	letters A-Z	SURFACE^-1 | AKOAN | PRIMES	best LLR -9.71; testable
member	letters A-Z	SURFACE^-1 | THELOSSOFDIVINITY | PRIMES	best LLR -3.79; testable
member	letters A-Z	SURFACE^-1 | ANEND^-1 | PRIMES	best LLR -9.27; testable
member	letters A-Z	SURFACE^-1 | LIKE | PRIMES	best LLR -6.98; testable
member	letters A-Z	SURFACE^-1 | INSTAR | PRIMES	best LLR -7.61; testable
member	letters A-Z	SURFACE^-1 | INSTAR^-1 | PRIMES	best LLR -6.69; testable
member	letters A-Z	SURFACE^-1 | OWN^-1 | PRIMES	best LLR -9.20; testable
member	letters A-Z	SURFACE^-1 | CIRCUMFERENCES^-1 | PRIMES	best LLR -9.44; testable
member	letters A-Z	SURFACE^-1 | FIND | PRIMES	best LLR -6.61; testable
member	letters A-Z	SURFACE^-1 | WITHIN | PRIMES	best LLR -9.86; testable
member	letters A-Z	SURFACE^-1 | EMERGE^-1 | PRIMES	best LLR -9.86; testable
member	letters A-Z	SURFACE^-1 | PRIMUS | PRIMES	best LLR -8.82; testable
member	letters A-Z	SURFACE^-1 | PRIMUS^-1 | PRIMES	best LLR -8.28; testable
member	letters A-Z	SURFACE^-1 | PRIMES | PRIMES	best LLR -9.68; testable
member	letters A-Z	SURFACE^-1 | TOTIENT | PRIMES	best LLR -5.43; testable
member	letters A-Z	SURFACE^-1 | TOTIENT^-1 | PRIMES	best LLR -6.95; testable
member	letters A-Z	SURFACE^-1 | DIVINITY | PRIMES^-1	best LLR -4.55; testable
member	letters A-Z	SURFACE^-1 | FIRFUMFERENFE | PRIMES^-1	best LLR -8.84; testable
member	letters A-Z	SURFACE^-1 | SOMEWISDOM^-1 | PRIMES^-1	best LLR -8.34; testable
member	letters A-Z	SURFACE^-1 | KNOWTHIS | PRIMES^-1	best LLR -9.94; testable
member	letters A-Z	SURFACE^-1 | AKOAN | PRIMES^-1	best LLR -9.71; testable
member	letters A-Z	SURFACE^-1 | THELOSSOFDIVINITY | PRIMES^-1	best LLR -3.79; testable
member	letters A-Z	SURFACE^-1 | ANEND^-1 | PRIMES^-1	best LLR -9.27; testable
member	letters A-Z	SURFACE^-1 | LIKE | PRIMES^-1	best LLR -6.98; testable
member	letters A-Z	SURFACE^-1 | INSTAR | PRIMES^-1	best LLR -7.61; testable
member	letters A-Z	SURFACE^-1 | INSTAR^-1 | PRIMES^-1	best LLR -6.69; testable
member	letters A-Z	SURFACE^-1 | OWN^-1 | PRIMES^-1	best LLR -9.20; testable
member	letters A-Z	SURFACE^-1 | CIRCUMFERENCES^-1 | PRIMES^-1	best LLR -9.44; testable
member	letters A-Z	SURFACE^-1 | FIND | PRIMES^-1	best LLR -6.61; testable
member	letters A-Z	SURFACE^-1 | WITHIN | PRIMES^-1	best LLR -9.86; testable
member	letters A-Z	SURFACE^-1 | EMERGE^-1 | PRIMES^-1	best LLR -9.86; testable
member	letters A-Z	SURFACE^-1 | PRIMUS | PRIMES^-1	best LLR -8.82; testable
member	letters A-Z	SURFACE^-1 | PRIMUS^-1 | PRIMES^-1	best LLR -8.28; testable
member	letters A-Z	SURFACE^-1 | PRIMES | PRIMES^-1	best LLR -9.68; testable
member	letters A-Z	SURFACE^-1 | TOTIENT | PRIMES^-1	best LLR -5.43; testable
member	letters A-Z	SURFACE^-1 | TOTIENT^-1 | PRIMES^-1	best LLR -6.95; testable
member	letters A-Z	SURFACE^-1 | DIVINITY | TOTIENT	best LLR -4.55; testable
member	letters A-Z	SURFACE^-1 | FIRFUMFERENFE | TOTIENT	best LLR -8.84; testable
member	letters A-Z	SURFACE^-1 | SOMEWISDOM^-1 | TOTIENT	best LLR -8.34; testable
member	letters A-Z	SURFACE^-1 | KNOWTHIS | TOTIENT	best LLR -9.94; testable
member	letters A-Z	SURFACE^-1 | AKOAN | TOTIENT	best LLR -9.71; testable
member	letters A-Z	SURFACE^-1 | THELOSSOFDIVINITY | TOTIENT	best LLR -3.79; testable
member	letters A-Z	SURFACE^-1 | ANEND^-1 | TOTIENT	best LLR -9.27; testable
member	letters A-Z	SURFACE^-1 | LIKE | TOTIENT	best LLR -6.98; testable
member	letters A-Z	SURFACE^-1 | INSTAR | TOTIENT	best LLR -7.61; testable
member	letters A-Z	SURFACE^-1 | INSTAR^-1 | TOTIENT	best LLR -6.69; testable
member	letters A-Z	SURFACE^-1 | OWN^-1 | TOTIENT	best LLR -9.20; testable
member	letters A-Z	SURFACE^-1 | CIRCUMFERENCES^-1 | TOTIENT	best LLR -9.44; testable
member	letters A-Z	SURFACE^-1 | FIND | TOTIENT	best LLR -6.61; testable
member	letters A-Z	SURFACE^-1 | WITHIN | TOTIENT	best LLR -9.86; testable
member	letters A-Z	SURFACE^-1 | EMERGE^-1 | TOTIENT	best LLR -9.86; testable
member	letters A-Z	SURFACE^-1 | PRIMUS | TOTIENT	best LLR -8.82; testable
member	letters A-Z	SURFACE^-1 | PRIMUS^-1 | TOTIENT	best LLR -8.28; testable
member	letters A-Z	SURFACE^-1 | PRIMES | TOTIENT	best LLR -9.68; testable
member	letters A-Z	SURFACE^-1 | TOTIENT | TOTIENT	best LLR -5.43; testable
member	letters A-Z	SURFACE^-1 | TOTIENT^-1 | TOTIENT	best LLR -6.95; testable
member	letters A-Z	SURFACE^-1 | DIVINITY | TOTIENT^-1	best LLR -4.55; testable
member	letters A-Z	SURFACE^-1 | FIRFUMFERENFE | TOTIENT^-1	best LLR -8.84; testable
member	letters A-Z	SURFACE^-1 | SOMEWISDOM^-1 | TOTIENT^-1	best LLR -8.34; testable
member	letters A-Z	SURFACE^-1 | KNOWTHIS | TOTIENT^-1	best LLR -9.94; testable
member	letters A-Z	SURFACE^-1 | AKOAN | TOTIENT^-1	best LLR -9.71; testable
member	letters A-Z	SURFACE^-1 | THELOSSOFDIVINITY | TOTIENT^-1	best LLR -3.79; testable
member	letters A-Z	SURFACE^-1 | ANEND^-1 | TOTIENT^-1	best LLR -9.27; testable
member	letters A-Z	SURFACE^-1 | LIKE | TOTIENT^-1	best LLR -6.98; testable
member	letters A-Z	SURFACE^-1 | INSTAR | TOTIENT^-1	best LLR -7.61; testable
member	letters A-Z	SURFACE^-1 | INSTAR^-1 | TOTIENT^-1	best LLR -6.69; testable
member	letters A-Z	SURFACE^-1 | OWN^-1 | TOTIENT^-1	best LLR -9.20; testable
member	letters A-Z	SURFACE^-1 | CIRCUMFERENCES^-1 | TOTIENT^-1	best LLR -9.44; testable
member	letters A-Z	SURFACE^-1 | FIND | TOTIENT^-1	best LLR -6.61; testable
member	letters A-Z	SURFACE^-1 | WITHIN | TOTIENT^-1	best LLR -9.86; testable
member	letters A-Z	SURFACE^-1 | EMERGE^-1 | TOTIENT^-1	best LLR -9.86; testable
member	letters A-Z	SURFACE^-1 | PRIMUS | TOTIENT^-1	best LLR -8.82; testable
member	letters A-Z	SURFACE^-1 | PRIMUS^-1 | TOTIENT^-1	best LLR -8.28; testable
member	letters A-Z	SURFACE^-1 | PRIMES | TOTIENT^-1	best LLR -9.68; testable
member	letters A-Z	SURFACE^-1 | TOTIENT | TOTIENT^-1	best LLR -5.43; testable
member	letters A-Z	SURFACE^-1 | TOTIENT^-1 | TOTIENT^-1	best LLR -6.95; testable
member	letters A-Z	WE | SOMEWISDOM^-1 | DIVINITY^-1	best LLR -7.08; testable
member	letters A-Z	WE | ANINSTRUCTION | DIVINITY^-1	best LLR -9.41; testable
member	letters A-Z	WE | OWN^-1 | DIVINITY^-1	best LLR -7.42; testable
member	letters A-Z	WE | FIND | DIVINITY^-1	best LLR -7.30; testable
member	letters A-Z	WE | FIND^-1 | DIVINITY^-1	best LLR -8.76; testable
member	letters A-Z	WE | LIKE^-1 | THELOSSOFDIVINITY^-1	best LLR -9.01; testable
member	letters A-Z	WE | WE | THELOSSOFDIVINITY^-1	best LLR -4.89; testable
member	letters A-Z	MUST | FIRFUMFERENFE^-1 | DIVINITY^-1	best LLR -8.54; testable
member	letters A-Z	MUST | INSTAR | DIVINITY^-1	best LLR -4.91; testable
member	letters A-Z	MUST | TOTIENT^-1 | DIVINITY^-1	best LLR -9.45; testable
member	letters A-Z	MUST | FIRFUMFERENFE^-1 | THELOSSOFDIVINITY^-1	best LLR -9.26; testable
member	letters A-Z	MUST | AWARNING | THELOSSOFDIVINITY^-1	best LLR -9.95; testable
member	letters A-Z	MUST | WELCOME^-1 | THELOSSOFDIVINITY^-1	best LLR -8.67; testable
member	letters A-Z	MUST | INSTAR^-1 | THELOSSOFDIVINITY^-1	best LLR -8.82; testable
member	letters A-Z	MUST | WE | THELOSSOFDIVINITY^-1	best LLR -8.95; testable
member	letters A-Z	MUST | EMERGE | THELOSSOFDIVINITY^-1	best LLR -9.78; testable
member	letters A-Z	MUST | PRIMES^-1 | THELOSSOFDIVINITY^-1	best LLR -9.65; testable
member	letters A-Z	MUST^-1 | FIRFUMFERENFE^-1 | DIVINITY^-1	best LLR -8.59; testable
member	letters A-Z	MUST^-1 | AWARNING | DIVINITY^-1	best LLR -9.19; testable
member	letters A-Z	MUST^-1 | AKOAN | DIVINITY^-1	best LLR -9.13; testable
member	letters A-Z	MUST^-1 | SURFACE^-1 | DIVINITY^-1	best LLR -8.95; testable
member	letters A-Z	MUST^-1 | WE | DIVINITY^-1	best LLR -9.36; testable
member	letters A-Z	MUST^-1 | OWN | DIVINITY^-1	best LLR -5.93; testable
member	letters A-Z	MUST^-1 | OWN^-1 | DIVINITY^-1	best LLR -5.59; testable
member	letters A-Z	MUST^-1 | TOTIENT^-1 | DIVINITY^-1	best LLR -9.74; testable
member	letters A-Z	MUST^-1 | AWARNING | THELOSSOFDIVINITY^-1	best LLR -7.25; testable
member	letters A-Z	MUST^-1 | AKOAN | THELOSSOFDIVINITY^-1	best LLR -9.49; testable
member	letters A-Z	MUST^-1 | INSTAR^-1 | THELOSSOFDIVINITY^-1	best LLR -8.19; testable
member	letters A-Z	MUST^-1 | WE | THELOSSOFDIVINITY^-1	best LLR -5.70; testable
member	letters A-Z	MUST^-1 | EMERGE | THELOSSOFDIVINITY^-1	best LLR -7.42; testable
member	letters A-Z	MUST^-1 | PRIMES^-1 | THELOSSOFDIVINITY^-1	best LLR -9.79; testable
member	letters A-Z	SHED^-1 | PRIMES^-1 | id	best LLR -4.70; testable
member	letters A-Z	SHED^-1 | TOTIENT^-1 | id	best LLR -3.12; testable
member	letters A-Z	SHED^-1 | FIRFUMFERENFE^-1 | DIVINITY^-1	best LLR -5.60; testable
member	letters A-Z	SHED^-1 | WISDOM^-1 | DIVINITY^-1	best LLR -8.68; testable
member	letters A-Z	SHED^-1 | THE | DIVINITY^-1	best LLR -5.82; testable
member	letters A-Z	SHED^-1 | INSTAR | DIVINITY^-1	best LLR -8.20; testable
member	letters A-Z	SHED^-1 | CIRCUMFERENCE^-1 | DIVINITY^-1	best LLR -4.62; testable
member	letters A-Z	SHED^-1 | TOTIENT^-1 | DIVINITY^-1	best LLR -5.55; testable
member	letters A-Z	SHED^-1 | PRIMES^-1 | FIRFUMFERENFE	best LLR -4.70; testable
member	letters A-Z	SHED^-1 | TOTIENT^-1 | FIRFUMFERENFE	best LLR -3.12; testable
member	letters A-Z	SHED^-1 | PRIMES^-1 | FIRFUMFERENFE^-1	best LLR -4.70; testable
member	letters A-Z	SHED^-1 | TOTIENT^-1 | FIRFUMFERENFE^-1	best LLR -3.12; testable
member	letters A-Z	SHED^-1 | PRIMES^-1 | AWARNING	best LLR -4.70; testable
member	letters A-Z	SHED^-1 | TOTIENT^-1 | AWARNING	best LLR -3.12; testable
member	letters A-Z	SHED^-1 | PRIMES^-1 | AWARNING^-1	best LLR -4.70; testable
member	letters A-Z	SHED^-1 | TOTIENT^-1 | AWARNING^-1	best LLR -3.12; testable
member	letters A-Z	SHED^-1 | PRIMES^-1 | WELCOME	best LLR -4.70; testable
member	letters A-Z	SHED^-1 | TOTIENT^-1 | WELCOME	best LLR -3.12; testable
member	letters A-Z	SHED^-1 | PRIMES^-1 | WELCOME^-1	best LLR -4.70; testable
member	letters A-Z	SHED^-1 | TOTIENT^-1 | WELCOME^-1	best LLR -3.12; testable
member	letters A-Z	SHED^-1 | PRIMES^-1 | WISDOM	best LLR -4.70; testable
member	letters A-Z	SHED^-1 | TOTIENT^-1 | WISDOM	best LLR -3.12; testable
member	letters A-Z	SHED^-1 | PRIMES^-1 | WISDOM^-1	best LLR -4.70; testable
member	letters A-Z	SHED^-1 | TOTIENT^-1 | WISDOM^-1	best LLR -3.12; testable
member	letters A-Z	SHED^-1 | PRIMES^-1 | SOMEWISDOM	best LLR -4.70; testable
member	letters A-Z	SHED^-1 | TOTIENT^-1 | SOMEWISDOM	best LLR -3.12; testable
member	letters A-Z	SHED^-1 | PRIMES^-1 | SOMEWISDOM^-1	best LLR -4.70; testable
member	letters A-Z	SHED^-1 | TOTIENT^-1 | SOMEWISDOM^-1	best LLR -3.12; testable
member	letters A-Z	SHED^-1 | PRIMES^-1 | KNOWTHIS	best LLR -4.70; testable
member	letters A-Z	SHED^-1 | TOTIENT^-1 | KNOWTHIS	best LLR -3.12; testable
member	letters A-Z	SHED^-1 | PRIMES^-1 | KNOWTHIS^-1	best LLR -4.70; testable
member	letters A-Z	SHED^-1 | TOTIENT^-1 | KNOWTHIS^-1	best LLR -3.12; testable
member	letters A-Z	SHED^-1 | PRIMES^-1 | AKOAN	best LLR -4.70; testable
member	letters A-Z	SHED^-1 | TOTIENT^-1 | AKOAN	best LLR -3.12; testable
member	letters A-Z	SHED^-1 | PRIMES^-1 | AKOAN^-1	best LLR -4.70; testable
member	letters A-Z	SHED^-1 | TOTIENT^-1 | AKOAN^-1	best LLR -3.12; testable
member	letters A-Z	SHED^-1 | PRIMES^-1 | ANEND	best LLR -4.70; testable
member	letters A-Z	SHED^-1 | TOTIENT^-1 | ANEND	best LLR -3.12; testable
member	letters A-Z	SHED^-1 | PRIMES^-1 | ANEND^-1	best LLR -4.70; testable
member	letters A-Z	SHED^-1 | TOTIENT^-1 | ANEND^-1	best LLR -3.12; testable
member	letters A-Z	SHED^-1 | PRIMES^-1 | PARABLE	best LLR -4.70; testable
member	letters A-Z	SHED^-1 | TOTIENT^-1 | PARABLE	best LLR -3.12; testable
member	letters A-Z	SHED^-1 | PRIMES^-1 | PARABLE^-1	best LLR -4.70; testable
member	letters A-Z	SHED^-1 | TOTIENT^-1 | PARABLE^-1	best LLR -3.12; testable
member	letters A-Z	SHED^-1 | PRIMES^-1 | LIKE	best LLR -4.70; testable
member	letters A-Z	SHED^-1 | TOTIENT^-1 | LIKE	best LLR -3.12; testable
member	letters A-Z	SHED^-1 | PRIMES^-1 | LIKE^-1	best LLR -4.70; testable
member	letters A-Z	SHED^-1 | TOTIENT^-1 | LIKE^-1	best LLR -3.12; testable
member	letters A-Z	SHED^-1 | PRIMES^-1 | THE	best LLR -4.70; testable
member	letters A-Z	SHED^-1 | TOTIENT^-1 | THE	best LLR -3.12; testable
member	letters A-Z	SHED^-1 | PRIMES^-1 | THE^-1	best LLR -4.70; testable
member	letters A-Z	SHED^-1 | TOTIENT^-1 | THE^-1	best LLR -3.12; testable
member	letters A-Z	SHED^-1 | PRIMES^-1 | INSTAR	best LLR -4.70; testable
member	letters A-Z	SHED^-1 | TOTIENT^-1 | INSTAR	best LLR -3.12; testable
member	letters A-Z	SHED^-1 | PRIMES^-1 | INSTAR^-1	best LLR -4.70; testable
member	letters A-Z	SHED^-1 | TOTIENT^-1 | INSTAR^-1	best LLR -3.12; testable
member	letters A-Z	SHED^-1 | PRIMES^-1 | TUNNELING	best LLR -4.70; testable
member	letters A-Z	SHED^-1 | TOTIENT^-1 | TUNNELING	best LLR -3.12; testable
member	letters A-Z	SHED^-1 | PRIMES^-1 | TUNNELING^-1	best LLR -4.70; testable
member	letters A-Z	SHED^-1 | TOTIENT^-1 | TUNNELING^-1	best LLR -3.12; testable
member	letters A-Z	SHED^-1 | PRIMES^-1 | TO	best LLR -4.70; testable
member	letters A-Z	SHED^-1 | TOTIENT^-1 | TO	best LLR -3.12; testable
member	letters A-Z	SHED^-1 | PRIMES^-1 | TO^-1	best LLR -4.70; testable
member	letters A-Z	SHED^-1 | TOTIENT^-1 | TO^-1	best LLR -3.12; testable
member	letters A-Z	SHED^-1 | PRIMES^-1 | SURFACE	best LLR -4.70; testable
member	letters A-Z	SHED^-1 | TOTIENT^-1 | SURFACE	best LLR -3.12; testable
member	letters A-Z	SHED^-1 | PRIMES^-1 | SURFACE^-1	best LLR -4.70; testable
member	letters A-Z	SHED^-1 | TOTIENT^-1 | SURFACE^-1	best LLR -3.12; testable
member	letters A-Z	SHED^-1 | PRIMES^-1 | WE	best LLR -4.70; testable
member	letters A-Z	SHED^-1 | TOTIENT^-1 | WE	best LLR -3.12; testable
member	letters A-Z	SHED^-1 | PRIMES^-1 | WE^-1	best LLR -4.70; testable
member	letters A-Z	SHED^-1 | TOTIENT^-1 | WE^-1	best LLR -3.12; testable
member	letters A-Z	SHED^-1 | PRIMES^-1 | MUST	best LLR -4.70; testable
member	letters A-Z	SHED^-1 | TOTIENT^-1 | MUST	best LLR -3.12; testable
member	letters A-Z	SHED^-1 | PRIMES^-1 | MUST^-1	best LLR -4.70; testable
member	letters A-Z	SHED^-1 | TOTIENT^-1 | MUST^-1	best LLR -3.12; testable
member	letters A-Z	SHED^-1 | PRIMES^-1 | SHED	best LLR -4.70; testable
member	letters A-Z	SHED^-1 | TOTIENT^-1 | SHED	best LLR -3.12; testable
member	letters A-Z	SHED^-1 | PRIMES^-1 | SHED^-1	best LLR -4.70; testable
member	letters A-Z	SHED^-1 | TOTIENT^-1 | SHED^-1	best LLR -3.12; testable
member	letters A-Z	SHED^-1 | PRIMES^-1 | OUR	best LLR -4.70; testable
member	letters A-Z	SHED^-1 | TOTIENT^-1 | OUR	best LLR -3.12; testable
member	letters A-Z	SHED^-1 | PRIMES^-1 | OWN	best LLR -4.70; testable
member	letters A-Z	SHED^-1 | TOTIENT^-1 | OWN	best LLR -3.12; testable
member	letters A-Z	SHED^-1 | PRIMES^-1 | OWN^-1	best LLR -4.70; testable
member	letters A-Z	SHED^-1 | TOTIENT^-1 | OWN^-1	best LLR -3.12; testable
member	letters A-Z	SHED^-1 | PRIMES^-1 | CIRCUMFERENCES	best LLR -4.70; testable
member	letters A-Z	SHED^-1 | TOTIENT^-1 | CIRCUMFERENCES	best LLR -3.12; testable
member	letters A-Z	SHED^-1 | PRIMES^-1 | CIRCUMFERENCES^-1	best LLR -4.70; testable
member	letters A-Z	SHED^-1 | TOTIENT^-1 | CIRCUMFERENCES^-1	best LLR -3.12; testable
member	letters A-Z	SHED^-1 | PRIMES^-1 | FIND	best LLR -4.70; testable
member	letters A-Z	SHED^-1 | TOTIENT^-1 | FIND	best LLR -3.12; testable
member	letters A-Z	SHED^-1 | PRIMES^-1 | FIND^-1	best LLR -4.70; testable
member	letters A-Z	SHED^-1 | TOTIENT^-1 | FIND^-1	best LLR -3.12; testable
member	letters A-Z	SHED^-1 | PRIMES^-1 | WITHIN	best LLR -4.70; testable
member	letters A-Z	SHED^-1 | TOTIENT^-1 | WITHIN	best LLR -3.12; testable
member	letters A-Z	SHED^-1 | PRIMES^-1 | WITHIN^-1	best LLR -4.70; testable
member	letters A-Z	SHED^-1 | TOTIENT^-1 | WITHIN^-1	best LLR -3.12; testable
member	letters A-Z	SHED^-1 | PRIMES^-1 | AND	best LLR -4.70; testable
member	letters A-Z	SHED^-1 | TOTIENT^-1 | AND	best LLR -3.12; testable
member	letters A-Z	SHED^-1 | PRIMES^-1 | AND^-1	best LLR -4.70; testable
member	letters A-Z	SHED^-1 | TOTIENT^-1 | AND^-1	best LLR -3.12; testable
member	letters A-Z	SHED^-1 | PRIMES^-1 | EMERGE	best LLR -4.70; testable
member	letters A-Z	SHED^-1 | TOTIENT^-1 | EMERGE	best LLR -3.12; testable
member	letters A-Z	SHED^-1 | PRIMES^-1 | EMERGE^-1	best LLR -4.70; testable
member	letters A-Z	SHED^-1 | TOTIENT^-1 | EMERGE^-1	best LLR -3.12; testable
member	letters A-Z	SHED^-1 | PRIMES^-1 | CIRCUMFERENCE	best LLR -4.70; testable
member	letters A-Z	SHED^-1 | TOTIENT^-1 | CIRCUMFERENCE	best LLR -3.12; testable
member	letters A-Z	SHED^-1 | PRIMES^-1 | CIRCUMFERENCE^-1	best LLR -4.70; testable
member	letters A-Z	SHED^-1 | TOTIENT^-1 | CIRCUMFERENCE^-1	best LLR -3.12; testable
member	letters A-Z	SHED^-1 | PRIMES^-1 | LIBERPRIMUS	best LLR -4.70; testable
member	letters A-Z	SHED^-1 | TOTIENT^-1 | LIBERPRIMUS	best LLR -3.12; testable
member	letters A-Z	SHED^-1 | PRIMES^-1 | LIBERPRIMUS^-1	best LLR -4.70; testable
member	letters A-Z	SHED^-1 | TOTIENT^-1 | LIBERPRIMUS^-1	best LLR -3.12; testable
member	letters A-Z	SHED^-1 | PRIMES^-1 | PRIMUS	best LLR -4.70; testable
member	letters A-Z	SHED^-1 | TOTIENT^-1 | PRIMUS	best LLR -3.12; testable
member	letters A-Z	SHED^-1 | PRIMES^-1 | PRIMUS^-1	best LLR -4.70; testable
member	letters A-Z	SHED^-1 | TOTIENT^-1 | PRIMUS^-1	best LLR -3.12; testable
member	letters A-Z	SHED^-1 | PRIMES^-1 | CICADA	best LLR -4.70; testable
member	letters A-Z	SHED^-1 | TOTIENT^-1 | CICADA	best LLR -3.12; testable
member	letters A-Z	SHED^-1 | PRIMES^-1 | CICADA^-1	best LLR -4.70; testable
member	letters A-Z	SHED^-1 | TOTIENT^-1 | CICADA^-1	best LLR -3.12; testable
member	letters A-Z	SHED^-1 | PRIMES^-1 | PRIMES	best LLR -4.70; testable
member	letters A-Z	SHED^-1 | TOTIENT^-1 | PRIMES	best LLR -3.12; testable
member	letters A-Z	SHED^-1 | PRIMES^-1 | PRIMES^-1	best LLR -4.70; testable
member	letters A-Z	SHED^-1 | TOTIENT^-1 | PRIMES^-1	best LLR -3.12; testable
member	letters A-Z	SHED^-1 | PRIMES^-1 | TOTIENT	best LLR -4.70; testable
member	letters A-Z	SHED^-1 | TOTIENT^-1 | TOTIENT	best LLR -3.12; testable
member	letters A-Z	SHED^-1 | PRIMES^-1 | TOTIENT^-1	best LLR -4.70; testable
member	letters A-Z	SHED^-1 | TOTIENT^-1 | TOTIENT^-1	best LLR -3.12; testable
member	letters A-Z	CIRCUMFERENCES^-1 | id | id	best LLR -6.12; testable
member	letters A-Z	CIRCUMFERENCES^-1 | DIVINITY | id	best LLR -6.78; testable
member	letters A-Z	CIRCUMFERENCES^-1 | FIRFUMFERENFE | id	best LLR -9.49; testable
member	letters A-Z	CIRCUMFERENCES^-1 | KNOWTHIS | id	best LLR -9.32; testable
member	letters A-Z	CIRCUMFERENCES^-1 | AKOAN | id	best LLR -7.27; testable
member	letters A-Z	CIRCUMFERENCES^-1 | ANEND^-1 | id	best LLR -8.20; testable
member	letters A-Z	CIRCUMFERENCES^-1 | LIKE | id	best LLR -7.86; testable
member	letters A-Z	CIRCUMFERENCES^-1 | THE | id	best LLR -6.88; testable
member	letters A-Z	CIRCUMFERENCES^-1 | THE^-1 | id	best LLR -4.74; testable
member	letters A-Z	CIRCUMFERENCES^-1 | INSTAR^-1 | id	best LLR -9.39; testable
member	letters A-Z	CIRCUMFERENCES^-1 | TUNNELING^-1 | id	best LLR -6.90; testable
member	letters A-Z	CIRCUMFERENCES^-1 | TO | id	best LLR -6.78; testable
member	letters A-Z	CIRCUMFERENCES^-1 | TO^-1 | id	best LLR -3.54; testable
member	letters A-Z	CIRCUMFERENCES^-1 | WE^-1 | id	best LLR -8.89; testable
member	letters A-Z	CIRCUMFERENCES^-1 | MUST^-1 | id	best LLR -6.82; testable
member	letters A-Z	CIRCUMFERENCES^-1 | SHED^-1 | id	best LLR -7.64; testable
member	letters A-Z	CIRCUMFERENCES^-1 | OUR | id	best LLR -8.22; testable
member	letters A-Z	CIRCUMFERENCES^-1 | CIRCUMFERENCES^-1 | id	best LLR -8.88; testable
member	letters A-Z	CIRCUMFERENCES^-1 | FIND | id	best LLR -8.11; testable
member	letters A-Z	CIRCUMFERENCES^-1 | WITHIN | id	best LLR -8.76; testable
member	letters A-Z	CIRCUMFERENCES^-1 | AND | id	best LLR -8.53; testable
member	letters A-Z	CIRCUMFERENCES^-1 | AND^-1 | id	best LLR -6.81; testable
member	letters A-Z	CIRCUMFERENCES^-1 | EMERGE | id	best LLR -9.87; testable
member	letters A-Z	CIRCUMFERENCES^-1 | PRIMUS^-1 | id	best LLR -9.25; testable
member	letters A-Z	CIRCUMFERENCES^-1 | TOTIENT | id	best LLR -7.13; testable
member	letters A-Z	CIRCUMFERENCES^-1 | TOTIENT^-1 | id	best LLR -9.62; testable
member	letters A-Z	CIRCUMFERENCES^-1 | WELCOME^-1 | DIVINITY	best LLR -9.95; testable
member	letters A-Z	CIRCUMFERENCES^-1 | THE | DIVINITY	best LLR -8.41; testable
member	letters A-Z	CIRCUMFERENCES^-1 | WITHIN | DIVINITY	best LLR -7.27; testable
member	letters A-Z	CIRCUMFERENCES^-1 | PRIMUS^-1 | DIVINITY	best LLR -9.35; testable
member	letters A-Z	CIRCUMFERENCES^-1 | id | FIRFUMFERENFE	best LLR -6.12; testable
member	letters A-Z	CIRCUMFERENCES^-1 | DIVINITY | FIRFUMFERENFE	best LLR -6.78; testable
member	letters A-Z	CIRCUMFERENCES^-1 | FIRFUMFERENFE | FIRFUMFERENFE	best LLR -9.49; testable
member	letters A-Z	CIRCUMFERENCES^-1 | KNOWTHIS | FIRFUMFERENFE	best LLR -9.32; testable
member	letters A-Z	CIRCUMFERENCES^-1 | AKOAN | FIRFUMFERENFE	best LLR -7.27; testable
member	letters A-Z	CIRCUMFERENCES^-1 | ANEND^-1 | FIRFUMFERENFE	best LLR -8.20; testable
member	letters A-Z	CIRCUMFERENCES^-1 | LIKE | FIRFUMFERENFE	best LLR -7.86; testable
member	letters A-Z	CIRCUMFERENCES^-1 | THE | FIRFUMFERENFE	best LLR -6.88; testable
member	letters A-Z	CIRCUMFERENCES^-1 | THE^-1 | FIRFUMFERENFE	best LLR -4.74; testable
member	letters A-Z	CIRCUMFERENCES^-1 | INSTAR^-1 | FIRFUMFERENFE	best LLR -9.39; testable
member	letters A-Z	CIRCUMFERENCES^-1 | TUNNELING^-1 | FIRFUMFERENFE	best LLR -6.90; testable
member	letters A-Z	CIRCUMFERENCES^-1 | TO | FIRFUMFERENFE	best LLR -6.78; testable
member	letters A-Z	CIRCUMFERENCES^-1 | TO^-1 | FIRFUMFERENFE	best LLR -3.54; testable
member	letters A-Z	CIRCUMFERENCES^-1 | WE^-1 | FIRFUMFERENFE	best LLR -8.89; testable
member	letters A-Z	CIRCUMFERENCES^-1 | MUST^-1 | FIRFUMFERENFE	best LLR -6.82; testable
member	letters A-Z	CIRCUMFERENCES^-1 | SHED^-1 | FIRFUMFERENFE	best LLR -7.64; testable
member	letters A-Z	CIRCUMFERENCES^-1 | OUR | FIRFUMFERENFE	best LLR -8.22; testable
member	letters A-Z	CIRCUMFERENCES^-1 | CIRCUMFERENCES^-1 | FIRFUMFERENFE	best LLR -8.88; testable
member	letters A-Z	CIRCUMFERENCES^-1 | FIND | FIRFUMFERENFE	best LLR -8.11; testable
member	letters A-Z	CIRCUMFERENCES^-1 | WITHIN | FIRFUMFERENFE	best LLR -8.76; testable
member	letters A-Z	CIRCUMFERENCES^-1 | AND | FIRFUMFERENFE	best LLR -8.53; testable
member	letters A-Z	CIRCUMFERENCES^-1 | AND^-1 | FIRFUMFERENFE	best LLR -6.81; testable
member	letters A-Z	CIRCUMFERENCES^-1 | EMERGE | FIRFUMFERENFE	best LLR -9.87; testable
member	letters A-Z	CIRCUMFERENCES^-1 | PRIMUS^-1 | FIRFUMFERENFE	best LLR -9.25; testable
member	letters A-Z	CIRCUMFERENCES^-1 | TOTIENT | FIRFUMFERENFE	best LLR -7.13; testable
member	letters A-Z	CIRCUMFERENCES^-1 | TOTIENT^-1 | FIRFUMFERENFE	best LLR -9.62; testable
member	letters A-Z	CIRCUMFERENCES^-1 | id | FIRFUMFERENFE^-1	best LLR -6.12; testable
member	letters A-Z	CIRCUMFERENCES^-1 | DIVINITY | FIRFUMFERENFE^-1	best LLR -6.78; testable
member	letters A-Z	CIRCUMFERENCES^-1 | FIRFUMFERENFE | FIRFUMFERENFE^-1	best LLR -9.49; testable
member	letters A-Z	CIRCUMFERENCES^-1 | KNOWTHIS | FIRFUMFERENFE^-1	best LLR -9.32; testable
member	letters A-Z	CIRCUMFERENCES^-1 | AKOAN | FIRFUMFERENFE^-1	best LLR -7.27; testable
member	letters A-Z	CIRCUMFERENCES^-1 | ANEND^-1 | FIRFUMFERENFE^-1	best LLR -8.20; testable
member	letters A-Z	CIRCUMFERENCES^-1 | LIKE | FIRFUMFERENFE^-1	best LLR -7.86; testable
member	letters A-Z	CIRCUMFERENCES^-1 | THE | FIRFUMFERENFE^-1	best LLR -6.88; testable
member	letters A-Z	CIRCUMFERENCES^-1 | THE^-1 | FIRFUMFERENFE^-1	best LLR -4.74; testable
member	letters A-Z	CIRCUMFERENCES^-1 | INSTAR^-1 | FIRFUMFERENFE^-1	best LLR -9.39; testable
member	letters A-Z	CIRCUMFERENCES^-1 | TUNNELING^-1 | FIRFUMFERENFE^-1	best LLR -6.90; testable
member	letters A-Z	CIRCUMFERENCES^-1 | TO | FIRFUMFERENFE^-1	best LLR -6.78; testable
member	letters A-Z	CIRCUMFERENCES^-1 | TO^-1 | FIRFUMFERENFE^-1	best LLR -3.54; testable
member	letters A-Z	CIRCUMFERENCES^-1 | WE^-1 | FIRFUMFERENFE^-1	best LLR -8.89; testable
member	letters A-Z	CIRCUMFERENCES^-1 | MUST^-1 | FIRFUMFERENFE^-1	best LLR -6.82; testable
member	letters A-Z	CIRCUMFERENCES^-1 | SHED^-1 | FIRFUMFERENFE^-1	best LLR -7.64; testable
member	letters A-Z	CIRCUMFERENCES^-1 | OUR | FIRFUMFERENFE^-1	best LLR -8.22; testable
member	letters A-Z	CIRCUMFERENCES^-1 | CIRCUMFERENCES^-1 | FIRFUMFERENFE^-1	best LLR -8.88; testable
member	letters A-Z	CIRCUMFERENCES^-1 | FIND | FIRFUMFERENFE^-1	best LLR -8.11; testable
member	letters A-Z	CIRCUMFERENCES^-1 | WITHIN | FIRFUMFERENFE^-1	best LLR -8.76; testable
member	letters A-Z	CIRCUMFERENCES^-1 | AND | FIRFUMFERENFE^-1	best LLR -8.53; testable
member	letters A-Z	CIRCUMFERENCES^-1 | AND^-1 | FIRFUMFERENFE^-1	best LLR -6.81; testable
member	letters A-Z	CIRCUMFERENCES^-1 | EMERGE | FIRFUMFERENFE^-1	best LLR -9.87; testable
member	letters A-Z	CIRCUMFERENCES^-1 | PRIMUS^-1 | FIRFUMFERENFE^-1	best LLR -9.25; testable
member	letters A-Z	CIRCUMFERENCES^-1 | TOTIENT | FIRFUMFERENFE^-1	best LLR -7.13; testable
member	letters A-Z	CIRCUMFERENCES^-1 | TOTIENT^-1 | FIRFUMFERENFE^-1	best LLR -9.62; testable
member	letters A-Z	CIRCUMFERENCES^-1 | id | AWARNING	best LLR -6.12; testable
member	letters A-Z	CIRCUMFERENCES^-1 | DIVINITY | AWARNING	best LLR -6.78; testable
member	letters A-Z	CIRCUMFERENCES^-1 | FIRFUMFERENFE | AWARNING	best LLR -9.49; testable
member	letters A-Z	CIRCUMFERENCES^-1 | KNOWTHIS | AWARNING	best LLR -9.32; testable
member	letters A-Z	CIRCUMFERENCES^-1 | AKOAN | AWARNING	best LLR -7.27; testable
member	letters A-Z	CIRCUMFERENCES^-1 | ANEND^-1 | AWARNING	best LLR -8.20; testable
member	letters A-Z	CIRCUMFERENCES^-1 | LIKE | AWARNING	best LLR -7.86; testable
member	letters A-Z	CIRCUMFERENCES^-1 | THE | AWARNING	best LLR -6.88; testable
member	letters A-Z	CIRCUMFERENCES^-1 | THE^-1 | AWARNING	best LLR -4.74; testable
member	letters A-Z	CIRCUMFERENCES^-1 | INSTAR^-1 | AWARNING	best LLR -9.39; testable
member	letters A-Z	CIRCUMFERENCES^-1 | TUNNELING^-1 | AWARNING	best LLR -6.90; testable
member	letters A-Z	CIRCUMFERENCES^-1 | TO | AWARNING	best LLR -6.78; testable
member	letters A-Z	CIRCUMFERENCES^-1 | TO^-1 | AWARNING	best LLR -3.54; testable
member	letters A-Z	CIRCUMFERENCES^-1 | WE^-1 | AWARNING	best LLR -8.89; testable
member	letters A-Z	CIRCUMFERENCES^-1 | MUST^-1 | AWARNING	best LLR -6.82; testable
member	letters A-Z	CIRCUMFERENCES^-1 | SHED^-1 | AWARNING	best LLR -7.64; testable
member	letters A-Z	CIRCUMFERENCES^-1 | OUR | AWARNING	best LLR -8.22; testable
member	letters A-Z	CIRCUMFERENCES^-1 | CIRCUMFERENCES^-1 | AWARNING	best LLR -8.88; testable
member	letters A-Z	CIRCUMFERENCES^-1 | FIND | AWARNING	best LLR -8.11; testable
member	letters A-Z	CIRCUMFERENCES^-1 | WITHIN | AWARNING	best LLR -8.76; testable
member	letters A-Z	CIRCUMFERENCES^-1 | AND | AWARNING	best LLR -8.53; testable
member	letters A-Z	CIRCUMFERENCES^-1 | AND^-1 | AWARNING	best LLR -6.81; testable
member	letters A-Z	CIRCUMFERENCES^-1 | EMERGE | AWARNING	best LLR -9.87; testable
member	letters A-Z	CIRCUMFERENCES^-1 | PRIMUS^-1 | AWARNING	best LLR -9.25; testable
member	letters A-Z	CIRCUMFERENCES^-1 | TOTIENT | AWARNING	best LLR -7.13; testable
member	letters A-Z	CIRCUMFERENCES^-1 | TOTIENT^-1 | AWARNING	best LLR -9.62; testable
member	letters A-Z	CIRCUMFERENCES^-1 | id | AWARNING^-1	best LLR -6.12; testable
member	letters A-Z	CIRCUMFERENCES^-1 | DIVINITY | AWARNING^-1	best LLR -6.78; testable
member	letters A-Z	CIRCUMFERENCES^-1 | FIRFUMFERENFE | AWARNING^-1	best LLR -9.49; testable
member	letters A-Z	CIRCUMFERENCES^-1 | KNOWTHIS | AWARNING^-1	best LLR -9.32; testable
member	letters A-Z	CIRCUMFERENCES^-1 | AKOAN | AWARNING^-1	best LLR -7.27; testable
member	letters A-Z	CIRCUMFERENCES^-1 | ANEND^-1 | AWARNING^-1	best LLR -8.20; testable
member	letters A-Z	CIRCUMFERENCES^-1 | LIKE | AWARNING^-1	best LLR -7.86; testable
member	letters A-Z	CIRCUMFERENCES^-1 | THE | AWARNING^-1	best LLR -6.88; testable
member	letters A-Z	CIRCUMFERENCES^-1 | THE^-1 | AWARNING^-1	best LLR -4.74; testable
member	letters A-Z	CIRCUMFERENCES^-1 | INSTAR^-1 | AWARNING^-1	best LLR -9.39; testable
member	letters A-Z	CIRCUMFERENCES^-1 | TUNNELING^-1 | AWARNING^-1	best LLR -6.90; testable
member	letters A-Z	CIRCUMFERENCES^-1 | TO | AWARNING^-1	best LLR -6.78; testable
member	letters A-Z	CIRCUMFERENCES^-1 | TO^-1 | AWARNING^-1	best LLR -3.54; testable
member	letters A-Z	CIRCUMFERENCES^-1 | WE^-1 | AWARNING^-1	best LLR -8.89; testable
member	letters A-Z	CIRCUMFERENCES^-1 | MUST^-1 | AWARNING^-1	best LLR -6.82; testable
member	letters A-Z	CIRCUMFERENCES^-1 | SHED^-1 | AWARNING^-1	best LLR -7.64; testable
member	letters A-Z	CIRCUMFERENCES^-1 | OUR | AWARNING^-1	best LLR -8.22; testable
member	letters A-Z	CIRCUMFERENCES^-1 | CIRCUMFERENCES^-1 | AWARNING^-1	best LLR -8.88; testable
member	letters A-Z	CIRCUMFERENCES^-1 | FIND | AWARNING^-1	best LLR -8.11; testable
member	letters A-Z	CIRCUMFERENCES^-1 | WITHIN | AWARNING^-1	best LLR -8.76; testable
member	letters A-Z	CIRCUMFERENCES^-1 | AND | AWARNING^-1	best LLR -8.53; testable
member	letters A-Z	CIRCUMFERENCES^-1 | AND^-1 | AWARNING^-1	best LLR -6.81; testable
member	letters A-Z	CIRCUMFERENCES^-1 | EMERGE | AWARNING^-1	best LLR -9.87; testable
member	letters A-Z	CIRCUMFERENCES^-1 | PRIMUS^-1 | AWARNING^-1	best LLR -9.25; testable
member	letters A-Z	CIRCUMFERENCES^-1 | TOTIENT | AWARNING^-1	best LLR -7.13; testable
member	letters A-Z	CIRCUMFERENCES^-1 | TOTIENT^-1 | AWARNING^-1	best LLR -9.62; testable
member	letters A-Z	CIRCUMFERENCES^-1 | id | WELCOME	best LLR -6.12; testable
member	letters A-Z	CIRCUMFERENCES^-1 | DIVINITY | WELCOME	best LLR -6.78; testable
member	letters A-Z	CIRCUMFERENCES^-1 | FIRFUMFERENFE | WELCOME	best LLR -9.49; testable
member	letters A-Z	CIRCUMFERENCES^-1 | KNOWTHIS | WELCOME	best LLR -9.32; testable
member	letters A-Z	CIRCUMFERENCES^-1 | AKOAN | WELCOME	best LLR -7.27; testable
member	letters A-Z	CIRCUMFERENCES^-1 | ANEND^-1 | WELCOME	best LLR -8.20; testable
member	letters A-Z	CIRCUMFERENCES^-1 | LIKE | WELCOME	best LLR -7.86; testable
member	letters A-Z	CIRCUMFERENCES^-1 | THE | WELCOME	best LLR -6.88; testable
member	letters A-Z	CIRCUMFERENCES^-1 | THE^-1 | WELCOME	best LLR -4.74; testable
member	letters A-Z	CIRCUMFERENCES^-1 | INSTAR^-1 | WELCOME	best LLR -9.39; testable
member	letters A-Z	CIRCUMFERENCES^-1 | TUNNELING^-1 | WELCOME	best LLR -6.90; testable
member	letters A-Z	CIRCUMFERENCES^-1 | TO | WELCOME	best LLR -6.78; testable
member	letters A-Z	CIRCUMFERENCES^-1 | TO^-1 | WELCOME	best LLR -3.54; testable
member	letters A-Z	CIRCUMFERENCES^-1 | WE^-1 | WELCOME	best LLR -8.89; testable
member	letters A-Z	CIRCUMFERENCES^-1 | MUST^-1 | WELCOME	best LLR -6.82; testable
member	letters A-Z	CIRCUMFERENCES^-1 | SHED^-1 | WELCOME	best LLR -7.64; testable
member	letters A-Z	CIRCUMFERENCES^-1 | OUR | WELCOME	best LLR -8.22; testable
member	letters A-Z	CIRCUMFERENCES^-1 | CIRCUMFERENCES^-1 | WELCOME	best LLR -8.88; testable
member	letters A-Z	CIRCUMFERENCES^-1 | FIND | WELCOME	best LLR -8.11; testable
member	letters A-Z	CIRCUMFERENCES^-1 | WITHIN | WELCOME	best LLR -8.76; testable
member	letters A-Z	CIRCUMFERENCES^-1 | AND | WELCOME	best LLR -8.53; testable
member	letters A-Z	CIRCUMFERENCES^-1 | AND^-1 | WELCOME	best LLR -6.81; testable
member	letters A-Z	CIRCUMFERENCES^-1 | EMERGE | WELCOME	best LLR -9.87; testable
member	letters A-Z	CIRCUMFERENCES^-1 | PRIMUS^-1 | WELCOME	best LLR -9.25; testable
member	letters A-Z	CIRCUMFERENCES^-1 | TOTIENT | WELCOME	best LLR -7.13; testable
member	letters A-Z	CIRCUMFERENCES^-1 | TOTIENT^-1 | WELCOME	best LLR -9.62; testable
member	letters A-Z	CIRCUMFERENCES^-1 | id | WELCOME^-1	best LLR -6.12; testable
member	letters A-Z	CIRCUMFERENCES^-1 | DIVINITY | WELCOME^-1	best LLR -6.78; testable
member	letters A-Z	CIRCUMFERENCES^-1 | FIRFUMFERENFE | WELCOME^-1	best LLR -9.49; testable
member	letters A-Z	CIRCUMFERENCES^-1 | KNOWTHIS | WELCOME^-1	best LLR -9.32; testable
member	letters A-Z	CIRCUMFERENCES^-1 | AKOAN | WELCOME^-1	best LLR -7.27; testable
member	letters A-Z	CIRCUMFERENCES^-1 | ANEND^-1 | WELCOME^-1	best LLR -8.20; testable
member	letters A-Z	CIRCUMFERENCES^-1 | LIKE | WELCOME^-1	best LLR -7.86; testable
member	letters A-Z	CIRCUMFERENCES^-1 | THE | WELCOME^-1	best LLR -6.88; testable
member	letters A-Z	CIRCUMFERENCES^-1 | THE^-1 | WELCOME^-1	best LLR -4.74; testable
member	letters A-Z	CIRCUMFERENCES^-1 | INSTAR^-1 | WELCOME^-1	best LLR -9.39; testable
member	letters A-Z	CIRCUMFERENCES^-1 | TUNNELING^-1 | WELCOME^-1	best LLR -6.90; testable
member	letters A-Z	CIRCUMFERENCES^-1 | TO | WELCOME^-1	best LLR -6.78; testable
member	letters A-Z	CIRCUMFERENCES^-1 | TO^-1 | WELCOME^-1	best LLR -3.54; testable
member	letters A-Z	CIRCUMFERENCES^-1 | WE^-1 | WELCOME^-1	best LLR -8.89; testable
member	letters A-Z	CIRCUMFERENCES^-1 | MUST^-1 | WELCOME^-1	best LLR -6.82; testable
member	letters A-Z	CIRCUMFERENCES^-1 | SHED^-1 | WELCOME^-1	best LLR -7.64; testable
member	letters A-Z	CIRCUMFERENCES^-1 | OUR | WELCOME^-1	best LLR -8.22; testable
member	letters A-Z	CIRCUMFERENCES^-1 | CIRCUMFERENCES^-1 | WELCOME^-1	best LLR -8.88; testable
member	letters A-Z	CIRCUMFERENCES^-1 | FIND | WELCOME^-1	best LLR -8.11; testable
member	letters A-Z	CIRCUMFERENCES^-1 | WITHIN | WELCOME^-1	best LLR -8.76; testable
member	letters A-Z	CIRCUMFERENCES^-1 | AND | WELCOME^-1	best LLR -8.53; testable
member	letters A-Z	CIRCUMFERENCES^-1 | AND^-1 | WELCOME^-1	best LLR -6.81; testable
member	letters A-Z	CIRCUMFERENCES^-1 | EMERGE | WELCOME^-1	best LLR -9.87; testable
member	letters A-Z	CIRCUMFERENCES^-1 | PRIMUS^-1 | WELCOME^-1	best LLR -9.25; testable
member	letters A-Z	CIRCUMFERENCES^-1 | TOTIENT | WELCOME^-1	best LLR -7.13; testable
member	letters A-Z	CIRCUMFERENCES^-1 | TOTIENT^-1 | WELCOME^-1	best LLR -9.62; testable
member	letters A-Z	CIRCUMFERENCES^-1 | id | WISDOM	best LLR -6.12; testable
member	letters A-Z	CIRCUMFERENCES^-1 | DIVINITY | WISDOM	best LLR -6.78; testable
member	letters A-Z	CIRCUMFERENCES^-1 | FIRFUMFERENFE | WISDOM	best LLR -9.49; testable
member	letters A-Z	CIRCUMFERENCES^-1 | KNOWTHIS | WISDOM	best LLR -9.32; testable
member	letters A-Z	CIRCUMFERENCES^-1 | AKOAN | WISDOM	best LLR -7.27; testable
member	letters A-Z	CIRCUMFERENCES^-1 | ANEND^-1 | WISDOM	best LLR -8.20; testable
member	letters A-Z	CIRCUMFERENCES^-1 | LIKE | WISDOM	best LLR -7.86; testable
member	letters A-Z	CIRCUMFERENCES^-1 | THE | WISDOM	best LLR -6.88; testable
member	letters A-Z	CIRCUMFERENCES^-1 | THE^-1 | WISDOM	best LLR -4.74; testable
member	letters A-Z	CIRCUMFERENCES^-1 | INSTAR^-1 | WISDOM	best LLR -9.39; testable
member	letters A-Z	CIRCUMFERENCES^-1 | TUNNELING^-1 | WISDOM	best LLR -6.90; testable
member	letters A-Z	CIRCUMFERENCES^-1 | TO | WISDOM	best LLR -6.78; testable
member	letters A-Z	CIRCUMFERENCES^-1 | TO^-1 | WISDOM	best LLR -3.54; testable
member	letters A-Z	CIRCUMFERENCES^-1 | WE^-1 | WISDOM	best LLR -8.89; testable
member	letters A-Z	CIRCUMFERENCES^-1 | MUST^-1 | WISDOM	best LLR -6.82; testable
member	letters A-Z	CIRCUMFERENCES^-1 | SHED^-1 | WISDOM	best LLR -7.64; testable
member	letters A-Z	CIRCUMFERENCES^-1 | OUR | WISDOM	best LLR -8.22; testable
member	letters A-Z	CIRCUMFERENCES^-1 | CIRCUMFERENCES^-1 | WISDOM	best LLR -8.88; testable
member	letters A-Z	CIRCUMFERENCES^-1 | FIND | WISDOM	best LLR -8.11; testable
member	letters A-Z	CIRCUMFERENCES^-1 | WITHIN | WISDOM	best LLR -8.76; testable
member	letters A-Z	CIRCUMFERENCES^-1 | AND | WISDOM	best LLR -8.53; testable
member	letters A-Z	CIRCUMFERENCES^-1 | AND^-1 | WISDOM	best LLR -6.81; testable
member	letters A-Z	CIRCUMFERENCES^-1 | EMERGE | WISDOM	best LLR -9.87; testable
member	letters A-Z	CIRCUMFERENCES^-1 | PRIMUS^-1 | WISDOM	best LLR -9.25; testable
member	letters A-Z	CIRCUMFERENCES^-1 | TOTIENT | WISDOM	best LLR -7.13; testable
member	letters A-Z	CIRCUMFERENCES^-1 | TOTIENT^-1 | WISDOM	best LLR -9.62; testable
member	letters A-Z	CIRCUMFERENCES^-1 | id | WISDOM^-1	best LLR -6.12; testable
member	letters A-Z	CIRCUMFERENCES^-1 | DIVINITY | WISDOM^-1	best LLR -6.78; testable
member	letters A-Z	CIRCUMFERENCES^-1 | FIRFUMFERENFE | WISDOM^-1	best LLR -9.49; testable
member	letters A-Z	CIRCUMFERENCES^-1 | KNOWTHIS | WISDOM^-1	best LLR -9.32; testable
member	letters A-Z	CIRCUMFERENCES^-1 | AKOAN | WISDOM^-1	best LLR -7.27; testable
member	letters A-Z	CIRCUMFERENCES^-1 | ANEND^-1 | WISDOM^-1	best LLR -8.20; testable
member	letters A-Z	CIRCUMFERENCES^-1 | LIKE | WISDOM^-1	best LLR -7.86; testable
member	letters A-Z	CIRCUMFERENCES^-1 | THE | WISDOM^-1	best LLR -6.88; testable
member	letters A-Z	CIRCUMFERENCES^-1 | THE^-1 | WISDOM^-1	best LLR -4.74; testable
member	letters A-Z	CIRCUMFERENCES^-1 | INSTAR^-1 | WISDOM^-1	best LLR -9.39; testable
member	letters A-Z	CIRCUMFERENCES^-1 | TUNNELING^-1 | WISDOM^-1	best LLR -6.90; testable
member	letters A-Z	CIRCUMFERENCES^-1 | TO | WISDOM^-1	best LLR -6.78; testable
member	letters A-Z	CIRCUMFERENCES^-1 | TO^-1 | WISDOM^-1	best LLR -3.54; testable
member	letters A-Z	CIRCUMFERENCES^-1 | WE^-1 | WISDOM^-1	best LLR -8.89; testable
member	letters A-Z	CIRCUMFERENCES^-1 | MUST^-1 | WISDOM^-1	best LLR -6.82; testable
member	letters A-Z	CIRCUMFERENCES^-1 | SHED^-1 | WISDOM^-1	best LLR -7.64; testable
member	letters A-Z	CIRCUMFERENCES^-1 | OUR | WISDOM^-1	best LLR -8.22; testable
member	letters A-Z	CIRCUMFERENCES^-1 | CIRCUMFERENCES^-1 | WISDOM^-1	best LLR -8.88; testable
member	letters A-Z	CIRCUMFERENCES^-1 | FIND | WISDOM^-1	best LLR -8.11; testable
member	letters A-Z	CIRCUMFERENCES^-1 | WITHIN | WISDOM^-1	best LLR -8.76; testable
member	letters A-Z	CIRCUMFERENCES^-1 | AND | WISDOM^-1	best LLR -8.53; testable
member	letters A-Z	CIRCUMFERENCES^-1 | AND^-1 | WISDOM^-1	best LLR -6.81; testable
member	letters A-Z	CIRCUMFERENCES^-1 | EMERGE | WISDOM^-1	best LLR -9.87; testable
member	letters A-Z	CIRCUMFERENCES^-1 | PRIMUS^-1 | WISDOM^-1	best LLR -9.25; testable
member	letters A-Z	CIRCUMFERENCES^-1 | TOTIENT | WISDOM^-1	best LLR -7.13; testable
member	letters A-Z	CIRCUMFERENCES^-1 | TOTIENT^-1 | WISDOM^-1	best LLR -9.62; testable
member	letters A-Z	CIRCUMFERENCES^-1 | id | SOMEWISDOM	best LLR -6.12; testable
member	letters A-Z	CIRCUMFERENCES^-1 | DIVINITY | SOMEWISDOM	best LLR -6.78; testable
member	letters A-Z	CIRCUMFERENCES^-1 | FIRFUMFERENFE | SOMEWISDOM	best LLR -9.49; testable
member	letters A-Z	CIRCUMFERENCES^-1 | KNOWTHIS | SOMEWISDOM	best LLR -9.32; testable
member	letters A-Z	CIRCUMFERENCES^-1 | AKOAN | SOMEWISDOM	best LLR -7.27; testable
member	letters A-Z	CIRCUMFERENCES^-1 | ANEND^-1 | SOMEWISDOM	best LLR -8.20; testable
member	letters A-Z	CIRCUMFERENCES^-1 | LIKE | SOMEWISDOM	best LLR -7.86; testable
member	letters A-Z	CIRCUMFERENCES^-1 | THE | SOMEWISDOM	best LLR -6.88; testable
member	letters A-Z	CIRCUMFERENCES^-1 | THE^-1 | SOMEWISDOM	best LLR -4.74; testable
member	letters A-Z	CIRCUMFERENCES^-1 | INSTAR^-1 | SOMEWISDOM	best LLR -9.39; testable
member	letters A-Z	CIRCUMFERENCES^-1 | TUNNELING^-1 | SOMEWISDOM	best LLR -6.90; testable
member	letters A-Z	CIRCUMFERENCES^-1 | TO | SOMEWISDOM	best LLR -6.78; testable
member	letters A-Z	CIRCUMFERENCES^-1 | TO^-1 | SOMEWISDOM	best LLR -3.54; testable
member	letters A-Z	CIRCUMFERENCES^-1 | WE^-1 | SOMEWISDOM	best LLR -8.89; testable
member	letters A-Z	CIRCUMFERENCES^-1 | MUST^-1 | SOMEWISDOM	best LLR -6.82; testable
member	letters A-Z	CIRCUMFERENCES^-1 | SHED^-1 | SOMEWISDOM	best LLR -7.64; testable
member	letters A-Z	CIRCUMFERENCES^-1 | OUR | SOMEWISDOM	best LLR -8.22; testable
member	letters A-Z	CIRCUMFERENCES^-1 | CIRCUMFERENCES^-1 | SOMEWISDOM	best LLR -8.88; testable
member	letters A-Z	CIRCUMFERENCES^-1 | FIND | SOMEWISDOM	best LLR -8.11; testable
member	letters A-Z	CIRCUMFERENCES^-1 | WITHIN | SOMEWISDOM	best LLR -8.76; testable
member	letters A-Z	CIRCUMFERENCES^-1 | AND | SOMEWISDOM	best LLR -8.53; testable
member	letters A-Z	CIRCUMFERENCES^-1 | AND^-1 | SOMEWISDOM	best LLR -6.81; testable
member	letters A-Z	CIRCUMFERENCES^-1 | EMERGE | SOMEWISDOM	best LLR -9.87; testable
member	letters A-Z	CIRCUMFERENCES^-1 | PRIMUS^-1 | SOMEWISDOM	best LLR -9.25; testable
member	letters A-Z	CIRCUMFERENCES^-1 | TOTIENT | SOMEWISDOM	best LLR -7.13; testable
member	letters A-Z	CIRCUMFERENCES^-1 | TOTIENT^-1 | SOMEWISDOM	best LLR -9.62; testable
member	letters A-Z	CIRCUMFERENCES^-1 | id | SOMEWISDOM^-1	best LLR -6.12; testable
member	letters A-Z	CIRCUMFERENCES^-1 | DIVINITY | SOMEWISDOM^-1	best LLR -6.78; testable
member	letters A-Z	CIRCUMFERENCES^-1 | FIRFUMFERENFE | SOMEWISDOM^-1	best LLR -9.49; testable
member	letters A-Z	CIRCUMFERENCES^-1 | KNOWTHIS | SOMEWISDOM^-1	best LLR -9.32; testable
member	letters A-Z	CIRCUMFERENCES^-1 | AKOAN | SOMEWISDOM^-1	best LLR -7.27; testable
member	letters A-Z	CIRCUMFERENCES^-1 | ANEND^-1 | SOMEWISDOM^-1	best LLR -8.20; testable
member	letters A-Z	CIRCUMFERENCES^-1 | LIKE | SOMEWISDOM^-1	best LLR -7.86; testable
member	letters A-Z	CIRCUMFERENCES^-1 | THE | SOMEWISDOM^-1	best LLR -6.88; testable
member	letters A-Z	CIRCUMFERENCES^-1 | THE^-1 | SOMEWISDOM^-1	best LLR -4.74; testable
member	letters A-Z	CIRCUMFERENCES^-1 | INSTAR^-1 | SOMEWISDOM^-1	best LLR -9.39; testable
member	letters A-Z	CIRCUMFERENCES^-1 | TUNNELING^-1 | SOMEWISDOM^-1	best LLR -6.90; testable
member	letters A-Z	CIRCUMFERENCES^-1 | TO | SOMEWISDOM^-1	best LLR -6.78; testable
member	letters A-Z	CIRCUMFERENCES^-1 | TO^-1 | SOMEWISDOM^-1	best LLR -3.54; testable
member	letters A-Z	CIRCUMFERENCES^-1 | WE^-1 | SOMEWISDOM^-1	best LLR -8.89; testable
member	letters A-Z	CIRCUMFERENCES^-1 | MUST^-1 | SOMEWISDOM^-1	best LLR -6.82; testable
member	letters A-Z	CIRCUMFERENCES^-1 | SHED^-1 | SOMEWISDOM^-1	best LLR -7.64; testable
member	letters A-Z	CIRCUMFERENCES^-1 | OUR | SOMEWISDOM^-1	best LLR -8.22; testable
member	letters A-Z	CIRCUMFERENCES^-1 | CIRCUMFERENCES^-1 | SOMEWISDOM^-1	best LLR -8.88; testable
member	letters A-Z	CIRCUMFERENCES^-1 | FIND | SOMEWISDOM^-1	best LLR -8.11; testable
member	letters A-Z	CIRCUMFERENCES^-1 | WITHIN | SOMEWISDOM^-1	best LLR -8.76; testable
member	letters A-Z	CIRCUMFERENCES^-1 | AND | SOMEWISDOM^-1	best LLR -8.53; testable
member	letters A-Z	CIRCUMFERENCES^-1 | AND^-1 | SOMEWISDOM^-1	best LLR -6.81; testable
member	letters A-Z	CIRCUMFERENCES^-1 | EMERGE | SOMEWISDOM^-1	best LLR -9.87; testable
member	letters A-Z	CIRCUMFERENCES^-1 | PRIMUS^-1 | SOMEWISDOM^-1	best LLR -9.25; testable
member	letters A-Z	CIRCUMFERENCES^-1 | TOTIENT | SOMEWISDOM^-1	best LLR -7.13; testable
member	letters A-Z	CIRCUMFERENCES^-1 | TOTIENT^-1 | SOMEWISDOM^-1	best LLR -9.62; testable
member	letters A-Z	CIRCUMFERENCES^-1 | id | KNOWTHIS	best LLR -6.12; testable
member	letters A-Z	CIRCUMFERENCES^-1 | DIVINITY | KNOWTHIS	best LLR -6.78; testable
member	letters A-Z	CIRCUMFERENCES^-1 | FIRFUMFERENFE | KNOWTHIS	best LLR -9.49; testable
member	letters A-Z	CIRCUMFERENCES^-1 | KNOWTHIS | KNOWTHIS	best LLR -9.32; testable
member	letters A-Z	CIRCUMFERENCES^-1 | AKOAN | KNOWTHIS	best LLR -7.27; testable
member	letters A-Z	CIRCUMFERENCES^-1 | ANEND^-1 | KNOWTHIS	best LLR -8.20; testable
member	letters A-Z	CIRCUMFERENCES^-1 | LIKE | KNOWTHIS	best LLR -7.86; testable
member	letters A-Z	CIRCUMFERENCES^-1 | THE | KNOWTHIS	best LLR -6.88; testable
member	letters A-Z	CIRCUMFERENCES^-1 | THE^-1 | KNOWTHIS	best LLR -4.74; testable
member	letters A-Z	CIRCUMFERENCES^-1 | INSTAR^-1 | KNOWTHIS	best LLR -9.39; testable
member	letters A-Z	CIRCUMFERENCES^-1 | TUNNELING^-1 | KNOWTHIS	best LLR -6.90; testable
member	letters A-Z	CIRCUMFERENCES^-1 | TO | KNOWTHIS	best LLR -6.78; testable
member	letters A-Z	CIRCUMFERENCES^-1 | TO^-1 | KNOWTHIS	best LLR -3.54; testable
member	letters A-Z	CIRCUMFERENCES^-1 | WE^-1 | KNOWTHIS	best LLR -8.89; testable
member	letters A-Z	CIRCUMFERENCES^-1 | MUST^-1 | KNOWTHIS	best LLR -6.82; testable
member	letters A-Z	CIRCUMFERENCES^-1 | SHED^-1 | KNOWTHIS	best LLR -7.64; testable
member	letters A-Z	CIRCUMFERENCES^-1 | OUR | KNOWTHIS	best LLR -8.22; testable
member	letters A-Z	CIRCUMFERENCES^-1 | CIRCUMFERENCES^-1 | KNOWTHIS	best LLR -8.88; testable
member	letters A-Z	CIRCUMFERENCES^-1 | FIND | KNOWTHIS	best LLR -8.11; testable
member	letters A-Z	CIRCUMFERENCES^-1 | WITHIN | KNOWTHIS	best LLR -8.76; testable
member	letters A-Z	CIRCUMFERENCES^-1 | AND | KNOWTHIS	best LLR -8.53; testable
member	letters A-Z	CIRCUMFERENCES^-1 | AND^-1 | KNOWTHIS	best LLR -6.81; testable
member	letters A-Z	CIRCUMFERENCES^-1 | EMERGE | KNOWTHIS	best LLR -9.87; testable
member	letters A-Z	CIRCUMFERENCES^-1 | PRIMUS^-1 | KNOWTHIS	best LLR -9.25; testable
member	letters A-Z	CIRCUMFERENCES^-1 | TOTIENT | KNOWTHIS	best LLR -7.13; testable
member	letters A-Z	CIRCUMFERENCES^-1 | TOTIENT^-1 | KNOWTHIS	best LLR -9.62; testable
member	letters A-Z	CIRCUMFERENCES^-1 | id | KNOWTHIS^-1	best LLR -6.12; testable
member	letters A-Z	CIRCUMFERENCES^-1 | DIVINITY | KNOWTHIS^-1	best LLR -6.78; testable
member	letters A-Z	CIRCUMFERENCES^-1 | FIRFUMFERENFE | KNOWTHIS^-1	best LLR -9.49; testable
member	letters A-Z	CIRCUMFERENCES^-1 | KNOWTHIS | KNOWTHIS^-1	best LLR -9.32; testable
member	letters A-Z	CIRCUMFERENCES^-1 | AKOAN | KNOWTHIS^-1	best LLR -7.27; testable
member	letters A-Z	CIRCUMFERENCES^-1 | ANEND^-1 | KNOWTHIS^-1	best LLR -8.20; testable
member	letters A-Z	CIRCUMFERENCES^-1 | LIKE | KNOWTHIS^-1	best LLR -7.86; testable
member	letters A-Z	CIRCUMFERENCES^-1 | THE | KNOWTHIS^-1	best LLR -6.88; testable
member	letters A-Z	CIRCUMFERENCES^-1 | THE^-1 | KNOWTHIS^-1	best LLR -4.74; testable
member	letters A-Z	CIRCUMFERENCES^-1 | INSTAR^-1 | KNOWTHIS^-1	best LLR -9.39; testable
member	letters A-Z	CIRCUMFERENCES^-1 | TUNNELING^-1 | KNOWTHIS^-1	best LLR -6.90; testable
member	letters A-Z	CIRCUMFERENCES^-1 | TO | KNOWTHIS^-1	best LLR -6.78; testable
member	letters A-Z	CIRCUMFERENCES^-1 | TO^-1 | KNOWTHIS^-1	best LLR -3.54; testable
member	letters A-Z	CIRCUMFERENCES^-1 | WE^-1 | KNOWTHIS^-1	best LLR -8.89; testable
member	letters A-Z	CIRCUMFERENCES^-1 | MUST^-1 | KNOWTHIS^-1	best LLR -6.82; testable
member	letters A-Z	CIRCUMFERENCES^-1 | SHED^-1 | KNOWTHIS^-1	best LLR -7.64; testable
member	letters A-Z	CIRCUMFERENCES^-1 | OUR | KNOWTHIS^-1	best LLR -8.22; testable
member	letters A-Z	CIRCUMFERENCES^-1 | CIRCUMFERENCES^-1 | KNOWTHIS^-1	best LLR -8.88; testable
member	letters A-Z	CIRCUMFERENCES^-1 | FIND | KNOWTHIS^-1	best LLR -8.11; testable
member	letters A-Z	CIRCUMFERENCES^-1 | WITHIN | KNOWTHIS^-1	best LLR -8.76; testable
member	letters A-Z	CIRCUMFERENCES^-1 | AND | KNOWTHIS^-1	best LLR -8.53; testable
member	letters A-Z	CIRCUMFERENCES^-1 | AND^-1 | KNOWTHIS^-1	best LLR -6.81; testable
member	letters A-Z	CIRCUMFERENCES^-1 | EMERGE | KNOWTHIS^-1	best LLR -9.87; testable
member	letters A-Z	CIRCUMFERENCES^-1 | PRIMUS^-1 | KNOWTHIS^-1	best LLR -9.25; testable
member	letters A-Z	CIRCUMFERENCES^-1 | TOTIENT | KNOWTHIS^-1	best LLR -7.13; testable
member	letters A-Z	CIRCUMFERENCES^-1 | TOTIENT^-1 | KNOWTHIS^-1	best LLR -9.62; testable
member	letters A-Z	CIRCUMFERENCES^-1 | id | AKOAN	best LLR -6.12; testable
member	letters A-Z	CIRCUMFERENCES^-1 | DIVINITY | AKOAN	best LLR -6.78; testable
member	letters A-Z	CIRCUMFERENCES^-1 | FIRFUMFERENFE | AKOAN	best LLR -9.49; testable
member	letters A-Z	CIRCUMFERENCES^-1 | KNOWTHIS | AKOAN	best LLR -9.32; testable
member	letters A-Z	CIRCUMFERENCES^-1 | AKOAN | AKOAN	best LLR -7.27; testable
member	letters A-Z	CIRCUMFERENCES^-1 | ANEND^-1 | AKOAN	best LLR -8.20; testable
member	letters A-Z	CIRCUMFERENCES^-1 | LIKE | AKOAN	best LLR -7.86; testable
member	letters A-Z	CIRCUMFERENCES^-1 | THE | AKOAN	best LLR -6.88; testable
member	letters A-Z	CIRCUMFERENCES^-1 | THE^-1 | AKOAN	best LLR -4.74; testable
member	letters A-Z	CIRCUMFERENCES^-1 | INSTAR^-1 | AKOAN	best LLR -9.39; testable
member	letters A-Z	CIRCUMFERENCES^-1 | TUNNELING^-1 | AKOAN	best LLR -6.90; testable
member	letters A-Z	CIRCUMFERENCES^-1 | TO | AKOAN	best LLR -6.78; testable
member	letters A-Z	CIRCUMFERENCES^-1 | TO^-1 | AKOAN	best LLR -3.54; testable
member	letters A-Z	CIRCUMFERENCES^-1 | WE^-1 | AKOAN	best LLR -8.89; testable
member	letters A-Z	CIRCUMFERENCES^-1 | MUST^-1 | AKOAN	best LLR -6.82; testable
member	letters A-Z	CIRCUMFERENCES^-1 | SHED^-1 | AKOAN	best LLR -7.64; testable
member	letters A-Z	CIRCUMFERENCES^-1 | OUR | AKOAN	best LLR -8.22; testable
member	letters A-Z	CIRCUMFERENCES^-1 | CIRCUMFERENCES^-1 | AKOAN	best LLR -8.88; testable
member	letters A-Z	CIRCUMFERENCES^-1 | FIND | AKOAN	best LLR -8.11; testable
member	letters A-Z	CIRCUMFERENCES^-1 | WITHIN | AKOAN	best LLR -8.76; testable
member	letters A-Z	CIRCUMFERENCES^-1 | AND | AKOAN	best LLR -8.53; testable
member	letters A-Z	CIRCUMFERENCES^-1 | AND^-1 | AKOAN	best LLR -6.81; testable
member	letters A-Z	CIRCUMFERENCES^-1 | EMERGE | AKOAN	best LLR -9.87; testable
member	letters A-Z	CIRCUMFERENCES^-1 | PRIMUS^-1 | AKOAN	best LLR -9.25; testable
member	letters A-Z	CIRCUMFERENCES^-1 | TOTIENT | AKOAN	best LLR -7.13; testable
member	letters A-Z	CIRCUMFERENCES^-1 | TOTIENT^-1 | AKOAN	best LLR -9.62; testable
member	letters A-Z	CIRCUMFERENCES^-1 | id | AKOAN^-1	best LLR -6.12; testable
member	letters A-Z	CIRCUMFERENCES^-1 | DIVINITY | AKOAN^-1	best LLR -6.78; testable
member	letters A-Z	CIRCUMFERENCES^-1 | FIRFUMFERENFE | AKOAN^-1	best LLR -9.49; testable
member	letters A-Z	CIRCUMFERENCES^-1 | KNOWTHIS | AKOAN^-1	best LLR -9.32; testable
member	letters A-Z	CIRCUMFERENCES^-1 | AKOAN | AKOAN^-1	best LLR -7.27; testable
member	letters A-Z	CIRCUMFERENCES^-1 | ANEND^-1 | AKOAN^-1	best LLR -8.20; testable
member	letters A-Z	CIRCUMFERENCES^-1 | LIKE | AKOAN^-1	best LLR -7.86; testable
member	letters A-Z	CIRCUMFERENCES^-1 | THE | AKOAN^-1	best LLR -6.88; testable
member	letters A-Z	CIRCUMFERENCES^-1 | THE^-1 | AKOAN^-1	best LLR -4.74; testable
member	letters A-Z	CIRCUMFERENCES^-1 | INSTAR^-1 | AKOAN^-1	best LLR -9.39; testable
member	letters A-Z	CIRCUMFERENCES^-1 | TUNNELING^-1 | AKOAN^-1	best LLR -6.90; testable
member	letters A-Z	CIRCUMFERENCES^-1 | TO | AKOAN^-1	best LLR -6.78; testable
member	letters A-Z	CIRCUMFERENCES^-1 | TO^-1 | AKOAN^-1	best LLR -3.54; testable
member	letters A-Z	CIRCUMFERENCES^-1 | WE^-1 | AKOAN^-1	best LLR -8.89; testable
member	letters A-Z	CIRCUMFERENCES^-1 | MUST^-1 | AKOAN^-1	best LLR -6.82; testable
member	letters A-Z	CIRCUMFERENCES^-1 | SHED^-1 | AKOAN^-1	best LLR -7.64; testable
member	letters A-Z	CIRCUMFERENCES^-1 | OUR | AKOAN^-1	best LLR -8.22; testable
member	letters A-Z	CIRCUMFERENCES^-1 | CIRCUMFERENCES^-1 | AKOAN^-1	best LLR -8.88; testable
member	letters A-Z	CIRCUMFERENCES^-1 | FIND | AKOAN^-1	best LLR -8.11; testable
member	letters A-Z	CIRCUMFERENCES^-1 | WITHIN | AKOAN^-1	best LLR -8.76; testable
member	letters A-Z	CIRCUMFERENCES^-1 | AND | AKOAN^-1	best LLR -8.53; testable
member	letters A-Z	CIRCUMFERENCES^-1 | AND^-1 | AKOAN^-1	best LLR -6.81; testable
member	letters A-Z	CIRCUMFERENCES^-1 | EMERGE | AKOAN^-1	best LLR -9.87; testable
member	letters A-Z	CIRCUMFERENCES^-1 | PRIMUS^-1 | AKOAN^-1	best LLR -9.25; testable
member	letters A-Z	CIRCUMFERENCES^-1 | TOTIENT | AKOAN^-1	best LLR -7.13; testable
member	letters A-Z	CIRCUMFERENCES^-1 | TOTIENT^-1 | AKOAN^-1	best LLR -9.62; testable
member	letters A-Z	CIRCUMFERENCES^-1 | SOMEWISDOM | ANINSTRUCTION	best LLR -6.70; testable
member	letters A-Z	CIRCUMFERENCES^-1 | ANEND | ANINSTRUCTION	best LLR -9.81; testable
member	letters A-Z	CIRCUMFERENCES^-1 | PRIMUS^-1 | ANINSTRUCTION	best LLR -8.07; testable
member	letters A-Z	CIRCUMFERENCES^-1 | WELCOME^-1 | THELOSSOFDIVINITY	best LLR -9.95; testable
member	letters A-Z	CIRCUMFERENCES^-1 | THE | THELOSSOFDIVINITY	best LLR -8.41; testable
member	letters A-Z	CIRCUMFERENCES^-1 | WITHIN | THELOSSOFDIVINITY	best LLR -7.27; testable
member	letters A-Z	CIRCUMFERENCES^-1 | PRIMUS^-1 | THELOSSOFDIVINITY	best LLR -9.35; testable
member	letters A-Z	CIRCUMFERENCES^-1 | id | ANEND	best LLR -6.12; testable
member	letters A-Z	CIRCUMFERENCES^-1 | DIVINITY | ANEND	best LLR -6.78; testable
member	letters A-Z	CIRCUMFERENCES^-1 | FIRFUMFERENFE | ANEND	best LLR -9.49; testable
member	letters A-Z	CIRCUMFERENCES^-1 | KNOWTHIS | ANEND	best LLR -9.32; testable
member	letters A-Z	CIRCUMFERENCES^-1 | AKOAN | ANEND	best LLR -7.27; testable
member	letters A-Z	CIRCUMFERENCES^-1 | ANEND^-1 | ANEND	best LLR -8.20; testable
member	letters A-Z	CIRCUMFERENCES^-1 | LIKE | ANEND	best LLR -7.86; testable
member	letters A-Z	CIRCUMFERENCES^-1 | THE | ANEND	best LLR -6.88; testable
member	letters A-Z	CIRCUMFERENCES^-1 | THE^-1 | ANEND	best LLR -4.74; testable
member	letters A-Z	CIRCUMFERENCES^-1 | INSTAR^-1 | ANEND	best LLR -9.39; testable
member	letters A-Z	CIRCUMFERENCES^-1 | TUNNELING^-1 | ANEND	best LLR -6.90; testable
member	letters A-Z	CIRCUMFERENCES^-1 | TO | ANEND	best LLR -6.78; testable
member	letters A-Z	CIRCUMFERENCES^-1 | TO^-1 | ANEND	best LLR -3.54; testable
member	letters A-Z	CIRCUMFERENCES^-1 | WE^-1 | ANEND	best LLR -8.89; testable
member	letters A-Z	CIRCUMFERENCES^-1 | MUST^-1 | ANEND	best LLR -6.82; testable
member	letters A-Z	CIRCUMFERENCES^-1 | SHED^-1 | ANEND	best LLR -7.64; testable
member	letters A-Z	CIRCUMFERENCES^-1 | OUR | ANEND	best LLR -8.22; testable
member	letters A-Z	CIRCUMFERENCES^-1 | CIRCUMFERENCES^-1 | ANEND	best LLR -8.88; testable
member	letters A-Z	CIRCUMFERENCES^-1 | FIND | ANEND	best LLR -8.11; testable
member	letters A-Z	CIRCUMFERENCES^-1 | WITHIN | ANEND	best LLR -8.76; testable
member	letters A-Z	CIRCUMFERENCES^-1 | AND | ANEND	best LLR -8.53; testable
member	letters A-Z	CIRCUMFERENCES^-1 | AND^-1 | ANEND	best LLR -6.81; testable
member	letters A-Z	CIRCUMFERENCES^-1 | EMERGE | ANEND	best LLR -9.87; testable
member	letters A-Z	CIRCUMFERENCES^-1 | PRIMUS^-1 | ANEND	best LLR -9.25; testable
member	letters A-Z	CIRCUMFERENCES^-1 | TOTIENT | ANEND	best LLR -7.13; testable
member	letters A-Z	CIRCUMFERENCES^-1 | TOTIENT^-1 | ANEND	best LLR -9.62; testable
member	letters A-Z	CIRCUMFERENCES^-1 | id | ANEND^-1	best LLR -6.12; testable
member	letters A-Z	CIRCUMFERENCES^-1 | DIVINITY | ANEND^-1	best LLR -6.78; testable
member	letters A-Z	CIRCUMFERENCES^-1 | FIRFUMFERENFE | ANEND^-1	best LLR -9.49; testable
member	letters A-Z	CIRCUMFERENCES^-1 | KNOWTHIS | ANEND^-1	best LLR -9.32; testable
member	letters A-Z	CIRCUMFERENCES^-1 | AKOAN | ANEND^-1	best LLR -7.27; testable
member	letters A-Z	CIRCUMFERENCES^-1 | ANEND^-1 | ANEND^-1	best LLR -8.20; testable
member	letters A-Z	CIRCUMFERENCES^-1 | LIKE | ANEND^-1	best LLR -7.86; testable
member	letters A-Z	CIRCUMFERENCES^-1 | THE | ANEND^-1	best LLR -6.88; testable
member	letters A-Z	CIRCUMFERENCES^-1 | THE^-1 | ANEND^-1	best LLR -4.74; testable
member	letters A-Z	CIRCUMFERENCES^-1 | INSTAR^-1 | ANEND^-1	best LLR -9.39; testable
member	letters A-Z	CIRCUMFERENCES^-1 | TUNNELING^-1 | ANEND^-1	best LLR -6.90; testable
member	letters A-Z	CIRCUMFERENCES^-1 | TO | ANEND^-1	best LLR -6.78; testable
member	letters A-Z	CIRCUMFERENCES^-1 | TO^-1 | ANEND^-1	best LLR -3.54; testable
member	letters A-Z	CIRCUMFERENCES^-1 | WE^-1 | ANEND^-1	best LLR -8.89; testable
member	letters A-Z	CIRCUMFERENCES^-1 | MUST^-1 | ANEND^-1	best LLR -6.82; testable
member	letters A-Z	CIRCUMFERENCES^-1 | SHED^-1 | ANEND^-1	best LLR -7.64; testable
member	letters A-Z	CIRCUMFERENCES^-1 | OUR | ANEND^-1	best LLR -8.22; testable
member	letters A-Z	CIRCUMFERENCES^-1 | CIRCUMFERENCES^-1 | ANEND^-1	best LLR -8.88; testable
member	letters A-Z	CIRCUMFERENCES^-1 | FIND | ANEND^-1	best LLR -8.11; testable
member	letters A-Z	CIRCUMFERENCES^-1 | WITHIN | ANEND^-1	best LLR -8.76; testable
member	letters A-Z	CIRCUMFERENCES^-1 | AND | ANEND^-1	best LLR -8.53; testable
member	letters A-Z	CIRCUMFERENCES^-1 | AND^-1 | ANEND^-1	best LLR -6.81; testable
member	letters A-Z	CIRCUMFERENCES^-1 | EMERGE | ANEND^-1	best LLR -9.87; testable
member	letters A-Z	CIRCUMFERENCES^-1 | PRIMUS^-1 | ANEND^-1	best LLR -9.25; testable
member	letters A-Z	CIRCUMFERENCES^-1 | TOTIENT | ANEND^-1	best LLR -7.13; testable
member	letters A-Z	CIRCUMFERENCES^-1 | TOTIENT^-1 | ANEND^-1	best LLR -9.62; testable
member	letters A-Z	CIRCUMFERENCES^-1 | id | PARABLE	best LLR -6.12; testable
member	letters A-Z	CIRCUMFERENCES^-1 | DIVINITY | PARABLE	best LLR -6.78; testable
member	letters A-Z	CIRCUMFERENCES^-1 | FIRFUMFERENFE | PARABLE	best LLR -9.49; testable
member	letters A-Z	CIRCUMFERENCES^-1 | KNOWTHIS | PARABLE	best LLR -9.32; testable
member	letters A-Z	CIRCUMFERENCES^-1 | AKOAN | PARABLE	best LLR -7.27; testable
member	letters A-Z	CIRCUMFERENCES^-1 | ANEND^-1 | PARABLE	best LLR -8.20; testable
member	letters A-Z	CIRCUMFERENCES^-1 | LIKE | PARABLE	best LLR -7.86; testable
member	letters A-Z	CIRCUMFERENCES^-1 | THE | PARABLE	best LLR -6.88; testable
member	letters A-Z	CIRCUMFERENCES^-1 | THE^-1 | PARABLE	best LLR -4.74; testable
member	letters A-Z	CIRCUMFERENCES^-1 | INSTAR^-1 | PARABLE	best LLR -9.39; testable
member	letters A-Z	CIRCUMFERENCES^-1 | TUNNELING^-1 | PARABLE	best LLR -6.90; testable
member	letters A-Z	CIRCUMFERENCES^-1 | TO | PARABLE	best LLR -6.78; testable
member	letters A-Z	CIRCUMFERENCES^-1 | TO^-1 | PARABLE	best LLR -3.54; testable
member	letters A-Z	CIRCUMFERENCES^-1 | WE^-1 | PARABLE	best LLR -8.89; testable
member	letters A-Z	CIRCUMFERENCES^-1 | MUST^-1 | PARABLE	best LLR -6.82; testable
member	letters A-Z	CIRCUMFERENCES^-1 | SHED^-1 | PARABLE	best LLR -7.64; testable
member	letters A-Z	CIRCUMFERENCES^-1 | OUR | PARABLE	best LLR -8.22; testable
member	letters A-Z	CIRCUMFERENCES^-1 | CIRCUMFERENCES^-1 | PARABLE	best LLR -8.88; testable
member	letters A-Z	CIRCUMFERENCES^-1 | FIND | PARABLE	best LLR -8.11; testable
member	letters A-Z	CIRCUMFERENCES^-1 | WITHIN | PARABLE	best LLR -8.76; testable
member	letters A-Z	CIRCUMFERENCES^-1 | AND | PARABLE	best LLR -8.53; testable
member	letters A-Z	CIRCUMFERENCES^-1 | AND^-1 | PARABLE	best LLR -6.81; testable
member	letters A-Z	CIRCUMFERENCES^-1 | EMERGE | PARABLE	best LLR -9.87; testable
member	letters A-Z	CIRCUMFERENCES^-1 | PRIMUS^-1 | PARABLE	best LLR -9.25; testable
member	letters A-Z	CIRCUMFERENCES^-1 | TOTIENT | PARABLE	best LLR -7.13; testable
member	letters A-Z	CIRCUMFERENCES^-1 | TOTIENT^-1 | PARABLE	best LLR -9.62; testable
member	letters A-Z	CIRCUMFERENCES^-1 | id | PARABLE^-1	best LLR -6.12; testable
member	letters A-Z	CIRCUMFERENCES^-1 | DIVINITY | PARABLE^-1	best LLR -6.78; testable
member	letters A-Z	CIRCUMFERENCES^-1 | FIRFUMFERENFE | PARABLE^-1	best LLR -9.49; testable
member	letters A-Z	CIRCUMFERENCES^-1 | KNOWTHIS | PARABLE^-1	best LLR -9.32; testable
member	letters A-Z	CIRCUMFERENCES^-1 | AKOAN | PARABLE^-1	best LLR -7.27; testable
member	letters A-Z	CIRCUMFERENCES^-1 | ANEND^-1 | PARABLE^-1	best LLR -8.20; testable
member	letters A-Z	CIRCUMFERENCES^-1 | LIKE | PARABLE^-1	best LLR -7.86; testable
member	letters A-Z	CIRCUMFERENCES^-1 | THE | PARABLE^-1	best LLR -6.88; testable
member	letters A-Z	CIRCUMFERENCES^-1 | THE^-1 | PARABLE^-1	best LLR -4.74; testable
member	letters A-Z	CIRCUMFERENCES^-1 | INSTAR^-1 | PARABLE^-1	best LLR -9.39; testable
member	letters A-Z	CIRCUMFERENCES^-1 | TUNNELING^-1 | PARABLE^-1	best LLR -6.90; testable
member	letters A-Z	CIRCUMFERENCES^-1 | TO | PARABLE^-1	best LLR -6.78; testable
member	letters A-Z	CIRCUMFERENCES^-1 | TO^-1 | PARABLE^-1	best LLR -3.54; testable
member	letters A-Z	CIRCUMFERENCES^-1 | WE^-1 | PARABLE^-1	best LLR -8.89; testable
member	letters A-Z	CIRCUMFERENCES^-1 | MUST^-1 | PARABLE^-1	best LLR -6.82; testable
member	letters A-Z	CIRCUMFERENCES^-1 | SHED^-1 | PARABLE^-1	best LLR -7.64; testable
member	letters A-Z	CIRCUMFERENCES^-1 | OUR | PARABLE^-1	best LLR -8.22; testable
member	letters A-Z	CIRCUMFERENCES^-1 | CIRCUMFERENCES^-1 | PARABLE^-1	best LLR -8.88; testable
member	letters A-Z	CIRCUMFERENCES^-1 | FIND | PARABLE^-1	best LLR -8.11; testable
member	letters A-Z	CIRCUMFERENCES^-1 | WITHIN | PARABLE^-1	best LLR -8.76; testable
member	letters A-Z	CIRCUMFERENCES^-1 | AND | PARABLE^-1	best LLR -8.53; testable
member	letters A-Z	CIRCUMFERENCES^-1 | AND^-1 | PARABLE^-1	best LLR -6.81; testable
member	letters A-Z	CIRCUMFERENCES^-1 | EMERGE | PARABLE^-1	best LLR -9.87; testable
member	letters A-Z	CIRCUMFERENCES^-1 | PRIMUS^-1 | PARABLE^-1	best LLR -9.25; testable
member	letters A-Z	CIRCUMFERENCES^-1 | TOTIENT | PARABLE^-1	best LLR -7.13; testable
member	letters A-Z	CIRCUMFERENCES^-1 | TOTIENT^-1 | PARABLE^-1	best LLR -9.62; testable
member	letters A-Z	CIRCUMFERENCES^-1 | id | LIKE	best LLR -6.12; testable
member	letters A-Z	CIRCUMFERENCES^-1 | DIVINITY | LIKE	best LLR -6.78; testable
member	letters A-Z	CIRCUMFERENCES^-1 | FIRFUMFERENFE | LIKE	best LLR -9.49; testable
member	letters A-Z	CIRCUMFERENCES^-1 | KNOWTHIS | LIKE	best LLR -9.32; testable
member	letters A-Z	CIRCUMFERENCES^-1 | AKOAN | LIKE	best LLR -7.27; testable
member	letters A-Z	CIRCUMFERENCES^-1 | ANEND^-1 | LIKE	best LLR -8.20; testable
member	letters A-Z	CIRCUMFERENCES^-1 | LIKE | LIKE	best LLR -7.86; testable
member	letters A-Z	CIRCUMFERENCES^-1 | THE | LIKE	best LLR -6.88; testable
member	letters A-Z	CIRCUMFERENCES^-1 | THE^-1 | LIKE	best LLR -4.74; testable
member	letters A-Z	CIRCUMFERENCES^-1 | INSTAR^-1 | LIKE	best LLR -9.39; testable
member	letters A-Z	CIRCUMFERENCES^-1 | TUNNELING^-1 | LIKE	best LLR -6.90; testable
member	letters A-Z	CIRCUMFERENCES^-1 | TO | LIKE	best LLR -6.78; testable
member	letters A-Z	CIRCUMFERENCES^-1 | TO^-1 | LIKE	best LLR -3.54; testable
member	letters A-Z	CIRCUMFERENCES^-1 | WE^-1 | LIKE	best LLR -8.89; testable
member	letters A-Z	CIRCUMFERENCES^-1 | MUST^-1 | LIKE	best LLR -6.82; testable
member	letters A-Z	CIRCUMFERENCES^-1 | SHED^-1 | LIKE	best LLR -7.64; testable
member	letters A-Z	CIRCUMFERENCES^-1 | OUR | LIKE	best LLR -8.22; testable
member	letters A-Z	CIRCUMFERENCES^-1 | CIRCUMFERENCES^-1 | LIKE	best LLR -8.88; testable
member	letters A-Z	CIRCUMFERENCES^-1 | FIND | LIKE	best LLR -8.11; testable
member	letters A-Z	CIRCUMFERENCES^-1 | WITHIN | LIKE	best LLR -8.76; testable
member	letters A-Z	CIRCUMFERENCES^-1 | AND | LIKE	best LLR -8.53; testable
member	letters A-Z	CIRCUMFERENCES^-1 | AND^-1 | LIKE	best LLR -6.81; testable
member	letters A-Z	CIRCUMFERENCES^-1 | EMERGE | LIKE	best LLR -9.87; testable
member	letters A-Z	CIRCUMFERENCES^-1 | PRIMUS^-1 | LIKE	best LLR -9.25; testable
member	letters A-Z	CIRCUMFERENCES^-1 | TOTIENT | LIKE	best LLR -7.13; testable
member	letters A-Z	CIRCUMFERENCES^-1 | TOTIENT^-1 | LIKE	best LLR -9.62; testable
member	letters A-Z	CIRCUMFERENCES^-1 | id | LIKE^-1	best LLR -6.12; testable
member	letters A-Z	CIRCUMFERENCES^-1 | DIVINITY | LIKE^-1	best LLR -6.78; testable
member	letters A-Z	CIRCUMFERENCES^-1 | FIRFUMFERENFE | LIKE^-1	best LLR -9.49; testable
member	letters A-Z	CIRCUMFERENCES^-1 | KNOWTHIS | LIKE^-1	best LLR -9.32; testable
member	letters A-Z	CIRCUMFERENCES^-1 | AKOAN | LIKE^-1	best LLR -7.27; testable
member	letters A-Z	CIRCUMFERENCES^-1 | ANEND^-1 | LIKE^-1	best LLR -8.20; testable
member	letters A-Z	CIRCUMFERENCES^-1 | LIKE | LIKE^-1	best LLR -7.86; testable
member	letters A-Z	CIRCUMFERENCES^-1 | THE | LIKE^-1	best LLR -6.88; testable
member	letters A-Z	CIRCUMFERENCES^-1 | THE^-1 | LIKE^-1	best LLR -4.74; testable
member	letters A-Z	CIRCUMFERENCES^-1 | INSTAR^-1 | LIKE^-1	best LLR -9.39; testable
member	letters A-Z	CIRCUMFERENCES^-1 | TUNNELING^-1 | LIKE^-1	best LLR -6.90; testable
member	letters A-Z	CIRCUMFERENCES^-1 | TO | LIKE^-1	best LLR -6.78; testable
member	letters A-Z	CIRCUMFERENCES^-1 | TO^-1 | LIKE^-1	best LLR -3.54; testable
member	letters A-Z	CIRCUMFERENCES^-1 | WE^-1 | LIKE^-1	best LLR -8.89; testable
member	letters A-Z	CIRCUMFERENCES^-1 | MUST^-1 | LIKE^-1	best LLR -6.82; testable
member	letters A-Z	CIRCUMFERENCES^-1 | SHED^-1 | LIKE^-1	best LLR -7.64; testable
member	letters A-Z	CIRCUMFERENCES^-1 | OUR | LIKE^-1	best LLR -8.22; testable
member	letters A-Z	CIRCUMFERENCES^-1 | CIRCUMFERENCES^-1 | LIKE^-1	best LLR -8.88; testable
member	letters A-Z	CIRCUMFERENCES^-1 | FIND | LIKE^-1	best LLR -8.11; testable
member	letters A-Z	CIRCUMFERENCES^-1 | WITHIN | LIKE^-1	best LLR -8.76; testable
member	letters A-Z	CIRCUMFERENCES^-1 | AND | LIKE^-1	best LLR -8.53; testable
member	letters A-Z	CIRCUMFERENCES^-1 | AND^-1 | LIKE^-1	best LLR -6.81; testable
member	letters A-Z	CIRCUMFERENCES^-1 | EMERGE | LIKE^-1	best LLR -9.87; testable
member	letters A-Z	CIRCUMFERENCES^-1 | PRIMUS^-1 | LIKE^-1	best LLR -9.25; testable
member	letters A-Z	CIRCUMFERENCES^-1 | TOTIENT | LIKE^-1	best LLR -7.13; testable
member	letters A-Z	CIRCUMFERENCES^-1 | TOTIENT^-1 | LIKE^-1	best LLR -9.62; testable
member	letters A-Z	CIRCUMFERENCES^-1 | id | THE	best LLR -6.12; testable
member	letters A-Z	CIRCUMFERENCES^-1 | DIVINITY | THE	best LLR -6.78; testable
member	letters A-Z	CIRCUMFERENCES^-1 | FIRFUMFERENFE | THE	best LLR -9.49; testable
member	letters A-Z	CIRCUMFERENCES^-1 | KNOWTHIS | THE	best LLR -9.32; testable
member	letters A-Z	CIRCUMFERENCES^-1 | AKOAN | THE	best LLR -7.27; testable
member	letters A-Z	CIRCUMFERENCES^-1 | ANEND^-1 | THE	best LLR -8.20; testable
member	letters A-Z	CIRCUMFERENCES^-1 | LIKE | THE	best LLR -7.86; testable
member	letters A-Z	CIRCUMFERENCES^-1 | THE | THE	best LLR -6.88; testable
member	letters A-Z	CIRCUMFERENCES^-1 | THE^-1 | THE	best LLR -4.74; testable
member	letters A-Z	CIRCUMFERENCES^-1 | INSTAR^-1 | THE	best LLR -9.39; testable
member	letters A-Z	CIRCUMFERENCES^-1 | TUNNELING^-1 | THE	best LLR -6.90; testable
member	letters A-Z	CIRCUMFERENCES^-1 | TO | THE	best LLR -6.78; testable
member	letters A-Z	CIRCUMFERENCES^-1 | TO^-1 | THE	best LLR -3.54; testable
member	letters A-Z	CIRCUMFERENCES^-1 | WE^-1 | THE	best LLR -8.89; testable
member	letters A-Z	CIRCUMFERENCES^-1 | MUST^-1 | THE	best LLR -6.82; testable
member	letters A-Z	CIRCUMFERENCES^-1 | SHED^-1 | THE	best LLR -7.64; testable
member	letters A-Z	CIRCUMFERENCES^-1 | OUR | THE	best LLR -8.22; testable
member	letters A-Z	CIRCUMFERENCES^-1 | CIRCUMFERENCES^-1 | THE	best LLR -8.88; testable
member	letters A-Z	CIRCUMFERENCES^-1 | FIND | THE	best LLR -8.11; testable
member	letters A-Z	CIRCUMFERENCES^-1 | WITHIN | THE	best LLR -8.76; testable
member	letters A-Z	CIRCUMFERENCES^-1 | AND | THE	best LLR -8.53; testable
member	letters A-Z	CIRCUMFERENCES^-1 | AND^-1 | THE	best LLR -6.81; testable
member	letters A-Z	CIRCUMFERENCES^-1 | EMERGE | THE	best LLR -9.87; testable
member	letters A-Z	CIRCUMFERENCES^-1 | PRIMUS^-1 | THE	best LLR -9.25; testable
member	letters A-Z	CIRCUMFERENCES^-1 | TOTIENT | THE	best LLR -7.13; testable
member	letters A-Z	CIRCUMFERENCES^-1 | TOTIENT^-1 | THE	best LLR -9.62; testable
member	letters A-Z	CIRCUMFERENCES^-1 | id | THE^-1	best LLR -6.12; testable
member	letters A-Z	CIRCUMFERENCES^-1 | DIVINITY | THE^-1	best LLR -6.78; testable
member	letters A-Z	CIRCUMFERENCES^-1 | FIRFUMFERENFE | THE^-1	best LLR -9.49; testable
member	letters A-Z	CIRCUMFERENCES^-1 | KNOWTHIS | THE^-1	best LLR -9.32; testable
member	letters A-Z	CIRCUMFERENCES^-1 | AKOAN | THE^-1	best LLR -7.27; testable
member	letters A-Z	CIRCUMFERENCES^-1 | ANEND^-1 | THE^-1	best LLR -8.20; testable
member	letters A-Z	CIRCUMFERENCES^-1 | LIKE | THE^-1	best LLR -7.86; testable
member	letters A-Z	CIRCUMFERENCES^-1 | THE | THE^-1	best LLR -6.88; testable
member	letters A-Z	CIRCUMFERENCES^-1 | THE^-1 | THE^-1	best LLR -4.74; testable
member	letters A-Z	CIRCUMFERENCES^-1 | INSTAR^-1 | THE^-1	best LLR -9.39; testable
member	letters A-Z	CIRCUMFERENCES^-1 | TUNNELING^-1 | THE^-1	best LLR -6.90; testable
member	letters A-Z	CIRCUMFERENCES^-1 | TO | THE^-1	best LLR -6.78; testable
member	letters A-Z	CIRCUMFERENCES^-1 | TO^-1 | THE^-1	best LLR -3.54; testable
member	letters A-Z	CIRCUMFERENCES^-1 | WE^-1 | THE^-1	best LLR -8.89; testable
member	letters A-Z	CIRCUMFERENCES^-1 | MUST^-1 | THE^-1	best LLR -6.82; testable
member	letters A-Z	CIRCUMFERENCES^-1 | SHED^-1 | THE^-1	best LLR -7.64; testable
member	letters A-Z	CIRCUMFERENCES^-1 | OUR | THE^-1	best LLR -8.22; testable
member	letters A-Z	CIRCUMFERENCES^-1 | CIRCUMFERENCES^-1 | THE^-1	best LLR -8.88; testable
member	letters A-Z	CIRCUMFERENCES^-1 | FIND | THE^-1	best LLR -8.11; testable
member	letters A-Z	CIRCUMFERENCES^-1 | WITHIN | THE^-1	best LLR -8.76; testable
member	letters A-Z	CIRCUMFERENCES^-1 | AND | THE^-1	best LLR -8.53; testable
member	letters A-Z	CIRCUMFERENCES^-1 | AND^-1 | THE^-1	best LLR -6.81; testable
member	letters A-Z	CIRCUMFERENCES^-1 | EMERGE | THE^-1	best LLR -9.87; testable
member	letters A-Z	CIRCUMFERENCES^-1 | PRIMUS^-1 | THE^-1	best LLR -9.25; testable
member	letters A-Z	CIRCUMFERENCES^-1 | TOTIENT | THE^-1	best LLR -7.13; testable
member	letters A-Z	CIRCUMFERENCES^-1 | TOTIENT^-1 | THE^-1	best LLR -9.62; testable
member	letters A-Z	CIRCUMFERENCES^-1 | id | INSTAR	best LLR -6.12; testable
member	letters A-Z	CIRCUMFERENCES^-1 | DIVINITY | INSTAR	best LLR -6.78; testable
member	letters A-Z	CIRCUMFERENCES^-1 | FIRFUMFERENFE | INSTAR	best LLR -9.49; testable
member	letters A-Z	CIRCUMFERENCES^-1 | KNOWTHIS | INSTAR	best LLR -9.32; testable
member	letters A-Z	CIRCUMFERENCES^-1 | AKOAN | INSTAR	best LLR -7.27; testable
member	letters A-Z	CIRCUMFERENCES^-1 | ANEND^-1 | INSTAR	best LLR -8.20; testable
member	letters A-Z	CIRCUMFERENCES^-1 | LIKE | INSTAR	best LLR -7.86; testable
member	letters A-Z	CIRCUMFERENCES^-1 | THE | INSTAR	best LLR -6.88; testable
member	letters A-Z	CIRCUMFERENCES^-1 | THE^-1 | INSTAR	best LLR -4.74; testable
member	letters A-Z	CIRCUMFERENCES^-1 | INSTAR^-1 | INSTAR	best LLR -9.39; testable
member	letters A-Z	CIRCUMFERENCES^-1 | TUNNELING^-1 | INSTAR	best LLR -6.90; testable
member	letters A-Z	CIRCUMFERENCES^-1 | TO | INSTAR	best LLR -6.78; testable
member	letters A-Z	CIRCUMFERENCES^-1 | TO^-1 | INSTAR	best LLR -3.54; testable
member	letters A-Z	CIRCUMFERENCES^-1 | WE^-1 | INSTAR	best LLR -8.89; testable
member	letters A-Z	CIRCUMFERENCES^-1 | MUST^-1 | INSTAR	best LLR -6.82; testable
member	letters A-Z	CIRCUMFERENCES^-1 | SHED^-1 | INSTAR	best LLR -7.64; testable
member	letters A-Z	CIRCUMFERENCES^-1 | OUR | INSTAR	best LLR -8.22; testable
member	letters A-Z	CIRCUMFERENCES^-1 | CIRCUMFERENCES^-1 | INSTAR	best LLR -8.88; testable
member	letters A-Z	CIRCUMFERENCES^-1 | FIND | INSTAR	best LLR -8.11; testable
member	letters A-Z	CIRCUMFERENCES^-1 | WITHIN | INSTAR	best LLR -8.76; testable
member	letters A-Z	CIRCUMFERENCES^-1 | AND | INSTAR	best LLR -8.53; testable
member	letters A-Z	CIRCUMFERENCES^-1 | AND^-1 | INSTAR	best LLR -6.81; testable
member	letters A-Z	CIRCUMFERENCES^-1 | EMERGE | INSTAR	best LLR -9.87; testable
member	letters A-Z	CIRCUMFERENCES^-1 | PRIMUS^-1 | INSTAR	best LLR -9.25; testable
member	letters A-Z	CIRCUMFERENCES^-1 | TOTIENT | INSTAR	best LLR -7.13; testable
member	letters A-Z	CIRCUMFERENCES^-1 | TOTIENT^-1 | INSTAR	best LLR -9.62; testable
member	letters A-Z	CIRCUMFERENCES^-1 | id | INSTAR^-1	best LLR -6.12; testable
member	letters A-Z	CIRCUMFERENCES^-1 | DIVINITY | INSTAR^-1	best LLR -6.78; testable
member	letters A-Z	CIRCUMFERENCES^-1 | FIRFUMFERENFE | INSTAR^-1	best LLR -9.49; testable
member	letters A-Z	CIRCUMFERENCES^-1 | KNOWTHIS | INSTAR^-1	best LLR -9.32; testable
member	letters A-Z	CIRCUMFERENCES^-1 | AKOAN | INSTAR^-1	best LLR -7.27; testable
member	letters A-Z	CIRCUMFERENCES^-1 | ANEND^-1 | INSTAR^-1	best LLR -8.20; testable
member	letters A-Z	CIRCUMFERENCES^-1 | LIKE | INSTAR^-1	best LLR -7.86; testable
member	letters A-Z	CIRCUMFERENCES^-1 | THE | INSTAR^-1	best LLR -6.88; testable
member	letters A-Z	CIRCUMFERENCES^-1 | THE^-1 | INSTAR^-1	best LLR -4.74; testable
member	letters A-Z	CIRCUMFERENCES^-1 | INSTAR^-1 | INSTAR^-1	best LLR -9.39; testable
member	letters A-Z	CIRCUMFERENCES^-1 | TUNNELING^-1 | INSTAR^-1	best LLR -6.90; testable
member	letters A-Z	CIRCUMFERENCES^-1 | TO | INSTAR^-1	best LLR -6.78; testable
member	letters A-Z	CIRCUMFERENCES^-1 | TO^-1 | INSTAR^-1	best LLR -3.54; testable
member	letters A-Z	CIRCUMFERENCES^-1 | WE^-1 | INSTAR^-1	best LLR -8.89; testable
member	letters A-Z	CIRCUMFERENCES^-1 | MUST^-1 | INSTAR^-1	best LLR -6.82; testable
member	letters A-Z	CIRCUMFERENCES^-1 | SHED^-1 | INSTAR^-1	best LLR -7.64; testable
member	letters A-Z	CIRCUMFERENCES^-1 | OUR | INSTAR^-1	best LLR -8.22; testable
member	letters A-Z	CIRCUMFERENCES^-1 | CIRCUMFERENCES^-1 | INSTAR^-1	best LLR -8.88; testable
member	letters A-Z	CIRCUMFERENCES^-1 | FIND | INSTAR^-1	best LLR -8.11; testable
member	letters A-Z	CIRCUMFERENCES^-1 | WITHIN | INSTAR^-1	best LLR -8.76; testable
member	letters A-Z	CIRCUMFERENCES^-1 | AND | INSTAR^-1	best LLR -8.53; testable
member	letters A-Z	CIRCUMFERENCES^-1 | AND^-1 | INSTAR^-1	best LLR -6.81; testable
member	letters A-Z	CIRCUMFERENCES^-1 | EMERGE | INSTAR^-1	best LLR -9.87; testable
member	letters A-Z	CIRCUMFERENCES^-1 | PRIMUS^-1 | INSTAR^-1	best LLR -9.25; testable
member	letters A-Z	CIRCUMFERENCES^-1 | TOTIENT | INSTAR^-1	best LLR -7.13; testable
member	letters A-Z	CIRCUMFERENCES^-1 | TOTIENT^-1 | INSTAR^-1	best LLR -9.62; testable
member	letters A-Z	CIRCUMFERENCES^-1 | id | TUNNELING	best LLR -6.12; testable
member	letters A-Z	CIRCUMFERENCES^-1 | DIVINITY | TUNNELING	best LLR -6.78; testable
member	letters A-Z	CIRCUMFERENCES^-1 | FIRFUMFERENFE | TUNNELING	best LLR -9.49; testable
member	letters A-Z	CIRCUMFERENCES^-1 | KNOWTHIS | TUNNELING	best LLR -9.32; testable
member	letters A-Z	CIRCUMFERENCES^-1 | AKOAN | TUNNELING	best LLR -7.27; testable
member	letters A-Z	CIRCUMFERENCES^-1 | ANEND^-1 | TUNNELING	best LLR -8.20; testable
member	letters A-Z	CIRCUMFERENCES^-1 | LIKE | TUNNELING	best LLR -7.86; testable
member	letters A-Z	CIRCUMFERENCES^-1 | THE | TUNNELING	best LLR -6.88; testable
member	letters A-Z	CIRCUMFERENCES^-1 | THE^-1 | TUNNELING	best LLR -4.74; testable
member	letters A-Z	CIRCUMFERENCES^-1 | INSTAR^-1 | TUNNELING	best LLR -9.39; testable
member	letters A-Z	CIRCUMFERENCES^-1 | TUNNELING^-1 | TUNNELING	best LLR -6.90; testable
member	letters A-Z	CIRCUMFERENCES^-1 | TO | TUNNELING	best LLR -6.78; testable
member	letters A-Z	CIRCUMFERENCES^-1 | TO^-1 | TUNNELING	best LLR -3.54; testable
member	letters A-Z	CIRCUMFERENCES^-1 | WE^-1 | TUNNELING	best LLR -8.89; testable
member	letters A-Z	CIRCUMFERENCES^-1 | MUST^-1 | TUNNELING	best LLR -6.82; testable
member	letters A-Z	CIRCUMFERENCES^-1 | SHED^-1 | TUNNELING	best LLR -7.64; testable
member	letters A-Z	CIRCUMFERENCES^-1 | OUR | TUNNELING	best LLR -8.22; testable
member	letters A-Z	CIRCUMFERENCES^-1 | CIRCUMFERENCES^-1 | TUNNELING	best LLR -8.88; testable
member	letters A-Z	CIRCUMFERENCES^-1 | FIND | TUNNELING	best LLR -8.11; testable
member	letters A-Z	CIRCUMFERENCES^-1 | WITHIN | TUNNELING	best LLR -8.76; testable
member	letters A-Z	CIRCUMFERENCES^-1 | AND | TUNNELING	best LLR -8.53; testable
member	letters A-Z	CIRCUMFERENCES^-1 | AND^-1 | TUNNELING	best LLR -6.81; testable
member	letters A-Z	CIRCUMFERENCES^-1 | EMERGE | TUNNELING	best LLR -9.87; testable
member	letters A-Z	CIRCUMFERENCES^-1 | PRIMUS^-1 | TUNNELING	best LLR -9.25; testable
member	letters A-Z	CIRCUMFERENCES^-1 | TOTIENT | TUNNELING	best LLR -7.13; testable
member	letters A-Z	CIRCUMFERENCES^-1 | TOTIENT^-1 | TUNNELING	best LLR -9.62; testable
member	letters A-Z	CIRCUMFERENCES^-1 | id | TUNNELING^-1	best LLR -6.12; testable
member	letters A-Z	CIRCUMFERENCES^-1 | DIVINITY | TUNNELING^-1	best LLR -6.78; testable
member	letters A-Z	CIRCUMFERENCES^-1 | FIRFUMFERENFE | TUNNELING^-1	best LLR -9.49; testable
member	letters A-Z	CIRCUMFERENCES^-1 | KNOWTHIS | TUNNELING^-1	best LLR -9.32; testable
member	letters A-Z	CIRCUMFERENCES^-1 | AKOAN | TUNNELING^-1	best LLR -7.27; testable
member	letters A-Z	CIRCUMFERENCES^-1 | ANEND^-1 | TUNNELING^-1	best LLR -8.20; testable
member	letters A-Z	CIRCUMFERENCES^-1 | LIKE | TUNNELING^-1	best LLR -7.86; testable
member	letters A-Z	CIRCUMFERENCES^-1 | THE | TUNNELING^-1	best LLR -6.88; testable
member	letters A-Z	CIRCUMFERENCES^-1 | THE^-1 | TUNNELING^-1	best LLR -4.74; testable
member	letters A-Z	CIRCUMFERENCES^-1 | INSTAR^-1 | TUNNELING^-1	best LLR -9.39; testable
member	letters A-Z	CIRCUMFERENCES^-1 | TUNNELING^-1 | TUNNELING^-1	best LLR -6.90; testable
member	letters A-Z	CIRCUMFERENCES^-1 | TO | TUNNELING^-1	best LLR -6.78; testable
member	letters A-Z	CIRCUMFERENCES^-1 | TO^-1 | TUNNELING^-1	best LLR -3.54; testable
member	letters A-Z	CIRCUMFERENCES^-1 | WE^-1 | TUNNELING^-1	best LLR -8.89; testable
member	letters A-Z	CIRCUMFERENCES^-1 | MUST^-1 | TUNNELING^-1	best LLR -6.82; testable
member	letters A-Z	CIRCUMFERENCES^-1 | SHED^-1 | TUNNELING^-1	best LLR -7.64; testable
member	letters A-Z	CIRCUMFERENCES^-1 | OUR | TUNNELING^-1	best LLR -8.22; testable
member	letters A-Z	CIRCUMFERENCES^-1 | CIRCUMFERENCES^-1 | TUNNELING^-1	best LLR -8.88; testable
member	letters A-Z	CIRCUMFERENCES^-1 | FIND | TUNNELING^-1	best LLR -8.11; testable
member	letters A-Z	CIRCUMFERENCES^-1 | WITHIN | TUNNELING^-1	best LLR -8.76; testable
member	letters A-Z	CIRCUMFERENCES^-1 | AND | TUNNELING^-1	best LLR -8.53; testable
member	letters A-Z	CIRCUMFERENCES^-1 | AND^-1 | TUNNELING^-1	best LLR -6.81; testable
member	letters A-Z	CIRCUMFERENCES^-1 | EMERGE | TUNNELING^-1	best LLR -9.87; testable
member	letters A-Z	CIRCUMFERENCES^-1 | PRIMUS^-1 | TUNNELING^-1	best LLR -9.25; testable
member	letters A-Z	CIRCUMFERENCES^-1 | TOTIENT | TUNNELING^-1	best LLR -7.13; testable
member	letters A-Z	CIRCUMFERENCES^-1 | TOTIENT^-1 | TUNNELING^-1	best LLR -9.62; testable
member	letters A-Z	CIRCUMFERENCES^-1 | id | TO	best LLR -6.12; testable
member	letters A-Z	CIRCUMFERENCES^-1 | DIVINITY | TO	best LLR -6.78; testable
member	letters A-Z	CIRCUMFERENCES^-1 | FIRFUMFERENFE | TO	best LLR -9.49; testable
member	letters A-Z	CIRCUMFERENCES^-1 | KNOWTHIS | TO	best LLR -9.32; testable
member	letters A-Z	CIRCUMFERENCES^-1 | AKOAN | TO	best LLR -7.27; testable
member	letters A-Z	CIRCUMFERENCES^-1 | ANEND^-1 | TO	best LLR -8.20; testable
member	letters A-Z	CIRCUMFERENCES^-1 | LIKE | TO	best LLR -7.86; testable
member	letters A-Z	CIRCUMFERENCES^-1 | THE | TO	best LLR -6.88; testable
member	letters A-Z	CIRCUMFERENCES^-1 | THE^-1 | TO	best LLR -4.74; testable
member	letters A-Z	CIRCUMFERENCES^-1 | INSTAR^-1 | TO	best LLR -9.39; testable
member	letters A-Z	CIRCUMFERENCES^-1 | TUNNELING^-1 | TO	best LLR -6.90; testable
member	letters A-Z	CIRCUMFERENCES^-1 | TO | TO	best LLR -6.78; testable
member	letters A-Z	CIRCUMFERENCES^-1 | TO^-1 | TO	best LLR -3.54; testable
member	letters A-Z	CIRCUMFERENCES^-1 | WE^-1 | TO	best LLR -8.89; testable
member	letters A-Z	CIRCUMFERENCES^-1 | MUST^-1 | TO	best LLR -6.82; testable
member	letters A-Z	CIRCUMFERENCES^-1 | SHED^-1 | TO	best LLR -7.64; testable
member	letters A-Z	CIRCUMFERENCES^-1 | OUR | TO	best LLR -8.22; testable
member	letters A-Z	CIRCUMFERENCES^-1 | CIRCUMFERENCES^-1 | TO	best LLR -8.88; testable
member	letters A-Z	CIRCUMFERENCES^-1 | FIND | TO	best LLR -8.11; testable
member	letters A-Z	CIRCUMFERENCES^-1 | WITHIN | TO	best LLR -8.76; testable
member	letters A-Z	CIRCUMFERENCES^-1 | AND | TO	best LLR -8.53; testable
member	letters A-Z	CIRCUMFERENCES^-1 | AND^-1 | TO	best LLR -6.81; testable
member	letters A-Z	CIRCUMFERENCES^-1 | EMERGE | TO	best LLR -9.87; testable
member	letters A-Z	CIRCUMFERENCES^-1 | PRIMUS^-1 | TO	best LLR -9.25; testable
member	letters A-Z	CIRCUMFERENCES^-1 | TOTIENT | TO	best LLR -7.13; testable
member	letters A-Z	CIRCUMFERENCES^-1 | TOTIENT^-1 | TO	best LLR -9.62; testable
member	letters A-Z	CIRCUMFERENCES^-1 | id | TO^-1	best LLR -6.12; testable
member	letters A-Z	CIRCUMFERENCES^-1 | DIVINITY | TO^-1	best LLR -6.78; testable
member	letters A-Z	CIRCUMFERENCES^-1 | FIRFUMFERENFE | TO^-1	best LLR -9.49; testable
member	letters A-Z	CIRCUMFERENCES^-1 | KNOWTHIS | TO^-1	best LLR -9.32; testable
member	letters A-Z	CIRCUMFERENCES^-1 | AKOAN | TO^-1	best LLR -7.27; testable
member	letters A-Z	CIRCUMFERENCES^-1 | ANEND^-1 | TO^-1	best LLR -8.20; testable
member	letters A-Z	CIRCUMFERENCES^-1 | LIKE | TO^-1	best LLR -7.86; testable
member	letters A-Z	CIRCUMFERENCES^-1 | THE | TO^-1	best LLR -6.88; testable
member	letters A-Z	CIRCUMFERENCES^-1 | THE^-1 | TO^-1	best LLR -4.74; testable
member	letters A-Z	CIRCUMFERENCES^-1 | INSTAR^-1 | TO^-1	best LLR -9.39; testable
member	letters A-Z	CIRCUMFERENCES^-1 | TUNNELING^-1 | TO^-1	best LLR -6.90; testable
member	letters A-Z	CIRCUMFERENCES^-1 | TO | TO^-1	best LLR -6.78; testable
member	letters A-Z	CIRCUMFERENCES^-1 | TO^-1 | TO^-1	best LLR -3.54; testable
member	letters A-Z	CIRCUMFERENCES^-1 | WE^-1 | TO^-1	best LLR -8.89; testable
member	letters A-Z	CIRCUMFERENCES^-1 | MUST^-1 | TO^-1	best LLR -6.82; testable
member	letters A-Z	CIRCUMFERENCES^-1 | SHED^-1 | TO^-1	best LLR -7.64; testable
member	letters A-Z	CIRCUMFERENCES^-1 | OUR | TO^-1	best LLR -8.22; testable
member	letters A-Z	CIRCUMFERENCES^-1 | CIRCUMFERENCES^-1 | TO^-1	best LLR -8.88; testable
member	letters A-Z	CIRCUMFERENCES^-1 | FIND | TO^-1	best LLR -8.11; testable
member	letters A-Z	CIRCUMFERENCES^-1 | WITHIN | TO^-1	best LLR -8.76; testable
member	letters A-Z	CIRCUMFERENCES^-1 | AND | TO^-1	best LLR -8.53; testable
member	letters A-Z	CIRCUMFERENCES^-1 | AND^-1 | TO^-1	best LLR -6.81; testable
member	letters A-Z	CIRCUMFERENCES^-1 | EMERGE | TO^-1	best LLR -9.87; testable
member	letters A-Z	CIRCUMFERENCES^-1 | PRIMUS^-1 | TO^-1	best LLR -9.25; testable
member	letters A-Z	CIRCUMFERENCES^-1 | TOTIENT | TO^-1	best LLR -7.13; testable
member	letters A-Z	CIRCUMFERENCES^-1 | TOTIENT^-1 | TO^-1	best LLR -9.62; testable
member	letters A-Z	CIRCUMFERENCES^-1 | id | SURFACE	best LLR -6.12; testable
member	letters A-Z	CIRCUMFERENCES^-1 | DIVINITY | SURFACE	best LLR -6.78; testable
member	letters A-Z	CIRCUMFERENCES^-1 | FIRFUMFERENFE | SURFACE	best LLR -9.49; testable
member	letters A-Z	CIRCUMFERENCES^-1 | KNOWTHIS | SURFACE	best LLR -9.32; testable
member	letters A-Z	CIRCUMFERENCES^-1 | AKOAN | SURFACE	best LLR -7.27; testable
member	letters A-Z	CIRCUMFERENCES^-1 | ANEND^-1 | SURFACE	best LLR -8.20; testable
member	letters A-Z	CIRCUMFERENCES^-1 | LIKE | SURFACE	best LLR -7.86; testable
member	letters A-Z	CIRCUMFERENCES^-1 | THE | SURFACE	best LLR -6.88; testable
member	letters A-Z	CIRCUMFERENCES^-1 | THE^-1 | SURFACE	best LLR -4.74; testable
member	letters A-Z	CIRCUMFERENCES^-1 | INSTAR^-1 | SURFACE	best LLR -9.39; testable
member	letters A-Z	CIRCUMFERENCES^-1 | TUNNELING^-1 | SURFACE	best LLR -6.90; testable
member	letters A-Z	CIRCUMFERENCES^-1 | TO | SURFACE	best LLR -6.78; testable
member	letters A-Z	CIRCUMFERENCES^-1 | TO^-1 | SURFACE	best LLR -3.54; testable
member	letters A-Z	CIRCUMFERENCES^-1 | WE^-1 | SURFACE	best LLR -8.89; testable
member	letters A-Z	CIRCUMFERENCES^-1 | MUST^-1 | SURFACE	best LLR -6.82; testable
member	letters A-Z	CIRCUMFERENCES^-1 | SHED^-1 | SURFACE	best LLR -7.64; testable
member	letters A-Z	CIRCUMFERENCES^-1 | OUR | SURFACE	best LLR -8.22; testable
member	letters A-Z	CIRCUMFERENCES^-1 | CIRCUMFERENCES^-1 | SURFACE	best LLR -8.88; testable
member	letters A-Z	CIRCUMFERENCES^-1 | FIND | SURFACE	best LLR -8.11; testable
member	letters A-Z	CIRCUMFERENCES^-1 | WITHIN | SURFACE	best LLR -8.76; testable
member	letters A-Z	CIRCUMFERENCES^-1 | AND | SURFACE	best LLR -8.53; testable
member	letters A-Z	CIRCUMFERENCES^-1 | AND^-1 | SURFACE	best LLR -6.81; testable
member	letters A-Z	CIRCUMFERENCES^-1 | EMERGE | SURFACE	best LLR -9.87; testable
member	letters A-Z	CIRCUMFERENCES^-1 | PRIMUS^-1 | SURFACE	best LLR -9.25; testable
member	letters A-Z	CIRCUMFERENCES^-1 | TOTIENT | SURFACE	best LLR -7.13; testable
member	letters A-Z	CIRCUMFERENCES^-1 | TOTIENT^-1 | SURFACE	best LLR -9.62; testable
member	letters A-Z	CIRCUMFERENCES^-1 | id | SURFACE^-1	best LLR -6.12; testable
member	letters A-Z	CIRCUMFERENCES^-1 | DIVINITY | SURFACE^-1	best LLR -6.78; testable
member	letters A-Z	CIRCUMFERENCES^-1 | FIRFUMFERENFE | SURFACE^-1	best LLR -9.49; testable
member	letters A-Z	CIRCUMFERENCES^-1 | KNOWTHIS | SURFACE^-1	best LLR -9.32; testable
member	letters A-Z	CIRCUMFERENCES^-1 | AKOAN | SURFACE^-1	best LLR -7.27; testable
member	letters A-Z	CIRCUMFERENCES^-1 | ANEND^-1 | SURFACE^-1	best LLR -8.20; testable
member	letters A-Z	CIRCUMFERENCES^-1 | LIKE | SURFACE^-1	best LLR -7.86; testable
member	letters A-Z	CIRCUMFERENCES^-1 | THE | SURFACE^-1	best LLR -6.88; testable
member	letters A-Z	CIRCUMFERENCES^-1 | THE^-1 | SURFACE^-1	best LLR -4.74; testable
member	letters A-Z	CIRCUMFERENCES^-1 | INSTAR^-1 | SURFACE^-1	best LLR -9.39; testable
member	letters A-Z	CIRCUMFERENCES^-1 | TUNNELING^-1 | SURFACE^-1	best LLR -6.90; testable
member	letters A-Z	CIRCUMFERENCES^-1 | TO | SURFACE^-1	best LLR -6.78; testable
member	letters A-Z	CIRCUMFERENCES^-1 | TO^-1 | SURFACE^-1	best LLR -3.54; testable
member	letters A-Z	CIRCUMFERENCES^-1 | WE^-1 | SURFACE^-1	best LLR -8.89; testable
member	letters A-Z	CIRCUMFERENCES^-1 | MUST^-1 | SURFACE^-1	best LLR -6.82; testable
member	letters A-Z	CIRCUMFERENCES^-1 | SHED^-1 | SURFACE^-1	best LLR -7.64; testable
member	letters A-Z	CIRCUMFERENCES^-1 | OUR | SURFACE^-1	best LLR -8.22; testable
member	letters A-Z	CIRCUMFERENCES^-1 | CIRCUMFERENCES^-1 | SURFACE^-1	best LLR -8.88; testable
member	letters A-Z	CIRCUMFERENCES^-1 | FIND | SURFACE^-1	best LLR -8.11; testable
member	letters A-Z	CIRCUMFERENCES^-1 | WITHIN | SURFACE^-1	best LLR -8.76; testable
member	letters A-Z	CIRCUMFERENCES^-1 | AND | SURFACE^-1	best LLR -8.53; testable
member	letters A-Z	CIRCUMFERENCES^-1 | AND^-1 | SURFACE^-1	best LLR -6.81; testable
member	letters A-Z	CIRCUMFERENCES^-1 | EMERGE | SURFACE^-1	best LLR -9.87; testable
member	letters A-Z	CIRCUMFERENCES^-1 | PRIMUS^-1 | SURFACE^-1	best LLR -9.25; testable
member	letters A-Z	CIRCUMFERENCES^-1 | TOTIENT | SURFACE^-1	best LLR -7.13; testable
member	letters A-Z	CIRCUMFERENCES^-1 | TOTIENT^-1 | SURFACE^-1	best LLR -9.62; testable
member	letters A-Z	CIRCUMFERENCES^-1 | id | WE	best LLR -6.12; testable
member	letters A-Z	CIRCUMFERENCES^-1 | DIVINITY | WE	best LLR -6.78; testable
member	letters A-Z	CIRCUMFERENCES^-1 | FIRFUMFERENFE | WE	best LLR -9.49; testable
member	letters A-Z	CIRCUMFERENCES^-1 | KNOWTHIS | WE	best LLR -9.32; testable
member	letters A-Z	CIRCUMFERENCES^-1 | AKOAN | WE	best LLR -7.27; testable
member	letters A-Z	CIRCUMFERENCES^-1 | ANEND^-1 | WE	best LLR -8.20; testable
member	letters A-Z	CIRCUMFERENCES^-1 | LIKE | WE	best LLR -7.86; testable
member	letters A-Z	CIRCUMFERENCES^-1 | THE | WE	best LLR -6.88; testable
member	letters A-Z	CIRCUMFERENCES^-1 | THE^-1 | WE	best LLR -4.74; testable
member	letters A-Z	CIRCUMFERENCES^-1 | INSTAR^-1 | WE	best LLR -9.39; testable
member	letters A-Z	CIRCUMFERENCES^-1 | TUNNELING^-1 | WE	best LLR -6.90; testable
member	letters A-Z	CIRCUMFERENCES^-1 | TO | WE	best LLR -6.78; testable
member	letters A-Z	CIRCUMFERENCES^-1 | TO^-1 | WE	best LLR -3.54; testable
member	letters A-Z	CIRCUMFERENCES^-1 | WE^-1 | WE	best LLR -8.89; testable
member	letters A-Z	CIRCUMFERENCES^-1 | MUST^-1 | WE	best LLR -6.82; testable
member	letters A-Z	CIRCUMFERENCES^-1 | SHED^-1 | WE	best LLR -7.64; testable
member	letters A-Z	CIRCUMFERENCES^-1 | OUR | WE	best LLR -8.22; testable
member	letters A-Z	CIRCUMFERENCES^-1 | CIRCUMFERENCES^-1 | WE	best LLR -8.88; testable
member	letters A-Z	CIRCUMFERENCES^-1 | FIND | WE	best LLR -8.11; testable
member	letters A-Z	CIRCUMFERENCES^-1 | WITHIN | WE	best LLR -8.76; testable
member	letters A-Z	CIRCUMFERENCES^-1 | AND | WE	best LLR -8.53; testable
member	letters A-Z	CIRCUMFERENCES^-1 | AND^-1 | WE	best LLR -6.81; testable
member	letters A-Z	CIRCUMFERENCES^-1 | EMERGE | WE	best LLR -9.87; testable
member	letters A-Z	CIRCUMFERENCES^-1 | PRIMUS^-1 | WE	best LLR -9.25; testable
member	letters A-Z	CIRCUMFERENCES^-1 | TOTIENT | WE	best LLR -7.13; testable
member	letters A-Z	CIRCUMFERENCES^-1 | TOTIENT^-1 | WE	best LLR -9.62; testable
member	letters A-Z	CIRCUMFERENCES^-1 | id | WE^-1	best LLR -6.12; testable
member	letters A-Z	CIRCUMFERENCES^-1 | DIVINITY | WE^-1	best LLR -6.78; testable
member	letters A-Z	CIRCUMFERENCES^-1 | FIRFUMFERENFE | WE^-1	best LLR -9.49; testable
member	letters A-Z	CIRCUMFERENCES^-1 | KNOWTHIS | WE^-1	best LLR -9.32; testable
member	letters A-Z	CIRCUMFERENCES^-1 | AKOAN | WE^-1	best LLR -7.27; testable
member	letters A-Z	CIRCUMFERENCES^-1 | ANEND^-1 | WE^-1	best LLR -8.20; testable
member	letters A-Z	CIRCUMFERENCES^-1 | LIKE | WE^-1	best LLR -7.86; testable
member	letters A-Z	CIRCUMFERENCES^-1 | THE | WE^-1	best LLR -6.88; testable
member	letters A-Z	CIRCUMFERENCES^-1 | THE^-1 | WE^-1	best LLR -4.74; testable
member	letters A-Z	CIRCUMFERENCES^-1 | INSTAR^-1 | WE^-1	best LLR -9.39; testable
member	letters A-Z	CIRCUMFERENCES^-1 | TUNNELING^-1 | WE^-1	best LLR -6.90; testable
member	letters A-Z	CIRCUMFERENCES^-1 | TO | WE^-1	best LLR -6.78; testable
member	letters A-Z	CIRCUMFERENCES^-1 | TO^-1 | WE^-1	best LLR -3.54; testable
member	letters A-Z	CIRCUMFERENCES^-1 | WE^-1 | WE^-1	best LLR -8.89; testable
member	letters A-Z	CIRCUMFERENCES^-1 | MUST^-1 | WE^-1	best LLR -6.82; testable
member	letters A-Z	CIRCUMFERENCES^-1 | SHED^-1 | WE^-1	best LLR -7.64; testable
member	letters A-Z	CIRCUMFERENCES^-1 | OUR | WE^-1	best LLR -8.22; testable
member	letters A-Z	CIRCUMFERENCES^-1 | CIRCUMFERENCES^-1 | WE^-1	best LLR -8.88; testable
member	letters A-Z	CIRCUMFERENCES^-1 | FIND | WE^-1	best LLR -8.11; testable
member	letters A-Z	CIRCUMFERENCES^-1 | WITHIN | WE^-1	best LLR -8.76; testable
member	letters A-Z	CIRCUMFERENCES^-1 | AND | WE^-1	best LLR -8.53; testable
member	letters A-Z	CIRCUMFERENCES^-1 | AND^-1 | WE^-1	best LLR -6.81; testable
member	letters A-Z	CIRCUMFERENCES^-1 | EMERGE | WE^-1	best LLR -9.87; testable
member	letters A-Z	CIRCUMFERENCES^-1 | PRIMUS^-1 | WE^-1	best LLR -9.25; testable
member	letters A-Z	CIRCUMFERENCES^-1 | TOTIENT | WE^-1	best LLR -7.13; testable
member	letters A-Z	CIRCUMFERENCES^-1 | TOTIENT^-1 | WE^-1	best LLR -9.62; testable
member	letters A-Z	CIRCUMFERENCES^-1 | id | MUST	best LLR -6.12; testable
member	letters A-Z	CIRCUMFERENCES^-1 | DIVINITY | MUST	best LLR -6.78; testable
member	letters A-Z	CIRCUMFERENCES^-1 | FIRFUMFERENFE | MUST	best LLR -9.49; testable
member	letters A-Z	CIRCUMFERENCES^-1 | KNOWTHIS | MUST	best LLR -9.32; testable
member	letters A-Z	CIRCUMFERENCES^-1 | AKOAN | MUST	best LLR -7.27; testable
member	letters A-Z	CIRCUMFERENCES^-1 | ANEND^-1 | MUST	best LLR -8.20; testable
member	letters A-Z	CIRCUMFERENCES^-1 | LIKE | MUST	best LLR -7.86; testable
member	letters A-Z	CIRCUMFERENCES^-1 | THE | MUST	best LLR -6.88; testable
member	letters A-Z	CIRCUMFERENCES^-1 | THE^-1 | MUST	best LLR -4.74; testable
member	letters A-Z	CIRCUMFERENCES^-1 | INSTAR^-1 | MUST	best LLR -9.39; testable
member	letters A-Z	CIRCUMFERENCES^-1 | TUNNELING^-1 | MUST	best LLR -6.90; testable
member	letters A-Z	CIRCUMFERENCES^-1 | TO | MUST	best LLR -6.78; testable
member	letters A-Z	CIRCUMFERENCES^-1 | TO^-1 | MUST	best LLR -3.54; testable
member	letters A-Z	CIRCUMFERENCES^-1 | WE^-1 | MUST	best LLR -8.89; testable
member	letters A-Z	CIRCUMFERENCES^-1 | MUST^-1 | MUST	best LLR -6.82; testable
member	letters A-Z	CIRCUMFERENCES^-1 | SHED^-1 | MUST	best LLR -7.64; testable
member	letters A-Z	CIRCUMFERENCES^-1 | OUR | MUST	best LLR -8.22; testable
member	letters A-Z	CIRCUMFERENCES^-1 | CIRCUMFERENCES^-1 | MUST	best LLR -8.88; testable
member	letters A-Z	CIRCUMFERENCES^-1 | FIND | MUST	best LLR -8.11; testable
member	letters A-Z	CIRCUMFERENCES^-1 | WITHIN | MUST	best LLR -8.76; testable
member	letters A-Z	CIRCUMFERENCES^-1 | AND | MUST	best LLR -8.53; testable
member	letters A-Z	CIRCUMFERENCES^-1 | AND^-1 | MUST	best LLR -6.81; testable
member	letters A-Z	CIRCUMFERENCES^-1 | EMERGE | MUST	best LLR -9.87; testable
member	letters A-Z	CIRCUMFERENCES^-1 | PRIMUS^-1 | MUST	best LLR -9.25; testable
member	letters A-Z	CIRCUMFERENCES^-1 | TOTIENT | MUST	best LLR -7.13; testable
member	letters A-Z	CIRCUMFERENCES^-1 | TOTIENT^-1 | MUST	best LLR -9.62; testable
member	letters A-Z	CIRCUMFERENCES^-1 | id | MUST^-1	best LLR -6.12; testable
member	letters A-Z	CIRCUMFERENCES^-1 | DIVINITY | MUST^-1	best LLR -6.78; testable
member	letters A-Z	CIRCUMFERENCES^-1 | FIRFUMFERENFE | MUST^-1	best LLR -9.49; testable
member	letters A-Z	CIRCUMFERENCES^-1 | KNOWTHIS | MUST^-1	best LLR -9.32; testable
member	letters A-Z	CIRCUMFERENCES^-1 | AKOAN | MUST^-1	best LLR -7.27; testable
member	letters A-Z	CIRCUMFERENCES^-1 | ANEND^-1 | MUST^-1	best LLR -8.20; testable
member	letters A-Z	CIRCUMFERENCES^-1 | LIKE | MUST^-1	best LLR -7.86; testable
member	letters A-Z	CIRCUMFERENCES^-1 | THE | MUST^-1	best LLR -6.88; testable
member	letters A-Z	CIRCUMFERENCES^-1 | THE^-1 | MUST^-1	best LLR -4.74; testable
member	letters A-Z	CIRCUMFERENCES^-1 | INSTAR^-1 | MUST^-1	best LLR -9.39; testable
member	letters A-Z	CIRCUMFERENCES^-1 | TUNNELING^-1 | MUST^-1	best LLR -6.90; testable
member	letters A-Z	CIRCUMFERENCES^-1 | TO | MUST^-1	best LLR -6.78; testable
member	letters A-Z	CIRCUMFERENCES^-1 | TO^-1 | MUST^-1	best LLR -3.54; testable
member	letters A-Z	CIRCUMFERENCES^-1 | WE^-1 | MUST^-1	best LLR -8.89; testable
member	letters A-Z	CIRCUMFERENCES^-1 | MUST^-1 | MUST^-1	best LLR -6.82; testable
member	letters A-Z	CIRCUMFERENCES^-1 | SHED^-1 | MUST^-1	best LLR -7.64; testable
member	letters A-Z	CIRCUMFERENCES^-1 | OUR | MUST^-1	best LLR -8.22; testable
member	letters A-Z	CIRCUMFERENCES^-1 | CIRCUMFERENCES^-1 | MUST^-1	best LLR -8.88; testable
member	letters A-Z	CIRCUMFERENCES^-1 | FIND | MUST^-1	best LLR -8.11; testable
member	letters A-Z	CIRCUMFERENCES^-1 | WITHIN | MUST^-1	best LLR -8.76; testable
member	letters A-Z	CIRCUMFERENCES^-1 | AND | MUST^-1	best LLR -8.53; testable
member	letters A-Z	CIRCUMFERENCES^-1 | AND^-1 | MUST^-1	best LLR -6.81; testable
member	letters A-Z	CIRCUMFERENCES^-1 | EMERGE | MUST^-1	best LLR -9.87; testable
member	letters A-Z	CIRCUMFERENCES^-1 | PRIMUS^-1 | MUST^-1	best LLR -9.25; testable
member	letters A-Z	CIRCUMFERENCES^-1 | TOTIENT | MUST^-1	best LLR -7.13; testable
member	letters A-Z	CIRCUMFERENCES^-1 | TOTIENT^-1 | MUST^-1	best LLR -9.62; testable
member	letters A-Z	CIRCUMFERENCES^-1 | id | SHED	best LLR -6.12; testable
member	letters A-Z	CIRCUMFERENCES^-1 | DIVINITY | SHED	best LLR -6.78; testable
member	letters A-Z	CIRCUMFERENCES^-1 | FIRFUMFERENFE | SHED	best LLR -9.49; testable
member	letters A-Z	CIRCUMFERENCES^-1 | KNOWTHIS | SHED	best LLR -9.32; testable
member	letters A-Z	CIRCUMFERENCES^-1 | AKOAN | SHED	best LLR -7.27; testable
member	letters A-Z	CIRCUMFERENCES^-1 | ANEND^-1 | SHED	best LLR -8.20; testable
member	letters A-Z	CIRCUMFERENCES^-1 | LIKE | SHED	best LLR -7.86; testable
member	letters A-Z	CIRCUMFERENCES^-1 | THE | SHED	best LLR -6.88; testable
member	letters A-Z	CIRCUMFERENCES^-1 | THE^-1 | SHED	best LLR -4.74; testable
member	letters A-Z	CIRCUMFERENCES^-1 | INSTAR^-1 | SHED	best LLR -9.39; testable
member	letters A-Z	CIRCUMFERENCES^-1 | TUNNELING^-1 | SHED	best LLR -6.90; testable
member	letters A-Z	CIRCUMFERENCES^-1 | TO | SHED	best LLR -6.78; testable
member	letters A-Z	CIRCUMFERENCES^-1 | TO^-1 | SHED	best LLR -3.54; testable
member	letters A-Z	CIRCUMFERENCES^-1 | WE^-1 | SHED	best LLR -8.89; testable
member	letters A-Z	CIRCUMFERENCES^-1 | MUST^-1 | SHED	best LLR -6.82; testable
member	letters A-Z	CIRCUMFERENCES^-1 | SHED^-1 | SHED	best LLR -7.64; testable
member	letters A-Z	CIRCUMFERENCES^-1 | OUR | SHED	best LLR -8.22; testable
member	letters A-Z	CIRCUMFERENCES^-1 | CIRCUMFERENCES^-1 | SHED	best LLR -8.88; testable
member	letters A-Z	CIRCUMFERENCES^-1 | FIND | SHED	best LLR -8.11; testable
member	letters A-Z	CIRCUMFERENCES^-1 | WITHIN | SHED	best LLR -8.76; testable
member	letters A-Z	CIRCUMFERENCES^-1 | AND | SHED	best LLR -8.53; testable
member	letters A-Z	CIRCUMFERENCES^-1 | AND^-1 | SHED	best LLR -6.81; testable
member	letters A-Z	CIRCUMFERENCES^-1 | EMERGE | SHED	best LLR -9.87; testable
member	letters A-Z	CIRCUMFERENCES^-1 | PRIMUS^-1 | SHED	best LLR -9.25; testable
member	letters A-Z	CIRCUMFERENCES^-1 | TOTIENT | SHED	best LLR -7.13; testable
member	letters A-Z	CIRCUMFERENCES^-1 | TOTIENT^-1 | SHED	best LLR -9.62; testable
member	letters A-Z	CIRCUMFERENCES^-1 | id | SHED^-1	best LLR -6.12; testable
member	letters A-Z	CIRCUMFERENCES^-1 | DIVINITY | SHED^-1	best LLR -6.78; testable
member	letters A-Z	CIRCUMFERENCES^-1 | FIRFUMFERENFE | SHED^-1	best LLR -9.49; testable
member	letters A-Z	CIRCUMFERENCES^-1 | KNOWTHIS | SHED^-1	best LLR -9.32; testable
member	letters A-Z	CIRCUMFERENCES^-1 | AKOAN | SHED^-1	best LLR -7.27; testable
member	letters A-Z	CIRCUMFERENCES^-1 | ANEND^-1 | SHED^-1	best LLR -8.20; testable
member	letters A-Z	CIRCUMFERENCES^-1 | LIKE | SHED^-1	best LLR -7.86; testable
member	letters A-Z	CIRCUMFERENCES^-1 | THE | SHED^-1	best LLR -6.88; testable
member	letters A-Z	CIRCUMFERENCES^-1 | THE^-1 | SHED^-1	best LLR -4.74; testable
member	letters A-Z	CIRCUMFERENCES^-1 | INSTAR^-1 | SHED^-1	best LLR -9.39; testable
member	letters A-Z	CIRCUMFERENCES^-1 | TUNNELING^-1 | SHED^-1	best LLR -6.90; testable
member	letters A-Z	CIRCUMFERENCES^-1 | TO | SHED^-1	best LLR -6.78; testable
member	letters A-Z	CIRCUMFERENCES^-1 | TO^-1 | SHED^-1	best LLR -3.54; testable
member	letters A-Z	CIRCUMFERENCES^-1 | WE^-1 | SHED^-1	best LLR -8.89; testable
member	letters A-Z	CIRCUMFERENCES^-1 | MUST^-1 | SHED^-1	best LLR -6.82; testable
member	letters A-Z	CIRCUMFERENCES^-1 | SHED^-1 | SHED^-1	best LLR -7.64; testable
member	letters A-Z	CIRCUMFERENCES^-1 | OUR | SHED^-1	best LLR -8.22; testable
member	letters A-Z	CIRCUMFERENCES^-1 | CIRCUMFERENCES^-1 | SHED^-1	best LLR -8.88; testable
member	letters A-Z	CIRCUMFERENCES^-1 | FIND | SHED^-1	best LLR -8.11; testable
member	letters A-Z	CIRCUMFERENCES^-1 | WITHIN | SHED^-1	best LLR -8.76; testable
member	letters A-Z	CIRCUMFERENCES^-1 | AND | SHED^-1	best LLR -8.53; testable
member	letters A-Z	CIRCUMFERENCES^-1 | AND^-1 | SHED^-1	best LLR -6.81; testable
member	letters A-Z	CIRCUMFERENCES^-1 | EMERGE | SHED^-1	best LLR -9.87; testable
member	letters A-Z	CIRCUMFERENCES^-1 | PRIMUS^-1 | SHED^-1	best LLR -9.25; testable
member	letters A-Z	CIRCUMFERENCES^-1 | TOTIENT | SHED^-1	best LLR -7.13; testable
member	letters A-Z	CIRCUMFERENCES^-1 | TOTIENT^-1 | SHED^-1	best LLR -9.62; testable
member	letters A-Z	CIRCUMFERENCES^-1 | id | OUR	best LLR -6.12; testable
member	letters A-Z	CIRCUMFERENCES^-1 | DIVINITY | OUR	best LLR -6.78; testable
member	letters A-Z	CIRCUMFERENCES^-1 | FIRFUMFERENFE | OUR	best LLR -9.49; testable
member	letters A-Z	CIRCUMFERENCES^-1 | KNOWTHIS | OUR	best LLR -9.32; testable
member	letters A-Z	CIRCUMFERENCES^-1 | AKOAN | OUR	best LLR -7.27; testable
member	letters A-Z	CIRCUMFERENCES^-1 | ANEND^-1 | OUR	best LLR -8.20; testable
member	letters A-Z	CIRCUMFERENCES^-1 | LIKE | OUR	best LLR -7.86; testable
member	letters A-Z	CIRCUMFERENCES^-1 | THE | OUR	best LLR -6.88; testable
member	letters A-Z	CIRCUMFERENCES^-1 | THE^-1 | OUR	best LLR -4.74; testable
member	letters A-Z	CIRCUMFERENCES^-1 | INSTAR^-1 | OUR	best LLR -9.39; testable
member	letters A-Z	CIRCUMFERENCES^-1 | TUNNELING^-1 | OUR	best LLR -6.90; testable
member	letters A-Z	CIRCUMFERENCES^-1 | TO | OUR	best LLR -6.78; testable
member	letters A-Z	CIRCUMFERENCES^-1 | TO^-1 | OUR	best LLR -3.54; testable
member	letters A-Z	CIRCUMFERENCES^-1 | WE^-1 | OUR	best LLR -8.89; testable
member	letters A-Z	CIRCUMFERENCES^-1 | MUST^-1 | OUR	best LLR -6.82; testable
member	letters A-Z	CIRCUMFERENCES^-1 | SHED^-1 | OUR	best LLR -7.64; testable
member	letters A-Z	CIRCUMFERENCES^-1 | OUR | OUR	best LLR -8.22; testable
member	letters A-Z	CIRCUMFERENCES^-1 | CIRCUMFERENCES^-1 | OUR	best LLR -8.88; testable
member	letters A-Z	CIRCUMFERENCES^-1 | FIND | OUR	best LLR -8.11; testable
member	letters A-Z	CIRCUMFERENCES^-1 | WITHIN | OUR	best LLR -8.76; testable
member	letters A-Z	CIRCUMFERENCES^-1 | AND | OUR	best LLR -8.53; testable
member	letters A-Z	CIRCUMFERENCES^-1 | AND^-1 | OUR	best LLR -6.81; testable
member	letters A-Z	CIRCUMFERENCES^-1 | EMERGE | OUR	best LLR -9.87; testable
member	letters A-Z	CIRCUMFERENCES^-1 | PRIMUS^-1 | OUR	best LLR -9.25; testable
member	letters A-Z	CIRCUMFERENCES^-1 | TOTIENT | OUR	best LLR -7.13; testable
member	letters A-Z	CIRCUMFERENCES^-1 | TOTIENT^-1 | OUR	best LLR -9.62; testable
member	letters A-Z	CIRCUMFERENCES^-1 | id | OWN	best LLR -6.12; testable
member	letters A-Z	CIRCUMFERENCES^-1 | DIVINITY | OWN	best LLR -6.78; testable
member	letters A-Z	CIRCUMFERENCES^-1 | FIRFUMFERENFE | OWN	best LLR -9.49; testable
member	letters A-Z	CIRCUMFERENCES^-1 | KNOWTHIS | OWN	best LLR -9.32; testable
member	letters A-Z	CIRCUMFERENCES^-1 | AKOAN | OWN	best LLR -7.27; testable
member	letters A-Z	CIRCUMFERENCES^-1 | ANEND^-1 | OWN	best LLR -8.20; testable
member	letters A-Z	CIRCUMFERENCES^-1 | LIKE | OWN	best LLR -7.86; testable
member	letters A-Z	CIRCUMFERENCES^-1 | THE | OWN	best LLR -6.88; testable
member	letters A-Z	CIRCUMFERENCES^-1 | THE^-1 | OWN	best LLR -4.74; testable
member	letters A-Z	CIRCUMFERENCES^-1 | INSTAR^-1 | OWN	best LLR -9.39; testable
member	letters A-Z	CIRCUMFERENCES^-1 | TUNNELING^-1 | OWN	best LLR -6.90; testable
member	letters A-Z	CIRCUMFERENCES^-1 | TO | OWN	best LLR -6.78; testable
member	letters A-Z	CIRCUMFERENCES^-1 | TO^-1 | OWN	best LLR -3.54; testable
member	letters A-Z	CIRCUMFERENCES^-1 | WE^-1 | OWN	best LLR -8.89; testable
member	letters A-Z	CIRCUMFERENCES^-1 | MUST^-1 | OWN	best LLR -6.82; testable
member	letters A-Z	CIRCUMFERENCES^-1 | SHED^-1 | OWN	best LLR -7.64; testable
member	letters A-Z	CIRCUMFERENCES^-1 | OUR | OWN	best LLR -8.22; testable
member	letters A-Z	CIRCUMFERENCES^-1 | CIRCUMFERENCES^-1 | OWN	best LLR -8.88; testable
member	letters A-Z	CIRCUMFERENCES^-1 | FIND | OWN	best LLR -8.11; testable
member	letters A-Z	CIRCUMFERENCES^-1 | WITHIN | OWN	best LLR -8.76; testable
member	letters A-Z	CIRCUMFERENCES^-1 | AND | OWN	best LLR -8.53; testable
member	letters A-Z	CIRCUMFERENCES^-1 | AND^-1 | OWN	best LLR -6.81; testable
member	letters A-Z	CIRCUMFERENCES^-1 | EMERGE | OWN	best LLR -9.87; testable
member	letters A-Z	CIRCUMFERENCES^-1 | PRIMUS^-1 | OWN	best LLR -9.25; testable
member	letters A-Z	CIRCUMFERENCES^-1 | TOTIENT | OWN	best LLR -7.13; testable
member	letters A-Z	CIRCUMFERENCES^-1 | TOTIENT^-1 | OWN	best LLR -9.62; testable
member	letters A-Z	CIRCUMFERENCES^-1 | id | OWN^-1	best LLR -6.12; testable
member	letters A-Z	CIRCUMFERENCES^-1 | DIVINITY | OWN^-1	best LLR -6.78; testable
member	letters A-Z	CIRCUMFERENCES^-1 | FIRFUMFERENFE | OWN^-1	best LLR -9.49; testable
member	letters A-Z	CIRCUMFERENCES^-1 | KNOWTHIS | OWN^-1	best LLR -9.32; testable
member	letters A-Z	CIRCUMFERENCES^-1 | AKOAN | OWN^-1	best LLR -7.27; testable
member	letters A-Z	CIRCUMFERENCES^-1 | ANEND^-1 | OWN^-1	best LLR -8.20; testable
member	letters A-Z	CIRCUMFERENCES^-1 | LIKE | OWN^-1	best LLR -7.86; testable
member	letters A-Z	CIRCUMFERENCES^-1 | THE | OWN^-1	best LLR -6.88; testable
member	letters A-Z	CIRCUMFERENCES^-1 | THE^-1 | OWN^-1	best LLR -4.74; testable
member	letters A-Z	CIRCUMFERENCES^-1 | INSTAR^-1 | OWN^-1	best LLR -9.39; testable
member	letters A-Z	CIRCUMFERENCES^-1 | TUNNELING^-1 | OWN^-1	best LLR -6.90; testable
member	letters A-Z	CIRCUMFERENCES^-1 | TO | OWN^-1	best LLR -6.78; testable
member	letters A-Z	CIRCUMFERENCES^-1 | TO^-1 | OWN^-1	best LLR -3.54; testable
member	letters A-Z	CIRCUMFERENCES^-1 | WE^-1 | OWN^-1	best LLR -8.89; testable
member	letters A-Z	CIRCUMFERENCES^-1 | MUST^-1 | OWN^-1	best LLR -6.82; testable
member	letters A-Z	CIRCUMFERENCES^-1 | SHED^-1 | OWN^-1	best LLR -7.64; testable
member	letters A-Z	CIRCUMFERENCES^-1 | OUR | OWN^-1	best LLR -8.22; testable
member	letters A-Z	CIRCUMFERENCES^-1 | CIRCUMFERENCES^-1 | OWN^-1	best LLR -8.88; testable
member	letters A-Z	CIRCUMFERENCES^-1 | FIND | OWN^-1	best LLR -8.11; testable
member	letters A-Z	CIRCUMFERENCES^-1 | WITHIN | OWN^-1	best LLR -8.76; testable
member	letters A-Z	CIRCUMFERENCES^-1 | AND | OWN^-1	best LLR -8.53; testable
member	letters A-Z	CIRCUMFERENCES^-1 | AND^-1 | OWN^-1	best LLR -6.81; testable
member	letters A-Z	CIRCUMFERENCES^-1 | EMERGE | OWN^-1	best LLR -9.87; testable
member	letters A-Z	CIRCUMFERENCES^-1 | PRIMUS^-1 | OWN^-1	best LLR -9.25; testable
member	letters A-Z	CIRCUMFERENCES^-1 | TOTIENT | OWN^-1	best LLR -7.13; testable
member	letters A-Z	CIRCUMFERENCES^-1 | TOTIENT^-1 | OWN^-1	best LLR -9.62; testable
member	letters A-Z	CIRCUMFERENCES^-1 | id | CIRCUMFERENCES	best LLR -6.12; testable
member	letters A-Z	CIRCUMFERENCES^-1 | DIVINITY | CIRCUMFERENCES	best LLR -6.78; testable
member	letters A-Z	CIRCUMFERENCES^-1 | FIRFUMFERENFE | CIRCUMFERENCES	best LLR -9.49; testable
member	letters A-Z	CIRCUMFERENCES^-1 | KNOWTHIS | CIRCUMFERENCES	best LLR -9.32; testable
member	letters A-Z	CIRCUMFERENCES^-1 | AKOAN | CIRCUMFERENCES	best LLR -7.27; testable
member	letters A-Z	CIRCUMFERENCES^-1 | ANEND^-1 | CIRCUMFERENCES	best LLR -8.20; testable
member	letters A-Z	CIRCUMFERENCES^-1 | LIKE | CIRCUMFERENCES	best LLR -7.86; testable
member	letters A-Z	CIRCUMFERENCES^-1 | THE | CIRCUMFERENCES	best LLR -6.88; testable
member	letters A-Z	CIRCUMFERENCES^-1 | THE^-1 | CIRCUMFERENCES	best LLR -4.74; testable
member	letters A-Z	CIRCUMFERENCES^-1 | INSTAR^-1 | CIRCUMFERENCES	best LLR -9.39; testable
member	letters A-Z	CIRCUMFERENCES^-1 | TUNNELING^-1 | CIRCUMFERENCES	best LLR -6.90; testable
member	letters A-Z	CIRCUMFERENCES^-1 | TO | CIRCUMFERENCES	best LLR -6.78; testable
member	letters A-Z	CIRCUMFERENCES^-1 | TO^-1 | CIRCUMFERENCES	best LLR -3.54; testable
member	letters A-Z	CIRCUMFERENCES^-1 | WE^-1 | CIRCUMFERENCES	best LLR -8.89; testable
member	letters A-Z	CIRCUMFERENCES^-1 | MUST^-1 | CIRCUMFERENCES	best LLR -6.82; testable
member	letters A-Z	CIRCUMFERENCES^-1 | SHED^-1 | CIRCUMFERENCES	best LLR -7.64; testable
member	letters A-Z	CIRCUMFERENCES^-1 | OUR | CIRCUMFERENCES	best LLR -8.22; testable
member	letters A-Z	CIRCUMFERENCES^-1 | CIRCUMFERENCES^-1 | CIRCUMFERENCES	best LLR -8.88; testable
member	letters A-Z	CIRCUMFERENCES^-1 | FIND | CIRCUMFERENCES	best LLR -8.11; testable
member	letters A-Z	CIRCUMFERENCES^-1 | WITHIN | CIRCUMFERENCES	best LLR -8.76; testable
member	letters A-Z	CIRCUMFERENCES^-1 | AND | CIRCUMFERENCES	best LLR -8.53; testable
member	letters A-Z	CIRCUMFERENCES^-1 | AND^-1 | CIRCUMFERENCES	best LLR -6.81; testable
member	letters A-Z	CIRCUMFERENCES^-1 | EMERGE | CIRCUMFERENCES	best LLR -9.87; testable
member	letters A-Z	CIRCUMFERENCES^-1 | PRIMUS^-1 | CIRCUMFERENCES	best LLR -9.25; testable
member	letters A-Z	CIRCUMFERENCES^-1 | TOTIENT | CIRCUMFERENCES	best LLR -7.13; testable
member	letters A-Z	CIRCUMFERENCES^-1 | TOTIENT^-1 | CIRCUMFERENCES	best LLR -9.62; testable
member	letters A-Z	CIRCUMFERENCES^-1 | id | CIRCUMFERENCES^-1	best LLR -6.12; testable
member	letters A-Z	CIRCUMFERENCES^-1 | DIVINITY | CIRCUMFERENCES^-1	best LLR -6.78; testable
member	letters A-Z	CIRCUMFERENCES^-1 | FIRFUMFERENFE | CIRCUMFERENCES^-1	best LLR -9.49; testable
member	letters A-Z	CIRCUMFERENCES^-1 | KNOWTHIS | CIRCUMFERENCES^-1	best LLR -9.32; testable
member	letters A-Z	CIRCUMFERENCES^-1 | AKOAN | CIRCUMFERENCES^-1	best LLR -7.27; testable
member	letters A-Z	CIRCUMFERENCES^-1 | ANEND^-1 | CIRCUMFERENCES^-1	best LLR -8.20; testable
member	letters A-Z	CIRCUMFERENCES^-1 | LIKE | CIRCUMFERENCES^-1	best LLR -7.86; testable
member	letters A-Z	CIRCUMFERENCES^-1 | THE | CIRCUMFERENCES^-1	best LLR -6.88; testable
member	letters A-Z	CIRCUMFERENCES^-1 | THE^-1 | CIRCUMFERENCES^-1	best LLR -4.74; testable
member	letters A-Z	CIRCUMFERENCES^-1 | INSTAR^-1 | CIRCUMFERENCES^-1	best LLR -9.39; testable
member	letters A-Z	CIRCUMFERENCES^-1 | TUNNELING^-1 | CIRCUMFERENCES^-1	best LLR -6.90; testable
member	letters A-Z	CIRCUMFERENCES^-1 | TO | CIRCUMFERENCES^-1	best LLR -6.78; testable
member	letters A-Z	CIRCUMFERENCES^-1 | TO^-1 | CIRCUMFERENCES^-1	best LLR -3.54; testable
member	letters A-Z	CIRCUMFERENCES^-1 | WE^-1 | CIRCUMFERENCES^-1	best LLR -8.89; testable
member	letters A-Z	CIRCUMFERENCES^-1 | MUST^-1 | CIRCUMFERENCES^-1	best LLR -6.82; testable
member	letters A-Z	CIRCUMFERENCES^-1 | SHED^-1 | CIRCUMFERENCES^-1	best LLR -7.64; testable
member	letters A-Z	CIRCUMFERENCES^-1 | OUR | CIRCUMFERENCES^-1	best LLR -8.22; testable
member	letters A-Z	CIRCUMFERENCES^-1 | CIRCUMFERENCES^-1 | CIRCUMFERENCES^-1	best LLR -8.88; testable
member	letters A-Z	CIRCUMFERENCES^-1 | FIND | CIRCUMFERENCES^-1	best LLR -8.11; testable
member	letters A-Z	CIRCUMFERENCES^-1 | WITHIN | CIRCUMFERENCES^-1	best LLR -8.76; testable
member	letters A-Z	CIRCUMFERENCES^-1 | AND | CIRCUMFERENCES^-1	best LLR -8.53; testable
member	letters A-Z	CIRCUMFERENCES^-1 | AND^-1 | CIRCUMFERENCES^-1	best LLR -6.81; testable
member	letters A-Z	CIRCUMFERENCES^-1 | EMERGE | CIRCUMFERENCES^-1	best LLR -9.87; testable
member	letters A-Z	CIRCUMFERENCES^-1 | PRIMUS^-1 | CIRCUMFERENCES^-1	best LLR -9.25; testable
member	letters A-Z	CIRCUMFERENCES^-1 | TOTIENT | CIRCUMFERENCES^-1	best LLR -7.13; testable
member	letters A-Z	CIRCUMFERENCES^-1 | TOTIENT^-1 | CIRCUMFERENCES^-1	best LLR -9.62; testable
member	letters A-Z	CIRCUMFERENCES^-1 | id | FIND	best LLR -6.12; testable
member	letters A-Z	CIRCUMFERENCES^-1 | DIVINITY | FIND	best LLR -6.78; testable
member	letters A-Z	CIRCUMFERENCES^-1 | FIRFUMFERENFE | FIND	best LLR -9.49; testable
member	letters A-Z	CIRCUMFERENCES^-1 | KNOWTHIS | FIND	best LLR -9.32; testable
member	letters A-Z	CIRCUMFERENCES^-1 | AKOAN | FIND	best LLR -7.27; testable
member	letters A-Z	CIRCUMFERENCES^-1 | ANEND^-1 | FIND	best LLR -8.20; testable
member	letters A-Z	CIRCUMFERENCES^-1 | LIKE | FIND	best LLR -7.86; testable
member	letters A-Z	CIRCUMFERENCES^-1 | THE | FIND	best LLR -6.88; testable
member	letters A-Z	CIRCUMFERENCES^-1 | THE^-1 | FIND	best LLR -4.74; testable
member	letters A-Z	CIRCUMFERENCES^-1 | INSTAR^-1 | FIND	best LLR -9.39; testable
member	letters A-Z	CIRCUMFERENCES^-1 | TUNNELING^-1 | FIND	best LLR -6.90; testable
member	letters A-Z	CIRCUMFERENCES^-1 | TO | FIND	best LLR -6.78; testable
member	letters A-Z	CIRCUMFERENCES^-1 | TO^-1 | FIND	best LLR -3.54; testable
member	letters A-Z	CIRCUMFERENCES^-1 | WE^-1 | FIND	best LLR -8.89; testable
member	letters A-Z	CIRCUMFERENCES^-1 | MUST^-1 | FIND	best LLR -6.82; testable
member	letters A-Z	CIRCUMFERENCES^-1 | SHED^-1 | FIND	best LLR -7.64; testable
member	letters A-Z	CIRCUMFERENCES^-1 | OUR | FIND	best LLR -8.22; testable
member	letters A-Z	CIRCUMFERENCES^-1 | CIRCUMFERENCES^-1 | FIND	best LLR -8.88; testable
member	letters A-Z	CIRCUMFERENCES^-1 | FIND | FIND	best LLR -8.11; testable
member	letters A-Z	CIRCUMFERENCES^-1 | WITHIN | FIND	best LLR -8.76; testable
member	letters A-Z	CIRCUMFERENCES^-1 | AND | FIND	best LLR -8.53; testable
member	letters A-Z	CIRCUMFERENCES^-1 | AND^-1 | FIND	best LLR -6.81; testable
member	letters A-Z	CIRCUMFERENCES^-1 | EMERGE | FIND	best LLR -9.87; testable
member	letters A-Z	CIRCUMFERENCES^-1 | PRIMUS^-1 | FIND	best LLR -9.25; testable
member	letters A-Z	CIRCUMFERENCES^-1 | TOTIENT | FIND	best LLR -7.13; testable
member	letters A-Z	CIRCUMFERENCES^-1 | TOTIENT^-1 | FIND	best LLR -9.62; testable
member	letters A-Z	CIRCUMFERENCES^-1 | id | FIND^-1	best LLR -6.12; testable
member	letters A-Z	CIRCUMFERENCES^-1 | DIVINITY | FIND^-1	best LLR -6.78; testable
member	letters A-Z	CIRCUMFERENCES^-1 | FIRFUMFERENFE | FIND^-1	best LLR -9.49; testable
member	letters A-Z	CIRCUMFERENCES^-1 | KNOWTHIS | FIND^-1	best LLR -9.32; testable
member	letters A-Z	CIRCUMFERENCES^-1 | AKOAN | FIND^-1	best LLR -7.27; testable
member	letters A-Z	CIRCUMFERENCES^-1 | ANEND^-1 | FIND^-1	best LLR -8.20; testable
member	letters A-Z	CIRCUMFERENCES^-1 | LIKE | FIND^-1	best LLR -7.86; testable
member	letters A-Z	CIRCUMFERENCES^-1 | THE | FIND^-1	best LLR -6.88; testable
member	letters A-Z	CIRCUMFERENCES^-1 | THE^-1 | FIND^-1	best LLR -4.74; testable
member	letters A-Z	CIRCUMFERENCES^-1 | INSTAR^-1 | FIND^-1	best LLR -9.39; testable
member	letters A-Z	CIRCUMFERENCES^-1 | TUNNELING^-1 | FIND^-1	best LLR -6.90; testable
member	letters A-Z	CIRCUMFERENCES^-1 | TO | FIND^-1	best LLR -6.78; testable
member	letters A-Z	CIRCUMFERENCES^-1 | TO^-1 | FIND^-1	best LLR -3.54; testable
member	letters A-Z	CIRCUMFERENCES^-1 | WE^-1 | FIND^-1	best LLR -8.89; testable
member	letters A-Z	CIRCUMFERENCES^-1 | MUST^-1 | FIND^-1	best LLR -6.82; testable
member	letters A-Z	CIRCUMFERENCES^-1 | SHED^-1 | FIND^-1	best LLR -7.64; testable
member	letters A-Z	CIRCUMFERENCES^-1 | OUR | FIND^-1	best LLR -8.22; testable
member	letters A-Z	CIRCUMFERENCES^-1 | CIRCUMFERENCES^-1 | FIND^-1	best LLR -8.88; testable
member	letters A-Z	CIRCUMFERENCES^-1 | FIND | FIND^-1	best LLR -8.11; testable
member	letters A-Z	CIRCUMFERENCES^-1 | WITHIN | FIND^-1	best LLR -8.76; testable
member	letters A-Z	CIRCUMFERENCES^-1 | AND | FIND^-1	best LLR -8.53; testable
member	letters A-Z	CIRCUMFERENCES^-1 | AND^-1 | FIND^-1	best LLR -6.81; testable
member	letters A-Z	CIRCUMFERENCES^-1 | EMERGE | FIND^-1	best LLR -9.87; testable
member	letters A-Z	CIRCUMFERENCES^-1 | PRIMUS^-1 | FIND^-1	best LLR -9.25; testable
member	letters A-Z	CIRCUMFERENCES^-1 | TOTIENT | FIND^-1	best LLR -7.13; testable
member	letters A-Z	CIRCUMFERENCES^-1 | TOTIENT^-1 | FIND^-1	best LLR -9.62; testable
member	letters A-Z	CIRCUMFERENCES^-1 | id | WITHIN	best LLR -6.12; testable
member	letters A-Z	CIRCUMFERENCES^-1 | DIVINITY | WITHIN	best LLR -6.78; testable
member	letters A-Z	CIRCUMFERENCES^-1 | FIRFUMFERENFE | WITHIN	best LLR -9.49; testable
member	letters A-Z	CIRCUMFERENCES^-1 | KNOWTHIS | WITHIN	best LLR -9.32; testable
member	letters A-Z	CIRCUMFERENCES^-1 | AKOAN | WITHIN	best LLR -7.27; testable
member	letters A-Z	CIRCUMFERENCES^-1 | ANEND^-1 | WITHIN	best LLR -8.20; testable
member	letters A-Z	CIRCUMFERENCES^-1 | LIKE | WITHIN	best LLR -7.86; testable
member	letters A-Z	CIRCUMFERENCES^-1 | THE | WITHIN	best LLR -6.88; testable
member	letters A-Z	CIRCUMFERENCES^-1 | THE^-1 | WITHIN	best LLR -4.74; testable
member	letters A-Z	CIRCUMFERENCES^-1 | INSTAR^-1 | WITHIN	best LLR -9.39; testable
member	letters A-Z	CIRCUMFERENCES^-1 | TUNNELING^-1 | WITHIN	best LLR -6.90; testable
member	letters A-Z	CIRCUMFERENCES^-1 | TO | WITHIN	best LLR -6.78; testable
member	letters A-Z	CIRCUMFERENCES^-1 | TO^-1 | WITHIN	best LLR -3.54; testable
member	letters A-Z	CIRCUMFERENCES^-1 | WE^-1 | WITHIN	best LLR -8.89; testable
member	letters A-Z	CIRCUMFERENCES^-1 | MUST^-1 | WITHIN	best LLR -6.82; testable
member	letters A-Z	CIRCUMFERENCES^-1 | SHED^-1 | WITHIN	best LLR -7.64; testable
member	letters A-Z	CIRCUMFERENCES^-1 | OUR | WITHIN	best LLR -8.22; testable
member	letters A-Z	CIRCUMFERENCES^-1 | CIRCUMFERENCES^-1 | WITHIN	best LLR -8.88; testable
member	letters A-Z	CIRCUMFERENCES^-1 | FIND | WITHIN	best LLR -8.11; testable
member	letters A-Z	CIRCUMFERENCES^-1 | WITHIN | WITHIN	best LLR -8.76; testable
member	letters A-Z	CIRCUMFERENCES^-1 | AND | WITHIN	best LLR -8.53; testable
member	letters A-Z	CIRCUMFERENCES^-1 | AND^-1 | WITHIN	best LLR -6.81; testable
member	letters A-Z	CIRCUMFERENCES^-1 | EMERGE | WITHIN	best LLR -9.87; testable
member	letters A-Z	CIRCUMFERENCES^-1 | PRIMUS^-1 | WITHIN	best LLR -9.25; testable
member	letters A-Z	CIRCUMFERENCES^-1 | TOTIENT | WITHIN	best LLR -7.13; testable
member	letters A-Z	CIRCUMFERENCES^-1 | TOTIENT^-1 | WITHIN	best LLR -9.62; testable
member	letters A-Z	CIRCUMFERENCES^-1 | id | WITHIN^-1	best LLR -6.12; testable
member	letters A-Z	CIRCUMFERENCES^-1 | DIVINITY | WITHIN^-1	best LLR -6.78; testable
member	letters A-Z	CIRCUMFERENCES^-1 | FIRFUMFERENFE | WITHIN^-1	best LLR -9.49; testable
member	letters A-Z	CIRCUMFERENCES^-1 | KNOWTHIS | WITHIN^-1	best LLR -9.32; testable
member	letters A-Z	CIRCUMFERENCES^-1 | AKOAN | WITHIN^-1	best LLR -7.27; testable
member	letters A-Z	CIRCUMFERENCES^-1 | ANEND^-1 | WITHIN^-1	best LLR -8.20; testable
member	letters A-Z	CIRCUMFERENCES^-1 | LIKE | WITHIN^-1	best LLR -7.86; testable
member	letters A-Z	CIRCUMFERENCES^-1 | THE | WITHIN^-1	best LLR -6.88; testable
member	letters A-Z	CIRCUMFERENCES^-1 | THE^-1 | WITHIN^-1	best LLR -4.74; testable
member	letters A-Z	CIRCUMFERENCES^-1 | INSTAR^-1 | WITHIN^-1	best LLR -9.39; testable
member	letters A-Z	CIRCUMFERENCES^-1 | TUNNELING^-1 | WITHIN^-1	best LLR -6.90; testable
member	letters A-Z	CIRCUMFERENCES^-1 | TO | WITHIN^-1	best LLR -6.78; testable
member	letters A-Z	CIRCUMFERENCES^-1 | TO^-1 | WITHIN^-1	best LLR -3.54; testable
member	letters A-Z	CIRCUMFERENCES^-1 | WE^-1 | WITHIN^-1	best LLR -8.89; testable
member	letters A-Z	CIRCUMFERENCES^-1 | MUST^-1 | WITHIN^-1	best LLR -6.82; testable
member	letters A-Z	CIRCUMFERENCES^-1 | SHED^-1 | WITHIN^-1	best LLR -7.64; testable
member	letters A-Z	CIRCUMFERENCES^-1 | OUR | WITHIN^-1	best LLR -8.22; testable
member	letters A-Z	CIRCUMFERENCES^-1 | CIRCUMFERENCES^-1 | WITHIN^-1	best LLR -8.88; testable
member	letters A-Z	CIRCUMFERENCES^-1 | FIND | WITHIN^-1	best LLR -8.11; testable
member	letters A-Z	CIRCUMFERENCES^-1 | WITHIN | WITHIN^-1	best LLR -8.76; testable
member	letters A-Z	CIRCUMFERENCES^-1 | AND | WITHIN^-1	best LLR -8.53; testable
member	letters A-Z	CIRCUMFERENCES^-1 | AND^-1 | WITHIN^-1	best LLR -6.81; testable
member	letters A-Z	CIRCUMFERENCES^-1 | EMERGE | WITHIN^-1	best LLR -9.87; testable
member	letters A-Z	CIRCUMFERENCES^-1 | PRIMUS^-1 | WITHIN^-1	best LLR -9.25; testable
member	letters A-Z	CIRCUMFERENCES^-1 | TOTIENT | WITHIN^-1	best LLR -7.13; testable
member	letters A-Z	CIRCUMFERENCES^-1 | TOTIENT^-1 | WITHIN^-1	best LLR -9.62; testable
member	letters A-Z	CIRCUMFERENCES^-1 | id | AND	best LLR -6.12; testable
member	letters A-Z	CIRCUMFERENCES^-1 | DIVINITY | AND	best LLR -6.78; testable
member	letters A-Z	CIRCUMFERENCES^-1 | FIRFUMFERENFE | AND	best LLR -9.49; testable
member	letters A-Z	CIRCUMFERENCES^-1 | KNOWTHIS | AND	best LLR -9.32; testable
member	letters A-Z	CIRCUMFERENCES^-1 | AKOAN | AND	best LLR -7.27; testable
member	letters A-Z	CIRCUMFERENCES^-1 | ANEND^-1 | AND	best LLR -8.20; testable
member	letters A-Z	CIRCUMFERENCES^-1 | LIKE | AND	best LLR -7.86; testable
member	letters A-Z	CIRCUMFERENCES^-1 | THE | AND	best LLR -6.88; testable
member	letters A-Z	CIRCUMFERENCES^-1 | THE^-1 | AND	best LLR -4.74; testable
member	letters A-Z	CIRCUMFERENCES^-1 | INSTAR^-1 | AND	best LLR -9.39; testable
member	letters A-Z	CIRCUMFERENCES^-1 | TUNNELING^-1 | AND	best LLR -6.90; testable
member	letters A-Z	CIRCUMFERENCES^-1 | TO | AND	best LLR -6.78; testable
member	letters A-Z	CIRCUMFERENCES^-1 | TO^-1 | AND	best LLR -3.54; testable
member	letters A-Z	CIRCUMFERENCES^-1 | WE^-1 | AND	best LLR -8.89; testable
member	letters A-Z	CIRCUMFERENCES^-1 | MUST^-1 | AND	best LLR -6.82; testable
member	letters A-Z	CIRCUMFERENCES^-1 | SHED^-1 | AND	best LLR -7.64; testable
member	letters A-Z	CIRCUMFERENCES^-1 | OUR | AND	best LLR -8.22; testable
member	letters A-Z	CIRCUMFERENCES^-1 | CIRCUMFERENCES^-1 | AND	best LLR -8.88; testable
member	letters A-Z	CIRCUMFERENCES^-1 | FIND | AND	best LLR -8.11; testable
member	letters A-Z	CIRCUMFERENCES^-1 | WITHIN | AND	best LLR -8.76; testable
member	letters A-Z	CIRCUMFERENCES^-1 | AND | AND	best LLR -8.53; testable
member	letters A-Z	CIRCUMFERENCES^-1 | AND^-1 | AND	best LLR -6.81; testable
member	letters A-Z	CIRCUMFERENCES^-1 | EMERGE | AND	best LLR -9.87; testable
member	letters A-Z	CIRCUMFERENCES^-1 | PRIMUS^-1 | AND	best LLR -9.25; testable
member	letters A-Z	CIRCUMFERENCES^-1 | TOTIENT | AND	best LLR -7.13; testable
member	letters A-Z	CIRCUMFERENCES^-1 | TOTIENT^-1 | AND	best LLR -9.62; testable
member	letters A-Z	CIRCUMFERENCES^-1 | id | AND^-1	best LLR -6.12; testable
member	letters A-Z	CIRCUMFERENCES^-1 | DIVINITY | AND^-1	best LLR -6.78; testable
member	letters A-Z	CIRCUMFERENCES^-1 | FIRFUMFERENFE | AND^-1	best LLR -9.49; testable
member	letters A-Z	CIRCUMFERENCES^-1 | KNOWTHIS | AND^-1	best LLR -9.32; testable
member	letters A-Z	CIRCUMFERENCES^-1 | AKOAN | AND^-1	best LLR -7.27; testable
member	letters A-Z	CIRCUMFERENCES^-1 | ANEND^-1 | AND^-1	best LLR -8.20; testable
member	letters A-Z	CIRCUMFERENCES^-1 | LIKE | AND^-1	best LLR -7.86; testable
member	letters A-Z	CIRCUMFERENCES^-1 | THE | AND^-1	best LLR -6.88; testable
member	letters A-Z	CIRCUMFERENCES^-1 | THE^-1 | AND^-1	best LLR -4.74; testable
member	letters A-Z	CIRCUMFERENCES^-1 | INSTAR^-1 | AND^-1	best LLR -9.39; testable
member	letters A-Z	CIRCUMFERENCES^-1 | TUNNELING^-1 | AND^-1	best LLR -6.90; testable
member	letters A-Z	CIRCUMFERENCES^-1 | TO | AND^-1	best LLR -6.78; testable
member	letters A-Z	CIRCUMFERENCES^-1 | TO^-1 | AND^-1	best LLR -3.54; testable
member	letters A-Z	CIRCUMFERENCES^-1 | WE^-1 | AND^-1	best LLR -8.89; testable
member	letters A-Z	CIRCUMFERENCES^-1 | MUST^-1 | AND^-1	best LLR -6.82; testable
member	letters A-Z	CIRCUMFERENCES^-1 | SHED^-1 | AND^-1	best LLR -7.64; testable
member	letters A-Z	CIRCUMFERENCES^-1 | OUR | AND^-1	best LLR -8.22; testable
member	letters A-Z	CIRCUMFERENCES^-1 | CIRCUMFERENCES^-1 | AND^-1	best LLR -8.88; testable
member	letters A-Z	CIRCUMFERENCES^-1 | FIND | AND^-1	best LLR -8.11; testable
member	letters A-Z	CIRCUMFERENCES^-1 | WITHIN | AND^-1	best LLR -8.76; testable
member	letters A-Z	CIRCUMFERENCES^-1 | AND | AND^-1	best LLR -8.53; testable
member	letters A-Z	CIRCUMFERENCES^-1 | AND^-1 | AND^-1	best LLR -6.81; testable
member	letters A-Z	CIRCUMFERENCES^-1 | EMERGE | AND^-1	best LLR -9.87; testable
member	letters A-Z	CIRCUMFERENCES^-1 | PRIMUS^-1 | AND^-1	best LLR -9.25; testable
member	letters A-Z	CIRCUMFERENCES^-1 | TOTIENT | AND^-1	best LLR -7.13; testable
member	letters A-Z	CIRCUMFERENCES^-1 | TOTIENT^-1 | AND^-1	best LLR -9.62; testable
member	letters A-Z	CIRCUMFERENCES^-1 | id | EMERGE	best LLR -6.12; testable
member	letters A-Z	CIRCUMFERENCES^-1 | DIVINITY | EMERGE	best LLR -6.78; testable
member	letters A-Z	CIRCUMFERENCES^-1 | FIRFUMFERENFE | EMERGE	best LLR -9.49; testable
member	letters A-Z	CIRCUMFERENCES^-1 | KNOWTHIS | EMERGE	best LLR -9.32; testable
member	letters A-Z	CIRCUMFERENCES^-1 | AKOAN | EMERGE	best LLR -7.27; testable
member	letters A-Z	CIRCUMFERENCES^-1 | ANEND^-1 | EMERGE	best LLR -8.20; testable
member	letters A-Z	CIRCUMFERENCES^-1 | LIKE | EMERGE	best LLR -7.86; testable
member	letters A-Z	CIRCUMFERENCES^-1 | THE | EMERGE	best LLR -6.88; testable
member	letters A-Z	CIRCUMFERENCES^-1 | THE^-1 | EMERGE	best LLR -4.74; testable
member	letters A-Z	CIRCUMFERENCES^-1 | INSTAR^-1 | EMERGE	best LLR -9.39; testable
member	letters A-Z	CIRCUMFERENCES^-1 | TUNNELING^-1 | EMERGE	best LLR -6.90; testable
member	letters A-Z	CIRCUMFERENCES^-1 | TO | EMERGE	best LLR -6.78; testable
member	letters A-Z	CIRCUMFERENCES^-1 | TO^-1 | EMERGE	best LLR -3.54; testable
member	letters A-Z	CIRCUMFERENCES^-1 | WE^-1 | EMERGE	best LLR -8.89; testable
member	letters A-Z	CIRCUMFERENCES^-1 | MUST^-1 | EMERGE	best LLR -6.82; testable
member	letters A-Z	CIRCUMFERENCES^-1 | SHED^-1 | EMERGE	best LLR -7.64; testable
member	letters A-Z	CIRCUMFERENCES^-1 | OUR | EMERGE	best LLR -8.22; testable
member	letters A-Z	CIRCUMFERENCES^-1 | CIRCUMFERENCES^-1 | EMERGE	best LLR -8.88; testable
member	letters A-Z	CIRCUMFERENCES^-1 | FIND | EMERGE	best LLR -8.11; testable
member	letters A-Z	CIRCUMFERENCES^-1 | WITHIN | EMERGE	best LLR -8.76; testable
member	letters A-Z	CIRCUMFERENCES^-1 | AND | EMERGE	best LLR -8.53; testable
member	letters A-Z	CIRCUMFERENCES^-1 | AND^-1 | EMERGE	best LLR -6.81; testable
member	letters A-Z	CIRCUMFERENCES^-1 | EMERGE | EMERGE	best LLR -9.87; testable
member	letters A-Z	CIRCUMFERENCES^-1 | PRIMUS^-1 | EMERGE	best LLR -9.25; testable
member	letters A-Z	CIRCUMFERENCES^-1 | TOTIENT | EMERGE	best LLR -7.13; testable
member	letters A-Z	CIRCUMFERENCES^-1 | TOTIENT^-1 | EMERGE	best LLR -9.62; testable
member	letters A-Z	CIRCUMFERENCES^-1 | id | EMERGE^-1	best LLR -6.12; testable
member	letters A-Z	CIRCUMFERENCES^-1 | DIVINITY | EMERGE^-1	best LLR -6.78; testable
member	letters A-Z	CIRCUMFERENCES^-1 | FIRFUMFERENFE | EMERGE^-1	best LLR -9.49; testable
member	letters A-Z	CIRCUMFERENCES^-1 | KNOWTHIS | EMERGE^-1	best LLR -9.32; testable
member	letters A-Z	CIRCUMFERENCES^-1 | AKOAN | EMERGE^-1	best LLR -7.27; testable
member	letters A-Z	CIRCUMFERENCES^-1 | ANEND^-1 | EMERGE^-1	best LLR -8.20; testable
member	letters A-Z	CIRCUMFERENCES^-1 | LIKE | EMERGE^-1	best LLR -7.86; testable
member	letters A-Z	CIRCUMFERENCES^-1 | THE | EMERGE^-1	best LLR -6.88; testable
member	letters A-Z	CIRCUMFERENCES^-1 | THE^-1 | EMERGE^-1	best LLR -4.74; testable
member	letters A-Z	CIRCUMFERENCES^-1 | INSTAR^-1 | EMERGE^-1	best LLR -9.39; testable
member	letters A-Z	CIRCUMFERENCES^-1 | TUNNELING^-1 | EMERGE^-1	best LLR -6.90; testable
member	letters A-Z	CIRCUMFERENCES^-1 | TO | EMERGE^-1	best LLR -6.78; testable
member	letters A-Z	CIRCUMFERENCES^-1 | TO^-1 | EMERGE^-1	best LLR -3.54; testable
member	letters A-Z	CIRCUMFERENCES^-1 | WE^-1 | EMERGE^-1	best LLR -8.89; testable
member	letters A-Z	CIRCUMFERENCES^-1 | MUST^-1 | EMERGE^-1	best LLR -6.82; testable
member	letters A-Z	CIRCUMFERENCES^-1 | SHED^-1 | EMERGE^-1	best LLR -7.64; testable
member	letters A-Z	CIRCUMFERENCES^-1 | OUR | EMERGE^-1	best LLR -8.22; testable
member	letters A-Z	CIRCUMFERENCES^-1 | CIRCUMFERENCES^-1 | EMERGE^-1	best LLR -8.88; testable
member	letters A-Z	CIRCUMFERENCES^-1 | FIND | EMERGE^-1	best LLR -8.11; testable
member	letters A-Z	CIRCUMFERENCES^-1 | WITHIN | EMERGE^-1	best LLR -8.76; testable
member	letters A-Z	CIRCUMFERENCES^-1 | AND | EMERGE^-1	best LLR -8.53; testable
member	letters A-Z	CIRCUMFERENCES^-1 | AND^-1 | EMERGE^-1	best LLR -6.81; testable
member	letters A-Z	CIRCUMFERENCES^-1 | EMERGE | EMERGE^-1	best LLR -9.87; testable
member	letters A-Z	CIRCUMFERENCES^-1 | PRIMUS^-1 | EMERGE^-1	best LLR -9.25; testable
member	letters A-Z	CIRCUMFERENCES^-1 | TOTIENT | EMERGE^-1	best LLR -7.13; testable
member	letters A-Z	CIRCUMFERENCES^-1 | TOTIENT^-1 | EMERGE^-1	best LLR -9.62; testable
member	letters A-Z	CIRCUMFERENCES^-1 | id | CIRCUMFERENCE	best LLR -6.12; testable
member	letters A-Z	CIRCUMFERENCES^-1 | DIVINITY | CIRCUMFERENCE	best LLR -6.78; testable
member	letters A-Z	CIRCUMFERENCES^-1 | FIRFUMFERENFE | CIRCUMFERENCE	best LLR -9.49; testable
member	letters A-Z	CIRCUMFERENCES^-1 | KNOWTHIS | CIRCUMFERENCE	best LLR -9.32; testable
member	letters A-Z	CIRCUMFERENCES^-1 | AKOAN | CIRCUMFERENCE	best LLR -7.27; testable
member	letters A-Z	CIRCUMFERENCES^-1 | ANEND^-1 | CIRCUMFERENCE	best LLR -8.20; testable
member	letters A-Z	CIRCUMFERENCES^-1 | LIKE | CIRCUMFERENCE	best LLR -7.86; testable
member	letters A-Z	CIRCUMFERENCES^-1 | THE | CIRCUMFERENCE	best LLR -6.88; testable
member	letters A-Z	CIRCUMFERENCES^-1 | THE^-1 | CIRCUMFERENCE	best LLR -4.74; testable
member	letters A-Z	CIRCUMFERENCES^-1 | INSTAR^-1 | CIRCUMFERENCE	best LLR -9.39; testable
member	letters A-Z	CIRCUMFERENCES^-1 | TUNNELING^-1 | CIRCUMFERENCE	best LLR -6.90; testable
member	letters A-Z	CIRCUMFERENCES^-1 | TO | CIRCUMFERENCE	best LLR -6.78; testable
member	letters A-Z	CIRCUMFERENCES^-1 | TO^-1 | CIRCUMFERENCE	best LLR -3.54; testable
member	letters A-Z	CIRCUMFERENCES^-1 | WE^-1 | CIRCUMFERENCE	best LLR -8.89; testable
member	letters A-Z	CIRCUMFERENCES^-1 | MUST^-1 | CIRCUMFERENCE	best LLR -6.82; testable
member	letters A-Z	CIRCUMFERENCES^-1 | SHED^-1 | CIRCUMFERENCE	best LLR -7.64; testable
member	letters A-Z	CIRCUMFERENCES^-1 | OUR | CIRCUMFERENCE	best LLR -8.22; testable
member	letters A-Z	CIRCUMFERENCES^-1 | CIRCUMFERENCES^-1 | CIRCUMFERENCE	best LLR -8.88; testable
member	letters A-Z	CIRCUMFERENCES^-1 | FIND | CIRCUMFERENCE	best LLR -8.11; testable
member	letters A-Z	CIRCUMFERENCES^-1 | WITHIN | CIRCUMFERENCE	best LLR -8.76; testable
member	letters A-Z	CIRCUMFERENCES^-1 | AND | CIRCUMFERENCE	best LLR -8.53; testable
member	letters A-Z	CIRCUMFERENCES^-1 | AND^-1 | CIRCUMFERENCE	best LLR -6.81; testable
member	letters A-Z	CIRCUMFERENCES^-1 | EMERGE | CIRCUMFERENCE	best LLR -9.87; testable
member	letters A-Z	CIRCUMFERENCES^-1 | PRIMUS^-1 | CIRCUMFERENCE	best LLR -9.25; testable
member	letters A-Z	CIRCUMFERENCES^-1 | TOTIENT | CIRCUMFERENCE	best LLR -7.13; testable
member	letters A-Z	CIRCUMFERENCES^-1 | TOTIENT^-1 | CIRCUMFERENCE	best LLR -9.62; testable
member	letters A-Z	CIRCUMFERENCES^-1 | id | CIRCUMFERENCE^-1	best LLR -6.12; testable
member	letters A-Z	CIRCUMFERENCES^-1 | DIVINITY | CIRCUMFERENCE^-1	best LLR -6.78; testable
member	letters A-Z	CIRCUMFERENCES^-1 | FIRFUMFERENFE | CIRCUMFERENCE^-1	best LLR -9.49; testable
member	letters A-Z	CIRCUMFERENCES^-1 | KNOWTHIS | CIRCUMFERENCE^-1	best LLR -9.32; testable
member	letters A-Z	CIRCUMFERENCES^-1 | AKOAN | CIRCUMFERENCE^-1	best LLR -7.27; testable
member	letters A-Z	CIRCUMFERENCES^-1 | ANEND^-1 | CIRCUMFERENCE^-1	best LLR -8.20; testable
member	letters A-Z	CIRCUMFERENCES^-1 | LIKE | CIRCUMFERENCE^-1	best LLR -7.86; testable
member	letters A-Z	CIRCUMFERENCES^-1 | THE | CIRCUMFERENCE^-1	best LLR -6.88; testable
member	letters A-Z	CIRCUMFERENCES^-1 | THE^-1 | CIRCUMFERENCE^-1	best LLR -4.74; testable
member	letters A-Z	CIRCUMFERENCES^-1 | INSTAR^-1 | CIRCUMFERENCE^-1	best LLR -9.39; testable
member	letters A-Z	CIRCUMFERENCES^-1 | TUNNELING^-1 | CIRCUMFERENCE^-1	best LLR -6.90; testable
member	letters A-Z	CIRCUMFERENCES^-1 | TO | CIRCUMFERENCE^-1	best LLR -6.78; testable
member	letters A-Z	CIRCUMFERENCES^-1 | TO^-1 | CIRCUMFERENCE^-1	best LLR -3.54; testable
member	letters A-Z	CIRCUMFERENCES^-1 | WE^-1 | CIRCUMFERENCE^-1	best LLR -8.89; testable
member	letters A-Z	CIRCUMFERENCES^-1 | MUST^-1 | CIRCUMFERENCE^-1	best LLR -6.82; testable
member	letters A-Z	CIRCUMFERENCES^-1 | SHED^-1 | CIRCUMFERENCE^-1	best LLR -7.64; testable
member	letters A-Z	CIRCUMFERENCES^-1 | OUR | CIRCUMFERENCE^-1	best LLR -8.22; testable
member	letters A-Z	CIRCUMFERENCES^-1 | CIRCUMFERENCES^-1 | CIRCUMFERENCE^-1	best LLR -8.88; testable
member	letters A-Z	CIRCUMFERENCES^-1 | FIND | CIRCUMFERENCE^-1	best LLR -8.11; testable
member	letters A-Z	CIRCUMFERENCES^-1 | WITHIN | CIRCUMFERENCE^-1	best LLR -8.76; testable
member	letters A-Z	CIRCUMFERENCES^-1 | AND | CIRCUMFERENCE^-1	best LLR -8.53; testable
member	letters A-Z	CIRCUMFERENCES^-1 | AND^-1 | CIRCUMFERENCE^-1	best LLR -6.81; testable
member	letters A-Z	CIRCUMFERENCES^-1 | EMERGE | CIRCUMFERENCE^-1	best LLR -9.87; testable
member	letters A-Z	CIRCUMFERENCES^-1 | PRIMUS^-1 | CIRCUMFERENCE^-1	best LLR -9.25; testable
member	letters A-Z	CIRCUMFERENCES^-1 | TOTIENT | CIRCUMFERENCE^-1	best LLR -7.13; testable
member	letters A-Z	CIRCUMFERENCES^-1 | TOTIENT^-1 | CIRCUMFERENCE^-1	best LLR -9.62; testable
member	letters A-Z	CIRCUMFERENCES^-1 | id | LIBERPRIMUS	best LLR -6.12; testable
member	letters A-Z	CIRCUMFERENCES^-1 | DIVINITY | LIBERPRIMUS	best LLR -6.78; testable
member	letters A-Z	CIRCUMFERENCES^-1 | FIRFUMFERENFE | LIBERPRIMUS	best LLR -9.49; testable
member	letters A-Z	CIRCUMFERENCES^-1 | KNOWTHIS | LIBERPRIMUS	best LLR -9.32; testable
member	letters A-Z	CIRCUMFERENCES^-1 | AKOAN | LIBERPRIMUS	best LLR -7.27; testable
member	letters A-Z	CIRCUMFERENCES^-1 | ANEND^-1 | LIBERPRIMUS	best LLR -8.20; testable
member	letters A-Z	CIRCUMFERENCES^-1 | LIKE | LIBERPRIMUS	best LLR -7.86; testable
member	letters A-Z	CIRCUMFERENCES^-1 | THE | LIBERPRIMUS	best LLR -6.88; testable
member	letters A-Z	CIRCUMFERENCES^-1 | THE^-1 | LIBERPRIMUS	best LLR -4.74; testable
member	letters A-Z	CIRCUMFERENCES^-1 | INSTAR^-1 | LIBERPRIMUS	best LLR -9.39; testable
member	letters A-Z	CIRCUMFERENCES^-1 | TUNNELING^-1 | LIBERPRIMUS	best LLR -6.90; testable
member	letters A-Z	CIRCUMFERENCES^-1 | TO | LIBERPRIMUS	best LLR -6.78; testable
member	letters A-Z	CIRCUMFERENCES^-1 | TO^-1 | LIBERPRIMUS	best LLR -3.54; testable
member	letters A-Z	CIRCUMFERENCES^-1 | WE^-1 | LIBERPRIMUS	best LLR -8.89; testable
member	letters A-Z	CIRCUMFERENCES^-1 | MUST^-1 | LIBERPRIMUS	best LLR -6.82; testable
member	letters A-Z	CIRCUMFERENCES^-1 | SHED^-1 | LIBERPRIMUS	best LLR -7.64; testable
member	letters A-Z	CIRCUMFERENCES^-1 | OUR | LIBERPRIMUS	best LLR -8.22; testable
member	letters A-Z	CIRCUMFERENCES^-1 | CIRCUMFERENCES^-1 | LIBERPRIMUS	best LLR -8.88; testable
member	letters A-Z	CIRCUMFERENCES^-1 | FIND | LIBERPRIMUS	best LLR -8.11; testable
member	letters A-Z	CIRCUMFERENCES^-1 | WITHIN | LIBERPRIMUS	best LLR -8.76; testable
member	letters A-Z	CIRCUMFERENCES^-1 | AND | LIBERPRIMUS	best LLR -8.53; testable
member	letters A-Z	CIRCUMFERENCES^-1 | AND^-1 | LIBERPRIMUS	best LLR -6.81; testable
member	letters A-Z	CIRCUMFERENCES^-1 | EMERGE | LIBERPRIMUS	best LLR -9.87; testable
member	letters A-Z	CIRCUMFERENCES^-1 | PRIMUS^-1 | LIBERPRIMUS	best LLR -9.25; testable
member	letters A-Z	CIRCUMFERENCES^-1 | TOTIENT | LIBERPRIMUS	best LLR -7.13; testable
member	letters A-Z	CIRCUMFERENCES^-1 | TOTIENT^-1 | LIBERPRIMUS	best LLR -9.62; testable
member	letters A-Z	CIRCUMFERENCES^-1 | id | LIBERPRIMUS^-1	best LLR -6.12; testable
member	letters A-Z	CIRCUMFERENCES^-1 | DIVINITY | LIBERPRIMUS^-1	best LLR -6.78; testable
member	letters A-Z	CIRCUMFERENCES^-1 | FIRFUMFERENFE | LIBERPRIMUS^-1	best LLR -9.49; testable
member	letters A-Z	CIRCUMFERENCES^-1 | KNOWTHIS | LIBERPRIMUS^-1	best LLR -9.32; testable
member	letters A-Z	CIRCUMFERENCES^-1 | AKOAN | LIBERPRIMUS^-1	best LLR -7.27; testable
member	letters A-Z	CIRCUMFERENCES^-1 | ANEND^-1 | LIBERPRIMUS^-1	best LLR -8.20; testable
member	letters A-Z	CIRCUMFERENCES^-1 | LIKE | LIBERPRIMUS^-1	best LLR -7.86; testable
member	letters A-Z	CIRCUMFERENCES^-1 | THE | LIBERPRIMUS^-1	best LLR -6.88; testable
member	letters A-Z	CIRCUMFERENCES^-1 | THE^-1 | LIBERPRIMUS^-1	best LLR -4.74; testable
member	letters A-Z	CIRCUMFERENCES^-1 | INSTAR^-1 | LIBERPRIMUS^-1	best LLR -9.39; testable
member	letters A-Z	CIRCUMFERENCES^-1 | TUNNELING^-1 | LIBERPRIMUS^-1	best LLR -6.90; testable
member	letters A-Z	CIRCUMFERENCES^-1 | TO | LIBERPRIMUS^-1	best LLR -6.78; testable
member	letters A-Z	CIRCUMFERENCES^-1 | TO^-1 | LIBERPRIMUS^-1	best LLR -3.54; testable
member	letters A-Z	CIRCUMFERENCES^-1 | WE^-1 | LIBERPRIMUS^-1	best LLR -8.89; testable
member	letters A-Z	CIRCUMFERENCES^-1 | MUST^-1 | LIBERPRIMUS^-1	best LLR -6.82; testable
member	letters A-Z	CIRCUMFERENCES^-1 | SHED^-1 | LIBERPRIMUS^-1	best LLR -7.64; testable
member	letters A-Z	CIRCUMFERENCES^-1 | OUR | LIBERPRIMUS^-1	best LLR -8.22; testable
member	letters A-Z	CIRCUMFERENCES^-1 | CIRCUMFERENCES^-1 | LIBERPRIMUS^-1	best LLR -8.88; testable
member	letters A-Z	CIRCUMFERENCES^-1 | FIND | LIBERPRIMUS^-1	best LLR -8.11; testable
member	letters A-Z	CIRCUMFERENCES^-1 | WITHIN | LIBERPRIMUS^-1	best LLR -8.76; testable
member	letters A-Z	CIRCUMFERENCES^-1 | AND | LIBERPRIMUS^-1	best LLR -8.53; testable
member	letters A-Z	CIRCUMFERENCES^-1 | AND^-1 | LIBERPRIMUS^-1	best LLR -6.81; testable
member	letters A-Z	CIRCUMFERENCES^-1 | EMERGE | LIBERPRIMUS^-1	best LLR -9.87; testable
member	letters A-Z	CIRCUMFERENCES^-1 | PRIMUS^-1 | LIBERPRIMUS^-1	best LLR -9.25; testable
member	letters A-Z	CIRCUMFERENCES^-1 | TOTIENT | LIBERPRIMUS^-1	best LLR -7.13; testable
member	letters A-Z	CIRCUMFERENCES^-1 | TOTIENT^-1 | LIBERPRIMUS^-1	best LLR -9.62; testable
member	letters A-Z	CIRCUMFERENCES^-1 | id | PRIMUS	best LLR -6.12; testable
member	letters A-Z	CIRCUMFERENCES^-1 | DIVINITY | PRIMUS	best LLR -6.78; testable
member	letters A-Z	CIRCUMFERENCES^-1 | FIRFUMFERENFE | PRIMUS	best LLR -9.49; testable
member	letters A-Z	CIRCUMFERENCES^-1 | KNOWTHIS | PRIMUS	best LLR -9.32; testable
member	letters A-Z	CIRCUMFERENCES^-1 | AKOAN | PRIMUS	best LLR -7.27; testable
member	letters A-Z	CIRCUMFERENCES^-1 | ANEND^-1 | PRIMUS	best LLR -8.20; testable
member	letters A-Z	CIRCUMFERENCES^-1 | LIKE | PRIMUS	best LLR -7.86; testable
member	letters A-Z	CIRCUMFERENCES^-1 | THE | PRIMUS	best LLR -6.88; testable
member	letters A-Z	CIRCUMFERENCES^-1 | THE^-1 | PRIMUS	best LLR -4.74; testable
member	letters A-Z	CIRCUMFERENCES^-1 | INSTAR^-1 | PRIMUS	best LLR -9.39; testable
member	letters A-Z	CIRCUMFERENCES^-1 | TUNNELING^-1 | PRIMUS	best LLR -6.90; testable
member	letters A-Z	CIRCUMFERENCES^-1 | TO | PRIMUS	best LLR -6.78; testable
member	letters A-Z	CIRCUMFERENCES^-1 | TO^-1 | PRIMUS	best LLR -3.54; testable
member	letters A-Z	CIRCUMFERENCES^-1 | WE^-1 | PRIMUS	best LLR -8.89; testable
member	letters A-Z	CIRCUMFERENCES^-1 | MUST^-1 | PRIMUS	best LLR -6.82; testable
member	letters A-Z	CIRCUMFERENCES^-1 | SHED^-1 | PRIMUS	best LLR -7.64; testable
member	letters A-Z	CIRCUMFERENCES^-1 | OUR | PRIMUS	best LLR -8.22; testable
member	letters A-Z	CIRCUMFERENCES^-1 | CIRCUMFERENCES^-1 | PRIMUS	best LLR -8.88; testable
member	letters A-Z	CIRCUMFERENCES^-1 | FIND | PRIMUS	best LLR -8.11; testable
member	letters A-Z	CIRCUMFERENCES^-1 | WITHIN | PRIMUS	best LLR -8.76; testable
member	letters A-Z	CIRCUMFERENCES^-1 | AND | PRIMUS	best LLR -8.53; testable
member	letters A-Z	CIRCUMFERENCES^-1 | AND^-1 | PRIMUS	best LLR -6.81; testable
member	letters A-Z	CIRCUMFERENCES^-1 | EMERGE | PRIMUS	best LLR -9.87; testable
member	letters A-Z	CIRCUMFERENCES^-1 | PRIMUS^-1 | PRIMUS	best LLR -9.25; testable
member	letters A-Z	CIRCUMFERENCES^-1 | TOTIENT | PRIMUS	best LLR -7.13; testable
member	letters A-Z	CIRCUMFERENCES^-1 | TOTIENT^-1 | PRIMUS	best LLR -9.62; testable
member	letters A-Z	CIRCUMFERENCES^-1 | id | PRIMUS^-1	best LLR -6.12; testable
member	letters A-Z	CIRCUMFERENCES^-1 | DIVINITY | PRIMUS^-1	best LLR -6.78; testable
member	letters A-Z	CIRCUMFERENCES^-1 | FIRFUMFERENFE | PRIMUS^-1	best LLR -9.49; testable
member	letters A-Z	CIRCUMFERENCES^-1 | KNOWTHIS | PRIMUS^-1	best LLR -9.32; testable
member	letters A-Z	CIRCUMFERENCES^-1 | AKOAN | PRIMUS^-1	best LLR -7.27; testable
member	letters A-Z	CIRCUMFERENCES^-1 | ANEND^-1 | PRIMUS^-1	best LLR -8.20; testable
member	letters A-Z	CIRCUMFERENCES^-1 | LIKE | PRIMUS^-1	best LLR -7.86; testable
member	letters A-Z	CIRCUMFERENCES^-1 | THE | PRIMUS^-1	best LLR -6.88; testable
member	letters A-Z	CIRCUMFERENCES^-1 | THE^-1 | PRIMUS^-1	best LLR -4.74; testable
member	letters A-Z	CIRCUMFERENCES^-1 | INSTAR^-1 | PRIMUS^-1	best LLR -9.39; testable
member	letters A-Z	CIRCUMFERENCES^-1 | TUNNELING^-1 | PRIMUS^-1	best LLR -6.90; testable
member	letters A-Z	CIRCUMFERENCES^-1 | TO | PRIMUS^-1	best LLR -6.78; testable
member	letters A-Z	CIRCUMFERENCES^-1 | TO^-1 | PRIMUS^-1	best LLR -3.54; testable
member	letters A-Z	CIRCUMFERENCES^-1 | WE^-1 | PRIMUS^-1	best LLR -8.89; testable
member	letters A-Z	CIRCUMFERENCES^-1 | MUST^-1 | PRIMUS^-1	best LLR -6.82; testable
member	letters A-Z	CIRCUMFERENCES^-1 | SHED^-1 | PRIMUS^-1	best LLR -7.64; testable
member	letters A-Z	CIRCUMFERENCES^-1 | OUR | PRIMUS^-1	best LLR -8.22; testable
member	letters A-Z	CIRCUMFERENCES^-1 | CIRCUMFERENCES^-1 | PRIMUS^-1	best LLR -8.88; testable
member	letters A-Z	CIRCUMFERENCES^-1 | FIND | PRIMUS^-1	best LLR -8.11; testable
member	letters A-Z	CIRCUMFERENCES^-1 | WITHIN | PRIMUS^-1	best LLR -8.76; testable
member	letters A-Z	CIRCUMFERENCES^-1 | AND | PRIMUS^-1	best LLR -8.53; testable
member	letters A-Z	CIRCUMFERENCES^-1 | AND^-1 | PRIMUS^-1	best LLR -6.81; testable
member	letters A-Z	CIRCUMFERENCES^-1 | EMERGE | PRIMUS^-1	best LLR -9.87; testable
member	letters A-Z	CIRCUMFERENCES^-1 | PRIMUS^-1 | PRIMUS^-1	best LLR -9.25; testable
member	letters A-Z	CIRCUMFERENCES^-1 | TOTIENT | PRIMUS^-1	best LLR -7.13; testable
member	letters A-Z	CIRCUMFERENCES^-1 | TOTIENT^-1 | PRIMUS^-1	best LLR -9.62; testable
member	letters A-Z	CIRCUMFERENCES^-1 | id | CICADA	best LLR -6.12; testable
member	letters A-Z	CIRCUMFERENCES^-1 | DIVINITY | CICADA	best LLR -6.78; testable
member	letters A-Z	CIRCUMFERENCES^-1 | FIRFUMFERENFE | CICADA	best LLR -9.49; testable
member	letters A-Z	CIRCUMFERENCES^-1 | KNOWTHIS | CICADA	best LLR -9.32; testable
member	letters A-Z	CIRCUMFERENCES^-1 | AKOAN | CICADA	best LLR -7.27; testable
member	letters A-Z	CIRCUMFERENCES^-1 | ANEND^-1 | CICADA	best LLR -8.20; testable
member	letters A-Z	CIRCUMFERENCES^-1 | LIKE | CICADA	best LLR -7.86; testable
member	letters A-Z	CIRCUMFERENCES^-1 | THE | CICADA	best LLR -6.88; testable
member	letters A-Z	CIRCUMFERENCES^-1 | THE^-1 | CICADA	best LLR -4.74; testable
member	letters A-Z	CIRCUMFERENCES^-1 | INSTAR^-1 | CICADA	best LLR -9.39; testable
member	letters A-Z	CIRCUMFERENCES^-1 | TUNNELING^-1 | CICADA	best LLR -6.90; testable
member	letters A-Z	CIRCUMFERENCES^-1 | TO | CICADA	best LLR -6.78; testable
member	letters A-Z	CIRCUMFERENCES^-1 | TO^-1 | CICADA	best LLR -3.54; testable
member	letters A-Z	CIRCUMFERENCES^-1 | WE^-1 | CICADA	best LLR -8.89; testable
member	letters A-Z	CIRCUMFERENCES^-1 | MUST^-1 | CICADA	best LLR -6.82; testable
member	letters A-Z	CIRCUMFERENCES^-1 | SHED^-1 | CICADA	best LLR -7.64; testable
member	letters A-Z	CIRCUMFERENCES^-1 | OUR | CICADA	best LLR -8.22; testable
member	letters A-Z	CIRCUMFERENCES^-1 | CIRCUMFERENCES^-1 | CICADA	best LLR -8.88; testable
member	letters A-Z	CIRCUMFERENCES^-1 | FIND | CICADA	best LLR -8.11; testable
member	letters A-Z	CIRCUMFERENCES^-1 | WITHIN | CICADA	best LLR -8.76; testable
member	letters A-Z	CIRCUMFERENCES^-1 | AND | CICADA	best LLR -8.53; testable
member	letters A-Z	CIRCUMFERENCES^-1 | AND^-1 | CICADA	best LLR -6.81; testable
member	letters A-Z	CIRCUMFERENCES^-1 | EMERGE | CICADA	best LLR -9.87; testable
member	letters A-Z	CIRCUMFERENCES^-1 | PRIMUS^-1 | CICADA	best LLR -9.25; testable
member	letters A-Z	CIRCUMFERENCES^-1 | TOTIENT | CICADA	best LLR -7.13; testable
member	letters A-Z	CIRCUMFERENCES^-1 | TOTIENT^-1 | CICADA	best LLR -9.62; testable
member	letters A-Z	CIRCUMFERENCES^-1 | id | CICADA^-1	best LLR -6.12; testable
member	letters A-Z	CIRCUMFERENCES^-1 | DIVINITY | CICADA^-1	best LLR -6.78; testable
member	letters A-Z	CIRCUMFERENCES^-1 | FIRFUMFERENFE | CICADA^-1	best LLR -9.49; testable
member	letters A-Z	CIRCUMFERENCES^-1 | KNOWTHIS | CICADA^-1	best LLR -9.32; testable
member	letters A-Z	CIRCUMFERENCES^-1 | AKOAN | CICADA^-1	best LLR -7.27; testable
member	letters A-Z	CIRCUMFERENCES^-1 | ANEND^-1 | CICADA^-1	best LLR -8.20; testable
member	letters A-Z	CIRCUMFERENCES^-1 | LIKE | CICADA^-1	best LLR -7.86; testable
member	letters A-Z	CIRCUMFERENCES^-1 | THE | CICADA^-1	best LLR -6.88; testable
member	letters A-Z	CIRCUMFERENCES^-1 | THE^-1 | CICADA^-1	best LLR -4.74; testable
member	letters A-Z	CIRCUMFERENCES^-1 | INSTAR^-1 | CICADA^-1	best LLR -9.39; testable
member	letters A-Z	CIRCUMFERENCES^-1 | TUNNELING^-1 | CICADA^-1	best LLR -6.90; testable
member	letters A-Z	CIRCUMFERENCES^-1 | TO | CICADA^-1	best LLR -6.78; testable
member	letters A-Z	CIRCUMFERENCES^-1 | TO^-1 | CICADA^-1	best LLR -3.54; testable
member	letters A-Z	CIRCUMFERENCES^-1 | WE^-1 | CICADA^-1	best LLR -8.89; testable
member	letters A-Z	CIRCUMFERENCES^-1 | MUST^-1 | CICADA^-1	best LLR -6.82; testable
member	letters A-Z	CIRCUMFERENCES^-1 | SHED^-1 | CICADA^-1	best LLR -7.64; testable
member	letters A-Z	CIRCUMFERENCES^-1 | OUR | CICADA^-1	best LLR -8.22; testable
member	letters A-Z	CIRCUMFERENCES^-1 | CIRCUMFERENCES^-1 | CICADA^-1	best LLR -8.88; testable
member	letters A-Z	CIRCUMFERENCES^-1 | FIND | CICADA^-1	best LLR -8.11; testable
member	letters A-Z	CIRCUMFERENCES^-1 | WITHIN | CICADA^-1	best LLR -8.76; testable
member	letters A-Z	CIRCUMFERENCES^-1 | AND | CICADA^-1	best LLR -8.53; testable
member	letters A-Z	CIRCUMFERENCES^-1 | AND^-1 | CICADA^-1	best LLR -6.81; testable
member	letters A-Z	CIRCUMFERENCES^-1 | EMERGE | CICADA^-1	best LLR -9.87; testable
member	letters A-Z	CIRCUMFERENCES^-1 | PRIMUS^-1 | CICADA^-1	best LLR -9.25; testable
member	letters A-Z	CIRCUMFERENCES^-1 | TOTIENT | CICADA^-1	best LLR -7.13; testable
member	letters A-Z	CIRCUMFERENCES^-1 | TOTIENT^-1 | CICADA^-1	best LLR -9.62; testable
member	letters A-Z	CIRCUMFERENCES^-1 | id | PRIMES	best LLR -6.12; testable
member	letters A-Z	CIRCUMFERENCES^-1 | DIVINITY | PRIMES	best LLR -6.78; testable
member	letters A-Z	CIRCUMFERENCES^-1 | FIRFUMFERENFE | PRIMES	best LLR -9.49; testable
member	letters A-Z	CIRCUMFERENCES^-1 | KNOWTHIS | PRIMES	best LLR -9.32; testable
member	letters A-Z	CIRCUMFERENCES^-1 | AKOAN | PRIMES	best LLR -7.27; testable
member	letters A-Z	CIRCUMFERENCES^-1 | ANEND^-1 | PRIMES	best LLR -8.20; testable
member	letters A-Z	CIRCUMFERENCES^-1 | LIKE | PRIMES	best LLR -7.86; testable
member	letters A-Z	CIRCUMFERENCES^-1 | THE | PRIMES	best LLR -6.88; testable
member	letters A-Z	CIRCUMFERENCES^-1 | THE^-1 | PRIMES	best LLR -4.74; testable
member	letters A-Z	CIRCUMFERENCES^-1 | INSTAR^-1 | PRIMES	best LLR -9.39; testable
member	letters A-Z	CIRCUMFERENCES^-1 | TUNNELING^-1 | PRIMES	best LLR -6.90; testable
member	letters A-Z	CIRCUMFERENCES^-1 | TO | PRIMES	best LLR -6.78; testable
member	letters A-Z	CIRCUMFERENCES^-1 | TO^-1 | PRIMES	best LLR -3.54; testable
member	letters A-Z	CIRCUMFERENCES^-1 | WE^-1 | PRIMES	best LLR -8.89; testable
member	letters A-Z	CIRCUMFERENCES^-1 | MUST^-1 | PRIMES	best LLR -6.82; testable
member	letters A-Z	CIRCUMFERENCES^-1 | SHED^-1 | PRIMES	best LLR -7.64; testable
member	letters A-Z	CIRCUMFERENCES^-1 | OUR | PRIMES	best LLR -8.22; testable
member	letters A-Z	CIRCUMFERENCES^-1 | CIRCUMFERENCES^-1 | PRIMES	best LLR -8.88; testable
member	letters A-Z	CIRCUMFERENCES^-1 | FIND | PRIMES	best LLR -8.11; testable
member	letters A-Z	CIRCUMFERENCES^-1 | WITHIN | PRIMES	best LLR -8.76; testable
member	letters A-Z	CIRCUMFERENCES^-1 | AND | PRIMES	best LLR -8.53; testable
member	letters A-Z	CIRCUMFERENCES^-1 | AND^-1 | PRIMES	best LLR -6.81; testable
member	letters A-Z	CIRCUMFERENCES^-1 | EMERGE | PRIMES	best LLR -9.87; testable
member	letters A-Z	CIRCUMFERENCES^-1 | PRIMUS^-1 | PRIMES	best LLR -9.25; testable
member	letters A-Z	CIRCUMFERENCES^-1 | TOTIENT | PRIMES	best LLR -7.13; testable
member	letters A-Z	CIRCUMFERENCES^-1 | TOTIENT^-1 | PRIMES	best LLR -9.62; testable
member	letters A-Z	CIRCUMFERENCES^-1 | id | PRIMES^-1	best LLR -6.12; testable
member	letters A-Z	CIRCUMFERENCES^-1 | DIVINITY | PRIMES^-1	best LLR -6.78; testable
member	letters A-Z	CIRCUMFERENCES^-1 | FIRFUMFERENFE | PRIMES^-1	best LLR -9.49; testable
member	letters A-Z	CIRCUMFERENCES^-1 | KNOWTHIS | PRIMES^-1	best LLR -9.32; testable
member	letters A-Z	CIRCUMFERENCES^-1 | AKOAN | PRIMES^-1	best LLR -7.27; testable
member	letters A-Z	CIRCUMFERENCES^-1 | ANEND^-1 | PRIMES^-1	best LLR -8.20; testable
member	letters A-Z	CIRCUMFERENCES^-1 | LIKE | PRIMES^-1	best LLR -7.86; testable
member	letters A-Z	CIRCUMFERENCES^-1 | THE | PRIMES^-1	best LLR -6.88; testable
member	letters A-Z	CIRCUMFERENCES^-1 | THE^-1 | PRIMES^-1	best LLR -4.74; testable
member	letters A-Z	CIRCUMFERENCES^-1 | INSTAR^-1 | PRIMES^-1	best LLR -9.39; testable
member	letters A-Z	CIRCUMFERENCES^-1 | TUNNELING^-1 | PRIMES^-1	best LLR -6.90; testable
member	letters A-Z	CIRCUMFERENCES^-1 | TO | PRIMES^-1	best LLR -6.78; testable
member	letters A-Z	CIRCUMFERENCES^-1 | TO^-1 | PRIMES^-1	best LLR -3.54; testable
member	letters A-Z	CIRCUMFERENCES^-1 | WE^-1 | PRIMES^-1	best LLR -8.89; testable
member	letters A-Z	CIRCUMFERENCES^-1 | MUST^-1 | PRIMES^-1	best LLR -6.82; testable
member	letters A-Z	CIRCUMFERENCES^-1 | SHED^-1 | PRIMES^-1	best LLR -7.64; testable
member	letters A-Z	CIRCUMFERENCES^-1 | OUR | PRIMES^-1	best LLR -8.22; testable
member	letters A-Z	CIRCUMFERENCES^-1 | CIRCUMFERENCES^-1 | PRIMES^-1	best LLR -8.88; testable
member	letters A-Z	CIRCUMFERENCES^-1 | FIND | PRIMES^-1	best LLR -8.11; testable
member	letters A-Z	CIRCUMFERENCES^-1 | WITHIN | PRIMES^-1	best LLR -8.76; testable
member	letters A-Z	CIRCUMFERENCES^-1 | AND | PRIMES^-1	best LLR -8.53; testable
member	letters A-Z	CIRCUMFERENCES^-1 | AND^-1 | PRIMES^-1	best LLR -6.81; testable
member	letters A-Z	CIRCUMFERENCES^-1 | EMERGE | PRIMES^-1	best LLR -9.87; testable
member	letters A-Z	CIRCUMFERENCES^-1 | PRIMUS^-1 | PRIMES^-1	best LLR -9.25; testable
member	letters A-Z	CIRCUMFERENCES^-1 | TOTIENT | PRIMES^-1	best LLR -7.13; testable
member	letters A-Z	CIRCUMFERENCES^-1 | TOTIENT^-1 | PRIMES^-1	best LLR -9.62; testable
member	letters A-Z	CIRCUMFERENCES^-1 | id | TOTIENT	best LLR -6.12; testable
member	letters A-Z	CIRCUMFERENCES^-1 | DIVINITY | TOTIENT	best LLR -6.78; testable
member	letters A-Z	CIRCUMFERENCES^-1 | FIRFUMFERENFE | TOTIENT	best LLR -9.49; testable
member	letters A-Z	CIRCUMFERENCES^-1 | KNOWTHIS | TOTIENT	best LLR -9.32; testable
member	letters A-Z	CIRCUMFERENCES^-1 | AKOAN | TOTIENT	best LLR -7.27; testable
member	letters A-Z	CIRCUMFERENCES^-1 | ANEND^-1 | TOTIENT	best LLR -8.20; testable
member	letters A-Z	CIRCUMFERENCES^-1 | LIKE | TOTIENT	best LLR -7.86; testable
member	letters A-Z	CIRCUMFERENCES^-1 | THE | TOTIENT	best LLR -6.88; testable
member	letters A-Z	CIRCUMFERENCES^-1 | THE^-1 | TOTIENT	best LLR -4.74; testable
member	letters A-Z	CIRCUMFERENCES^-1 | INSTAR^-1 | TOTIENT	best LLR -9.39; testable
member	letters A-Z	CIRCUMFERENCES^-1 | TUNNELING^-1 | TOTIENT	best LLR -6.90; testable
member	letters A-Z	CIRCUMFERENCES^-1 | TO | TOTIENT	best LLR -6.78; testable
member	letters A-Z	CIRCUMFERENCES^-1 | TO^-1 | TOTIENT	best LLR -3.54; testable
member	letters A-Z	CIRCUMFERENCES^-1 | WE^-1 | TOTIENT	best LLR -8.89; testable
member	letters A-Z	CIRCUMFERENCES^-1 | MUST^-1 | TOTIENT	best LLR -6.82; testable
member	letters A-Z	CIRCUMFERENCES^-1 | SHED^-1 | TOTIENT	best LLR -7.64; testable
member	letters A-Z	CIRCUMFERENCES^-1 | OUR | TOTIENT	best LLR -8.22; testable
member	letters A-Z	CIRCUMFERENCES^-1 | CIRCUMFERENCES^-1 | TOTIENT	best LLR -8.88; testable
member	letters A-Z	CIRCUMFERENCES^-1 | FIND | TOTIENT	best LLR -8.11; testable
member	letters A-Z	CIRCUMFERENCES^-1 | WITHIN | TOTIENT	best LLR -8.76; testable
member	letters A-Z	CIRCUMFERENCES^-1 | AND | TOTIENT	best LLR -8.53; testable
member	letters A-Z	CIRCUMFERENCES^-1 | AND^-1 | TOTIENT	best LLR -6.81; testable
member	letters A-Z	CIRCUMFERENCES^-1 | EMERGE | TOTIENT	best LLR -9.87; testable
member	letters A-Z	CIRCUMFERENCES^-1 | PRIMUS^-1 | TOTIENT	best LLR -9.25; testable
member	letters A-Z	CIRCUMFERENCES^-1 | TOTIENT | TOTIENT	best LLR -7.13; testable
member	letters A-Z	CIRCUMFERENCES^-1 | TOTIENT^-1 | TOTIENT	best LLR -9.62; testable
member	letters A-Z	CIRCUMFERENCES^-1 | id | TOTIENT^-1	best LLR -6.12; testable
member	letters A-Z	CIRCUMFERENCES^-1 | DIVINITY | TOTIENT^-1	best LLR -6.78; testable
member	letters A-Z	CIRCUMFERENCES^-1 | FIRFUMFERENFE | TOTIENT^-1	best LLR -9.49; testable
member	letters A-Z	CIRCUMFERENCES^-1 | KNOWTHIS | TOTIENT^-1	best LLR -9.32; testable
member	letters A-Z	CIRCUMFERENCES^-1 | AKOAN | TOTIENT^-1	best LLR -7.27; testable
member	letters A-Z	CIRCUMFERENCES^-1 | ANEND^-1 | TOTIENT^-1	best LLR -8.20; testable
member	letters A-Z	CIRCUMFERENCES^-1 | LIKE | TOTIENT^-1	best LLR -7.86; testable
member	letters A-Z	CIRCUMFERENCES^-1 | THE | TOTIENT^-1	best LLR -6.88; testable
member	letters A-Z	CIRCUMFERENCES^-1 | THE^-1 | TOTIENT^-1	best LLR -4.74; testable
member	letters A-Z	CIRCUMFERENCES^-1 | INSTAR^-1 | TOTIENT^-1	best LLR -9.39; testable
member	letters A-Z	CIRCUMFERENCES^-1 | TUNNELING^-1 | TOTIENT^-1	best LLR -6.90; testable
member	letters A-Z	CIRCUMFERENCES^-1 | TO | TOTIENT^-1	best LLR -6.78; testable
member	letters A-Z	CIRCUMFERENCES^-1 | TO^-1 | TOTIENT^-1	best LLR -3.54; testable
member	letters A-Z	CIRCUMFERENCES^-1 | WE^-1 | TOTIENT^-1	best LLR -8.89; testable
member	letters A-Z	CIRCUMFERENCES^-1 | MUST^-1 | TOTIENT^-1	best LLR -6.82; testable
member	letters A-Z	CIRCUMFERENCES^-1 | SHED^-1 | TOTIENT^-1	best LLR -7.64; testable
member	letters A-Z	CIRCUMFERENCES^-1 | OUR | TOTIENT^-1	best LLR -8.22; testable
member	letters A-Z	CIRCUMFERENCES^-1 | CIRCUMFERENCES^-1 | TOTIENT^-1	best LLR -8.88; testable
member	letters A-Z	CIRCUMFERENCES^-1 | FIND | TOTIENT^-1	best LLR -8.11; testable
member	letters A-Z	CIRCUMFERENCES^-1 | WITHIN | TOTIENT^-1	best LLR -8.76; testable
member	letters A-Z	CIRCUMFERENCES^-1 | AND | TOTIENT^-1	best LLR -8.53; testable
member	letters A-Z	CIRCUMFERENCES^-1 | AND^-1 | TOTIENT^-1	best LLR -6.81; testable
member	letters A-Z	CIRCUMFERENCES^-1 | EMERGE | TOTIENT^-1	best LLR -9.87; testable
member	letters A-Z	CIRCUMFERENCES^-1 | PRIMUS^-1 | TOTIENT^-1	best LLR -9.25; testable
member	letters A-Z	CIRCUMFERENCES^-1 | TOTIENT | TOTIENT^-1	best LLR -7.13; testable
member	letters A-Z	CIRCUMFERENCES^-1 | TOTIENT^-1 | TOTIENT^-1	best LLR -9.62; testable
member	letters A-Z	FIND^-1 | ANINSTRUCTION | id	best LLR -9.27; testable
member	letters A-Z	FIND^-1 | WELCOME^-1 | DIVINITY	best LLR -7.20; testable
member	letters A-Z	FIND^-1 | ANINSTRUCTION | FIRFUMFERENFE	best LLR -9.27; testable
member	letters A-Z	FIND^-1 | ANINSTRUCTION | FIRFUMFERENFE^-1	best LLR -9.27; testable
member	letters A-Z	FIND^-1 | ANINSTRUCTION | AWARNING	best LLR -9.27; testable
member	letters A-Z	FIND^-1 | ANINSTRUCTION | AWARNING^-1	best LLR -9.27; testable
member	letters A-Z	FIND^-1 | ANINSTRUCTION | WELCOME	best LLR -9.27; testable
member	letters A-Z	FIND^-1 | ANINSTRUCTION | WELCOME^-1	best LLR -9.27; testable
member	letters A-Z	FIND^-1 | ANINSTRUCTION | WISDOM	best LLR -9.27; testable
member	letters A-Z	FIND^-1 | ANINSTRUCTION | WISDOM^-1	best LLR -9.27; testable
member	letters A-Z	FIND^-1 | ANINSTRUCTION | SOMEWISDOM	best LLR -9.27; testable
member	letters A-Z	FIND^-1 | ANINSTRUCTION | SOMEWISDOM^-1	best LLR -9.27; testable
member	letters A-Z	FIND^-1 | ANINSTRUCTION | KNOWTHIS	best LLR -9.27; testable
member	letters A-Z	FIND^-1 | ANINSTRUCTION | KNOWTHIS^-1	best LLR -9.27; testable
member	letters A-Z	FIND^-1 | ANINSTRUCTION | AKOAN	best LLR -9.27; testable
member	letters A-Z	FIND^-1 | ANINSTRUCTION | AKOAN^-1	best LLR -9.27; testable
member	letters A-Z	FIND^-1 | WELCOME^-1 | THELOSSOFDIVINITY	best LLR -7.20; testable
member	letters A-Z	FIND^-1 | AWARNING | THELOSSOFDIVINITY^-1	best LLR -9.98; testable
member	letters A-Z	FIND^-1 | WELCOME^-1 | THELOSSOFDIVINITY^-1	best LLR -9.37; testable
member	letters A-Z	FIND^-1 | EMERGE | THELOSSOFDIVINITY^-1	best LLR -8.90; testable
member	letters A-Z	FIND^-1 | PRIMES^-1 | THELOSSOFDIVINITY^-1	best LLR -8.86; testable
member	letters A-Z	FIND^-1 | ANINSTRUCTION | ANEND	best LLR -9.27; testable
member	letters A-Z	FIND^-1 | ANINSTRUCTION | ANEND^-1	best LLR -9.27; testable
member	letters A-Z	FIND^-1 | ANINSTRUCTION | PARABLE	best LLR -9.27; testable
member	letters A-Z	FIND^-1 | ANINSTRUCTION | PARABLE^-1	best LLR -9.27; testable
member	letters A-Z	FIND^-1 | ANINSTRUCTION | LIKE	best LLR -9.27; testable
member	letters A-Z	FIND^-1 | ANINSTRUCTION | LIKE^-1	best LLR -9.27; testable
member	letters A-Z	FIND^-1 | ANINSTRUCTION | THE	best LLR -9.27; testable
member	letters A-Z	FIND^-1 | ANINSTRUCTION | THE^-1	best LLR -9.27; testable
member	letters A-Z	FIND^-1 | ANINSTRUCTION | INSTAR	best LLR -9.27; testable
member	letters A-Z	FIND^-1 | ANINSTRUCTION | INSTAR^-1	best LLR -9.27; testable
member	letters A-Z	FIND^-1 | ANINSTRUCTION | TUNNELING	best LLR -9.27; testable
member	letters A-Z	FIND^-1 | ANINSTRUCTION | TUNNELING^-1	best LLR -9.27; testable
member	letters A-Z	FIND^-1 | ANINSTRUCTION | TO	best LLR -9.27; testable
member	letters A-Z	FIND^-1 | ANINSTRUCTION | TO^-1	best LLR -9.27; testable
member	letters A-Z	FIND^-1 | ANINSTRUCTION | SURFACE	best LLR -9.27; testable
member	letters A-Z	FIND^-1 | ANINSTRUCTION | SURFACE^-1	best LLR -9.27; testable
member	letters A-Z	FIND^-1 | ANINSTRUCTION | WE	best LLR -9.27; testable
member	letters A-Z	FIND^-1 | ANINSTRUCTION | WE^-1	best LLR -9.27; testable
member	letters A-Z	FIND^-1 | ANINSTRUCTION | MUST	best LLR -9.27; testable
member	letters A-Z	FIND^-1 | ANINSTRUCTION | MUST^-1	best LLR -9.27; testable
member	letters A-Z	FIND^-1 | ANINSTRUCTION | SHED	best LLR -9.27; testable
member	letters A-Z	FIND^-1 | ANINSTRUCTION | SHED^-1	best LLR -9.27; testable
member	letters A-Z	FIND^-1 | ANINSTRUCTION | OUR	best LLR -9.27; testable
member	letters A-Z	FIND^-1 | ANINSTRUCTION | OWN	best LLR -9.27; testable
member	letters A-Z	FIND^-1 | ANINSTRUCTION | OWN^-1	best LLR -9.27; testable
member	letters A-Z	FIND^-1 | ANINSTRUCTION | CIRCUMFERENCES	best LLR -9.27; testable
member	letters A-Z	FIND^-1 | ANINSTRUCTION | CIRCUMFERENCES^-1	best LLR -9.27; testable
member	letters A-Z	FIND^-1 | ANINSTRUCTION | FIND	best LLR -9.27; testable
member	letters A-Z	FIND^-1 | ANINSTRUCTION | FIND^-1	best LLR -9.27; testable
member	letters A-Z	FIND^-1 | ANINSTRUCTION | WITHIN	best LLR -9.27; testable
member	letters A-Z	FIND^-1 | ANINSTRUCTION | WITHIN^-1	best LLR -9.27; testable
member	letters A-Z	FIND^-1 | ANINSTRUCTION | AND	best LLR -9.27; testable
member	letters A-Z	FIND^-1 | ANINSTRUCTION | AND^-1	best LLR -9.27; testable
member	letters A-Z	FIND^-1 | ANINSTRUCTION | EMERGE	best LLR -9.27; testable
member	letters A-Z	FIND^-1 | ANINSTRUCTION | EMERGE^-1	best LLR -9.27; testable
member	letters A-Z	FIND^-1 | ANINSTRUCTION | CIRCUMFERENCE	best LLR -9.27; testable
member	letters A-Z	FIND^-1 | ANINSTRUCTION | CIRCUMFERENCE^-1	best LLR -9.27; testable
member	letters A-Z	FIND^-1 | ANINSTRUCTION | LIBERPRIMUS	best LLR -9.27; testable
member	letters A-Z	FIND^-1 | ANINSTRUCTION | LIBERPRIMUS^-1	best LLR -9.27; testable
member	letters A-Z	FIND^-1 | ANINSTRUCTION | PRIMUS	best LLR -9.27; testable
member	letters A-Z	FIND^-1 | ANINSTRUCTION | PRIMUS^-1	best LLR -9.27; testable
member	letters A-Z	FIND^-1 | ANINSTRUCTION | CICADA	best LLR -9.27; testable
member	letters A-Z	FIND^-1 | ANINSTRUCTION | CICADA^-1	best LLR -9.27; testable
member	letters A-Z	FIND^-1 | ANINSTRUCTION | PRIMES	best LLR -9.27; testable
member	letters A-Z	FIND^-1 | ANINSTRUCTION | PRIMES^-1	best LLR -9.27; testable
member	letters A-Z	FIND^-1 | ANINSTRUCTION | TOTIENT	best LLR -9.27; testable
member	letters A-Z	FIND^-1 | ANINSTRUCTION | TOTIENT^-1	best LLR -9.27; testable
member	letters A-Z	WITHIN^-1 | FIRFUMFERENFE^-1 | THELOSSOFDIVINITY^-1	best LLR -7.41; testable
member	letters A-Z	WITHIN^-1 | PRIMES^-1 | THELOSSOFDIVINITY^-1	best LLR -8.72; testable
member	letters A-Z	AND^-1 | PRIMUS^-1 | id	best LLR -8.08; testable
member	letters A-Z	AND^-1 | PRIMUS^-1 | FIRFUMFERENFE	best LLR -8.08; testable
member	letters A-Z	AND^-1 | PRIMUS^-1 | FIRFUMFERENFE^-1	best LLR -8.08; testable
member	letters A-Z	AND^-1 | PRIMUS^-1 | AWARNING	best LLR -8.08; testable
member	letters A-Z	AND^-1 | PRIMUS^-1 | AWARNING^-1	best LLR -8.08; testable
member	letters A-Z	AND^-1 | PRIMUS^-1 | WELCOME	best LLR -8.08; testable
member	letters A-Z	AND^-1 | PRIMUS^-1 | WELCOME^-1	best LLR -8.08; testable
member	letters A-Z	AND^-1 | PRIMUS^-1 | WISDOM	best LLR -8.08; testable
member	letters A-Z	AND^-1 | PRIMUS^-1 | WISDOM^-1	best LLR -8.08; testable
member	letters A-Z	AND^-1 | PRIMUS^-1 | SOMEWISDOM	best LLR -8.08; testable
member	letters A-Z	AND^-1 | PRIMUS^-1 | SOMEWISDOM^-1	best LLR -8.08; testable
member	letters A-Z	AND^-1 | PRIMUS^-1 | KNOWTHIS	best LLR -8.08; testable
member	letters A-Z	AND^-1 | PRIMUS^-1 | KNOWTHIS^-1	best LLR -8.08; testable
member	letters A-Z	AND^-1 | PRIMUS^-1 | AKOAN	best LLR -8.08; testable
member	letters A-Z	AND^-1 | PRIMUS^-1 | AKOAN^-1	best LLR -8.08; testable
member	letters A-Z	AND^-1 | PRIMUS^-1 | ANEND	best LLR -8.08; testable
member	letters A-Z	AND^-1 | PRIMUS^-1 | ANEND^-1	best LLR -8.08; testable
member	letters A-Z	AND^-1 | PRIMUS^-1 | PARABLE	best LLR -8.08; testable
member	letters A-Z	AND^-1 | PRIMUS^-1 | PARABLE^-1	best LLR -8.08; testable
member	letters A-Z	AND^-1 | PRIMUS^-1 | LIKE	best LLR -8.08; testable
member	letters A-Z	AND^-1 | PRIMUS^-1 | LIKE^-1	best LLR -8.08; testable
member	letters A-Z	AND^-1 | PRIMUS^-1 | THE	best LLR -8.08; testable
member	letters A-Z	AND^-1 | PRIMUS^-1 | THE^-1	best LLR -8.08; testable
member	letters A-Z	AND^-1 | PRIMUS^-1 | INSTAR	best LLR -8.08; testable
member	letters A-Z	AND^-1 | PRIMUS^-1 | INSTAR^-1	best LLR -8.08; testable
member	letters A-Z	AND^-1 | PRIMUS^-1 | TUNNELING	best LLR -8.08; testable
member	letters A-Z	AND^-1 | PRIMUS^-1 | TUNNELING^-1	best LLR -8.08; testable
member	letters A-Z	AND^-1 | PRIMUS^-1 | TO	best LLR -8.08; testable
member	letters A-Z	AND^-1 | PRIMUS^-1 | TO^-1	best LLR -8.08; testable
member	letters A-Z	AND^-1 | PRIMUS^-1 | SURFACE	best LLR -8.08; testable
member	letters A-Z	AND^-1 | PRIMUS^-1 | SURFACE^-1	best LLR -8.08; testable
member	letters A-Z	AND^-1 | PRIMUS^-1 | WE	best LLR -8.08; testable
member	letters A-Z	AND^-1 | PRIMUS^-1 | WE^-1	best LLR -8.08; testable
member	letters A-Z	AND^-1 | PRIMUS^-1 | MUST	best LLR -8.08; testable
member	letters A-Z	AND^-1 | PRIMUS^-1 | MUST^-1	best LLR -8.08; testable
member	letters A-Z	AND^-1 | PRIMUS^-1 | SHED	best LLR -8.08; testable
member	letters A-Z	AND^-1 | PRIMUS^-1 | SHED^-1	best LLR -8.08; testable
member	letters A-Z	AND^-1 | PRIMUS^-1 | OUR	best LLR -8.08; testable
member	letters A-Z	AND^-1 | PRIMUS^-1 | OWN	best LLR -8.08; testable
member	letters A-Z	AND^-1 | PRIMUS^-1 | OWN^-1	best LLR -8.08; testable
member	letters A-Z	AND^-1 | PRIMUS^-1 | CIRCUMFERENCES	best LLR -8.08; testable
member	letters A-Z	AND^-1 | PRIMUS^-1 | CIRCUMFERENCES^-1	best LLR -8.08; testable
member	letters A-Z	AND^-1 | PRIMUS^-1 | FIND	best LLR -8.08; testable
member	letters A-Z	AND^-1 | PRIMUS^-1 | FIND^-1	best LLR -8.08; testable
member	letters A-Z	AND^-1 | PRIMUS^-1 | WITHIN	best LLR -8.08; testable
member	letters A-Z	AND^-1 | PRIMUS^-1 | WITHIN^-1	best LLR -8.08; testable
member	letters A-Z	AND^-1 | PRIMUS^-1 | AND	best LLR -8.08; testable
member	letters A-Z	AND^-1 | PRIMUS^-1 | AND^-1	best LLR -8.08; testable
member	letters A-Z	AND^-1 | PRIMUS^-1 | EMERGE	best LLR -8.08; testable
member	letters A-Z	AND^-1 | PRIMUS^-1 | EMERGE^-1	best LLR -8.08; testable
member	letters A-Z	AND^-1 | PRIMUS^-1 | CIRCUMFERENCE	best LLR -8.08; testable
member	letters A-Z	AND^-1 | PRIMUS^-1 | CIRCUMFERENCE^-1	best LLR -8.08; testable
member	letters A-Z	AND^-1 | PRIMUS^-1 | LIBERPRIMUS	best LLR -8.08; testable
member	letters A-Z	AND^-1 | PRIMUS^-1 | LIBERPRIMUS^-1	best LLR -8.08; testable
member	letters A-Z	AND^-1 | PRIMUS^-1 | PRIMUS	best LLR -8.08; testable
member	letters A-Z	AND^-1 | PRIMUS^-1 | PRIMUS^-1	best LLR -8.08; testable
member	letters A-Z	AND^-1 | PRIMUS^-1 | CICADA	best LLR -8.08; testable
member	letters A-Z	AND^-1 | PRIMUS^-1 | CICADA^-1	best LLR -8.08; testable
member	letters A-Z	AND^-1 | PRIMUS^-1 | PRIMES	best LLR -8.08; testable
member	letters A-Z	AND^-1 | PRIMUS^-1 | PRIMES^-1	best LLR -8.08; testable
member	letters A-Z	AND^-1 | PRIMUS^-1 | TOTIENT	best LLR -8.08; testable
member	letters A-Z	AND^-1 | PRIMUS^-1 | TOTIENT^-1	best LLR -8.08; testable
member	letters A-Z	EMERGE^-1 | TO | DIVINITY^-1	best LLR -9.90; testable
member	letters A-Z	EMERGE^-1 | OWN | DIVINITY^-1	best LLR -8.62; testable
member	letters A-Z	EMERGE^-1 | PRIMES^-1 | DIVINITY^-1	best LLR -5.49; testable
member	letters A-Z	EMERGE^-1 | TOTIENT^-1 | DIVINITY^-1	best LLR -4.89; testable
member	letters A-Z	CIRCUMFERENCE^-1 | THE | id	best LLR -6.79; testable
member	letters A-Z	CIRCUMFERENCE^-1 | THE^-1 | id	best LLR -4.48; testable
member	letters A-Z	CIRCUMFERENCE^-1 | TUNNELING^-1 | id	best LLR -5.10; testable
member	letters A-Z	CIRCUMFERENCE^-1 | MUST | id	best LLR -8.39; testable
member	letters A-Z	CIRCUMFERENCE^-1 | EMERGE | id	best LLR -8.78; testable
member	letters A-Z	CIRCUMFERENCE^-1 | PRIMUS^-1 | id	best LLR -9.99; testable
member	letters A-Z	CIRCUMFERENCE^-1 | SOMEWISDOM^-1 | DIVINITY^-1	best LLR -2.68; testable
member	letters A-Z	CIRCUMFERENCE^-1 | THE | FIRFUMFERENFE	best LLR -6.79; testable
member	letters A-Z	CIRCUMFERENCE^-1 | THE^-1 | FIRFUMFERENFE	best LLR -4.48; testable
member	letters A-Z	CIRCUMFERENCE^-1 | TUNNELING^-1 | FIRFUMFERENFE	best LLR -5.10; testable
member	letters A-Z	CIRCUMFERENCE^-1 | MUST | FIRFUMFERENFE	best LLR -8.39; testable
member	letters A-Z	CIRCUMFERENCE^-1 | EMERGE | FIRFUMFERENFE	best LLR -8.78; testable
member	letters A-Z	CIRCUMFERENCE^-1 | PRIMUS^-1 | FIRFUMFERENFE	best LLR -9.99; testable
member	letters A-Z	CIRCUMFERENCE^-1 | THE | FIRFUMFERENFE^-1	best LLR -6.79; testable
member	letters A-Z	CIRCUMFERENCE^-1 | THE^-1 | FIRFUMFERENFE^-1	best LLR -4.48; testable
member	letters A-Z	CIRCUMFERENCE^-1 | TUNNELING^-1 | FIRFUMFERENFE^-1	best LLR -5.10; testable
member	letters A-Z	CIRCUMFERENCE^-1 | MUST | FIRFUMFERENFE^-1	best LLR -8.39; testable
member	letters A-Z	CIRCUMFERENCE^-1 | EMERGE | FIRFUMFERENFE^-1	best LLR -8.78; testable
member	letters A-Z	CIRCUMFERENCE^-1 | PRIMUS^-1 | FIRFUMFERENFE^-1	best LLR -9.99; testable
member	letters A-Z	CIRCUMFERENCE^-1 | THE | AWARNING	best LLR -6.79; testable
member	letters A-Z	CIRCUMFERENCE^-1 | THE^-1 | AWARNING	best LLR -4.48; testable
member	letters A-Z	CIRCUMFERENCE^-1 | TUNNELING^-1 | AWARNING	best LLR -5.10; testable
member	letters A-Z	CIRCUMFERENCE^-1 | MUST | AWARNING	best LLR -8.39; testable
member	letters A-Z	CIRCUMFERENCE^-1 | EMERGE | AWARNING	best LLR -8.78; testable
member	letters A-Z	CIRCUMFERENCE^-1 | PRIMUS^-1 | AWARNING	best LLR -9.99; testable
member	letters A-Z	CIRCUMFERENCE^-1 | THE | AWARNING^-1	best LLR -6.79; testable
member	letters A-Z	CIRCUMFERENCE^-1 | THE^-1 | AWARNING^-1	best LLR -4.48; testable
member	letters A-Z	CIRCUMFERENCE^-1 | TUNNELING^-1 | AWARNING^-1	best LLR -5.10; testable
member	letters A-Z	CIRCUMFERENCE^-1 | MUST | AWARNING^-1	best LLR -8.39; testable
member	letters A-Z	CIRCUMFERENCE^-1 | EMERGE | AWARNING^-1	best LLR -8.78; testable
member	letters A-Z	CIRCUMFERENCE^-1 | PRIMUS^-1 | AWARNING^-1	best LLR -9.99; testable
member	letters A-Z	CIRCUMFERENCE^-1 | THE | WELCOME	best LLR -6.79; testable
member	letters A-Z	CIRCUMFERENCE^-1 | THE^-1 | WELCOME	best LLR -4.48; testable
member	letters A-Z	CIRCUMFERENCE^-1 | TUNNELING^-1 | WELCOME	best LLR -5.10; testable
member	letters A-Z	CIRCUMFERENCE^-1 | MUST | WELCOME	best LLR -8.39; testable
member	letters A-Z	CIRCUMFERENCE^-1 | EMERGE | WELCOME	best LLR -8.78; testable
member	letters A-Z	CIRCUMFERENCE^-1 | PRIMUS^-1 | WELCOME	best LLR -9.99; testable
member	letters A-Z	CIRCUMFERENCE^-1 | THE | WELCOME^-1	best LLR -6.79; testable
member	letters A-Z	CIRCUMFERENCE^-1 | THE^-1 | WELCOME^-1	best LLR -4.48; testable
member	letters A-Z	CIRCUMFERENCE^-1 | TUNNELING^-1 | WELCOME^-1	best LLR -5.10; testable
member	letters A-Z	CIRCUMFERENCE^-1 | MUST | WELCOME^-1	best LLR -8.39; testable
member	letters A-Z	CIRCUMFERENCE^-1 | EMERGE | WELCOME^-1	best LLR -8.78; testable
member	letters A-Z	CIRCUMFERENCE^-1 | PRIMUS^-1 | WELCOME^-1	best LLR -9.99; testable
member	letters A-Z	CIRCUMFERENCE^-1 | THE | WISDOM	best LLR -6.79; testable
member	letters A-Z	CIRCUMFERENCE^-1 | THE^-1 | WISDOM	best LLR -4.48; testable
member	letters A-Z	CIRCUMFERENCE^-1 | TUNNELING^-1 | WISDOM	best LLR -5.10; testable
member	letters A-Z	CIRCUMFERENCE^-1 | MUST | WISDOM	best LLR -8.39; testable
member	letters A-Z	CIRCUMFERENCE^-1 | EMERGE | WISDOM	best LLR -8.78; testable
member	letters A-Z	CIRCUMFERENCE^-1 | PRIMUS^-1 | WISDOM	best LLR -9.99; testable
member	letters A-Z	CIRCUMFERENCE^-1 | THE | WISDOM^-1	best LLR -6.79; testable
member	letters A-Z	CIRCUMFERENCE^-1 | THE^-1 | WISDOM^-1	best LLR -4.48; testable
member	letters A-Z	CIRCUMFERENCE^-1 | TUNNELING^-1 | WISDOM^-1	best LLR -5.10; testable
member	letters A-Z	CIRCUMFERENCE^-1 | MUST | WISDOM^-1	best LLR -8.39; testable
member	letters A-Z	CIRCUMFERENCE^-1 | EMERGE | WISDOM^-1	best LLR -8.78; testable
member	letters A-Z	CIRCUMFERENCE^-1 | PRIMUS^-1 | WISDOM^-1	best LLR -9.99; testable
member	letters A-Z	CIRCUMFERENCE^-1 | THE | SOMEWISDOM	best LLR -6.79; testable
member	letters A-Z	CIRCUMFERENCE^-1 | THE^-1 | SOMEWISDOM	best LLR -4.48; testable
member	letters A-Z	CIRCUMFERENCE^-1 | TUNNELING^-1 | SOMEWISDOM	best LLR -5.10; testable
member	letters A-Z	CIRCUMFERENCE^-1 | MUST | SOMEWISDOM	best LLR -8.39; testable
member	letters A-Z	CIRCUMFERENCE^-1 | EMERGE | SOMEWISDOM	best LLR -8.78; testable
member	letters A-Z	CIRCUMFERENCE^-1 | PRIMUS^-1 | SOMEWISDOM	best LLR -9.99; testable
member	letters A-Z	CIRCUMFERENCE^-1 | THE | SOMEWISDOM^-1	best LLR -6.79; testable
member	letters A-Z	CIRCUMFERENCE^-1 | THE^-1 | SOMEWISDOM^-1	best LLR -4.48; testable
member	letters A-Z	CIRCUMFERENCE^-1 | TUNNELING^-1 | SOMEWISDOM^-1	best LLR -5.10; testable
member	letters A-Z	CIRCUMFERENCE^-1 | MUST | SOMEWISDOM^-1	best LLR -8.39; testable
member	letters A-Z	CIRCUMFERENCE^-1 | EMERGE | SOMEWISDOM^-1	best LLR -8.78; testable
member	letters A-Z	CIRCUMFERENCE^-1 | PRIMUS^-1 | SOMEWISDOM^-1	best LLR -9.99; testable
member	letters A-Z	CIRCUMFERENCE^-1 | THE | KNOWTHIS	best LLR -6.79; testable
member	letters A-Z	CIRCUMFERENCE^-1 | THE^-1 | KNOWTHIS	best LLR -4.48; testable
member	letters A-Z	CIRCUMFERENCE^-1 | TUNNELING^-1 | KNOWTHIS	best LLR -5.10; testable
member	letters A-Z	CIRCUMFERENCE^-1 | MUST | KNOWTHIS	best LLR -8.39; testable
member	letters A-Z	CIRCUMFERENCE^-1 | EMERGE | KNOWTHIS	best LLR -8.78; testable
member	letters A-Z	CIRCUMFERENCE^-1 | PRIMUS^-1 | KNOWTHIS	best LLR -9.99; testable
member	letters A-Z	CIRCUMFERENCE^-1 | THE | KNOWTHIS^-1	best LLR -6.79; testable
member	letters A-Z	CIRCUMFERENCE^-1 | THE^-1 | KNOWTHIS^-1	best LLR -4.48; testable
member	letters A-Z	CIRCUMFERENCE^-1 | TUNNELING^-1 | KNOWTHIS^-1	best LLR -5.10; testable
member	letters A-Z	CIRCUMFERENCE^-1 | MUST | KNOWTHIS^-1	best LLR -8.39; testable
member	letters A-Z	CIRCUMFERENCE^-1 | EMERGE | KNOWTHIS^-1	best LLR -8.78; testable
member	letters A-Z	CIRCUMFERENCE^-1 | PRIMUS^-1 | KNOWTHIS^-1	best LLR -9.99; testable
member	letters A-Z	CIRCUMFERENCE^-1 | THE | AKOAN	best LLR -6.79; testable
member	letters A-Z	CIRCUMFERENCE^-1 | THE^-1 | AKOAN	best LLR -4.48; testable
member	letters A-Z	CIRCUMFERENCE^-1 | TUNNELING^-1 | AKOAN	best LLR -5.10; testable
member	letters A-Z	CIRCUMFERENCE^-1 | MUST | AKOAN	best LLR -8.39; testable
member	letters A-Z	CIRCUMFERENCE^-1 | EMERGE | AKOAN	best LLR -8.78; testable
member	letters A-Z	CIRCUMFERENCE^-1 | PRIMUS^-1 | AKOAN	best LLR -9.99; testable
member	letters A-Z	CIRCUMFERENCE^-1 | THE | AKOAN^-1	best LLR -6.79; testable
member	letters A-Z	CIRCUMFERENCE^-1 | THE^-1 | AKOAN^-1	best LLR -4.48; testable
member	letters A-Z	CIRCUMFERENCE^-1 | TUNNELING^-1 | AKOAN^-1	best LLR -5.10; testable
member	letters A-Z	CIRCUMFERENCE^-1 | MUST | AKOAN^-1	best LLR -8.39; testable
member	letters A-Z	CIRCUMFERENCE^-1 | EMERGE | AKOAN^-1	best LLR -8.78; testable
member	letters A-Z	CIRCUMFERENCE^-1 | PRIMUS^-1 | AKOAN^-1	best LLR -9.99; testable
member	letters A-Z	CIRCUMFERENCE^-1 | THE | ANEND	best LLR -6.79; testable
member	letters A-Z	CIRCUMFERENCE^-1 | THE^-1 | ANEND	best LLR -4.48; testable
member	letters A-Z	CIRCUMFERENCE^-1 | TUNNELING^-1 | ANEND	best LLR -5.10; testable
member	letters A-Z	CIRCUMFERENCE^-1 | MUST | ANEND	best LLR -8.39; testable
member	letters A-Z	CIRCUMFERENCE^-1 | EMERGE | ANEND	best LLR -8.78; testable
member	letters A-Z	CIRCUMFERENCE^-1 | PRIMUS^-1 | ANEND	best LLR -9.99; testable
member	letters A-Z	CIRCUMFERENCE^-1 | THE | ANEND^-1	best LLR -6.79; testable
member	letters A-Z	CIRCUMFERENCE^-1 | THE^-1 | ANEND^-1	best LLR -4.48; testable
member	letters A-Z	CIRCUMFERENCE^-1 | TUNNELING^-1 | ANEND^-1	best LLR -5.10; testable
member	letters A-Z	CIRCUMFERENCE^-1 | MUST | ANEND^-1	best LLR -8.39; testable
member	letters A-Z	CIRCUMFERENCE^-1 | EMERGE | ANEND^-1	best LLR -8.78; testable
member	letters A-Z	CIRCUMFERENCE^-1 | PRIMUS^-1 | ANEND^-1	best LLR -9.99; testable
member	letters A-Z	CIRCUMFERENCE^-1 | THE | PARABLE	best LLR -6.79; testable
member	letters A-Z	CIRCUMFERENCE^-1 | THE^-1 | PARABLE	best LLR -4.48; testable
member	letters A-Z	CIRCUMFERENCE^-1 | TUNNELING^-1 | PARABLE	best LLR -5.10; testable
member	letters A-Z	CIRCUMFERENCE^-1 | MUST | PARABLE	best LLR -8.39; testable
member	letters A-Z	CIRCUMFERENCE^-1 | EMERGE | PARABLE	best LLR -8.78; testable
member	letters A-Z	CIRCUMFERENCE^-1 | PRIMUS^-1 | PARABLE	best LLR -9.99; testable
member	letters A-Z	CIRCUMFERENCE^-1 | THE | PARABLE^-1	best LLR -6.79; testable
member	letters A-Z	CIRCUMFERENCE^-1 | THE^-1 | PARABLE^-1	best LLR -4.48; testable
member	letters A-Z	CIRCUMFERENCE^-1 | TUNNELING^-1 | PARABLE^-1	best LLR -5.10; testable
member	letters A-Z	CIRCUMFERENCE^-1 | MUST | PARABLE^-1	best LLR -8.39; testable
member	letters A-Z	CIRCUMFERENCE^-1 | EMERGE | PARABLE^-1	best LLR -8.78; testable
member	letters A-Z	CIRCUMFERENCE^-1 | PRIMUS^-1 | PARABLE^-1	best LLR -9.99; testable
member	letters A-Z	CIRCUMFERENCE^-1 | THE | LIKE	best LLR -6.79; testable
member	letters A-Z	CIRCUMFERENCE^-1 | THE^-1 | LIKE	best LLR -4.48; testable
member	letters A-Z	CIRCUMFERENCE^-1 | TUNNELING^-1 | LIKE	best LLR -5.10; testable
member	letters A-Z	CIRCUMFERENCE^-1 | MUST | LIKE	best LLR -8.39; testable
member	letters A-Z	CIRCUMFERENCE^-1 | EMERGE | LIKE	best LLR -8.78; testable
member	letters A-Z	CIRCUMFERENCE^-1 | PRIMUS^-1 | LIKE	best LLR -9.99; testable
member	letters A-Z	CIRCUMFERENCE^-1 | THE | LIKE^-1	best LLR -6.79; testable
member	letters A-Z	CIRCUMFERENCE^-1 | THE^-1 | LIKE^-1	best LLR -4.48; testable
member	letters A-Z	CIRCUMFERENCE^-1 | TUNNELING^-1 | LIKE^-1	best LLR -5.10; testable
member	letters A-Z	CIRCUMFERENCE^-1 | MUST | LIKE^-1	best LLR -8.39; testable
member	letters A-Z	CIRCUMFERENCE^-1 | EMERGE | LIKE^-1	best LLR -8.78; testable
member	letters A-Z	CIRCUMFERENCE^-1 | PRIMUS^-1 | LIKE^-1	best LLR -9.99; testable
member	letters A-Z	CIRCUMFERENCE^-1 | THE | THE	best LLR -6.79; testable
member	letters A-Z	CIRCUMFERENCE^-1 | THE^-1 | THE	best LLR -4.48; testable
member	letters A-Z	CIRCUMFERENCE^-1 | TUNNELING^-1 | THE	best LLR -5.10; testable
member	letters A-Z	CIRCUMFERENCE^-1 | MUST | THE	best LLR -8.39; testable
member	letters A-Z	CIRCUMFERENCE^-1 | EMERGE | THE	best LLR -8.78; testable
member	letters A-Z	CIRCUMFERENCE^-1 | PRIMUS^-1 | THE	best LLR -9.99; testable
member	letters A-Z	CIRCUMFERENCE^-1 | THE | THE^-1	best LLR -6.79; testable
member	letters A-Z	CIRCUMFERENCE^-1 | THE^-1 | THE^-1	best LLR -4.48; testable
member	letters A-Z	CIRCUMFERENCE^-1 | TUNNELING^-1 | THE^-1	best LLR -5.10; testable
member	letters A-Z	CIRCUMFERENCE^-1 | MUST | THE^-1	best LLR -8.39; testable
member	letters A-Z	CIRCUMFERENCE^-1 | EMERGE | THE^-1	best LLR -8.78; testable
member	letters A-Z	CIRCUMFERENCE^-1 | PRIMUS^-1 | THE^-1	best LLR -9.99; testable
member	letters A-Z	CIRCUMFERENCE^-1 | THE | INSTAR	best LLR -6.79; testable
member	letters A-Z	CIRCUMFERENCE^-1 | THE^-1 | INSTAR	best LLR -4.48; testable
member	letters A-Z	CIRCUMFERENCE^-1 | TUNNELING^-1 | INSTAR	best LLR -5.10; testable
member	letters A-Z	CIRCUMFERENCE^-1 | MUST | INSTAR	best LLR -8.39; testable
member	letters A-Z	CIRCUMFERENCE^-1 | EMERGE | INSTAR	best LLR -8.78; testable
member	letters A-Z	CIRCUMFERENCE^-1 | PRIMUS^-1 | INSTAR	best LLR -9.99; testable
member	letters A-Z	CIRCUMFERENCE^-1 | THE | INSTAR^-1	best LLR -6.79; testable
member	letters A-Z	CIRCUMFERENCE^-1 | THE^-1 | INSTAR^-1	best LLR -4.48; testable
member	letters A-Z	CIRCUMFERENCE^-1 | TUNNELING^-1 | INSTAR^-1	best LLR -5.10; testable
member	letters A-Z	CIRCUMFERENCE^-1 | MUST | INSTAR^-1	best LLR -8.39; testable
member	letters A-Z	CIRCUMFERENCE^-1 | EMERGE | INSTAR^-1	best LLR -8.78; testable
member	letters A-Z	CIRCUMFERENCE^-1 | PRIMUS^-1 | INSTAR^-1	best LLR -9.99; testable
member	letters A-Z	CIRCUMFERENCE^-1 | THE | TUNNELING	best LLR -6.79; testable
member	letters A-Z	CIRCUMFERENCE^-1 | THE^-1 | TUNNELING	best LLR -4.48; testable
member	letters A-Z	CIRCUMFERENCE^-1 | TUNNELING^-1 | TUNNELING	best LLR -5.10; testable
member	letters A-Z	CIRCUMFERENCE^-1 | MUST | TUNNELING	best LLR -8.39; testable
member	letters A-Z	CIRCUMFERENCE^-1 | EMERGE | TUNNELING	best LLR -8.78; testable
member	letters A-Z	CIRCUMFERENCE^-1 | PRIMUS^-1 | TUNNELING	best LLR -9.99; testable
member	letters A-Z	CIRCUMFERENCE^-1 | THE | TUNNELING^-1	best LLR -6.79; testable
member	letters A-Z	CIRCUMFERENCE^-1 | THE^-1 | TUNNELING^-1	best LLR -4.48; testable
member	letters A-Z	CIRCUMFERENCE^-1 | TUNNELING^-1 | TUNNELING^-1	best LLR -5.10; testable
member	letters A-Z	CIRCUMFERENCE^-1 | MUST | TUNNELING^-1	best LLR -8.39; testable
member	letters A-Z	CIRCUMFERENCE^-1 | EMERGE | TUNNELING^-1	best LLR -8.78; testable
member	letters A-Z	CIRCUMFERENCE^-1 | PRIMUS^-1 | TUNNELING^-1	best LLR -9.99; testable
member	letters A-Z	CIRCUMFERENCE^-1 | THE | TO	best LLR -6.79; testable
member	letters A-Z	CIRCUMFERENCE^-1 | THE^-1 | TO	best LLR -4.48; testable
member	letters A-Z	CIRCUMFERENCE^-1 | TUNNELING^-1 | TO	best LLR -5.10; testable
member	letters A-Z	CIRCUMFERENCE^-1 | MUST | TO	best LLR -8.39; testable
member	letters A-Z	CIRCUMFERENCE^-1 | EMERGE | TO	best LLR -8.78; testable
member	letters A-Z	CIRCUMFERENCE^-1 | PRIMUS^-1 | TO	best LLR -9.99; testable
member	letters A-Z	CIRCUMFERENCE^-1 | THE | TO^-1	best LLR -6.79; testable
member	letters A-Z	CIRCUMFERENCE^-1 | THE^-1 | TO^-1	best LLR -4.48; testable
member	letters A-Z	CIRCUMFERENCE^-1 | TUNNELING^-1 | TO^-1	best LLR -5.10; testable
member	letters A-Z	CIRCUMFERENCE^-1 | MUST | TO^-1	best LLR -8.39; testable
member	letters A-Z	CIRCUMFERENCE^-1 | EMERGE | TO^-1	best LLR -8.78; testable
member	letters A-Z	CIRCUMFERENCE^-1 | PRIMUS^-1 | TO^-1	best LLR -9.99; testable
member	letters A-Z	CIRCUMFERENCE^-1 | THE | SURFACE	best LLR -6.79; testable
member	letters A-Z	CIRCUMFERENCE^-1 | THE^-1 | SURFACE	best LLR -4.48; testable
member	letters A-Z	CIRCUMFERENCE^-1 | TUNNELING^-1 | SURFACE	best LLR -5.10; testable
member	letters A-Z	CIRCUMFERENCE^-1 | MUST | SURFACE	best LLR -8.39; testable
member	letters A-Z	CIRCUMFERENCE^-1 | EMERGE | SURFACE	best LLR -8.78; testable
member	letters A-Z	CIRCUMFERENCE^-1 | PRIMUS^-1 | SURFACE	best LLR -9.99; testable
member	letters A-Z	CIRCUMFERENCE^-1 | THE | SURFACE^-1	best LLR -6.79; testable
member	letters A-Z	CIRCUMFERENCE^-1 | THE^-1 | SURFACE^-1	best LLR -4.48; testable
member	letters A-Z	CIRCUMFERENCE^-1 | TUNNELING^-1 | SURFACE^-1	best LLR -5.10; testable
member	letters A-Z	CIRCUMFERENCE^-1 | MUST | SURFACE^-1	best LLR -8.39; testable
member	letters A-Z	CIRCUMFERENCE^-1 | EMERGE | SURFACE^-1	best LLR -8.78; testable
member	letters A-Z	CIRCUMFERENCE^-1 | PRIMUS^-1 | SURFACE^-1	best LLR -9.99; testable
member	letters A-Z	CIRCUMFERENCE^-1 | THE | WE	best LLR -6.79; testable
member	letters A-Z	CIRCUMFERENCE^-1 | THE^-1 | WE	best LLR -4.48; testable
member	letters A-Z	CIRCUMFERENCE^-1 | TUNNELING^-1 | WE	best LLR -5.10; testable
member	letters A-Z	CIRCUMFERENCE^-1 | MUST | WE	best LLR -8.39; testable
member	letters A-Z	CIRCUMFERENCE^-1 | EMERGE | WE	best LLR -8.78; testable
member	letters A-Z	CIRCUMFERENCE^-1 | PRIMUS^-1 | WE	best LLR -9.99; testable
member	letters A-Z	CIRCUMFERENCE^-1 | THE | WE^-1	best LLR -6.79; testable
member	letters A-Z	CIRCUMFERENCE^-1 | THE^-1 | WE^-1	best LLR -4.48; testable
member	letters A-Z	CIRCUMFERENCE^-1 | TUNNELING^-1 | WE^-1	best LLR -5.10; testable
member	letters A-Z	CIRCUMFERENCE^-1 | MUST | WE^-1	best LLR -8.39; testable
member	letters A-Z	CIRCUMFERENCE^-1 | EMERGE | WE^-1	best LLR -8.78; testable
member	letters A-Z	CIRCUMFERENCE^-1 | PRIMUS^-1 | WE^-1	best LLR -9.99; testable
member	letters A-Z	CIRCUMFERENCE^-1 | THE | MUST	best LLR -6.79; testable
member	letters A-Z	CIRCUMFERENCE^-1 | THE^-1 | MUST	best LLR -4.48; testable
member	letters A-Z	CIRCUMFERENCE^-1 | TUNNELING^-1 | MUST	best LLR -5.10; testable
member	letters A-Z	CIRCUMFERENCE^-1 | MUST | MUST	best LLR -8.39; testable
member	letters A-Z	CIRCUMFERENCE^-1 | EMERGE | MUST	best LLR -8.78; testable
member	letters A-Z	CIRCUMFERENCE^-1 | PRIMUS^-1 | MUST	best LLR -9.99; testable
member	letters A-Z	CIRCUMFERENCE^-1 | THE | MUST^-1	best LLR -6.79; testable
member	letters A-Z	CIRCUMFERENCE^-1 | THE^-1 | MUST^-1	best LLR -4.48; testable
member	letters A-Z	CIRCUMFERENCE^-1 | TUNNELING^-1 | MUST^-1	best LLR -5.10; testable
member	letters A-Z	CIRCUMFERENCE^-1 | MUST | MUST^-1	best LLR -8.39; testable
member	letters A-Z	CIRCUMFERENCE^-1 | EMERGE | MUST^-1	best LLR -8.78; testable
member	letters A-Z	CIRCUMFERENCE^-1 | PRIMUS^-1 | MUST^-1	best LLR -9.99; testable
member	letters A-Z	CIRCUMFERENCE^-1 | THE | SHED	best LLR -6.79; testable
member	letters A-Z	CIRCUMFERENCE^-1 | THE^-1 | SHED	best LLR -4.48; testable
member	letters A-Z	CIRCUMFERENCE^-1 | TUNNELING^-1 | SHED	best LLR -5.10; testable
member	letters A-Z	CIRCUMFERENCE^-1 | MUST | SHED	best LLR -8.39; testable
member	letters A-Z	CIRCUMFERENCE^-1 | EMERGE | SHED	best LLR -8.78; testable
member	letters A-Z	CIRCUMFERENCE^-1 | PRIMUS^-1 | SHED	best LLR -9.99; testable
member	letters A-Z	CIRCUMFERENCE^-1 | THE | SHED^-1	best LLR -6.79; testable
member	letters A-Z	CIRCUMFERENCE^-1 | THE^-1 | SHED^-1	best LLR -4.48; testable
member	letters A-Z	CIRCUMFERENCE^-1 | TUNNELING^-1 | SHED^-1	best LLR -5.10; testable
member	letters A-Z	CIRCUMFERENCE^-1 | MUST | SHED^-1	best LLR -8.39; testable
member	letters A-Z	CIRCUMFERENCE^-1 | EMERGE | SHED^-1	best LLR -8.78; testable
member	letters A-Z	CIRCUMFERENCE^-1 | PRIMUS^-1 | SHED^-1	best LLR -9.99; testable
member	letters A-Z	CIRCUMFERENCE^-1 | THE | OUR	best LLR -6.79; testable
member	letters A-Z	CIRCUMFERENCE^-1 | THE^-1 | OUR	best LLR -4.48; testable
member	letters A-Z	CIRCUMFERENCE^-1 | TUNNELING^-1 | OUR	best LLR -5.10; testable
member	letters A-Z	CIRCUMFERENCE^-1 | MUST | OUR	best LLR -8.39; testable
member	letters A-Z	CIRCUMFERENCE^-1 | EMERGE | OUR	best LLR -8.78; testable
member	letters A-Z	CIRCUMFERENCE^-1 | PRIMUS^-1 | OUR	best LLR -9.99; testable
member	letters A-Z	CIRCUMFERENCE^-1 | THE | OWN	best LLR -6.79; testable
member	letters A-Z	CIRCUMFERENCE^-1 | THE^-1 | OWN	best LLR -4.48; testable
member	letters A-Z	CIRCUMFERENCE^-1 | TUNNELING^-1 | OWN	best LLR -5.10; testable
member	letters A-Z	CIRCUMFERENCE^-1 | MUST | OWN	best LLR -8.39; testable
member	letters A-Z	CIRCUMFERENCE^-1 | EMERGE | OWN	best LLR -8.78; testable
member	letters A-Z	CIRCUMFERENCE^-1 | PRIMUS^-1 | OWN	best LLR -9.99; testable
member	letters A-Z	CIRCUMFERENCE^-1 | THE | OWN^-1	best LLR -6.79; testable
member	letters A-Z	CIRCUMFERENCE^-1 | THE^-1 | OWN^-1	best LLR -4.48; testable
member	letters A-Z	CIRCUMFERENCE^-1 | TUNNELING^-1 | OWN^-1	best LLR -5.10; testable
member	letters A-Z	CIRCUMFERENCE^-1 | MUST | OWN^-1	best LLR -8.39; testable
member	letters A-Z	CIRCUMFERENCE^-1 | EMERGE | OWN^-1	best LLR -8.78; testable
member	letters A-Z	CIRCUMFERENCE^-1 | PRIMUS^-1 | OWN^-1	best LLR -9.99; testable
member	letters A-Z	CIRCUMFERENCE^-1 | THE | CIRCUMFERENCES	best LLR -6.79; testable
member	letters A-Z	CIRCUMFERENCE^-1 | THE^-1 | CIRCUMFERENCES	best LLR -4.48; testable
member	letters A-Z	CIRCUMFERENCE^-1 | TUNNELING^-1 | CIRCUMFERENCES	best LLR -5.10; testable
member	letters A-Z	CIRCUMFERENCE^-1 | MUST | CIRCUMFERENCES	best LLR -8.39; testable
member	letters A-Z	CIRCUMFERENCE^-1 | EMERGE | CIRCUMFERENCES	best LLR -8.78; testable
member	letters A-Z	CIRCUMFERENCE^-1 | PRIMUS^-1 | CIRCUMFERENCES	best LLR -9.99; testable
member	letters A-Z	CIRCUMFERENCE^-1 | THE | CIRCUMFERENCES^-1	best LLR -6.79; testable
member	letters A-Z	CIRCUMFERENCE^-1 | THE^-1 | CIRCUMFERENCES^-1	best LLR -4.48; testable
member	letters A-Z	CIRCUMFERENCE^-1 | TUNNELING^-1 | CIRCUMFERENCES^-1	best LLR -5.10; testable
member	letters A-Z	CIRCUMFERENCE^-1 | MUST | CIRCUMFERENCES^-1	best LLR -8.39; testable
member	letters A-Z	CIRCUMFERENCE^-1 | EMERGE | CIRCUMFERENCES^-1	best LLR -8.78; testable
member	letters A-Z	CIRCUMFERENCE^-1 | PRIMUS^-1 | CIRCUMFERENCES^-1	best LLR -9.99; testable
member	letters A-Z	CIRCUMFERENCE^-1 | THE | FIND	best LLR -6.79; testable
member	letters A-Z	CIRCUMFERENCE^-1 | THE^-1 | FIND	best LLR -4.48; testable
member	letters A-Z	CIRCUMFERENCE^-1 | TUNNELING^-1 | FIND	best LLR -5.10; testable
member	letters A-Z	CIRCUMFERENCE^-1 | MUST | FIND	best LLR -8.39; testable
member	letters A-Z	CIRCUMFERENCE^-1 | EMERGE | FIND	best LLR -8.78; testable
member	letters A-Z	CIRCUMFERENCE^-1 | PRIMUS^-1 | FIND	best LLR -9.99; testable
member	letters A-Z	CIRCUMFERENCE^-1 | THE | FIND^-1	best LLR -6.79; testable
member	letters A-Z	CIRCUMFERENCE^-1 | THE^-1 | FIND^-1	best LLR -4.48; testable
member	letters A-Z	CIRCUMFERENCE^-1 | TUNNELING^-1 | FIND^-1	best LLR -5.10; testable
member	letters A-Z	CIRCUMFERENCE^-1 | MUST | FIND^-1	best LLR -8.39; testable
member	letters A-Z	CIRCUMFERENCE^-1 | EMERGE | FIND^-1	best LLR -8.78; testable
member	letters A-Z	CIRCUMFERENCE^-1 | PRIMUS^-1 | FIND^-1	best LLR -9.99; testable
member	letters A-Z	CIRCUMFERENCE^-1 | THE | WITHIN	best LLR -6.79; testable
member	letters A-Z	CIRCUMFERENCE^-1 | THE^-1 | WITHIN	best LLR -4.48; testable
member	letters A-Z	CIRCUMFERENCE^-1 | TUNNELING^-1 | WITHIN	best LLR -5.10; testable
member	letters A-Z	CIRCUMFERENCE^-1 | MUST | WITHIN	best LLR -8.39; testable
member	letters A-Z	CIRCUMFERENCE^-1 | EMERGE | WITHIN	best LLR -8.78; testable
member	letters A-Z	CIRCUMFERENCE^-1 | PRIMUS^-1 | WITHIN	best LLR -9.99; testable
member	letters A-Z	CIRCUMFERENCE^-1 | THE | WITHIN^-1	best LLR -6.79; testable
member	letters A-Z	CIRCUMFERENCE^-1 | THE^-1 | WITHIN^-1	best LLR -4.48; testable
member	letters A-Z	CIRCUMFERENCE^-1 | TUNNELING^-1 | WITHIN^-1	best LLR -5.10; testable
member	letters A-Z	CIRCUMFERENCE^-1 | MUST | WITHIN^-1	best LLR -8.39; testable
member	letters A-Z	CIRCUMFERENCE^-1 | EMERGE | WITHIN^-1	best LLR -8.78; testable
member	letters A-Z	CIRCUMFERENCE^-1 | PRIMUS^-1 | WITHIN^-1	best LLR -9.99; testable
member	letters A-Z	CIRCUMFERENCE^-1 | THE | AND	best LLR -6.79; testable
member	letters A-Z	CIRCUMFERENCE^-1 | THE^-1 | AND	best LLR -4.48; testable
member	letters A-Z	CIRCUMFERENCE^-1 | TUNNELING^-1 | AND	best LLR -5.10; testable
member	letters A-Z	CIRCUMFERENCE^-1 | MUST | AND	best LLR -8.39; testable
member	letters A-Z	CIRCUMFERENCE^-1 | EMERGE | AND	best LLR -8.78; testable
member	letters A-Z	CIRCUMFERENCE^-1 | PRIMUS^-1 | AND	best LLR -9.99; testable
member	letters A-Z	CIRCUMFERENCE^-1 | THE | AND^-1	best LLR -6.79; testable
member	letters A-Z	CIRCUMFERENCE^-1 | THE^-1 | AND^-1	best LLR -4.48; testable
member	letters A-Z	CIRCUMFERENCE^-1 | TUNNELING^-1 | AND^-1	best LLR -5.10; testable
member	letters A-Z	CIRCUMFERENCE^-1 | MUST | AND^-1	best LLR -8.39; testable
member	letters A-Z	CIRCUMFERENCE^-1 | EMERGE | AND^-1	best LLR -8.78; testable
member	letters A-Z	CIRCUMFERENCE^-1 | PRIMUS^-1 | AND^-1	best LLR -9.99; testable
member	letters A-Z	CIRCUMFERENCE^-1 | THE | EMERGE	best LLR -6.79; testable
member	letters A-Z	CIRCUMFERENCE^-1 | THE^-1 | EMERGE	best LLR -4.48; testable
member	letters A-Z	CIRCUMFERENCE^-1 | TUNNELING^-1 | EMERGE	best LLR -5.10; testable
member	letters A-Z	CIRCUMFERENCE^-1 | MUST | EMERGE	best LLR -8.39; testable
member	letters A-Z	CIRCUMFERENCE^-1 | EMERGE | EMERGE	best LLR -8.78; testable
member	letters A-Z	CIRCUMFERENCE^-1 | PRIMUS^-1 | EMERGE	best LLR -9.99; testable
member	letters A-Z	CIRCUMFERENCE^-1 | THE | EMERGE^-1	best LLR -6.79; testable
member	letters A-Z	CIRCUMFERENCE^-1 | THE^-1 | EMERGE^-1	best LLR -4.48; testable
member	letters A-Z	CIRCUMFERENCE^-1 | TUNNELING^-1 | EMERGE^-1	best LLR -5.10; testable
member	letters A-Z	CIRCUMFERENCE^-1 | MUST | EMERGE^-1	best LLR -8.39; testable
member	letters A-Z	CIRCUMFERENCE^-1 | EMERGE | EMERGE^-1	best LLR -8.78; testable
member	letters A-Z	CIRCUMFERENCE^-1 | PRIMUS^-1 | EMERGE^-1	best LLR -9.99; testable
member	letters A-Z	CIRCUMFERENCE^-1 | THE | CIRCUMFERENCE	best LLR -6.79; testable
member	letters A-Z	CIRCUMFERENCE^-1 | THE^-1 | CIRCUMFERENCE	best LLR -4.48; testable
member	letters A-Z	CIRCUMFERENCE^-1 | TUNNELING^-1 | CIRCUMFERENCE	best LLR -5.10; testable
member	letters A-Z	CIRCUMFERENCE^-1 | MUST | CIRCUMFERENCE	best LLR -8.39; testable
member	letters A-Z	CIRCUMFERENCE^-1 | EMERGE | CIRCUMFERENCE	best LLR -8.78; testable
member	letters A-Z	CIRCUMFERENCE^-1 | PRIMUS^-1 | CIRCUMFERENCE	best LLR -9.99; testable
member	letters A-Z	CIRCUMFERENCE^-1 | THE | CIRCUMFERENCE^-1	best LLR -6.79; testable
member	letters A-Z	CIRCUMFERENCE^-1 | THE^-1 | CIRCUMFERENCE^-1	best LLR -4.48; testable
member	letters A-Z	CIRCUMFERENCE^-1 | TUNNELING^-1 | CIRCUMFERENCE^-1	best LLR -5.10; testable
member	letters A-Z	CIRCUMFERENCE^-1 | MUST | CIRCUMFERENCE^-1	best LLR -8.39; testable
member	letters A-Z	CIRCUMFERENCE^-1 | EMERGE | CIRCUMFERENCE^-1	best LLR -8.78; testable
member	letters A-Z	CIRCUMFERENCE^-1 | PRIMUS^-1 | CIRCUMFERENCE^-1	best LLR -9.99; testable
member	letters A-Z	CIRCUMFERENCE^-1 | THE | LIBERPRIMUS	best LLR -6.79; testable
member	letters A-Z	CIRCUMFERENCE^-1 | THE^-1 | LIBERPRIMUS	best LLR -4.48; testable
member	letters A-Z	CIRCUMFERENCE^-1 | TUNNELING^-1 | LIBERPRIMUS	best LLR -5.10; testable
member	letters A-Z	CIRCUMFERENCE^-1 | MUST | LIBERPRIMUS	best LLR -8.39; testable
member	letters A-Z	CIRCUMFERENCE^-1 | EMERGE | LIBERPRIMUS	best LLR -8.78; testable
member	letters A-Z	CIRCUMFERENCE^-1 | PRIMUS^-1 | LIBERPRIMUS	best LLR -9.99; testable
member	letters A-Z	CIRCUMFERENCE^-1 | THE | LIBERPRIMUS^-1	best LLR -6.79; testable
member	letters A-Z	CIRCUMFERENCE^-1 | THE^-1 | LIBERPRIMUS^-1	best LLR -4.48; testable
member	letters A-Z	CIRCUMFERENCE^-1 | TUNNELING^-1 | LIBERPRIMUS^-1	best LLR -5.10; testable
member	letters A-Z	CIRCUMFERENCE^-1 | MUST | LIBERPRIMUS^-1	best LLR -8.39; testable
member	letters A-Z	CIRCUMFERENCE^-1 | EMERGE | LIBERPRIMUS^-1	best LLR -8.78; testable
member	letters A-Z	CIRCUMFERENCE^-1 | PRIMUS^-1 | LIBERPRIMUS^-1	best LLR -9.99; testable
member	letters A-Z	CIRCUMFERENCE^-1 | THE | PRIMUS	best LLR -6.79; testable
member	letters A-Z	CIRCUMFERENCE^-1 | THE^-1 | PRIMUS	best LLR -4.48; testable
member	letters A-Z	CIRCUMFERENCE^-1 | TUNNELING^-1 | PRIMUS	best LLR -5.10; testable
member	letters A-Z	CIRCUMFERENCE^-1 | MUST | PRIMUS	best LLR -8.39; testable
member	letters A-Z	CIRCUMFERENCE^-1 | EMERGE | PRIMUS	best LLR -8.78; testable
member	letters A-Z	CIRCUMFERENCE^-1 | PRIMUS^-1 | PRIMUS	best LLR -9.99; testable
member	letters A-Z	CIRCUMFERENCE^-1 | THE | PRIMUS^-1	best LLR -6.79; testable
member	letters A-Z	CIRCUMFERENCE^-1 | THE^-1 | PRIMUS^-1	best LLR -4.48; testable
member	letters A-Z	CIRCUMFERENCE^-1 | TUNNELING^-1 | PRIMUS^-1	best LLR -5.10; testable
member	letters A-Z	CIRCUMFERENCE^-1 | MUST | PRIMUS^-1	best LLR -8.39; testable
member	letters A-Z	CIRCUMFERENCE^-1 | EMERGE | PRIMUS^-1	best LLR -8.78; testable
member	letters A-Z	CIRCUMFERENCE^-1 | PRIMUS^-1 | PRIMUS^-1	best LLR -9.99; testable
member	letters A-Z	CIRCUMFERENCE^-1 | THE | CICADA	best LLR -6.79; testable
member	letters A-Z	CIRCUMFERENCE^-1 | THE^-1 | CICADA	best LLR -4.48; testable
member	letters A-Z	CIRCUMFERENCE^-1 | TUNNELING^-1 | CICADA	best LLR -5.10; testable
member	letters A-Z	CIRCUMFERENCE^-1 | MUST | CICADA	best LLR -8.39; testable
member	letters A-Z	CIRCUMFERENCE^-1 | EMERGE | CICADA	best LLR -8.78; testable
member	letters A-Z	CIRCUMFERENCE^-1 | PRIMUS^-1 | CICADA	best LLR -9.99; testable
member	letters A-Z	CIRCUMFERENCE^-1 | THE | CICADA^-1	best LLR -6.79; testable
member	letters A-Z	CIRCUMFERENCE^-1 | THE^-1 | CICADA^-1	best LLR -4.48; testable
member	letters A-Z	CIRCUMFERENCE^-1 | TUNNELING^-1 | CICADA^-1	best LLR -5.10; testable
member	letters A-Z	CIRCUMFERENCE^-1 | MUST | CICADA^-1	best LLR -8.39; testable
member	letters A-Z	CIRCUMFERENCE^-1 | EMERGE | CICADA^-1	best LLR -8.78; testable
member	letters A-Z	CIRCUMFERENCE^-1 | PRIMUS^-1 | CICADA^-1	best LLR -9.99; testable
member	letters A-Z	CIRCUMFERENCE^-1 | THE | PRIMES	best LLR -6.79; testable
member	letters A-Z	CIRCUMFERENCE^-1 | THE^-1 | PRIMES	best LLR -4.48; testable
member	letters A-Z	CIRCUMFERENCE^-1 | TUNNELING^-1 | PRIMES	best LLR -5.10; testable
member	letters A-Z	CIRCUMFERENCE^-1 | MUST | PRIMES	best LLR -8.39; testable
member	letters A-Z	CIRCUMFERENCE^-1 | EMERGE | PRIMES	best LLR -8.78; testable
member	letters A-Z	CIRCUMFERENCE^-1 | PRIMUS^-1 | PRIMES	best LLR -9.99; testable
member	letters A-Z	CIRCUMFERENCE^-1 | THE | PRIMES^-1	best LLR -6.79; testable
member	letters A-Z	CIRCUMFERENCE^-1 | THE^-1 | PRIMES^-1	best LLR -4.48; testable
member	letters A-Z	CIRCUMFERENCE^-1 | TUNNELING^-1 | PRIMES^-1	best LLR -5.10; testable
member	letters A-Z	CIRCUMFERENCE^-1 | MUST | PRIMES^-1	best LLR -8.39; testable
member	letters A-Z	CIRCUMFERENCE^-1 | EMERGE | PRIMES^-1	best LLR -8.78; testable
member	letters A-Z	CIRCUMFERENCE^-1 | PRIMUS^-1 | PRIMES^-1	best LLR -9.99; testable
member	letters A-Z	CIRCUMFERENCE^-1 | THE | TOTIENT	best LLR -6.79; testable
member	letters A-Z	CIRCUMFERENCE^-1 | THE^-1 | TOTIENT	best LLR -4.48; testable
member	letters A-Z	CIRCUMFERENCE^-1 | TUNNELING^-1 | TOTIENT	best LLR -5.10; testable
member	letters A-Z	CIRCUMFERENCE^-1 | MUST | TOTIENT	best LLR -8.39; testable
member	letters A-Z	CIRCUMFERENCE^-1 | EMERGE | TOTIENT	best LLR -8.78; testable
member	letters A-Z	CIRCUMFERENCE^-1 | PRIMUS^-1 | TOTIENT	best LLR -9.99; testable
member	letters A-Z	CIRCUMFERENCE^-1 | THE | TOTIENT^-1	best LLR -6.79; testable
member	letters A-Z	CIRCUMFERENCE^-1 | THE^-1 | TOTIENT^-1	best LLR -4.48; testable
member	letters A-Z	CIRCUMFERENCE^-1 | TUNNELING^-1 | TOTIENT^-1	best LLR -5.10; testable
member	letters A-Z	CIRCUMFERENCE^-1 | MUST | TOTIENT^-1	best LLR -8.39; testable
member	letters A-Z	CIRCUMFERENCE^-1 | EMERGE | TOTIENT^-1	best LLR -8.78; testable
member	letters A-Z	CIRCUMFERENCE^-1 | PRIMUS^-1 | TOTIENT^-1	best LLR -9.99; testable
member	letters A-Z	LIBERPRIMUS^-1 | AWARNING | THELOSSOFDIVINITY^-1	best LLR -6.25; testable
member	letters A-Z	CICADA | WELCOME^-1 | DIVINITY^-1	best LLR -9.28; testable
member	letters A-Z	CICADA | KNOWTHIS | DIVINITY^-1	best LLR -6.68; testable
member	letters A-Z	CICADA | WE | DIVINITY^-1	best LLR -9.29; testable
member	letters A-Z	CICADA | SHED^-1 | DIVINITY^-1	best LLR -6.53; testable
member	letters A-Z	CICADA | OWN^-1 | DIVINITY^-1	best LLR -9.45; testable
member	letters A-Z	CICADA | CIRCUMFERENCE^-1 | DIVINITY^-1	best LLR -8.91; testable
member	letters A-Z	CICADA | PRIMUS^-1 | DIVINITY^-1	best LLR -9.77; testable
member	letters A-Z	CICADA^-1 | PRIMES^-1 | id	best LLR -7.62; testable
member	letters A-Z	CICADA^-1 | PRIMES^-1 | FIRFUMFERENFE	best LLR -7.62; testable
member	letters A-Z	CICADA^-1 | PRIMES^-1 | FIRFUMFERENFE^-1	best LLR -7.62; testable
member	letters A-Z	CICADA^-1 | PRIMES^-1 | AWARNING	best LLR -7.62; testable
member	letters A-Z	CICADA^-1 | PRIMES^-1 | AWARNING^-1	best LLR -7.62; testable
member	letters A-Z	CICADA^-1 | PRIMES^-1 | WELCOME	best LLR -7.62; testable
member	letters A-Z	CICADA^-1 | PRIMES^-1 | WELCOME^-1	best LLR -7.62; testable
member	letters A-Z	CICADA^-1 | PRIMES^-1 | WISDOM	best LLR -7.62; testable
member	letters A-Z	CICADA^-1 | PRIMES^-1 | WISDOM^-1	best LLR -7.62; testable
member	letters A-Z	CICADA^-1 | PRIMES^-1 | SOMEWISDOM	best LLR -7.62; testable
member	letters A-Z	CICADA^-1 | PRIMES^-1 | SOMEWISDOM^-1	best LLR -7.62; testable
member	letters A-Z	CICADA^-1 | PRIMES^-1 | KNOWTHIS	best LLR -7.62; testable
member	letters A-Z	CICADA^-1 | PRIMES^-1 | KNOWTHIS^-1	best LLR -7.62; testable
member	letters A-Z	CICADA^-1 | PRIMES^-1 | AKOAN	best LLR -7.62; testable
member	letters A-Z	CICADA^-1 | PRIMES^-1 | AKOAN^-1	best LLR -7.62; testable
member	letters A-Z	CICADA^-1 | LIBERPRIMUS | ANINSTRUCTION^-1	best LLR -9.86; testable
member	letters A-Z	CICADA^-1 | LIBERPRIMUS | THELOSSOFDIVINITY^-1	best LLR -8.98; testable
member	letters A-Z	CICADA^-1 | PRIMES^-1 | ANEND	best LLR -7.62; testable
member	letters A-Z	CICADA^-1 | PRIMES^-1 | ANEND^-1	best LLR -7.62; testable
member	letters A-Z	CICADA^-1 | PRIMES^-1 | PARABLE	best LLR -7.62; testable
member	letters A-Z	CICADA^-1 | PRIMES^-1 | PARABLE^-1	best LLR -7.62; testable
member	letters A-Z	CICADA^-1 | PRIMES^-1 | LIKE	best LLR -7.62; testable
member	letters A-Z	CICADA^-1 | PRIMES^-1 | LIKE^-1	best LLR -7.62; testable
member	letters A-Z	CICADA^-1 | PRIMES^-1 | THE	best LLR -7.62; testable
member	letters A-Z	CICADA^-1 | PRIMES^-1 | THE^-1	best LLR -7.62; testable
member	letters A-Z	CICADA^-1 | PRIMES^-1 | INSTAR	best LLR -7.62; testable
member	letters A-Z	CICADA^-1 | PRIMES^-1 | INSTAR^-1	best LLR -7.62; testable
member	letters A-Z	CICADA^-1 | PRIMES^-1 | TUNNELING	best LLR -7.62; testable
member	letters A-Z	CICADA^-1 | PRIMES^-1 | TUNNELING^-1	best LLR -7.62; testable
member	letters A-Z	CICADA^-1 | PRIMES^-1 | TO	best LLR -7.62; testable
member	letters A-Z	CICADA^-1 | PRIMES^-1 | TO^-1	best LLR -7.62; testable
member	letters A-Z	CICADA^-1 | PRIMES^-1 | SURFACE	best LLR -7.62; testable
member	letters A-Z	CICADA^-1 | PRIMES^-1 | SURFACE^-1	best LLR -7.62; testable
member	letters A-Z	CICADA^-1 | PRIMES^-1 | WE	best LLR -7.62; testable
member	letters A-Z	CICADA^-1 | PRIMES^-1 | WE^-1	best LLR -7.62; testable
member	letters A-Z	CICADA^-1 | PRIMES^-1 | MUST	best LLR -7.62; testable
member	letters A-Z	CICADA^-1 | PRIMES^-1 | MUST^-1	best LLR -7.62; testable
member	letters A-Z	CICADA^-1 | PRIMES^-1 | SHED	best LLR -7.62; testable
member	letters A-Z	CICADA^-1 | PRIMES^-1 | SHED^-1	best LLR -7.62; testable
member	letters A-Z	CICADA^-1 | PRIMES^-1 | OUR	best LLR -7.62; testable
member	letters A-Z	CICADA^-1 | PRIMES^-1 | OWN	best LLR -7.62; testable
member	letters A-Z	CICADA^-1 | PRIMES^-1 | OWN^-1	best LLR -7.62; testable
member	letters A-Z	CICADA^-1 | PRIMES^-1 | CIRCUMFERENCES	best LLR -7.62; testable
member	letters A-Z	CICADA^-1 | PRIMES^-1 | CIRCUMFERENCES^-1	best LLR -7.62; testable
member	letters A-Z	CICADA^-1 | PRIMES^-1 | FIND	best LLR -7.62; testable
member	letters A-Z	CICADA^-1 | PRIMES^-1 | FIND^-1	best LLR -7.62; testable
member	letters A-Z	CICADA^-1 | PRIMES^-1 | WITHIN	best LLR -7.62; testable
member	letters A-Z	CICADA^-1 | PRIMES^-1 | WITHIN^-1	best LLR -7.62; testable
member	letters A-Z	CICADA^-1 | PRIMES^-1 | AND	best LLR -7.62; testable
member	letters A-Z	CICADA^-1 | PRIMES^-1 | AND^-1	best LLR -7.62; testable
member	letters A-Z	CICADA^-1 | PRIMES^-1 | EMERGE	best LLR -7.62; testable
member	letters A-Z	CICADA^-1 | PRIMES^-1 | EMERGE^-1	best LLR -7.62; testable
member	letters A-Z	CICADA^-1 | PRIMES^-1 | CIRCUMFERENCE	best LLR -7.62; testable
member	letters A-Z	CICADA^-1 | PRIMES^-1 | CIRCUMFERENCE^-1	best LLR -7.62; testable
member	letters A-Z	CICADA^-1 | PRIMES^-1 | LIBERPRIMUS	best LLR -7.62; testable
member	letters A-Z	CICADA^-1 | PRIMES^-1 | LIBERPRIMUS^-1	best LLR -7.62; testable
member	letters A-Z	CICADA^-1 | PRIMES^-1 | PRIMUS	best LLR -7.62; testable
member	letters A-Z	CICADA^-1 | PRIMES^-1 | PRIMUS^-1	best LLR -7.62; testable
member	letters A-Z	CICADA^-1 | PRIMES^-1 | CICADA	best LLR -7.62; testable
member	letters A-Z	CICADA^-1 | PRIMES^-1 | CICADA^-1	best LLR -7.62; testable
member	letters A-Z	CICADA^-1 | PRIMES^-1 | PRIMES	best LLR -7.62; testable
member	letters A-Z	CICADA^-1 | PRIMES^-1 | PRIMES^-1	best LLR -7.62; testable
member	letters A-Z	CICADA^-1 | PRIMES^-1 | TOTIENT	best LLR -7.62; testable
member	letters A-Z	CICADA^-1 | PRIMES^-1 | TOTIENT^-1	best LLR -7.62; testable
member	letters A-Z	PRIMES | PARABLE | id	best LLR -7.21; testable
member	letters A-Z	PRIMES | INSTAR | id	best LLR -6.86; testable
member	letters A-Z	PRIMES | INSTAR^-1 | id	best LLR -7.74; testable
member	letters A-Z	PRIMES | WE^-1 | id	best LLR -8.81; testable
member	letters A-Z	PRIMES | MUST^-1 | id	best LLR -7.24; testable
member	letters A-Z	PRIMES | FIND^-1 | id	best LLR -7.95; testable
member	letters A-Z	PRIMES | CICADA^-1 | id	best LLR -5.05; testable
member	letters A-Z	PRIMES | PARABLE | FIRFUMFERENFE	best LLR -7.21; testable
member	letters A-Z	PRIMES | INSTAR | FIRFUMFERENFE	best LLR -6.86; testable
member	letters A-Z	PRIMES | INSTAR^-1 | FIRFUMFERENFE	best LLR -7.74; testable
member	letters A-Z	PRIMES | WE^-1 | FIRFUMFERENFE	best LLR -8.81; testable
member	letters A-Z	PRIMES | MUST^-1 | FIRFUMFERENFE	best LLR -7.24; testable
member	letters A-Z	PRIMES | FIND^-1 | FIRFUMFERENFE	best LLR -7.95; testable
member	letters A-Z	PRIMES | CICADA^-1 | FIRFUMFERENFE	best LLR -5.05; testable
member	letters A-Z	PRIMES | PARABLE | FIRFUMFERENFE^-1	best LLR -7.21; testable
member	letters A-Z	PRIMES | INSTAR | FIRFUMFERENFE^-1	best LLR -6.86; testable
member	letters A-Z	PRIMES | INSTAR^-1 | FIRFUMFERENFE^-1	best LLR -7.74; testable
member	letters A-Z	PRIMES | WE^-1 | FIRFUMFERENFE^-1	best LLR -8.81; testable
member	letters A-Z	PRIMES | MUST^-1 | FIRFUMFERENFE^-1	best LLR -7.24; testable
member	letters A-Z	PRIMES | FIND^-1 | FIRFUMFERENFE^-1	best LLR -7.95; testable
member	letters A-Z	PRIMES | CICADA^-1 | FIRFUMFERENFE^-1	best LLR -5.05; testable
member	letters A-Z	PRIMES | PARABLE | AWARNING	best LLR -7.21; testable
member	letters A-Z	PRIMES | INSTAR | AWARNING	best LLR -6.86; testable
member	letters A-Z	PRIMES | INSTAR^-1 | AWARNING	best LLR -7.74; testable
member	letters A-Z	PRIMES | WE^-1 | AWARNING	best LLR -8.81; testable
member	letters A-Z	PRIMES | MUST^-1 | AWARNING	best LLR -7.24; testable
member	letters A-Z	PRIMES | FIND^-1 | AWARNING	best LLR -7.95; testable
member	letters A-Z	PRIMES | CICADA^-1 | AWARNING	best LLR -5.05; testable
member	letters A-Z	PRIMES | PARABLE | AWARNING^-1	best LLR -7.21; testable
member	letters A-Z	PRIMES | INSTAR | AWARNING^-1	best LLR -6.86; testable
member	letters A-Z	PRIMES | INSTAR^-1 | AWARNING^-1	best LLR -7.74; testable
member	letters A-Z	PRIMES | WE^-1 | AWARNING^-1	best LLR -8.81; testable
member	letters A-Z	PRIMES | MUST^-1 | AWARNING^-1	best LLR -7.24; testable
member	letters A-Z	PRIMES | FIND^-1 | AWARNING^-1	best LLR -7.95; testable
member	letters A-Z	PRIMES | CICADA^-1 | AWARNING^-1	best LLR -5.05; testable
member	letters A-Z	PRIMES | PARABLE | WELCOME	best LLR -7.21; testable
member	letters A-Z	PRIMES | INSTAR | WELCOME	best LLR -6.86; testable
member	letters A-Z	PRIMES | INSTAR^-1 | WELCOME	best LLR -7.74; testable
member	letters A-Z	PRIMES | WE^-1 | WELCOME	best LLR -8.81; testable
member	letters A-Z	PRIMES | MUST^-1 | WELCOME	best LLR -7.24; testable
member	letters A-Z	PRIMES | FIND^-1 | WELCOME	best LLR -7.95; testable
member	letters A-Z	PRIMES | CICADA^-1 | WELCOME	best LLR -5.05; testable
member	letters A-Z	PRIMES | PARABLE | WELCOME^-1	best LLR -7.21; testable
member	letters A-Z	PRIMES | INSTAR | WELCOME^-1	best LLR -6.86; testable
member	letters A-Z	PRIMES | INSTAR^-1 | WELCOME^-1	best LLR -7.74; testable
member	letters A-Z	PRIMES | WE^-1 | WELCOME^-1	best LLR -8.81; testable
member	letters A-Z	PRIMES | MUST^-1 | WELCOME^-1	best LLR -7.24; testable
member	letters A-Z	PRIMES | FIND^-1 | WELCOME^-1	best LLR -7.95; testable
member	letters A-Z	PRIMES | CICADA^-1 | WELCOME^-1	best LLR -5.05; testable
member	letters A-Z	PRIMES | PARABLE | WISDOM	best LLR -7.21; testable
member	letters A-Z	PRIMES | INSTAR | WISDOM	best LLR -6.86; testable
member	letters A-Z	PRIMES | INSTAR^-1 | WISDOM	best LLR -7.74; testable
member	letters A-Z	PRIMES | WE^-1 | WISDOM	best LLR -8.81; testable
member	letters A-Z	PRIMES | MUST^-1 | WISDOM	best LLR -7.24; testable
member	letters A-Z	PRIMES | FIND^-1 | WISDOM	best LLR -7.95; testable
member	letters A-Z	PRIMES | CICADA^-1 | WISDOM	best LLR -5.05; testable
member	letters A-Z	PRIMES | PARABLE | WISDOM^-1	best LLR -7.21; testable
member	letters A-Z	PRIMES | INSTAR | WISDOM^-1	best LLR -6.86; testable
member	letters A-Z	PRIMES | INSTAR^-1 | WISDOM^-1	best LLR -7.74; testable
member	letters A-Z	PRIMES | WE^-1 | WISDOM^-1	best LLR -8.81; testable
member	letters A-Z	PRIMES | MUST^-1 | WISDOM^-1	best LLR -7.24; testable
member	letters A-Z	PRIMES | FIND^-1 | WISDOM^-1	best LLR -7.95; testable
member	letters A-Z	PRIMES | CICADA^-1 | WISDOM^-1	best LLR -5.05; testable
member	letters A-Z	PRIMES | PARABLE | SOMEWISDOM	best LLR -7.21; testable
member	letters A-Z	PRIMES | INSTAR | SOMEWISDOM	best LLR -6.86; testable
member	letters A-Z	PRIMES | INSTAR^-1 | SOMEWISDOM	best LLR -7.74; testable
member	letters A-Z	PRIMES | WE^-1 | SOMEWISDOM	best LLR -8.81; testable
member	letters A-Z	PRIMES | MUST^-1 | SOMEWISDOM	best LLR -7.24; testable
member	letters A-Z	PRIMES | FIND^-1 | SOMEWISDOM	best LLR -7.95; testable
member	letters A-Z	PRIMES | CICADA^-1 | SOMEWISDOM	best LLR -5.05; testable
member	letters A-Z	PRIMES | PARABLE | SOMEWISDOM^-1	best LLR -7.21; testable
member	letters A-Z	PRIMES | INSTAR | SOMEWISDOM^-1	best LLR -6.86; testable
member	letters A-Z	PRIMES | INSTAR^-1 | SOMEWISDOM^-1	best LLR -7.74; testable
member	letters A-Z	PRIMES | WE^-1 | SOMEWISDOM^-1	best LLR -8.81; testable
member	letters A-Z	PRIMES | MUST^-1 | SOMEWISDOM^-1	best LLR -7.24; testable
member	letters A-Z	PRIMES | FIND^-1 | SOMEWISDOM^-1	best LLR -7.95; testable
member	letters A-Z	PRIMES | CICADA^-1 | SOMEWISDOM^-1	best LLR -5.05; testable
member	letters A-Z	PRIMES | PARABLE | KNOWTHIS	best LLR -7.21; testable
member	letters A-Z	PRIMES | INSTAR | KNOWTHIS	best LLR -6.86; testable
member	letters A-Z	PRIMES | INSTAR^-1 | KNOWTHIS	best LLR -7.74; testable
member	letters A-Z	PRIMES | WE^-1 | KNOWTHIS	best LLR -8.81; testable
member	letters A-Z	PRIMES | MUST^-1 | KNOWTHIS	best LLR -7.24; testable
member	letters A-Z	PRIMES | FIND^-1 | KNOWTHIS	best LLR -7.95; testable
member	letters A-Z	PRIMES | CICADA^-1 | KNOWTHIS	best LLR -5.05; testable
member	letters A-Z	PRIMES | PARABLE | KNOWTHIS^-1	best LLR -7.21; testable
member	letters A-Z	PRIMES | INSTAR | KNOWTHIS^-1	best LLR -6.86; testable
member	letters A-Z	PRIMES | INSTAR^-1 | KNOWTHIS^-1	best LLR -7.74; testable
member	letters A-Z	PRIMES | WE^-1 | KNOWTHIS^-1	best LLR -8.81; testable
member	letters A-Z	PRIMES | MUST^-1 | KNOWTHIS^-1	best LLR -7.24; testable
member	letters A-Z	PRIMES | FIND^-1 | KNOWTHIS^-1	best LLR -7.95; testable
member	letters A-Z	PRIMES | CICADA^-1 | KNOWTHIS^-1	best LLR -5.05; testable
member	letters A-Z	PRIMES | PARABLE | AKOAN	best LLR -7.21; testable
member	letters A-Z	PRIMES | INSTAR | AKOAN	best LLR -6.86; testable
member	letters A-Z	PRIMES | INSTAR^-1 | AKOAN	best LLR -7.74; testable
member	letters A-Z	PRIMES | WE^-1 | AKOAN	best LLR -8.81; testable
member	letters A-Z	PRIMES | MUST^-1 | AKOAN	best LLR -7.24; testable
member	letters A-Z	PRIMES | FIND^-1 | AKOAN	best LLR -7.95; testable
member	letters A-Z	PRIMES | CICADA^-1 | AKOAN	best LLR -5.05; testable
member	letters A-Z	PRIMES | PARABLE | AKOAN^-1	best LLR -7.21; testable
member	letters A-Z	PRIMES | INSTAR | AKOAN^-1	best LLR -6.86; testable
member	letters A-Z	PRIMES | INSTAR^-1 | AKOAN^-1	best LLR -7.74; testable
member	letters A-Z	PRIMES | WE^-1 | AKOAN^-1	best LLR -8.81; testable
member	letters A-Z	PRIMES | MUST^-1 | AKOAN^-1	best LLR -7.24; testable
member	letters A-Z	PRIMES | FIND^-1 | AKOAN^-1	best LLR -7.95; testable
member	letters A-Z	PRIMES | CICADA^-1 | AKOAN^-1	best LLR -5.05; testable
member	letters A-Z	PRIMES | PARABLE | ANEND	best LLR -7.21; testable
member	letters A-Z	PRIMES | INSTAR | ANEND	best LLR -6.86; testable
member	letters A-Z	PRIMES | INSTAR^-1 | ANEND	best LLR -7.74; testable
member	letters A-Z	PRIMES | WE^-1 | ANEND	best LLR -8.81; testable
member	letters A-Z	PRIMES | MUST^-1 | ANEND	best LLR -7.24; testable
member	letters A-Z	PRIMES | FIND^-1 | ANEND	best LLR -7.95; testable
member	letters A-Z	PRIMES | CICADA^-1 | ANEND	best LLR -5.05; testable
member	letters A-Z	PRIMES | PARABLE | ANEND^-1	best LLR -7.21; testable
member	letters A-Z	PRIMES | INSTAR | ANEND^-1	best LLR -6.86; testable
member	letters A-Z	PRIMES | INSTAR^-1 | ANEND^-1	best LLR -7.74; testable
member	letters A-Z	PRIMES | WE^-1 | ANEND^-1	best LLR -8.81; testable
member	letters A-Z	PRIMES | MUST^-1 | ANEND^-1	best LLR -7.24; testable
member	letters A-Z	PRIMES | FIND^-1 | ANEND^-1	best LLR -7.95; testable
member	letters A-Z	PRIMES | CICADA^-1 | ANEND^-1	best LLR -5.05; testable
member	letters A-Z	PRIMES | PARABLE | PARABLE	best LLR -7.21; testable
member	letters A-Z	PRIMES | INSTAR | PARABLE	best LLR -6.86; testable
member	letters A-Z	PRIMES | INSTAR^-1 | PARABLE	best LLR -7.74; testable
member	letters A-Z	PRIMES | WE^-1 | PARABLE	best LLR -8.81; testable
member	letters A-Z	PRIMES | MUST^-1 | PARABLE	best LLR -7.24; testable
member	letters A-Z	PRIMES | FIND^-1 | PARABLE	best LLR -7.95; testable
member	letters A-Z	PRIMES | CICADA^-1 | PARABLE	best LLR -5.05; testable
member	letters A-Z	PRIMES | PARABLE | PARABLE^-1	best LLR -7.21; testable
member	letters A-Z	PRIMES | INSTAR | PARABLE^-1	best LLR -6.86; testable
member	letters A-Z	PRIMES | INSTAR^-1 | PARABLE^-1	best LLR -7.74; testable
member	letters A-Z	PRIMES | WE^-1 | PARABLE^-1	best LLR -8.81; testable
member	letters A-Z	PRIMES | MUST^-1 | PARABLE^-1	best LLR -7.24; testable
member	letters A-Z	PRIMES | FIND^-1 | PARABLE^-1	best LLR -7.95; testable
member	letters A-Z	PRIMES | CICADA^-1 | PARABLE^-1	best LLR -5.05; testable
member	letters A-Z	PRIMES | PARABLE | LIKE	best LLR -7.21; testable
member	letters A-Z	PRIMES | INSTAR | LIKE	best LLR -6.86; testable
member	letters A-Z	PRIMES | INSTAR^-1 | LIKE	best LLR -7.74; testable
member	letters A-Z	PRIMES | WE^-1 | LIKE	best LLR -8.81; testable
member	letters A-Z	PRIMES | MUST^-1 | LIKE	best LLR -7.24; testable
member	letters A-Z	PRIMES | FIND^-1 | LIKE	best LLR -7.95; testable
member	letters A-Z	PRIMES | CICADA^-1 | LIKE	best LLR -5.05; testable
member	letters A-Z	PRIMES | PARABLE | LIKE^-1	best LLR -7.21; testable
member	letters A-Z	PRIMES | INSTAR | LIKE^-1	best LLR -6.86; testable
member	letters A-Z	PRIMES | INSTAR^-1 | LIKE^-1	best LLR -7.74; testable
member	letters A-Z	PRIMES | WE^-1 | LIKE^-1	best LLR -8.81; testable
member	letters A-Z	PRIMES | MUST^-1 | LIKE^-1	best LLR -7.24; testable
member	letters A-Z	PRIMES | FIND^-1 | LIKE^-1	best LLR -7.95; testable
member	letters A-Z	PRIMES | CICADA^-1 | LIKE^-1	best LLR -5.05; testable
member	letters A-Z	PRIMES | PARABLE | THE	best LLR -7.21; testable
member	letters A-Z	PRIMES | INSTAR | THE	best LLR -6.86; testable
member	letters A-Z	PRIMES | INSTAR^-1 | THE	best LLR -7.74; testable
member	letters A-Z	PRIMES | WE^-1 | THE	best LLR -8.81; testable
member	letters A-Z	PRIMES | MUST^-1 | THE	best LLR -7.24; testable
member	letters A-Z	PRIMES | FIND^-1 | THE	best LLR -7.95; testable
member	letters A-Z	PRIMES | CICADA^-1 | THE	best LLR -5.05; testable
member	letters A-Z	PRIMES | PARABLE | THE^-1	best LLR -7.21; testable
member	letters A-Z	PRIMES | INSTAR | THE^-1	best LLR -6.86; testable
member	letters A-Z	PRIMES | INSTAR^-1 | THE^-1	best LLR -7.74; testable
member	letters A-Z	PRIMES | WE^-1 | THE^-1	best LLR -8.81; testable
member	letters A-Z	PRIMES | MUST^-1 | THE^-1	best LLR -7.24; testable
member	letters A-Z	PRIMES | FIND^-1 | THE^-1	best LLR -7.95; testable
member	letters A-Z	PRIMES | CICADA^-1 | THE^-1	best LLR -5.05; testable
member	letters A-Z	PRIMES | PARABLE | INSTAR	best LLR -7.21; testable
member	letters A-Z	PRIMES | INSTAR | INSTAR	best LLR -6.86; testable
member	letters A-Z	PRIMES | INSTAR^-1 | INSTAR	best LLR -7.74; testable
member	letters A-Z	PRIMES | WE^-1 | INSTAR	best LLR -8.81; testable
member	letters A-Z	PRIMES | MUST^-1 | INSTAR	best LLR -7.24; testable
member	letters A-Z	PRIMES | FIND^-1 | INSTAR	best LLR -7.95; testable
member	letters A-Z	PRIMES | CICADA^-1 | INSTAR	best LLR -5.05; testable
member	letters A-Z	PRIMES | PARABLE | INSTAR^-1	best LLR -7.21; testable
member	letters A-Z	PRIMES | INSTAR | INSTAR^-1	best LLR -6.86; testable
member	letters A-Z	PRIMES | INSTAR^-1 | INSTAR^-1	best LLR -7.74; testable
member	letters A-Z	PRIMES | WE^-1 | INSTAR^-1	best LLR -8.81; testable
member	letters A-Z	PRIMES | MUST^-1 | INSTAR^-1	best LLR -7.24; testable
member	letters A-Z	PRIMES | FIND^-1 | INSTAR^-1	best LLR -7.95; testable
member	letters A-Z	PRIMES | CICADA^-1 | INSTAR^-1	best LLR -5.05; testable
member	letters A-Z	PRIMES | PARABLE | TUNNELING	best LLR -7.21; testable
member	letters A-Z	PRIMES | INSTAR | TUNNELING	best LLR -6.86; testable
member	letters A-Z	PRIMES | INSTAR^-1 | TUNNELING	best LLR -7.74; testable
member	letters A-Z	PRIMES | WE^-1 | TUNNELING	best LLR -8.81; testable
member	letters A-Z	PRIMES | MUST^-1 | TUNNELING	best LLR -7.24; testable
member	letters A-Z	PRIMES | FIND^-1 | TUNNELING	best LLR -7.95; testable
member	letters A-Z	PRIMES | CICADA^-1 | TUNNELING	best LLR -5.05; testable
member	letters A-Z	PRIMES | PARABLE | TUNNELING^-1	best LLR -7.21; testable
member	letters A-Z	PRIMES | INSTAR | TUNNELING^-1	best LLR -6.86; testable
member	letters A-Z	PRIMES | INSTAR^-1 | TUNNELING^-1	best LLR -7.74; testable
member	letters A-Z	PRIMES | WE^-1 | TUNNELING^-1	best LLR -8.81; testable
member	letters A-Z	PRIMES | MUST^-1 | TUNNELING^-1	best LLR -7.24; testable
member	letters A-Z	PRIMES | FIND^-1 | TUNNELING^-1	best LLR -7.95; testable
member	letters A-Z	PRIMES | CICADA^-1 | TUNNELING^-1	best LLR -5.05; testable
member	letters A-Z	PRIMES | PARABLE | TO	best LLR -7.21; testable
member	letters A-Z	PRIMES | INSTAR | TO	best LLR -6.86; testable
member	letters A-Z	PRIMES | INSTAR^-1 | TO	best LLR -7.74; testable
member	letters A-Z	PRIMES | WE^-1 | TO	best LLR -8.81; testable
member	letters A-Z	PRIMES | MUST^-1 | TO	best LLR -7.24; testable
member	letters A-Z	PRIMES | FIND^-1 | TO	best LLR -7.95; testable
member	letters A-Z	PRIMES | CICADA^-1 | TO	best LLR -5.05; testable
member	letters A-Z	PRIMES | PARABLE | TO^-1	best LLR -7.21; testable
member	letters A-Z	PRIMES | INSTAR | TO^-1	best LLR -6.86; testable
member	letters A-Z	PRIMES | INSTAR^-1 | TO^-1	best LLR -7.74; testable
member	letters A-Z	PRIMES | WE^-1 | TO^-1	best LLR -8.81; testable
member	letters A-Z	PRIMES | MUST^-1 | TO^-1	best LLR -7.24; testable
member	letters A-Z	PRIMES | FIND^-1 | TO^-1	best LLR -7.95; testable
member	letters A-Z	PRIMES | CICADA^-1 | TO^-1	best LLR -5.05; testable
member	letters A-Z	PRIMES | PARABLE | SURFACE	best LLR -7.21; testable
member	letters A-Z	PRIMES | INSTAR | SURFACE	best LLR -6.86; testable
member	letters A-Z	PRIMES | INSTAR^-1 | SURFACE	best LLR -7.74; testable
member	letters A-Z	PRIMES | WE^-1 | SURFACE	best LLR -8.81; testable
member	letters A-Z	PRIMES | MUST^-1 | SURFACE	best LLR -7.24; testable
member	letters A-Z	PRIMES | FIND^-1 | SURFACE	best LLR -7.95; testable
member	letters A-Z	PRIMES | CICADA^-1 | SURFACE	best LLR -5.05; testable
member	letters A-Z	PRIMES | PARABLE | SURFACE^-1	best LLR -7.21; testable
member	letters A-Z	PRIMES | INSTAR | SURFACE^-1	best LLR -6.86; testable
member	letters A-Z	PRIMES | INSTAR^-1 | SURFACE^-1	best LLR -7.74; testable
member	letters A-Z	PRIMES | WE^-1 | SURFACE^-1	best LLR -8.81; testable
member	letters A-Z	PRIMES | MUST^-1 | SURFACE^-1	best LLR -7.24; testable
member	letters A-Z	PRIMES | FIND^-1 | SURFACE^-1	best LLR -7.95; testable
member	letters A-Z	PRIMES | CICADA^-1 | SURFACE^-1	best LLR -5.05; testable
member	letters A-Z	PRIMES | PARABLE | WE	best LLR -7.21; testable
member	letters A-Z	PRIMES | INSTAR | WE	best LLR -6.86; testable
member	letters A-Z	PRIMES | INSTAR^-1 | WE	best LLR -7.74; testable
member	letters A-Z	PRIMES | WE^-1 | WE	best LLR -8.81; testable
member	letters A-Z	PRIMES | MUST^-1 | WE	best LLR -7.24; testable
member	letters A-Z	PRIMES | FIND^-1 | WE	best LLR -7.95; testable
member	letters A-Z	PRIMES | CICADA^-1 | WE	best LLR -5.05; testable
member	letters A-Z	PRIMES | PARABLE | WE^-1	best LLR -7.21; testable
member	letters A-Z	PRIMES | INSTAR | WE^-1	best LLR -6.86; testable
member	letters A-Z	PRIMES | INSTAR^-1 | WE^-1	best LLR -7.74; testable
member	letters A-Z	PRIMES | WE^-1 | WE^-1	best LLR -8.81; testable
member	letters A-Z	PRIMES | MUST^-1 | WE^-1	best LLR -7.24; testable
member	letters A-Z	PRIMES | FIND^-1 | WE^-1	best LLR -7.95; testable
member	letters A-Z	PRIMES | CICADA^-1 | WE^-1	best LLR -5.05; testable
member	letters A-Z	PRIMES | PARABLE | MUST	best LLR -7.21; testable
member	letters A-Z	PRIMES | INSTAR | MUST	best LLR -6.86; testable
member	letters A-Z	PRIMES | INSTAR^-1 | MUST	best LLR -7.74; testable
member	letters A-Z	PRIMES | WE^-1 | MUST	best LLR -8.81; testable
member	letters A-Z	PRIMES | MUST^-1 | MUST	best LLR -7.24; testable
member	letters A-Z	PRIMES | FIND^-1 | MUST	best LLR -7.95; testable
member	letters A-Z	PRIMES | CICADA^-1 | MUST	best LLR -5.05; testable
member	letters A-Z	PRIMES | PARABLE | MUST^-1	best LLR -7.21; testable
member	letters A-Z	PRIMES | INSTAR | MUST^-1	best LLR -6.86; testable
member	letters A-Z	PRIMES | INSTAR^-1 | MUST^-1	best LLR -7.74; testable
member	letters A-Z	PRIMES | WE^-1 | MUST^-1	best LLR -8.81; testable
member	letters A-Z	PRIMES | MUST^-1 | MUST^-1	best LLR -7.24; testable
member	letters A-Z	PRIMES | FIND^-1 | MUST^-1	best LLR -7.95; testable
member	letters A-Z	PRIMES | CICADA^-1 | MUST^-1	best LLR -5.05; testable
member	letters A-Z	PRIMES | PARABLE | SHED	best LLR -7.21; testable
member	letters A-Z	PRIMES | INSTAR | SHED	best LLR -6.86; testable
member	letters A-Z	PRIMES | INSTAR^-1 | SHED	best LLR -7.74; testable
member	letters A-Z	PRIMES | WE^-1 | SHED	best LLR -8.81; testable
member	letters A-Z	PRIMES | MUST^-1 | SHED	best LLR -7.24; testable
member	letters A-Z	PRIMES | FIND^-1 | SHED	best LLR -7.95; testable
member	letters A-Z	PRIMES | CICADA^-1 | SHED	best LLR -5.05; testable
member	letters A-Z	PRIMES | PARABLE | SHED^-1	best LLR -7.21; testable
member	letters A-Z	PRIMES | INSTAR | SHED^-1	best LLR -6.86; testable
member	letters A-Z	PRIMES | INSTAR^-1 | SHED^-1	best LLR -7.74; testable
member	letters A-Z	PRIMES | WE^-1 | SHED^-1	best LLR -8.81; testable
member	letters A-Z	PRIMES | MUST^-1 | SHED^-1	best LLR -7.24; testable
member	letters A-Z	PRIMES | FIND^-1 | SHED^-1	best LLR -7.95; testable
member	letters A-Z	PRIMES | CICADA^-1 | SHED^-1	best LLR -5.05; testable
member	letters A-Z	PRIMES | PARABLE | OUR	best LLR -7.21; testable
member	letters A-Z	PRIMES | INSTAR | OUR	best LLR -6.86; testable
member	letters A-Z	PRIMES | INSTAR^-1 | OUR	best LLR -7.74; testable
member	letters A-Z	PRIMES | WE^-1 | OUR	best LLR -8.81; testable
member	letters A-Z	PRIMES | MUST^-1 | OUR	best LLR -7.24; testable
member	letters A-Z	PRIMES | FIND^-1 | OUR	best LLR -7.95; testable
member	letters A-Z	PRIMES | CICADA^-1 | OUR	best LLR -5.05; testable
member	letters A-Z	PRIMES | PARABLE | OWN	best LLR -7.21; testable
member	letters A-Z	PRIMES | INSTAR | OWN	best LLR -6.86; testable
member	letters A-Z	PRIMES | INSTAR^-1 | OWN	best LLR -7.74; testable
member	letters A-Z	PRIMES | WE^-1 | OWN	best LLR -8.81; testable
member	letters A-Z	PRIMES | MUST^-1 | OWN	best LLR -7.24; testable
member	letters A-Z	PRIMES | FIND^-1 | OWN	best LLR -7.95; testable
member	letters A-Z	PRIMES | CICADA^-1 | OWN	best LLR -5.05; testable
member	letters A-Z	PRIMES | PARABLE | OWN^-1	best LLR -7.21; testable
member	letters A-Z	PRIMES | INSTAR | OWN^-1	best LLR -6.86; testable
member	letters A-Z	PRIMES | INSTAR^-1 | OWN^-1	best LLR -7.74; testable
member	letters A-Z	PRIMES | WE^-1 | OWN^-1	best LLR -8.81; testable
member	letters A-Z	PRIMES | MUST^-1 | OWN^-1	best LLR -7.24; testable
member	letters A-Z	PRIMES | FIND^-1 | OWN^-1	best LLR -7.95; testable
member	letters A-Z	PRIMES | CICADA^-1 | OWN^-1	best LLR -5.05; testable
member	letters A-Z	PRIMES | PARABLE | CIRCUMFERENCES	best LLR -7.21; testable
member	letters A-Z	PRIMES | INSTAR | CIRCUMFERENCES	best LLR -6.86; testable
member	letters A-Z	PRIMES | INSTAR^-1 | CIRCUMFERENCES	best LLR -7.74; testable
member	letters A-Z	PRIMES | WE^-1 | CIRCUMFERENCES	best LLR -8.81; testable
member	letters A-Z	PRIMES | MUST^-1 | CIRCUMFERENCES	best LLR -7.24; testable
member	letters A-Z	PRIMES | FIND^-1 | CIRCUMFERENCES	best LLR -7.95; testable
member	letters A-Z	PRIMES | CICADA^-1 | CIRCUMFERENCES	best LLR -5.05; testable
member	letters A-Z	PRIMES | PARABLE | CIRCUMFERENCES^-1	best LLR -7.21; testable
member	letters A-Z	PRIMES | INSTAR | CIRCUMFERENCES^-1	best LLR -6.86; testable
member	letters A-Z	PRIMES | INSTAR^-1 | CIRCUMFERENCES^-1	best LLR -7.74; testable
member	letters A-Z	PRIMES | WE^-1 | CIRCUMFERENCES^-1	best LLR -8.81; testable
member	letters A-Z	PRIMES | MUST^-1 | CIRCUMFERENCES^-1	best LLR -7.24; testable
member	letters A-Z	PRIMES | FIND^-1 | CIRCUMFERENCES^-1	best LLR -7.95; testable
member	letters A-Z	PRIMES | CICADA^-1 | CIRCUMFERENCES^-1	best LLR -5.05; testable
member	letters A-Z	PRIMES | PARABLE | FIND	best LLR -7.21; testable
member	letters A-Z	PRIMES | INSTAR | FIND	best LLR -6.86; testable
member	letters A-Z	PRIMES | INSTAR^-1 | FIND	best LLR -7.74; testable
member	letters A-Z	PRIMES | WE^-1 | FIND	best LLR -8.81; testable
member	letters A-Z	PRIMES | MUST^-1 | FIND	best LLR -7.24; testable
member	letters A-Z	PRIMES | FIND^-1 | FIND	best LLR -7.95; testable
member	letters A-Z	PRIMES | CICADA^-1 | FIND	best LLR -5.05; testable
member	letters A-Z	PRIMES | PARABLE | FIND^-1	best LLR -7.21; testable
member	letters A-Z	PRIMES | INSTAR | FIND^-1	best LLR -6.86; testable
member	letters A-Z	PRIMES | INSTAR^-1 | FIND^-1	best LLR -7.74; testable
member	letters A-Z	PRIMES | WE^-1 | FIND^-1	best LLR -8.81; testable
member	letters A-Z	PRIMES | MUST^-1 | FIND^-1	best LLR -7.24; testable
member	letters A-Z	PRIMES | FIND^-1 | FIND^-1	best LLR -7.95; testable
member	letters A-Z	PRIMES | CICADA^-1 | FIND^-1	best LLR -5.05; testable
member	letters A-Z	PRIMES | PARABLE | WITHIN	best LLR -7.21; testable
member	letters A-Z	PRIMES | INSTAR | WITHIN	best LLR -6.86; testable
member	letters A-Z	PRIMES | INSTAR^-1 | WITHIN	best LLR -7.74; testable
member	letters A-Z	PRIMES | WE^-1 | WITHIN	best LLR -8.81; testable
member	letters A-Z	PRIMES | MUST^-1 | WITHIN	best LLR -7.24; testable
member	letters A-Z	PRIMES | FIND^-1 | WITHIN	best LLR -7.95; testable
member	letters A-Z	PRIMES | CICADA^-1 | WITHIN	best LLR -5.05; testable
member	letters A-Z	PRIMES | PARABLE | WITHIN^-1	best LLR -7.21; testable
member	letters A-Z	PRIMES | INSTAR | WITHIN^-1	best LLR -6.86; testable
member	letters A-Z	PRIMES | INSTAR^-1 | WITHIN^-1	best LLR -7.74; testable
member	letters A-Z	PRIMES | WE^-1 | WITHIN^-1	best LLR -8.81; testable
member	letters A-Z	PRIMES | MUST^-1 | WITHIN^-1	best LLR -7.24; testable
member	letters A-Z	PRIMES | FIND^-1 | WITHIN^-1	best LLR -7.95; testable
member	letters A-Z	PRIMES | CICADA^-1 | WITHIN^-1	best LLR -5.05; testable
member	letters A-Z	PRIMES | PARABLE | AND	best LLR -7.21; testable
member	letters A-Z	PRIMES | INSTAR | AND	best LLR -6.86; testable
member	letters A-Z	PRIMES | INSTAR^-1 | AND	best LLR -7.74; testable
member	letters A-Z	PRIMES | WE^-1 | AND	best LLR -8.81; testable
member	letters A-Z	PRIMES | MUST^-1 | AND	best LLR -7.24; testable
member	letters A-Z	PRIMES | FIND^-1 | AND	best LLR -7.95; testable
member	letters A-Z	PRIMES | CICADA^-1 | AND	best LLR -5.05; testable
member	letters A-Z	PRIMES | PARABLE | AND^-1	best LLR -7.21; testable
member	letters A-Z	PRIMES | INSTAR | AND^-1	best LLR -6.86; testable
member	letters A-Z	PRIMES | INSTAR^-1 | AND^-1	best LLR -7.74; testable
member	letters A-Z	PRIMES | WE^-1 | AND^-1	best LLR -8.81; testable
member	letters A-Z	PRIMES | MUST^-1 | AND^-1	best LLR -7.24; testable
member	letters A-Z	PRIMES | FIND^-1 | AND^-1	best LLR -7.95; testable
member	letters A-Z	PRIMES | CICADA^-1 | AND^-1	best LLR -5.05; testable
member	letters A-Z	PRIMES | PARABLE | EMERGE	best LLR -7.21; testable
member	letters A-Z	PRIMES | INSTAR | EMERGE	best LLR -6.86; testable
member	letters A-Z	PRIMES | INSTAR^-1 | EMERGE	best LLR -7.74; testable
member	letters A-Z	PRIMES | WE^-1 | EMERGE	best LLR -8.81; testable
member	letters A-Z	PRIMES | MUST^-1 | EMERGE	best LLR -7.24; testable
member	letters A-Z	PRIMES | FIND^-1 | EMERGE	best LLR -7.95; testable
member	letters A-Z	PRIMES | CICADA^-1 | EMERGE	best LLR -5.05; testable
member	letters A-Z	PRIMES | PARABLE | EMERGE^-1	best LLR -7.21; testable
member	letters A-Z	PRIMES | INSTAR | EMERGE^-1	best LLR -6.86; testable
member	letters A-Z	PRIMES | INSTAR^-1 | EMERGE^-1	best LLR -7.74; testable
member	letters A-Z	PRIMES | WE^-1 | EMERGE^-1	best LLR -8.81; testable
member	letters A-Z	PRIMES | MUST^-1 | EMERGE^-1	best LLR -7.24; testable
member	letters A-Z	PRIMES | FIND^-1 | EMERGE^-1	best LLR -7.95; testable
member	letters A-Z	PRIMES | CICADA^-1 | EMERGE^-1	best LLR -5.05; testable
member	letters A-Z	PRIMES | PARABLE | CIRCUMFERENCE	best LLR -7.21; testable
member	letters A-Z	PRIMES | INSTAR | CIRCUMFERENCE	best LLR -6.86; testable
member	letters A-Z	PRIMES | INSTAR^-1 | CIRCUMFERENCE	best LLR -7.74; testable
member	letters A-Z	PRIMES | WE^-1 | CIRCUMFERENCE	best LLR -8.81; testable
member	letters A-Z	PRIMES | MUST^-1 | CIRCUMFERENCE	best LLR -7.24; testable
member	letters A-Z	PRIMES | FIND^-1 | CIRCUMFERENCE	best LLR -7.95; testable
member	letters A-Z	PRIMES | CICADA^-1 | CIRCUMFERENCE	best LLR -5.05; testable
member	letters A-Z	PRIMES | PARABLE | CIRCUMFERENCE^-1	best LLR -7.21; testable
member	letters A-Z	PRIMES | INSTAR | CIRCUMFERENCE^-1	best LLR -6.86; testable
member	letters A-Z	PRIMES | INSTAR^-1 | CIRCUMFERENCE^-1	best LLR -7.74; testable
member	letters A-Z	PRIMES | WE^-1 | CIRCUMFERENCE^-1	best LLR -8.81; testable
member	letters A-Z	PRIMES | MUST^-1 | CIRCUMFERENCE^-1	best LLR -7.24; testable
member	letters A-Z	PRIMES | FIND^-1 | CIRCUMFERENCE^-1	best LLR -7.95; testable
member	letters A-Z	PRIMES | CICADA^-1 | CIRCUMFERENCE^-1	best LLR -5.05; testable
member	letters A-Z	PRIMES | PARABLE | LIBERPRIMUS	best LLR -7.21; testable
member	letters A-Z	PRIMES | INSTAR | LIBERPRIMUS	best LLR -6.86; testable
member	letters A-Z	PRIMES | INSTAR^-1 | LIBERPRIMUS	best LLR -7.74; testable
member	letters A-Z	PRIMES | WE^-1 | LIBERPRIMUS	best LLR -8.81; testable
member	letters A-Z	PRIMES | MUST^-1 | LIBERPRIMUS	best LLR -7.24; testable
member	letters A-Z	PRIMES | FIND^-1 | LIBERPRIMUS	best LLR -7.95; testable
member	letters A-Z	PRIMES | CICADA^-1 | LIBERPRIMUS	best LLR -5.05; testable
member	letters A-Z	PRIMES | PARABLE | LIBERPRIMUS^-1	best LLR -7.21; testable
member	letters A-Z	PRIMES | INSTAR | LIBERPRIMUS^-1	best LLR -6.86; testable
member	letters A-Z	PRIMES | INSTAR^-1 | LIBERPRIMUS^-1	best LLR -7.74; testable
member	letters A-Z	PRIMES | WE^-1 | LIBERPRIMUS^-1	best LLR -8.81; testable
member	letters A-Z	PRIMES | MUST^-1 | LIBERPRIMUS^-1	best LLR -7.24; testable
member	letters A-Z	PRIMES | FIND^-1 | LIBERPRIMUS^-1	best LLR -7.95; testable
member	letters A-Z	PRIMES | CICADA^-1 | LIBERPRIMUS^-1	best LLR -5.05; testable
member	letters A-Z	PRIMES | PARABLE | PRIMUS	best LLR -7.21; testable
member	letters A-Z	PRIMES | INSTAR | PRIMUS	best LLR -6.86; testable
member	letters A-Z	PRIMES | INSTAR^-1 | PRIMUS	best LLR -7.74; testable
member	letters A-Z	PRIMES | WE^-1 | PRIMUS	best LLR -8.81; testable
member	letters A-Z	PRIMES | MUST^-1 | PRIMUS	best LLR -7.24; testable
member	letters A-Z	PRIMES | FIND^-1 | PRIMUS	best LLR -7.95; testable
member	letters A-Z	PRIMES | CICADA^-1 | PRIMUS	best LLR -5.05; testable
member	letters A-Z	PRIMES | PARABLE | PRIMUS^-1	best LLR -7.21; testable
member	letters A-Z	PRIMES | INSTAR | PRIMUS^-1	best LLR -6.86; testable
member	letters A-Z	PRIMES | INSTAR^-1 | PRIMUS^-1	best LLR -7.74; testable
member	letters A-Z	PRIMES | WE^-1 | PRIMUS^-1	best LLR -8.81; testable
member	letters A-Z	PRIMES | MUST^-1 | PRIMUS^-1	best LLR -7.24; testable
member	letters A-Z	PRIMES | FIND^-1 | PRIMUS^-1	best LLR -7.95; testable
member	letters A-Z	PRIMES | CICADA^-1 | PRIMUS^-1	best LLR -5.05; testable
member	letters A-Z	PRIMES | PARABLE | CICADA	best LLR -7.21; testable
member	letters A-Z	PRIMES | INSTAR | CICADA	best LLR -6.86; testable
member	letters A-Z	PRIMES | INSTAR^-1 | CICADA	best LLR -7.74; testable
member	letters A-Z	PRIMES | WE^-1 | CICADA	best LLR -8.81; testable
member	letters A-Z	PRIMES | MUST^-1 | CICADA	best LLR -7.24; testable
member	letters A-Z	PRIMES | FIND^-1 | CICADA	best LLR -7.95; testable
member	letters A-Z	PRIMES | CICADA^-1 | CICADA	best LLR -5.05; testable
member	letters A-Z	PRIMES | PARABLE | CICADA^-1	best LLR -7.21; testable
member	letters A-Z	PRIMES | INSTAR | CICADA^-1	best LLR -6.86; testable
member	letters A-Z	PRIMES | INSTAR^-1 | CICADA^-1	best LLR -7.74; testable
member	letters A-Z	PRIMES | WE^-1 | CICADA^-1	best LLR -8.81; testable
member	letters A-Z	PRIMES | MUST^-1 | CICADA^-1	best LLR -7.24; testable
member	letters A-Z	PRIMES | FIND^-1 | CICADA^-1	best LLR -7.95; testable
member	letters A-Z	PRIMES | CICADA^-1 | CICADA^-1	best LLR -5.05; testable
member	letters A-Z	PRIMES | PARABLE | PRIMES	best LLR -7.21; testable
member	letters A-Z	PRIMES | INSTAR | PRIMES	best LLR -6.86; testable
member	letters A-Z	PRIMES | INSTAR^-1 | PRIMES	best LLR -7.74; testable
member	letters A-Z	PRIMES | WE^-1 | PRIMES	best LLR -8.81; testable
member	letters A-Z	PRIMES | MUST^-1 | PRIMES	best LLR -7.24; testable
member	letters A-Z	PRIMES | FIND^-1 | PRIMES	best LLR -7.95; testable
member	letters A-Z	PRIMES | CICADA^-1 | PRIMES	best LLR -5.05; testable
member	letters A-Z	PRIMES | PARABLE | PRIMES^-1	best LLR -7.21; testable
member	letters A-Z	PRIMES | INSTAR | PRIMES^-1	best LLR -6.86; testable
member	letters A-Z	PRIMES | INSTAR^-1 | PRIMES^-1	best LLR -7.74; testable
member	letters A-Z	PRIMES | WE^-1 | PRIMES^-1	best LLR -8.81; testable
member	letters A-Z	PRIMES | MUST^-1 | PRIMES^-1	best LLR -7.24; testable
member	letters A-Z	PRIMES | FIND^-1 | PRIMES^-1	best LLR -7.95; testable
member	letters A-Z	PRIMES | CICADA^-1 | PRIMES^-1	best LLR -5.05; testable
member	letters A-Z	PRIMES | PARABLE | TOTIENT	best LLR -7.21; testable
member	letters A-Z	PRIMES | INSTAR | TOTIENT	best LLR -6.86; testable
member	letters A-Z	PRIMES | INSTAR^-1 | TOTIENT	best LLR -7.74; testable
member	letters A-Z	PRIMES | WE^-1 | TOTIENT	best LLR -8.81; testable
member	letters A-Z	PRIMES | MUST^-1 | TOTIENT	best LLR -7.24; testable
member	letters A-Z	PRIMES | FIND^-1 | TOTIENT	best LLR -7.95; testable
member	letters A-Z	PRIMES | CICADA^-1 | TOTIENT	best LLR -5.05; testable
member	letters A-Z	PRIMES | PARABLE | TOTIENT^-1	best LLR -7.21; testable
member	letters A-Z	PRIMES | INSTAR | TOTIENT^-1	best LLR -6.86; testable
member	letters A-Z	PRIMES | INSTAR^-1 | TOTIENT^-1	best LLR -7.74; testable
member	letters A-Z	PRIMES | WE^-1 | TOTIENT^-1	best LLR -8.81; testable
member	letters A-Z	PRIMES | MUST^-1 | TOTIENT^-1	best LLR -7.24; testable
member	letters A-Z	PRIMES | FIND^-1 | TOTIENT^-1	best LLR -7.95; testable
member	letters A-Z	PRIMES | CICADA^-1 | TOTIENT^-1	best LLR -5.05; testable
member	letters A-Z	PRIMES^-1 | WELCOME^-1 | DIVINITY	best LLR -9.41; testable
member	letters A-Z	PRIMES^-1 | CICADA^-1 | ANINSTRUCTION^-1	best LLR -9.53; testable
member	letters A-Z	PRIMES^-1 | WELCOME^-1 | THELOSSOFDIVINITY	best LLR -9.41; testable
member	letters A-Z	TOTIENT^-1 | DIVINITY | id	best LLR -8.39; testable
member	letters A-Z	TOTIENT^-1 | FIRFUMFERENFE | id	best LLR -9.64; testable
member	letters A-Z	TOTIENT^-1 | LIKE | id	best LLR -9.29; testable
member	letters A-Z	TOTIENT^-1 | MUST | id	best LLR -9.58; testable
member	letters A-Z	TOTIENT^-1 | FIND | id	best LLR -7.11; testable
member	letters A-Z	TOTIENT^-1 | EMERGE | id	best LLR -9.96; testable
member	letters A-Z	TOTIENT^-1 | TOTIENT | id	best LLR -9.56; testable
member	letters A-Z	TOTIENT^-1 | DIVINITY | DIVINITY	best LLR -0.58; testable
member	letters A-Z	TOTIENT^-1 | FIRFUMFERENFE | DIVINITY	best LLR -2.79; testable
member	letters A-Z	TOTIENT^-1 | ANINSTRUCTION | DIVINITY	best LLR -6.22; testable
member	letters A-Z	TOTIENT^-1 | THELOSSOFDIVINITY | DIVINITY	best LLR -6.34; testable
member	letters A-Z	TOTIENT^-1 | ANEND | DIVINITY	best LLR -8.04; testable
member	letters A-Z	TOTIENT^-1 | LIKE | DIVINITY	best LLR -6.60; testable
member	letters A-Z	TOTIENT^-1 | INSTAR | DIVINITY	best LLR -9.36; testable
member	letters A-Z	TOTIENT^-1 | CIRCUMFERENCES | DIVINITY	best LLR -5.65; testable
member	letters A-Z	TOTIENT^-1 | FIND | DIVINITY	best LLR -3.62; testable
member	letters A-Z	TOTIENT^-1 | CIRCUMFERENCE | DIVINITY	best LLR -4.57; testable
member	letters A-Z	TOTIENT^-1 | PRIMUS | DIVINITY	best LLR -7.88; testable
member	letters A-Z	TOTIENT^-1 | CICADA | DIVINITY	best LLR -8.76; testable
member	letters A-Z	TOTIENT^-1 | PRIMES | DIVINITY	best LLR -8.61; testable
member	letters A-Z	TOTIENT^-1 | id | DIVINITY^-1	best LLR -9.84; testable
member	letters A-Z	TOTIENT^-1 | FIRFUMFERENFE | DIVINITY^-1	best LLR -5.86; testable
member	letters A-Z	TOTIENT^-1 | AWARNING^-1 | DIVINITY^-1	best LLR -6.75; testable
member	letters A-Z	TOTIENT^-1 | WELCOME^-1 | DIVINITY^-1	best LLR -7.73; testable
member	letters A-Z	TOTIENT^-1 | WISDOM^-1 | DIVINITY^-1	best LLR -7.06; testable
member	letters A-Z	TOTIENT^-1 | PARABLE | DIVINITY^-1	best LLR -7.51; testable
member	letters A-Z	TOTIENT^-1 | LIKE | DIVINITY^-1	best LLR -4.86; testable
member	letters A-Z	TOTIENT^-1 | LIKE^-1 | DIVINITY^-1	best LLR -9.17; testable
member	letters A-Z	TOTIENT^-1 | MUST | DIVINITY^-1	best LLR -8.61; testable
member	letters A-Z	TOTIENT^-1 | CIRCUMFERENCES^-1 | DIVINITY^-1	best LLR -5.74; testable
member	letters A-Z	TOTIENT^-1 | FIND^-1 | DIVINITY^-1	best LLR -6.23; testable
member	letters A-Z	TOTIENT^-1 | CIRCUMFERENCE^-1 | DIVINITY^-1	best LLR -6.71; testable
member	letters A-Z	TOTIENT^-1 | PRIMUS | DIVINITY^-1	best LLR -8.07; testable
member	letters A-Z	TOTIENT^-1 | DIVINITY | FIRFUMFERENFE	best LLR -8.39; testable
member	letters A-Z	TOTIENT^-1 | FIRFUMFERENFE | FIRFUMFERENFE	best LLR -9.64; testable
member	letters A-Z	TOTIENT^-1 | LIKE | FIRFUMFERENFE	best LLR -9.29; testable
member	letters A-Z	TOTIENT^-1 | MUST | FIRFUMFERENFE	best LLR -9.58; testable
member	letters A-Z	TOTIENT^-1 | FIND | FIRFUMFERENFE	best LLR -7.11; testable
member	letters A-Z	TOTIENT^-1 | EMERGE | FIRFUMFERENFE	best LLR -9.96; testable
member	letters A-Z	TOTIENT^-1 | TOTIENT | FIRFUMFERENFE	best LLR -9.56; testable
member	letters A-Z	TOTIENT^-1 | DIVINITY | FIRFUMFERENFE^-1	best LLR -8.39; testable
member	letters A-Z	TOTIENT^-1 | FIRFUMFERENFE | FIRFUMFERENFE^-1	best LLR -9.64; testable
member	letters A-Z	TOTIENT^-1 | LIKE | FIRFUMFERENFE^-1	best LLR -9.29; testable
member	letters A-Z	TOTIENT^-1 | MUST | FIRFUMFERENFE^-1	best LLR -9.58; testable
member	letters A-Z	TOTIENT^-1 | FIND | FIRFUMFERENFE^-1	best LLR -7.11; testable
member	letters A-Z	TOTIENT^-1 | EMERGE | FIRFUMFERENFE^-1	best LLR -9.96; testable
member	letters A-Z	TOTIENT^-1 | TOTIENT | FIRFUMFERENFE^-1	best LLR -9.56; testable
member	letters A-Z	TOTIENT^-1 | DIVINITY | AWARNING	best LLR -8.39; testable
member	letters A-Z	TOTIENT^-1 | FIRFUMFERENFE | AWARNING	best LLR -9.64; testable
member	letters A-Z	TOTIENT^-1 | LIKE | AWARNING	best LLR -9.29; testable
member	letters A-Z	TOTIENT^-1 | MUST | AWARNING	best LLR -9.58; testable
member	letters A-Z	TOTIENT^-1 | FIND | AWARNING	best LLR -7.11; testable
member	letters A-Z	TOTIENT^-1 | EMERGE | AWARNING	best LLR -9.96; testable
member	letters A-Z	TOTIENT^-1 | TOTIENT | AWARNING	best LLR -9.56; testable
member	letters A-Z	TOTIENT^-1 | DIVINITY | AWARNING^-1	best LLR -8.39; testable
member	letters A-Z	TOTIENT^-1 | FIRFUMFERENFE | AWARNING^-1	best LLR -9.64; testable
member	letters A-Z	TOTIENT^-1 | LIKE | AWARNING^-1	best LLR -9.29; testable
member	letters A-Z	TOTIENT^-1 | MUST | AWARNING^-1	best LLR -9.58; testable
member	letters A-Z	TOTIENT^-1 | FIND | AWARNING^-1	best LLR -7.11; testable
member	letters A-Z	TOTIENT^-1 | EMERGE | AWARNING^-1	best LLR -9.96; testable
member	letters A-Z	TOTIENT^-1 | TOTIENT | AWARNING^-1	best LLR -9.56; testable
member	letters A-Z	TOTIENT^-1 | DIVINITY | WELCOME	best LLR -8.39; testable
member	letters A-Z	TOTIENT^-1 | FIRFUMFERENFE | WELCOME	best LLR -9.64; testable
member	letters A-Z	TOTIENT^-1 | LIKE | WELCOME	best LLR -9.29; testable
member	letters A-Z	TOTIENT^-1 | MUST | WELCOME	best LLR -9.58; testable
member	letters A-Z	TOTIENT^-1 | FIND | WELCOME	best LLR -7.11; testable
member	letters A-Z	TOTIENT^-1 | EMERGE | WELCOME	best LLR -9.96; testable
member	letters A-Z	TOTIENT^-1 | TOTIENT | WELCOME	best LLR -9.56; testable
member	letters A-Z	TOTIENT^-1 | DIVINITY | WELCOME^-1	best LLR -8.39; testable
member	letters A-Z	TOTIENT^-1 | FIRFUMFERENFE | WELCOME^-1	best LLR -9.64; testable
member	letters A-Z	TOTIENT^-1 | LIKE | WELCOME^-1	best LLR -9.29; testable
member	letters A-Z	TOTIENT^-1 | MUST | WELCOME^-1	best LLR -9.58; testable
member	letters A-Z	TOTIENT^-1 | FIND | WELCOME^-1	best LLR -7.11; testable
member	letters A-Z	TOTIENT^-1 | EMERGE | WELCOME^-1	best LLR -9.96; testable
member	letters A-Z	TOTIENT^-1 | TOTIENT | WELCOME^-1	best LLR -9.56; testable
member	letters A-Z	TOTIENT^-1 | DIVINITY | WISDOM	best LLR -8.39; testable
member	letters A-Z	TOTIENT^-1 | FIRFUMFERENFE | WISDOM	best LLR -9.64; testable
member	letters A-Z	TOTIENT^-1 | LIKE | WISDOM	best LLR -9.29; testable
member	letters A-Z	TOTIENT^-1 | MUST | WISDOM	best LLR -9.58; testable
member	letters A-Z	TOTIENT^-1 | FIND | WISDOM	best LLR -7.11; testable
member	letters A-Z	TOTIENT^-1 | EMERGE | WISDOM	best LLR -9.96; testable
member	letters A-Z	TOTIENT^-1 | TOTIENT | WISDOM	best LLR -9.56; testable
member	letters A-Z	TOTIENT^-1 | DIVINITY | WISDOM^-1	best LLR -8.39; testable
member	letters A-Z	TOTIENT^-1 | FIRFUMFERENFE | WISDOM^-1	best LLR -9.64; testable
member	letters A-Z	TOTIENT^-1 | LIKE | WISDOM^-1	best LLR -9.29; testable
member	letters A-Z	TOTIENT^-1 | MUST | WISDOM^-1	best LLR -9.58; testable
member	letters A-Z	TOTIENT^-1 | FIND | WISDOM^-1	best LLR -7.11; testable
member	letters A-Z	TOTIENT^-1 | EMERGE | WISDOM^-1	best LLR -9.96; testable
member	letters A-Z	TOTIENT^-1 | TOTIENT | WISDOM^-1	best LLR -9.56; testable
member	letters A-Z	TOTIENT^-1 | DIVINITY | SOMEWISDOM	best LLR -8.39; testable
member	letters A-Z	TOTIENT^-1 | FIRFUMFERENFE | SOMEWISDOM	best LLR -9.64; testable
member	letters A-Z	TOTIENT^-1 | LIKE | SOMEWISDOM	best LLR -9.29; testable
member	letters A-Z	TOTIENT^-1 | MUST | SOMEWISDOM	best LLR -9.58; testable
member	letters A-Z	TOTIENT^-1 | FIND | SOMEWISDOM	best LLR -7.11; testable
member	letters A-Z	TOTIENT^-1 | EMERGE | SOMEWISDOM	best LLR -9.96; testable
member	letters A-Z	TOTIENT^-1 | TOTIENT | SOMEWISDOM	best LLR -9.56; testable
member	letters A-Z	TOTIENT^-1 | DIVINITY | SOMEWISDOM^-1	best LLR -8.39; testable
member	letters A-Z	TOTIENT^-1 | FIRFUMFERENFE | SOMEWISDOM^-1	best LLR -9.64; testable
member	letters A-Z	TOTIENT^-1 | LIKE | SOMEWISDOM^-1	best LLR -9.29; testable
member	letters A-Z	TOTIENT^-1 | MUST | SOMEWISDOM^-1	best LLR -9.58; testable
member	letters A-Z	TOTIENT^-1 | FIND | SOMEWISDOM^-1	best LLR -7.11; testable
member	letters A-Z	TOTIENT^-1 | EMERGE | SOMEWISDOM^-1	best LLR -9.96; testable
member	letters A-Z	TOTIENT^-1 | TOTIENT | SOMEWISDOM^-1	best LLR -9.56; testable
member	letters A-Z	TOTIENT^-1 | DIVINITY | KNOWTHIS	best LLR -8.39; testable
member	letters A-Z	TOTIENT^-1 | FIRFUMFERENFE | KNOWTHIS	best LLR -9.64; testable
member	letters A-Z	TOTIENT^-1 | LIKE | KNOWTHIS	best LLR -9.29; testable
member	letters A-Z	TOTIENT^-1 | MUST | KNOWTHIS	best LLR -9.58; testable
member	letters A-Z	TOTIENT^-1 | FIND | KNOWTHIS	best LLR -7.11; testable
member	letters A-Z	TOTIENT^-1 | EMERGE | KNOWTHIS	best LLR -9.96; testable
member	letters A-Z	TOTIENT^-1 | TOTIENT | KNOWTHIS	best LLR -9.56; testable
member	letters A-Z	TOTIENT^-1 | DIVINITY | KNOWTHIS^-1	best LLR -8.39; testable
member	letters A-Z	TOTIENT^-1 | FIRFUMFERENFE | KNOWTHIS^-1	best LLR -9.64; testable
member	letters A-Z	TOTIENT^-1 | LIKE | KNOWTHIS^-1	best LLR -9.29; testable
member	letters A-Z	TOTIENT^-1 | MUST | KNOWTHIS^-1	best LLR -9.58; testable
member	letters A-Z	TOTIENT^-1 | FIND | KNOWTHIS^-1	best LLR -7.11; testable
member	letters A-Z	TOTIENT^-1 | EMERGE | KNOWTHIS^-1	best LLR -9.96; testable
member	letters A-Z	TOTIENT^-1 | TOTIENT | KNOWTHIS^-1	best LLR -9.56; testable
member	letters A-Z	TOTIENT^-1 | DIVINITY | AKOAN	best LLR -8.39; testable
member	letters A-Z	TOTIENT^-1 | FIRFUMFERENFE | AKOAN	best LLR -9.64; testable
member	letters A-Z	TOTIENT^-1 | LIKE | AKOAN	best LLR -9.29; testable
member	letters A-Z	TOTIENT^-1 | MUST | AKOAN	best LLR -9.58; testable
member	letters A-Z	TOTIENT^-1 | FIND | AKOAN	best LLR -7.11; testable
member	letters A-Z	TOTIENT^-1 | EMERGE | AKOAN	best LLR -9.96; testable
member	letters A-Z	TOTIENT^-1 | TOTIENT | AKOAN	best LLR -9.56; testable
member	letters A-Z	TOTIENT^-1 | DIVINITY | AKOAN^-1	best LLR -8.39; testable
member	letters A-Z	TOTIENT^-1 | FIRFUMFERENFE | AKOAN^-1	best LLR -9.64; testable
member	letters A-Z	TOTIENT^-1 | LIKE | AKOAN^-1	best LLR -9.29; testable
member	letters A-Z	TOTIENT^-1 | MUST | AKOAN^-1	best LLR -9.58; testable
member	letters A-Z	TOTIENT^-1 | FIND | AKOAN^-1	best LLR -7.11; testable
member	letters A-Z	TOTIENT^-1 | EMERGE | AKOAN^-1	best LLR -9.96; testable
member	letters A-Z	TOTIENT^-1 | TOTIENT | AKOAN^-1	best LLR -9.56; testable
member	letters A-Z	TOTIENT^-1 | DIVINITY | ANINSTRUCTION	best LLR -0.58; testable
member	letters A-Z	TOTIENT^-1 | FIRFUMFERENFE | ANINSTRUCTION	best LLR -2.79; testable
member	letters A-Z	TOTIENT^-1 | ANINSTRUCTION | ANINSTRUCTION	best LLR -6.22; testable
member	letters A-Z	TOTIENT^-1 | THELOSSOFDIVINITY | ANINSTRUCTION	best LLR -6.34; testable
member	letters A-Z	TOTIENT^-1 | ANEND | ANINSTRUCTION	best LLR -8.04; testable
member	letters A-Z	TOTIENT^-1 | LIKE | ANINSTRUCTION	best LLR -7.56; testable
member	letters A-Z	TOTIENT^-1 | INSTAR | ANINSTRUCTION	best LLR -9.36; testable
member	letters A-Z	TOTIENT^-1 | CIRCUMFERENCES | ANINSTRUCTION	best LLR -5.65; testable
member	letters A-Z	TOTIENT^-1 | FIND | ANINSTRUCTION	best LLR -3.62; testable
member	letters A-Z	TOTIENT^-1 | FIND^-1 | ANINSTRUCTION	best LLR -9.81; testable
member	letters A-Z	TOTIENT^-1 | AND^-1 | ANINSTRUCTION	best LLR -8.80; testable
member	letters A-Z	TOTIENT^-1 | CIRCUMFERENCE | ANINSTRUCTION	best LLR -4.57; testable
member	letters A-Z	TOTIENT^-1 | PRIMUS | ANINSTRUCTION	best LLR -7.88; testable
member	letters A-Z	TOTIENT^-1 | CICADA | ANINSTRUCTION	best LLR -8.76; testable
member	letters A-Z	TOTIENT^-1 | PRIMES | ANINSTRUCTION	best LLR -8.61; testable
member	letters A-Z	TOTIENT^-1 | DIVINITY | THELOSSOFDIVINITY	best LLR -0.58; testable
member	letters A-Z	TOTIENT^-1 | FIRFUMFERENFE | THELOSSOFDIVINITY	best LLR -2.79; testable
member	letters A-Z	TOTIENT^-1 | ANINSTRUCTION | THELOSSOFDIVINITY	best LLR -6.22; testable
member	letters A-Z	TOTIENT^-1 | THELOSSOFDIVINITY | THELOSSOFDIVINITY	best LLR -6.34; testable
member	letters A-Z	TOTIENT^-1 | ANEND | THELOSSOFDIVINITY	best LLR -8.04; testable
member	letters A-Z	TOTIENT^-1 | LIKE | THELOSSOFDIVINITY	best LLR -6.60; testable
member	letters A-Z	TOTIENT^-1 | INSTAR | THELOSSOFDIVINITY	best LLR -9.36; testable
member	letters A-Z	TOTIENT^-1 | CIRCUMFERENCES | THELOSSOFDIVINITY	best LLR -5.65; testable
member	letters A-Z	TOTIENT^-1 | FIND | THELOSSOFDIVINITY	best LLR -3.62; testable
member	letters A-Z	TOTIENT^-1 | CIRCUMFERENCE | THELOSSOFDIVINITY	best LLR -4.57; testable
member	letters A-Z	TOTIENT^-1 | PRIMUS | THELOSSOFDIVINITY	best LLR -7.88; testable
member	letters A-Z	TOTIENT^-1 | CICADA | THELOSSOFDIVINITY	best LLR -8.76; testable
member	letters A-Z	TOTIENT^-1 | PRIMES | THELOSSOFDIVINITY	best LLR -8.61; testable
member	letters A-Z	TOTIENT^-1 | DIVINITY | ANEND	best LLR -8.39; testable
member	letters A-Z	TOTIENT^-1 | FIRFUMFERENFE | ANEND	best LLR -9.64; testable
member	letters A-Z	TOTIENT^-1 | LIKE | ANEND	best LLR -9.29; testable
member	letters A-Z	TOTIENT^-1 | MUST | ANEND	best LLR -9.58; testable
member	letters A-Z	TOTIENT^-1 | FIND | ANEND	best LLR -7.11; testable
member	letters A-Z	TOTIENT^-1 | EMERGE | ANEND	best LLR -9.96; testable
member	letters A-Z	TOTIENT^-1 | TOTIENT | ANEND	best LLR -9.56; testable
member	letters A-Z	TOTIENT^-1 | DIVINITY | ANEND^-1	best LLR -8.39; testable
member	letters A-Z	TOTIENT^-1 | FIRFUMFERENFE | ANEND^-1	best LLR -9.64; testable
member	letters A-Z	TOTIENT^-1 | LIKE | ANEND^-1	best LLR -9.29; testable
member	letters A-Z	TOTIENT^-1 | MUST | ANEND^-1	best LLR -9.58; testable
member	letters A-Z	TOTIENT^-1 | FIND | ANEND^-1	best LLR -7.11; testable
member	letters A-Z	TOTIENT^-1 | EMERGE | ANEND^-1	best LLR -9.96; testable
member	letters A-Z	TOTIENT^-1 | TOTIENT | ANEND^-1	best LLR -9.56; testable
member	letters A-Z	TOTIENT^-1 | DIVINITY | PARABLE	best LLR -8.39; testable
member	letters A-Z	TOTIENT^-1 | FIRFUMFERENFE | PARABLE	best LLR -9.64; testable
member	letters A-Z	TOTIENT^-1 | LIKE | PARABLE	best LLR -9.29; testable
member	letters A-Z	TOTIENT^-1 | MUST | PARABLE	best LLR -9.58; testable
member	letters A-Z	TOTIENT^-1 | FIND | PARABLE	best LLR -7.11; testable
member	letters A-Z	TOTIENT^-1 | EMERGE | PARABLE	best LLR -9.96; testable
member	letters A-Z	TOTIENT^-1 | TOTIENT | PARABLE	best LLR -9.56; testable
member	letters A-Z	TOTIENT^-1 | DIVINITY | PARABLE^-1	best LLR -8.39; testable
member	letters A-Z	TOTIENT^-1 | FIRFUMFERENFE | PARABLE^-1	best LLR -9.64; testable
member	letters A-Z	TOTIENT^-1 | LIKE | PARABLE^-1	best LLR -9.29; testable
member	letters A-Z	TOTIENT^-1 | MUST | PARABLE^-1	best LLR -9.58; testable
member	letters A-Z	TOTIENT^-1 | FIND | PARABLE^-1	best LLR -7.11; testable
member	letters A-Z	TOTIENT^-1 | EMERGE | PARABLE^-1	best LLR -9.96; testable
member	letters A-Z	TOTIENT^-1 | TOTIENT | PARABLE^-1	best LLR -9.56; testable
member	letters A-Z	TOTIENT^-1 | DIVINITY | LIKE	best LLR -8.39; testable
member	letters A-Z	TOTIENT^-1 | FIRFUMFERENFE | LIKE	best LLR -9.64; testable
member	letters A-Z	TOTIENT^-1 | LIKE | LIKE	best LLR -9.29; testable
member	letters A-Z	TOTIENT^-1 | MUST | LIKE	best LLR -9.58; testable
member	letters A-Z	TOTIENT^-1 | FIND | LIKE	best LLR -7.11; testable
member	letters A-Z	TOTIENT^-1 | EMERGE | LIKE	best LLR -9.96; testable
member	letters A-Z	TOTIENT^-1 | TOTIENT | LIKE	best LLR -9.56; testable
member	letters A-Z	TOTIENT^-1 | DIVINITY | LIKE^-1	best LLR -8.39; testable
member	letters A-Z	TOTIENT^-1 | FIRFUMFERENFE | LIKE^-1	best LLR -9.64; testable
member	letters A-Z	TOTIENT^-1 | LIKE | LIKE^-1	best LLR -9.29; testable
member	letters A-Z	TOTIENT^-1 | MUST | LIKE^-1	best LLR -9.58; testable
member	letters A-Z	TOTIENT^-1 | FIND | LIKE^-1	best LLR -7.11; testable
member	letters A-Z	TOTIENT^-1 | EMERGE | LIKE^-1	best LLR -9.96; testable
member	letters A-Z	TOTIENT^-1 | TOTIENT | LIKE^-1	best LLR -9.56; testable
member	letters A-Z	TOTIENT^-1 | DIVINITY | THE	best LLR -8.39; testable
member	letters A-Z	TOTIENT^-1 | FIRFUMFERENFE | THE	best LLR -9.64; testable
member	letters A-Z	TOTIENT^-1 | LIKE | THE	best LLR -9.29; testable
member	letters A-Z	TOTIENT^-1 | MUST | THE	best LLR -9.58; testable
member	letters A-Z	TOTIENT^-1 | FIND | THE	best LLR -7.11; testable
member	letters A-Z	TOTIENT^-1 | EMERGE | THE	best LLR -9.96; testable
member	letters A-Z	TOTIENT^-1 | TOTIENT | THE	best LLR -9.56; testable
member	letters A-Z	TOTIENT^-1 | DIVINITY | THE^-1	best LLR -8.39; testable
member	letters A-Z	TOTIENT^-1 | FIRFUMFERENFE | THE^-1	best LLR -9.64; testable
member	letters A-Z	TOTIENT^-1 | LIKE | THE^-1	best LLR -9.29; testable
member	letters A-Z	TOTIENT^-1 | MUST | THE^-1	best LLR -9.58; testable
member	letters A-Z	TOTIENT^-1 | FIND | THE^-1	best LLR -7.11; testable
member	letters A-Z	TOTIENT^-1 | EMERGE | THE^-1	best LLR -9.96; testable
member	letters A-Z	TOTIENT^-1 | TOTIENT | THE^-1	best LLR -9.56; testable
member	letters A-Z	TOTIENT^-1 | DIVINITY | INSTAR	best LLR -8.39; testable
member	letters A-Z	TOTIENT^-1 | FIRFUMFERENFE | INSTAR	best LLR -9.64; testable
member	letters A-Z	TOTIENT^-1 | LIKE | INSTAR	best LLR -9.29; testable
member	letters A-Z	TOTIENT^-1 | MUST | INSTAR	best LLR -9.58; testable
member	letters A-Z	TOTIENT^-1 | FIND | INSTAR	best LLR -7.11; testable
member	letters A-Z	TOTIENT^-1 | EMERGE | INSTAR	best LLR -9.96; testable
member	letters A-Z	TOTIENT^-1 | TOTIENT | INSTAR	best LLR -9.56; testable
member	letters A-Z	TOTIENT^-1 | DIVINITY | INSTAR^-1	best LLR -8.39; testable
member	letters A-Z	TOTIENT^-1 | FIRFUMFERENFE | INSTAR^-1	best LLR -9.64; testable
member	letters A-Z	TOTIENT^-1 | LIKE | INSTAR^-1	best LLR -9.29; testable
member	letters A-Z	TOTIENT^-1 | MUST | INSTAR^-1	best LLR -9.58; testable
member	letters A-Z	TOTIENT^-1 | FIND | INSTAR^-1	best LLR -7.11; testable
member	letters A-Z	TOTIENT^-1 | EMERGE | INSTAR^-1	best LLR -9.96; testable
member	letters A-Z	TOTIENT^-1 | TOTIENT | INSTAR^-1	best LLR -9.56; testable
member	letters A-Z	TOTIENT^-1 | DIVINITY | TUNNELING	best LLR -8.39; testable
member	letters A-Z	TOTIENT^-1 | FIRFUMFERENFE | TUNNELING	best LLR -9.64; testable
member	letters A-Z	TOTIENT^-1 | LIKE | TUNNELING	best LLR -9.29; testable
member	letters A-Z	TOTIENT^-1 | MUST | TUNNELING	best LLR -9.58; testable
member	letters A-Z	TOTIENT^-1 | FIND | TUNNELING	best LLR -7.11; testable
member	letters A-Z	TOTIENT^-1 | EMERGE | TUNNELING	best LLR -9.96; testable
member	letters A-Z	TOTIENT^-1 | TOTIENT | TUNNELING	best LLR -9.56; testable
member	letters A-Z	TOTIENT^-1 | DIVINITY | TUNNELING^-1	best LLR -8.39; testable
member	letters A-Z	TOTIENT^-1 | FIRFUMFERENFE | TUNNELING^-1	best LLR -9.64; testable
member	letters A-Z	TOTIENT^-1 | LIKE | TUNNELING^-1	best LLR -9.29; testable
member	letters A-Z	TOTIENT^-1 | MUST | TUNNELING^-1	best LLR -9.58; testable
member	letters A-Z	TOTIENT^-1 | FIND | TUNNELING^-1	best LLR -7.11; testable
member	letters A-Z	TOTIENT^-1 | EMERGE | TUNNELING^-1	best LLR -9.96; testable
member	letters A-Z	TOTIENT^-1 | TOTIENT | TUNNELING^-1	best LLR -9.56; testable
member	letters A-Z	TOTIENT^-1 | DIVINITY | TO	best LLR -8.39; testable
member	letters A-Z	TOTIENT^-1 | FIRFUMFERENFE | TO	best LLR -9.64; testable
member	letters A-Z	TOTIENT^-1 | LIKE | TO	best LLR -9.29; testable
member	letters A-Z	TOTIENT^-1 | MUST | TO	best LLR -9.58; testable
member	letters A-Z	TOTIENT^-1 | FIND | TO	best LLR -7.11; testable
member	letters A-Z	TOTIENT^-1 | EMERGE | TO	best LLR -9.96; testable
member	letters A-Z	TOTIENT^-1 | TOTIENT | TO	best LLR -9.56; testable
member	letters A-Z	TOTIENT^-1 | DIVINITY | TO^-1	best LLR -8.39; testable
member	letters A-Z	TOTIENT^-1 | FIRFUMFERENFE | TO^-1	best LLR -9.64; testable
member	letters A-Z	TOTIENT^-1 | LIKE | TO^-1	best LLR -9.29; testable
member	letters A-Z	TOTIENT^-1 | MUST | TO^-1	best LLR -9.58; testable
member	letters A-Z	TOTIENT^-1 | FIND | TO^-1	best LLR -7.11; testable
member	letters A-Z	TOTIENT^-1 | EMERGE | TO^-1	best LLR -9.96; testable
member	letters A-Z	TOTIENT^-1 | TOTIENT | TO^-1	best LLR -9.56; testable
member	letters A-Z	TOTIENT^-1 | DIVINITY | SURFACE	best LLR -8.39; testable
member	letters A-Z	TOTIENT^-1 | FIRFUMFERENFE | SURFACE	best LLR -9.64; testable
member	letters A-Z	TOTIENT^-1 | LIKE | SURFACE	best LLR -9.29; testable
member	letters A-Z	TOTIENT^-1 | MUST | SURFACE	best LLR -9.58; testable
member	letters A-Z	TOTIENT^-1 | FIND | SURFACE	best LLR -7.11; testable
member	letters A-Z	TOTIENT^-1 | EMERGE | SURFACE	best LLR -9.96; testable
member	letters A-Z	TOTIENT^-1 | TOTIENT | SURFACE	best LLR -9.56; testable
member	letters A-Z	TOTIENT^-1 | DIVINITY | SURFACE^-1	best LLR -8.39; testable
member	letters A-Z	TOTIENT^-1 | FIRFUMFERENFE | SURFACE^-1	best LLR -9.64; testable
member	letters A-Z	TOTIENT^-1 | LIKE | SURFACE^-1	best LLR -9.29; testable
member	letters A-Z	TOTIENT^-1 | MUST | SURFACE^-1	best LLR -9.58; testable
member	letters A-Z	TOTIENT^-1 | FIND | SURFACE^-1	best LLR -7.11; testable
member	letters A-Z	TOTIENT^-1 | EMERGE | SURFACE^-1	best LLR -9.96; testable
member	letters A-Z	TOTIENT^-1 | TOTIENT | SURFACE^-1	best LLR -9.56; testable
member	letters A-Z	TOTIENT^-1 | DIVINITY | WE	best LLR -8.39; testable
member	letters A-Z	TOTIENT^-1 | FIRFUMFERENFE | WE	best LLR -9.64; testable
member	letters A-Z	TOTIENT^-1 | LIKE | WE	best LLR -9.29; testable
member	letters A-Z	TOTIENT^-1 | MUST | WE	best LLR -9.58; testable
member	letters A-Z	TOTIENT^-1 | FIND | WE	best LLR -7.11; testable
member	letters A-Z	TOTIENT^-1 | EMERGE | WE	best LLR -9.96; testable
member	letters A-Z	TOTIENT^-1 | TOTIENT | WE	best LLR -9.56; testable
member	letters A-Z	TOTIENT^-1 | DIVINITY | WE^-1	best LLR -8.39; testable
member	letters A-Z	TOTIENT^-1 | FIRFUMFERENFE | WE^-1	best LLR -9.64; testable
member	letters A-Z	TOTIENT^-1 | LIKE | WE^-1	best LLR -9.29; testable
member	letters A-Z	TOTIENT^-1 | MUST | WE^-1	best LLR -9.58; testable
member	letters A-Z	TOTIENT^-1 | FIND | WE^-1	best LLR -7.11; testable
member	letters A-Z	TOTIENT^-1 | EMERGE | WE^-1	best LLR -9.96; testable
member	letters A-Z	TOTIENT^-1 | TOTIENT | WE^-1	best LLR -9.56; testable
member	letters A-Z	TOTIENT^-1 | DIVINITY | MUST	best LLR -8.39; testable
member	letters A-Z	TOTIENT^-1 | FIRFUMFERENFE | MUST	best LLR -9.64; testable
member	letters A-Z	TOTIENT^-1 | LIKE | MUST	best LLR -9.29; testable
member	letters A-Z	TOTIENT^-1 | MUST | MUST	best LLR -9.58; testable
member	letters A-Z	TOTIENT^-1 | FIND | MUST	best LLR -7.11; testable
member	letters A-Z	TOTIENT^-1 | EMERGE | MUST	best LLR -9.96; testable
member	letters A-Z	TOTIENT^-1 | TOTIENT | MUST	best LLR -9.56; testable
member	letters A-Z	TOTIENT^-1 | DIVINITY | MUST^-1	best LLR -8.39; testable
member	letters A-Z	TOTIENT^-1 | FIRFUMFERENFE | MUST^-1	best LLR -9.64; testable
member	letters A-Z	TOTIENT^-1 | LIKE | MUST^-1	best LLR -9.29; testable
member	letters A-Z	TOTIENT^-1 | MUST | MUST^-1	best LLR -9.58; testable
member	letters A-Z	TOTIENT^-1 | FIND | MUST^-1	best LLR -7.11; testable
member	letters A-Z	TOTIENT^-1 | EMERGE | MUST^-1	best LLR -9.96; testable
member	letters A-Z	TOTIENT^-1 | TOTIENT | MUST^-1	best LLR -9.56; testable
member	letters A-Z	TOTIENT^-1 | DIVINITY | SHED	best LLR -8.39; testable
member	letters A-Z	TOTIENT^-1 | FIRFUMFERENFE | SHED	best LLR -9.64; testable
member	letters A-Z	TOTIENT^-1 | LIKE | SHED	best LLR -9.29; testable
member	letters A-Z	TOTIENT^-1 | MUST | SHED	best LLR -9.58; testable
member	letters A-Z	TOTIENT^-1 | FIND | SHED	best LLR -7.11; testable
member	letters A-Z	TOTIENT^-1 | EMERGE | SHED	best LLR -9.96; testable
member	letters A-Z	TOTIENT^-1 | TOTIENT | SHED	best LLR -9.56; testable
member	letters A-Z	TOTIENT^-1 | DIVINITY | SHED^-1	best LLR -8.39; testable
member	letters A-Z	TOTIENT^-1 | FIRFUMFERENFE | SHED^-1	best LLR -9.64; testable
member	letters A-Z	TOTIENT^-1 | LIKE | SHED^-1	best LLR -9.29; testable
member	letters A-Z	TOTIENT^-1 | MUST | SHED^-1	best LLR -9.58; testable
member	letters A-Z	TOTIENT^-1 | FIND | SHED^-1	best LLR -7.11; testable
member	letters A-Z	TOTIENT^-1 | EMERGE | SHED^-1	best LLR -9.96; testable
member	letters A-Z	TOTIENT^-1 | TOTIENT | SHED^-1	best LLR -9.56; testable
member	letters A-Z	TOTIENT^-1 | DIVINITY | OUR	best LLR -8.39; testable
member	letters A-Z	TOTIENT^-1 | FIRFUMFERENFE | OUR	best LLR -9.64; testable
member	letters A-Z	TOTIENT^-1 | LIKE | OUR	best LLR -9.29; testable
member	letters A-Z	TOTIENT^-1 | MUST | OUR	best LLR -9.58; testable
member	letters A-Z	TOTIENT^-1 | FIND | OUR	best LLR -7.11; testable
member	letters A-Z	TOTIENT^-1 | EMERGE | OUR	best LLR -9.96; testable
member	letters A-Z	TOTIENT^-1 | TOTIENT | OUR	best LLR -9.56; testable
member	letters A-Z	TOTIENT^-1 | DIVINITY | OWN	best LLR -8.39; testable
member	letters A-Z	TOTIENT^-1 | FIRFUMFERENFE | OWN	best LLR -9.64; testable
member	letters A-Z	TOTIENT^-1 | LIKE | OWN	best LLR -9.29; testable
member	letters A-Z	TOTIENT^-1 | MUST | OWN	best LLR -9.58; testable
member	letters A-Z	TOTIENT^-1 | FIND | OWN	best LLR -7.11; testable
member	letters A-Z	TOTIENT^-1 | EMERGE | OWN	best LLR -9.96; testable
member	letters A-Z	TOTIENT^-1 | TOTIENT | OWN	best LLR -9.56; testable
member	letters A-Z	TOTIENT^-1 | DIVINITY | OWN^-1	best LLR -8.39; testable
member	letters A-Z	TOTIENT^-1 | FIRFUMFERENFE | OWN^-1	best LLR -9.64; testable
member	letters A-Z	TOTIENT^-1 | LIKE | OWN^-1	best LLR -9.29; testable
member	letters A-Z	TOTIENT^-1 | MUST | OWN^-1	best LLR -9.58; testable
member	letters A-Z	TOTIENT^-1 | FIND | OWN^-1	best LLR -7.11; testable
member	letters A-Z	TOTIENT^-1 | EMERGE | OWN^-1	best LLR -9.96; testable
member	letters A-Z	TOTIENT^-1 | TOTIENT | OWN^-1	best LLR -9.56; testable
member	letters A-Z	TOTIENT^-1 | DIVINITY | CIRCUMFERENCES	best LLR -8.39; testable
member	letters A-Z	TOTIENT^-1 | FIRFUMFERENFE | CIRCUMFERENCES	best LLR -9.64; testable
member	letters A-Z	TOTIENT^-1 | LIKE | CIRCUMFERENCES	best LLR -9.29; testable
member	letters A-Z	TOTIENT^-1 | MUST | CIRCUMFERENCES	best LLR -9.58; testable
member	letters A-Z	TOTIENT^-1 | FIND | CIRCUMFERENCES	best LLR -7.11; testable
member	letters A-Z	TOTIENT^-1 | EMERGE | CIRCUMFERENCES	best LLR -9.96; testable
member	letters A-Z	TOTIENT^-1 | TOTIENT | CIRCUMFERENCES	best LLR -9.56; testable
member	letters A-Z	TOTIENT^-1 | DIVINITY | CIRCUMFERENCES^-1	best LLR -8.39; testable
member	letters A-Z	TOTIENT^-1 | FIRFUMFERENFE | CIRCUMFERENCES^-1	best LLR -9.64; testable
member	letters A-Z	TOTIENT^-1 | LIKE | CIRCUMFERENCES^-1	best LLR -9.29; testable
member	letters A-Z	TOTIENT^-1 | MUST | CIRCUMFERENCES^-1	best LLR -9.58; testable
member	letters A-Z	TOTIENT^-1 | FIND | CIRCUMFERENCES^-1	best LLR -7.11; testable
member	letters A-Z	TOTIENT^-1 | EMERGE | CIRCUMFERENCES^-1	best LLR -9.96; testable
member	letters A-Z	TOTIENT^-1 | TOTIENT | CIRCUMFERENCES^-1	best LLR -9.56; testable
member	letters A-Z	TOTIENT^-1 | DIVINITY | FIND	best LLR -8.39; testable
member	letters A-Z	TOTIENT^-1 | FIRFUMFERENFE | FIND	best LLR -9.64; testable
member	letters A-Z	TOTIENT^-1 | LIKE | FIND	best LLR -9.29; testable
member	letters A-Z	TOTIENT^-1 | MUST | FIND	best LLR -9.58; testable
member	letters A-Z	TOTIENT^-1 | FIND | FIND	best LLR -7.11; testable
member	letters A-Z	TOTIENT^-1 | EMERGE | FIND	best LLR -9.96; testable
member	letters A-Z	TOTIENT^-1 | TOTIENT | FIND	best LLR -9.56; testable
member	letters A-Z	TOTIENT^-1 | DIVINITY | FIND^-1	best LLR -8.39; testable
member	letters A-Z	TOTIENT^-1 | FIRFUMFERENFE | FIND^-1	best LLR -9.64; testable
member	letters A-Z	TOTIENT^-1 | LIKE | FIND^-1	best LLR -9.29; testable
member	letters A-Z	TOTIENT^-1 | MUST | FIND^-1	best LLR -9.58; testable
member	letters A-Z	TOTIENT^-1 | FIND | FIND^-1	best LLR -7.11; testable
member	letters A-Z	TOTIENT^-1 | EMERGE | FIND^-1	best LLR -9.96; testable
member	letters A-Z	TOTIENT^-1 | TOTIENT | FIND^-1	best LLR -9.56; testable
member	letters A-Z	TOTIENT^-1 | DIVINITY | WITHIN	best LLR -8.39; testable
member	letters A-Z	TOTIENT^-1 | FIRFUMFERENFE | WITHIN	best LLR -9.64; testable
member	letters A-Z	TOTIENT^-1 | LIKE | WITHIN	best LLR -9.29; testable
member	letters A-Z	TOTIENT^-1 | MUST | WITHIN	best LLR -9.58; testable
member	letters A-Z	TOTIENT^-1 | FIND | WITHIN	best LLR -7.11; testable
member	letters A-Z	TOTIENT^-1 | EMERGE | WITHIN	best LLR -9.96; testable
member	letters A-Z	TOTIENT^-1 | TOTIENT | WITHIN	best LLR -9.56; testable
member	letters A-Z	TOTIENT^-1 | DIVINITY | WITHIN^-1	best LLR -8.39; testable
member	letters A-Z	TOTIENT^-1 | FIRFUMFERENFE | WITHIN^-1	best LLR -9.64; testable
member	letters A-Z	TOTIENT^-1 | LIKE | WITHIN^-1	best LLR -9.29; testable
member	letters A-Z	TOTIENT^-1 | MUST | WITHIN^-1	best LLR -9.58; testable
member	letters A-Z	TOTIENT^-1 | FIND | WITHIN^-1	best LLR -7.11; testable
member	letters A-Z	TOTIENT^-1 | EMERGE | WITHIN^-1	best LLR -9.96; testable
member	letters A-Z	TOTIENT^-1 | TOTIENT | WITHIN^-1	best LLR -9.56; testable
member	letters A-Z	TOTIENT^-1 | DIVINITY | AND	best LLR -8.39; testable
member	letters A-Z	TOTIENT^-1 | FIRFUMFERENFE | AND	best LLR -9.64; testable
member	letters A-Z	TOTIENT^-1 | LIKE | AND	best LLR -9.29; testable
member	letters A-Z	TOTIENT^-1 | MUST | AND	best LLR -9.58; testable
member	letters A-Z	TOTIENT^-1 | FIND | AND	best LLR -7.11; testable
member	letters A-Z	TOTIENT^-1 | EMERGE | AND	best LLR -9.96; testable
member	letters A-Z	TOTIENT^-1 | TOTIENT | AND	best LLR -9.56; testable
member	letters A-Z	TOTIENT^-1 | DIVINITY | AND^-1	best LLR -8.39; testable
member	letters A-Z	TOTIENT^-1 | FIRFUMFERENFE | AND^-1	best LLR -9.64; testable
member	letters A-Z	TOTIENT^-1 | LIKE | AND^-1	best LLR -9.29; testable
member	letters A-Z	TOTIENT^-1 | MUST | AND^-1	best LLR -9.58; testable
member	letters A-Z	TOTIENT^-1 | FIND | AND^-1	best LLR -7.11; testable
member	letters A-Z	TOTIENT^-1 | EMERGE | AND^-1	best LLR -9.96; testable
member	letters A-Z	TOTIENT^-1 | TOTIENT | AND^-1	best LLR -9.56; testable
member	letters A-Z	TOTIENT^-1 | DIVINITY | EMERGE	best LLR -8.39; testable
member	letters A-Z	TOTIENT^-1 | FIRFUMFERENFE | EMERGE	best LLR -9.64; testable
member	letters A-Z	TOTIENT^-1 | LIKE | EMERGE	best LLR -9.29; testable
member	letters A-Z	TOTIENT^-1 | MUST | EMERGE	best LLR -9.58; testable
member	letters A-Z	TOTIENT^-1 | FIND | EMERGE	best LLR -7.11; testable
member	letters A-Z	TOTIENT^-1 | EMERGE | EMERGE	best LLR -9.96; testable
member	letters A-Z	TOTIENT^-1 | TOTIENT | EMERGE	best LLR -9.56; testable
member	letters A-Z	TOTIENT^-1 | DIVINITY | EMERGE^-1	best LLR -8.39; testable
member	letters A-Z	TOTIENT^-1 | FIRFUMFERENFE | EMERGE^-1	best LLR -9.64; testable
member	letters A-Z	TOTIENT^-1 | LIKE | EMERGE^-1	best LLR -9.29; testable
member	letters A-Z	TOTIENT^-1 | MUST | EMERGE^-1	best LLR -9.58; testable
member	letters A-Z	TOTIENT^-1 | FIND | EMERGE^-1	best LLR -7.11; testable
member	letters A-Z	TOTIENT^-1 | EMERGE | EMERGE^-1	best LLR -9.96; testable
member	letters A-Z	TOTIENT^-1 | TOTIENT | EMERGE^-1	best LLR -9.56; testable
member	letters A-Z	TOTIENT^-1 | DIVINITY | CIRCUMFERENCE	best LLR -8.39; testable
member	letters A-Z	TOTIENT^-1 | FIRFUMFERENFE | CIRCUMFERENCE	best LLR -9.64; testable
member	letters A-Z	TOTIENT^-1 | LIKE | CIRCUMFERENCE	best LLR -9.29; testable
member	letters A-Z	TOTIENT^-1 | MUST | CIRCUMFERENCE	best LLR -9.58; testable
member	letters A-Z	TOTIENT^-1 | FIND | CIRCUMFERENCE	best LLR -7.11; testable
member	letters A-Z	TOTIENT^-1 | EMERGE | CIRCUMFERENCE	best LLR -9.96; testable
member	letters A-Z	TOTIENT^-1 | TOTIENT | CIRCUMFERENCE	best LLR -9.56; testable
member	letters A-Z	TOTIENT^-1 | DIVINITY | CIRCUMFERENCE^-1	best LLR -8.39; testable
member	letters A-Z	TOTIENT^-1 | FIRFUMFERENFE | CIRCUMFERENCE^-1	best LLR -9.64; testable
member	letters A-Z	TOTIENT^-1 | LIKE | CIRCUMFERENCE^-1	best LLR -9.29; testable
member	letters A-Z	TOTIENT^-1 | MUST | CIRCUMFERENCE^-1	best LLR -9.58; testable
member	letters A-Z	TOTIENT^-1 | FIND | CIRCUMFERENCE^-1	best LLR -7.11; testable
member	letters A-Z	TOTIENT^-1 | EMERGE | CIRCUMFERENCE^-1	best LLR -9.96; testable
member	letters A-Z	TOTIENT^-1 | TOTIENT | CIRCUMFERENCE^-1	best LLR -9.56; testable
member	letters A-Z	TOTIENT^-1 | DIVINITY | LIBERPRIMUS	best LLR -8.39; testable
member	letters A-Z	TOTIENT^-1 | FIRFUMFERENFE | LIBERPRIMUS	best LLR -9.64; testable
member	letters A-Z	TOTIENT^-1 | LIKE | LIBERPRIMUS	best LLR -9.29; testable
member	letters A-Z	TOTIENT^-1 | MUST | LIBERPRIMUS	best LLR -9.58; testable
member	letters A-Z	TOTIENT^-1 | FIND | LIBERPRIMUS	best LLR -7.11; testable
member	letters A-Z	TOTIENT^-1 | EMERGE | LIBERPRIMUS	best LLR -9.96; testable
member	letters A-Z	TOTIENT^-1 | TOTIENT | LIBERPRIMUS	best LLR -9.56; testable
member	letters A-Z	TOTIENT^-1 | DIVINITY | LIBERPRIMUS^-1	best LLR -8.39; testable
member	letters A-Z	TOTIENT^-1 | FIRFUMFERENFE | LIBERPRIMUS^-1	best LLR -9.64; testable
member	letters A-Z	TOTIENT^-1 | LIKE | LIBERPRIMUS^-1	best LLR -9.29; testable
member	letters A-Z	TOTIENT^-1 | MUST | LIBERPRIMUS^-1	best LLR -9.58; testable
member	letters A-Z	TOTIENT^-1 | FIND | LIBERPRIMUS^-1	best LLR -7.11; testable
member	letters A-Z	TOTIENT^-1 | EMERGE | LIBERPRIMUS^-1	best LLR -9.96; testable
member	letters A-Z	TOTIENT^-1 | TOTIENT | LIBERPRIMUS^-1	best LLR -9.56; testable
member	letters A-Z	TOTIENT^-1 | DIVINITY | PRIMUS	best LLR -8.39; testable
member	letters A-Z	TOTIENT^-1 | FIRFUMFERENFE | PRIMUS	best LLR -9.64; testable
member	letters A-Z	TOTIENT^-1 | LIKE | PRIMUS	best LLR -9.29; testable
member	letters A-Z	TOTIENT^-1 | MUST | PRIMUS	best LLR -9.58; testable
member	letters A-Z	TOTIENT^-1 | FIND | PRIMUS	best LLR -7.11; testable
member	letters A-Z	TOTIENT^-1 | EMERGE | PRIMUS	best LLR -9.96; testable
member	letters A-Z	TOTIENT^-1 | TOTIENT | PRIMUS	best LLR -9.56; testable
member	letters A-Z	TOTIENT^-1 | DIVINITY | PRIMUS^-1	best LLR -8.39; testable
member	letters A-Z	TOTIENT^-1 | FIRFUMFERENFE | PRIMUS^-1	best LLR -9.64; testable
member	letters A-Z	TOTIENT^-1 | LIKE | PRIMUS^-1	best LLR -9.29; testable
member	letters A-Z	TOTIENT^-1 | MUST | PRIMUS^-1	best LLR -9.58; testable
member	letters A-Z	TOTIENT^-1 | FIND | PRIMUS^-1	best LLR -7.11; testable
member	letters A-Z	TOTIENT^-1 | EMERGE | PRIMUS^-1	best LLR -9.96; testable
member	letters A-Z	TOTIENT^-1 | TOTIENT | PRIMUS^-1	best LLR -9.56; testable
member	letters A-Z	TOTIENT^-1 | DIVINITY | CICADA	best LLR -8.39; testable
member	letters A-Z	TOTIENT^-1 | FIRFUMFERENFE | CICADA	best LLR -9.64; testable
member	letters A-Z	TOTIENT^-1 | LIKE | CICADA	best LLR -9.29; testable
member	letters A-Z	TOTIENT^-1 | MUST | CICADA	best LLR -9.58; testable
member	letters A-Z	TOTIENT^-1 | FIND | CICADA	best LLR -7.11; testable
member	letters A-Z	TOTIENT^-1 | EMERGE | CICADA	best LLR -9.96; testable
member	letters A-Z	TOTIENT^-1 | TOTIENT | CICADA	best LLR -9.56; testable
member	letters A-Z	TOTIENT^-1 | DIVINITY | CICADA^-1	best LLR -8.39; testable
member	letters A-Z	TOTIENT^-1 | FIRFUMFERENFE | CICADA^-1	best LLR -9.64; testable
member	letters A-Z	TOTIENT^-1 | LIKE | CICADA^-1	best LLR -9.29; testable
member	letters A-Z	TOTIENT^-1 | MUST | CICADA^-1	best LLR -9.58; testable
member	letters A-Z	TOTIENT^-1 | FIND | CICADA^-1	best LLR -7.11; testable
member	letters A-Z	TOTIENT^-1 | EMERGE | CICADA^-1	best LLR -9.96; testable
member	letters A-Z	TOTIENT^-1 | TOTIENT | CICADA^-1	best LLR -9.56; testable
member	letters A-Z	TOTIENT^-1 | DIVINITY | PRIMES	best LLR -8.39; testable
member	letters A-Z	TOTIENT^-1 | FIRFUMFERENFE | PRIMES	best LLR -9.64; testable
member	letters A-Z	TOTIENT^-1 | LIKE | PRIMES	best LLR -9.29; testable
member	letters A-Z	TOTIENT^-1 | MUST | PRIMES	best LLR -9.58; testable
member	letters A-Z	TOTIENT^-1 | FIND | PRIMES	best LLR -7.11; testable
member	letters A-Z	TOTIENT^-1 | EMERGE | PRIMES	best LLR -9.96; testable
member	letters A-Z	TOTIENT^-1 | TOTIENT | PRIMES	best LLR -9.56; testable
member	letters A-Z	TOTIENT^-1 | DIVINITY | PRIMES^-1	best LLR -8.39; testable
member	letters A-Z	TOTIENT^-1 | FIRFUMFERENFE | PRIMES^-1	best LLR -9.64; testable
member	letters A-Z	TOTIENT^-1 | LIKE | PRIMES^-1	best LLR -9.29; testable
member	letters A-Z	TOTIENT^-1 | MUST | PRIMES^-1	best LLR -9.58; testable
member	letters A-Z	TOTIENT^-1 | FIND | PRIMES^-1	best LLR -7.11; testable
member	letters A-Z	TOTIENT^-1 | EMERGE | PRIMES^-1	best LLR -9.96; testable
member	letters A-Z	TOTIENT^-1 | TOTIENT | PRIMES^-1	best LLR -9.56; testable
member	letters A-Z	TOTIENT^-1 | DIVINITY | TOTIENT	best LLR -8.39; testable
member	letters A-Z	TOTIENT^-1 | FIRFUMFERENFE | TOTIENT	best LLR -9.64; testable
member	letters A-Z	TOTIENT^-1 | LIKE | TOTIENT	best LLR -9.29; testable
member	letters A-Z	TOTIENT^-1 | MUST | TOTIENT	best LLR -9.58; testable
member	letters A-Z	TOTIENT^-1 | FIND | TOTIENT	best LLR -7.11; testable
member	letters A-Z	TOTIENT^-1 | EMERGE | TOTIENT	best LLR -9.96; testable
member	letters A-Z	TOTIENT^-1 | TOTIENT | TOTIENT	best LLR -9.56; testable
member	letters A-Z	TOTIENT^-1 | DIVINITY | TOTIENT^-1	best LLR -8.39; testable
member	letters A-Z	TOTIENT^-1 | FIRFUMFERENFE | TOTIENT^-1	best LLR -9.64; testable
member	letters A-Z	TOTIENT^-1 | LIKE | TOTIENT^-1	best LLR -9.29; testable
member	letters A-Z	TOTIENT^-1 | MUST | TOTIENT^-1	best LLR -9.58; testable
member	letters A-Z	TOTIENT^-1 | FIND | TOTIENT^-1	best LLR -7.11; testable
member	letters A-Z	TOTIENT^-1 | EMERGE | TOTIENT^-1	best LLR -9.96; testable
member	letters A-Z	TOTIENT^-1 | TOTIENT | TOTIENT^-1	best LLR -9.56; testable
