key	alignment	segment	mode	shift	runes	log_lr_nats
G-B bytes	grid	section 7	sub	0	729	-44.46
G-B bytes	grid	section 7	sub	1	729	-28.50
G-B bytes	grid	section 7	sub	2	729	-34.61
G-B bytes	grid	section 7	sub	3	729	-37.09
G-B bytes	grid	section 7	sub	4	729	-44.30
G-B bytes	grid	section 7	sub	5	729	-37.05
G-B bytes	grid	section 7	sub	6	729	-36.60
G-B bytes	grid	section 7	sub	7	729	-23.99
G-B bytes	grid	section 7	sub	8	729	-36.91
G-B bytes	grid	section 7	sub	9	729	-49.92
G-B bytes	grid	section 7	sub	10	729	-36.99
G-B bytes	grid	section 7	sub	11	729	-45.01
G-B bytes	grid	section 7	sub	12	729	-32.61
G-B bytes	grid	section 7	sub	13	729	-43.35
G-B bytes	grid	section 7	sub	14	729	-46.03
G-B bytes	grid	section 7	sub	15	729	-36.28
G-B bytes	grid	section 7	sub	16	729	-31.64
G-B bytes	grid	section 7	sub	17	729	-42.76
G-B bytes	grid	section 7	sub	18	729	-28.69
G-B bytes	grid	section 7	sub	19	729	-43.08
G-B bytes	grid	section 7	sub	20	729	-16.28
G-B bytes	grid	section 7	sub	21	729	-26.86
G-B bytes	grid	section 7	sub	22	729	-39.87
G-B bytes	grid	section 7	sub	23	729	-39.89
G-B bytes	grid	section 7	sub	24	729	-39.38
G-B bytes	grid	section 7	sub	25	729	-50.10
G-B bytes	grid	section 7	sub	26	729	-32.71
G-B bytes	grid	section 7	sub	27	729	-37.83
G-B bytes	grid	section 7	sub	28	729	-38.66
G-B bytes	grid	section 7	add	0	729	-31.13
G-B bytes	grid	section 7	add	1	729	-31.80
G-B bytes	grid	section 7	add	2	729	-37.64
G-B bytes	grid	section 7	add	3	729	-43.33
G-B bytes	grid	section 7	add	4	729	-37.73
G-B bytes	grid	section 7	add	5	729	-39.05
G-B bytes	grid	section 7	add	6	729	-36.68
G-B bytes	grid	section 7	add	7	729	-37.08
G-B bytes	grid	section 7	add	8	729	-24.84
G-B bytes	grid	section 7	add	9	729	-16.84
G-B bytes	grid	section 7	add	10	729	-37.59
G-B bytes	grid	section 7	add	11	729	-46.36
G-B bytes	grid	section 7	add	12	729	-38.35
G-B bytes	grid	section 7	add	13	729	-36.51
G-B bytes	grid	section 7	add	14	729	-42.28
G-B bytes	grid	section 7	add	15	729	-32.58
G-B bytes	grid	section 7	add	16	729	-41.41
G-B bytes	grid	section 7	add	17	729	-33.05
G-B bytes	grid	section 7	add	18	729	-30.10
G-B bytes	grid	section 7	add	19	729	-46.10
G-B bytes	grid	section 7	add	20	729	-41.85
G-B bytes	grid	section 7	add	21	729	-42.04
G-B bytes	grid	section 7	add	22	729	-40.94
G-B bytes	grid	section 7	add	23	729	-25.37
G-B bytes	grid	section 7	add	24	729	-23.76
G-B bytes	grid	section 7	add	25	729	-46.62
G-B bytes	grid	section 7	add	26	729	-53.42
G-B bytes	grid	section 7	add	27	729	-41.10
G-B bytes	grid	section 7	add	28	729	-42.54
G-B bytes	grid	section 7	beaufort	0	729	-43.08
G-B bytes	grid	section 7	beaufort	1	729	-41.70
G-B bytes	grid	section 7	beaufort	2	729	-34.24
G-B bytes	grid	section 7	beaufort	3	729	-45.02
G-B bytes	grid	section 7	beaufort	4	729	-26.58
G-B bytes	grid	section 7	beaufort	5	729	-36.75
G-B bytes	grid	section 7	beaufort	6	729	-37.39
G-B bytes	grid	section 7	beaufort	7	729	-31.88
G-B bytes	grid	section 7	beaufort	8	729	-43.16
G-B bytes	grid	section 7	beaufort	9	729	-26.79
G-B bytes	grid	section 7	beaufort	10	729	-25.45
G-B bytes	grid	section 7	beaufort	11	729	-25.71
G-B bytes	grid	section 7	beaufort	12	729	-33.78
G-B bytes	grid	section 7	beaufort	13	729	-39.95
G-B bytes	grid	section 7	beaufort	14	729	-38.23
G-B bytes	grid	section 7	beaufort	15	729	-43.18
G-B bytes	grid	section 7	beaufort	16	729	-43.50
G-B bytes	grid	section 7	beaufort	17	729	-32.05
G-B bytes	grid	section 7	beaufort	18	729	-43.39
G-B bytes	grid	section 7	beaufort	19	729	-35.51
G-B bytes	grid	section 7	beaufort	20	729	-39.50
G-B bytes	grid	section 7	beaufort	21	729	-37.96
G-B bytes	grid	section 7	beaufort	22	729	-32.97
G-B bytes	grid	section 7	beaufort	23	729	-37.31
G-B bytes	grid	section 7	beaufort	24	729	-35.63
G-B bytes	grid	section 7	beaufort	25	729	-29.28
G-B bytes	grid	section 7	beaufort	26	729	-36.28
G-B bytes	grid	section 7	beaufort	27	729	-37.91
G-B bytes	grid	section 7	beaufort	28	729	-40.57
G-B bytes	grid	section 8	sub	0	1145	-42.39
G-B bytes	grid	section 8	sub	1	1145	-39.00
G-B bytes	grid	section 8	sub	2	1145	-40.03
G-B bytes	grid	section 8	sub	3	1145	-41.95
G-B bytes	grid	section 8	sub	4	1145	-19.96
G-B bytes	grid	section 8	sub	5	1145	-21.89
G-B bytes	grid	section 8	sub	6	1145	-31.81
G-B bytes	grid	section 8	sub	7	1145	-32.45
G-B bytes	grid	section 8	sub	8	1145	-33.34
G-B bytes	grid	section 8	sub	9	1145	-38.99
G-B bytes	grid	section 8	sub	10	1145	-38.15
G-B bytes	grid	section 8	sub	11	1145	-30.45
G-B bytes	grid	section 8	sub	12	1145	-42.21
G-B bytes	grid	section 8	sub	13	1145	-29.80
G-B bytes	grid	section 8	sub	14	1145	-32.97
G-B bytes	grid	section 8	sub	15	1145	-33.02
G-B bytes	grid	section 8	sub	16	1145	-28.15
G-B bytes	grid	section 8	sub	17	1145	-36.98
G-B bytes	grid	section 8	sub	18	1145	-30.18
G-B bytes	grid	section 8	sub	19	1145	-30.77
G-B bytes	grid	section 8	sub	20	1145	-29.24
G-B bytes	grid	section 8	sub	21	1145	-32.23
G-B bytes	grid	section 8	sub	22	1145	-41.44
G-B bytes	grid	section 8	sub	23	1145	-37.04
G-B bytes	grid	section 8	sub	24	1145	-48.80
G-B bytes	grid	section 8	sub	25	1145	-31.60
G-B bytes	grid	section 8	sub	26	1145	-23.77
G-B bytes	grid	section 8	sub	27	1145	-27.96
G-B bytes	grid	section 8	sub	28	1145	-46.75
G-B bytes	grid	section 8	add	0	1145	-33.66
G-B bytes	grid	section 8	add	1	1145	-29.53
G-B bytes	grid	section 8	add	2	1145	-45.69
G-B bytes	grid	section 8	add	3	1145	-44.61
G-B bytes	grid	section 8	add	4	1145	-34.45
G-B bytes	grid	section 8	add	5	1145	-38.50
G-B bytes	grid	section 8	add	6	1145	-43.41
G-B bytes	grid	section 8	add	7	1145	-46.62
G-B bytes	grid	section 8	add	8	1145	-41.44
G-B bytes	grid	section 8	add	9	1145	-37.64
G-B bytes	grid	section 8	add	10	1145	-40.04
G-B bytes	grid	section 8	add	11	1145	-35.73
G-B bytes	grid	section 8	add	12	1145	-41.71
G-B bytes	grid	section 8	add	13	1145	-24.24
G-B bytes	grid	section 8	add	14	1145	-28.20
G-B bytes	grid	section 8	add	15	1145	-48.25
G-B bytes	grid	section 8	add	16	1145	-37.99
G-B bytes	grid	section 8	add	17	1145	-37.32
G-B bytes	grid	section 8	add	18	1145	-36.56
G-B bytes	grid	section 8	add	19	1145	-31.58
G-B bytes	grid	section 8	add	20	1145	-36.72
G-B bytes	grid	section 8	add	21	1145	-42.27
G-B bytes	grid	section 8	add	22	1145	-34.17
G-B bytes	grid	section 8	add	23	1145	-44.57
G-B bytes	grid	section 8	add	24	1145	-33.83
G-B bytes	grid	section 8	add	25	1145	-27.30
G-B bytes	grid	section 8	add	26	1145	-40.77
G-B bytes	grid	section 8	add	27	1145	-33.77
G-B bytes	grid	section 8	add	28	1145	-33.94
G-B bytes	grid	section 8	beaufort	0	1145	-34.18
G-B bytes	grid	section 8	beaufort	1	1145	-30.76
G-B bytes	grid	section 8	beaufort	2	1145	-28.44
G-B bytes	grid	section 8	beaufort	3	1145	-36.43
G-B bytes	grid	section 8	beaufort	4	1145	-37.19
G-B bytes	grid	section 8	beaufort	5	1145	-37.46
G-B bytes	grid	section 8	beaufort	6	1145	-41.78
G-B bytes	grid	section 8	beaufort	7	1145	-35.91
G-B bytes	grid	section 8	beaufort	8	1145	-41.24
G-B bytes	grid	section 8	beaufort	9	1145	-13.75
G-B bytes	grid	section 8	beaufort	10	1145	-34.14
G-B bytes	grid	section 8	beaufort	11	1145	-37.21
G-B bytes	grid	section 8	beaufort	12	1145	-27.57
G-B bytes	grid	section 8	beaufort	13	1145	-48.03
G-B bytes	grid	section 8	beaufort	14	1145	-43.30
G-B bytes	grid	section 8	beaufort	15	1145	-22.75
G-B bytes	grid	section 8	beaufort	16	1145	-37.23
G-B bytes	grid	section 8	beaufort	17	1145	-41.13
G-B bytes	grid	section 8	beaufort	18	1145	-32.94
G-B bytes	grid	section 8	beaufort	19	1145	-35.67
G-B bytes	grid	section 8	beaufort	20	1145	-35.68
G-B bytes	grid	section 8	beaufort	21	1145	-38.23
G-B bytes	grid	section 8	beaufort	22	1145	-39.90
G-B bytes	grid	section 8	beaufort	23	1145	-33.67
G-B bytes	grid	section 8	beaufort	24	1145	-39.30
G-B bytes	grid	section 8	beaufort	25	1145	-37.41
G-B bytes	grid	section 8	beaufort	26	1145	-36.99
G-B bytes	grid	section 8	beaufort	27	1145	-40.90
G-B bytes	grid	section 8	beaufort	28	1145	-37.16
G-B bytes	grid	section 9	sub	0	1729	-42.93
G-B bytes	grid	section 9	sub	1	1729	-27.53
G-B bytes	grid	section 9	sub	2	1729	-41.62
G-B bytes	grid	section 9	sub	3	1729	-37.23
G-B bytes	grid	section 9	sub	4	1729	-38.12
G-B bytes	grid	section 9	sub	5	1729	-35.63
G-B bytes	grid	section 9	sub	6	1729	-40.43
G-B bytes	grid	section 9	sub	7	1729	-38.81
G-B bytes	grid	section 9	sub	8	1729	-46.37
G-B bytes	grid	section 9	sub	9	1729	-32.71
G-B bytes	grid	section 9	sub	10	1729	-34.43
G-B bytes	grid	section 9	sub	11	1729	-37.92
G-B bytes	grid	section 9	sub	12	1729	-34.80
G-B bytes	grid	section 9	sub	13	1729	-42.99
G-B bytes	grid	section 9	sub	14	1729	-38.31
G-B bytes	grid	section 9	sub	15	1729	-32.37
G-B bytes	grid	section 9	sub	16	1729	-44.04
G-B bytes	grid	section 9	sub	17	1729	-28.86
G-B bytes	grid	section 9	sub	18	1729	-33.87
G-B bytes	grid	section 9	sub	19	1729	-37.87
G-B bytes	grid	section 9	sub	20	1729	-21.66
G-B bytes	grid	section 9	sub	21	1729	-36.11
G-B bytes	grid	section 9	sub	22	1729	-47.25
G-B bytes	grid	section 9	sub	23	1729	-28.88
G-B bytes	grid	section 9	sub	24	1729	-31.12
G-B bytes	grid	section 9	sub	25	1729	-35.20
G-B bytes	grid	section 9	sub	26	1729	-36.81
G-B bytes	grid	section 9	sub	27	1729	-49.25
G-B bytes	grid	section 9	sub	28	1729	-33.45
G-B bytes	grid	section 9	add	0	1729	-39.55
G-B bytes	grid	section 9	add	1	1729	-37.64
G-B bytes	grid	section 9	add	2	1729	-35.48
G-B bytes	grid	section 9	add	3	1729	-45.22
G-B bytes	grid	section 9	add	4	1729	-34.88
G-B bytes	grid	section 9	add	5	1729	-39.66
G-B bytes	grid	section 9	add	6	1729	-36.61
G-B bytes	grid	section 9	add	7	1729	-37.13
G-B bytes	grid	section 9	add	8	1729	-42.90
G-B bytes	grid	section 9	add	9	1729	-39.98
G-B bytes	grid	section 9	add	10	1729	-34.57
G-B bytes	grid	section 9	add	11	1729	-44.61
G-B bytes	grid	section 9	add	12	1729	-41.56
G-B bytes	grid	section 9	add	13	1729	-32.31
G-B bytes	grid	section 9	add	14	1729	-36.40
G-B bytes	grid	section 9	add	15	1729	-40.00
G-B bytes	grid	section 9	add	16	1729	-41.19
G-B bytes	grid	section 9	add	17	1729	-37.99
G-B bytes	grid	section 9	add	18	1729	-33.86
G-B bytes	grid	section 9	add	19	1729	-33.30
G-B bytes	grid	section 9	add	20	1729	-35.27
G-B bytes	grid	section 9	add	21	1729	-30.40
G-B bytes	grid	section 9	add	22	1729	-33.98
G-B bytes	grid	section 9	add	23	1729	-39.44
G-B bytes	grid	section 9	add	24	1729	-27.92
G-B bytes	grid	section 9	add	25	1729	-31.32
G-B bytes	grid	section 9	add	26	1729	-36.00
G-B bytes	grid	section 9	add	27	1729	-40.67
G-B bytes	grid	section 9	add	28	1729	-33.78
G-B bytes	grid	section 9	beaufort	0	1729	-27.00
G-B bytes	grid	section 9	beaufort	1	1729	-21.72
G-B bytes	grid	section 9	beaufort	2	1729	-39.29
G-B bytes	grid	section 9	beaufort	3	1729	-48.86
G-B bytes	grid	section 9	beaufort	4	1729	-34.43
G-B bytes	grid	section 9	beaufort	5	1729	-41.82
G-B bytes	grid	section 9	beaufort	6	1729	-31.35
G-B bytes	grid	section 9	beaufort	7	1729	-43.92
G-B bytes	grid	section 9	beaufort	8	1729	-30.02
G-B bytes	grid	section 9	beaufort	9	1729	-37.71
G-B bytes	grid	section 9	beaufort	10	1729	-28.95
G-B bytes	grid	section 9	beaufort	11	1729	-43.98
G-B bytes	grid	section 9	beaufort	12	1729	-31.04
G-B bytes	grid	section 9	beaufort	13	1729	-31.78
G-B bytes	grid	section 9	beaufort	14	1729	-29.11
G-B bytes	grid	section 9	beaufort	15	1729	-35.36
G-B bytes	grid	section 9	beaufort	16	1729	-35.94
G-B bytes	grid	section 9	beaufort	17	1729	-46.42
G-B bytes	grid	section 9	beaufort	18	1729	-46.77
G-B bytes	grid	section 9	beaufort	19	1729	-35.59
G-B bytes	grid	section 9	beaufort	20	1729	-40.09
G-B bytes	grid	section 9	beaufort	21	1729	-37.75
G-B bytes	grid	section 9	beaufort	22	1729	-32.94
G-B bytes	grid	section 9	beaufort	23	1729	-36.89
G-B bytes	grid	section 9	beaufort	24	1729	-35.56
G-B bytes	grid	section 9	beaufort	25	1729	-24.58
G-B bytes	grid	section 9	beaufort	26	1729	-50.09
G-B bytes	grid	section 9	beaufort	27	1729	-35.45
G-B bytes	grid	section 9	beaufort	28	1729	-39.77
G-B bytes	grid	section 10	sub	0	9	-3.50
G-B bytes	grid	section 10	sub	1	9	-3.03
G-B bytes	grid	section 10	sub	2	9	-4.20
G-B bytes	grid	section 10	sub	3	9	-1.18
G-B bytes	grid	section 10	sub	4	9	-3.56
G-B bytes	grid	section 10	sub	5	9	-1.98
G-B bytes	grid	section 10	sub	6	9	-3.61
G-B bytes	grid	section 10	sub	7	9	-3.48
G-B bytes	grid	section 10	sub	8	9	-2.35
G-B bytes	grid	section 10	sub	9	9	-3.21
G-B bytes	grid	section 10	sub	10	9	-2.07
G-B bytes	grid	section 10	sub	11	9	1.21
G-B bytes	grid	section 10	sub	12	9	-0.83
G-B bytes	grid	section 10	sub	13	9	0.62
G-B bytes	grid	section 10	sub	14	9	-1.96
G-B bytes	grid	section 10	sub	15	9	-5.30
G-B bytes	grid	section 10	sub	16	9	-3.17
G-B bytes	grid	section 10	sub	17	9	-4.35
G-B bytes	grid	section 10	sub	18	9	-3.16
G-B bytes	grid	section 10	sub	19	9	-1.82
G-B bytes	grid	section 10	sub	20	9	-2.85
G-B bytes	grid	section 10	sub	21	9	-2.78
G-B bytes	grid	section 10	sub	22	9	-2.16
G-B bytes	grid	section 10	sub	23	9	-2.18
G-B bytes	grid	section 10	sub	24	9	-2.16
G-B bytes	grid	section 10	sub	25	9	-3.04
G-B bytes	grid	section 10	sub	26	9	1.04
G-B bytes	grid	section 10	sub	27	9	-0.21
G-B bytes	grid	section 10	sub	28	9	1.22
G-B bytes	grid	section 10	add	0	9	-1.82
G-B bytes	grid	section 10	add	1	9	0.11
G-B bytes	grid	section 10	add	2	9	1.49
G-B bytes	grid	section 10	add	3	9	3.14
G-B bytes	grid	section 10	add	4	9	-0.51
G-B bytes	grid	section 10	add	5	9	-0.18
G-B bytes	grid	section 10	add	6	9	-3.01
G-B bytes	grid	section 10	add	7	9	-2.48
G-B bytes	grid	section 10	add	8	9	-2.71
G-B bytes	grid	section 10	add	9	9	-1.90
G-B bytes	grid	section 10	add	10	9	-2.25
G-B bytes	grid	section 10	add	11	9	-3.71
G-B bytes	grid	section 10	add	12	9	-7.39
G-B bytes	grid	section 10	add	13	9	-1.02
G-B bytes	grid	section 10	add	14	9	-4.25
G-B bytes	grid	section 10	add	15	9	-1.54
G-B bytes	grid	section 10	add	16	9	2.53
G-B bytes	grid	section 10	add	17	9	-4.06
G-B bytes	grid	section 10	add	18	9	1.91
G-B bytes	grid	section 10	add	19	9	-1.49
G-B bytes	grid	section 10	add	20	9	-1.62
G-B bytes	grid	section 10	add	21	9	-4.99
G-B bytes	grid	section 10	add	22	9	-7.93
G-B bytes	grid	section 10	add	23	9	-4.01
G-B bytes	grid	section 10	add	24	9	-0.22
G-B bytes	grid	section 10	add	25	9	-6.22
G-B bytes	grid	section 10	add	26	9	-0.92
G-B bytes	grid	section 10	add	27	9	-5.66
G-B bytes	grid	section 10	add	28	9	-4.18
G-B bytes	grid	section 10	beaufort	0	9	-3.98
G-B bytes	grid	section 10	beaufort	1	9	-0.29
G-B bytes	grid	section 10	beaufort	2	9	-0.21
G-B bytes	grid	section 10	beaufort	3	9	0.06
G-B bytes	grid	section 10	beaufort	4	9	-1.51
G-B bytes	grid	section 10	beaufort	5	9	-1.85
G-B bytes	grid	section 10	beaufort	6	9	-2.95
G-B bytes	grid	section 10	beaufort	7	9	0.13
G-B bytes	grid	section 10	beaufort	8	9	-0.63
G-B bytes	grid	section 10	beaufort	9	9	-3.44
G-B bytes	grid	section 10	beaufort	10	9	-2.28
G-B bytes	grid	section 10	beaufort	11	9	-3.86
G-B bytes	grid	section 10	beaufort	12	9	-4.25
G-B bytes	grid	section 10	beaufort	13	9	-4.90
G-B bytes	grid	section 10	beaufort	14	9	-4.77
G-B bytes	grid	section 10	beaufort	15	9	-1.31
G-B bytes	grid	section 10	beaufort	16	9	-0.73
G-B bytes	grid	section 10	beaufort	17	9	0.50
G-B bytes	grid	section 10	beaufort	18	9	-0.05
G-B bytes	grid	section 10	beaufort	19	9	-5.73
G-B bytes	grid	section 10	beaufort	20	9	-1.72
G-B bytes	grid	section 10	beaufort	21	9	-2.85
G-B bytes	grid	section 10	beaufort	22	9	-1.23
G-B bytes	grid	section 10	beaufort	23	9	-1.34
G-B bytes	grid	section 10	beaufort	24	9	-2.71
G-B bytes	grid	section 10	beaufort	25	9	-4.30
G-B bytes	grid	section 10	beaufort	26	9	-1.28
G-B bytes	grid	section 10	beaufort	27	9	-3.03
G-B bytes	grid	section 10	beaufort	28	9	-3.09
G-B bytes	grid	section 11	sub	0	1894	-38.44
G-B bytes	grid	section 11	sub	1	1894	-33.44
G-B bytes	grid	section 11	sub	2	1894	-24.94
G-B bytes	grid	section 11	sub	3	1894	-29.27
G-B bytes	grid	section 11	sub	4	1894	-42.38
G-B bytes	grid	section 11	sub	5	1894	-33.63
G-B bytes	grid	section 11	sub	6	1894	-41.74
G-B bytes	grid	section 11	sub	7	1894	-33.97
G-B bytes	grid	section 11	sub	8	1894	-33.32
G-B bytes	grid	section 11	sub	9	1894	-41.44
G-B bytes	grid	section 11	sub	10	1894	-26.29
G-B bytes	grid	section 11	sub	11	1894	-21.72
G-B bytes	grid	section 11	sub	12	1894	-32.37
G-B bytes	grid	section 11	sub	13	1894	-35.77
G-B bytes	grid	section 11	sub	14	1894	-41.20
G-B bytes	grid	section 11	sub	15	1894	-31.82
G-B bytes	grid	section 11	sub	16	1894	-36.23
G-B bytes	grid	section 11	sub	17	1894	-39.51
G-B bytes	grid	section 11	sub	18	1894	-31.34
G-B bytes	grid	section 11	sub	19	1894	-43.02
G-B bytes	grid	section 11	sub	20	1894	-36.34
G-B bytes	grid	section 11	sub	21	1894	-24.85
G-B bytes	grid	section 11	sub	22	1894	-43.60
G-B bytes	grid	section 11	sub	23	1894	-36.53
G-B bytes	grid	section 11	sub	24	1894	-35.44
G-B bytes	grid	section 11	sub	25	1894	-38.31
G-B bytes	grid	section 11	sub	26	1894	-24.26
G-B bytes	grid	section 11	sub	27	1894	-38.20
G-B bytes	grid	section 11	sub	28	1894	-43.33
G-B bytes	grid	section 11	add	0	1894	-38.81
G-B bytes	grid	section 11	add	1	1894	-35.09
G-B bytes	grid	section 11	add	2	1894	-36.35
G-B bytes	grid	section 11	add	3	1894	-28.77
G-B bytes	grid	section 11	add	4	1894	-34.70
G-B bytes	grid	section 11	add	5	1894	-22.48
G-B bytes	grid	section 11	add	6	1894	-38.46
G-B bytes	grid	section 11	add	7	1894	-36.11
G-B bytes	grid	section 11	add	8	1894	-39.82
G-B bytes	grid	section 11	add	9	1894	-42.46
G-B bytes	grid	section 11	add	10	1894	-34.55
G-B bytes	grid	section 11	add	11	1894	-28.15
G-B bytes	grid	section 11	add	12	1894	-37.74
G-B bytes	grid	section 11	add	13	1894	-41.08
G-B bytes	grid	section 11	add	14	1894	-40.40
G-B bytes	grid	section 11	add	15	1894	-42.06
G-B bytes	grid	section 11	add	16	1894	-36.58
G-B bytes	grid	section 11	add	17	1894	-25.83
G-B bytes	grid	section 11	add	18	1894	-28.71
G-B bytes	grid	section 11	add	19	1894	-29.77
G-B bytes	grid	section 11	add	20	1894	-28.66
G-B bytes	grid	section 11	add	21	1894	-41.68
G-B bytes	grid	section 11	add	22	1894	-44.54
G-B bytes	grid	section 11	add	23	1894	-47.65
G-B bytes	grid	section 11	add	24	1894	-43.08
G-B bytes	grid	section 11	add	25	1894	-32.68
G-B bytes	grid	section 11	add	26	1894	-29.13
G-B bytes	grid	section 11	add	27	1894	-41.61
G-B bytes	grid	section 11	add	28	1894	-26.67
G-B bytes	grid	section 11	beaufort	0	1894	-36.00
G-B bytes	grid	section 11	beaufort	1	1894	-34.96
G-B bytes	grid	section 11	beaufort	2	1894	-34.34
G-B bytes	grid	section 11	beaufort	3	1894	-44.67
G-B bytes	grid	section 11	beaufort	4	1894	-31.48
G-B bytes	grid	section 11	beaufort	5	1894	-35.02
G-B bytes	grid	section 11	beaufort	6	1894	-42.77
G-B bytes	grid	section 11	beaufort	7	1894	-34.24
G-B bytes	grid	section 11	beaufort	8	1894	-41.32
G-B bytes	grid	section 11	beaufort	9	1894	-41.48
G-B bytes	grid	section 11	beaufort	10	1894	-39.58
G-B bytes	grid	section 11	beaufort	11	1894	-40.40
G-B bytes	grid	section 11	beaufort	12	1894	-43.72
G-B bytes	grid	section 11	beaufort	13	1894	-41.97
G-B bytes	grid	section 11	beaufort	14	1894	-40.43
G-B bytes	grid	section 11	beaufort	15	1894	-36.10
G-B bytes	grid	section 11	beaufort	16	1894	-43.76
G-B bytes	grid	section 11	beaufort	17	1894	-34.65
G-B bytes	grid	section 11	beaufort	18	1894	-39.94
G-B bytes	grid	section 11	beaufort	19	1894	-40.65
G-B bytes	grid	section 11	beaufort	20	1894	-36.47
G-B bytes	grid	section 11	beaufort	21	1894	-35.37
G-B bytes	grid	section 11	beaufort	22	1894	-31.06
G-B bytes	grid	section 11	beaufort	23	1894	-45.21
G-B bytes	grid	section 11	beaufort	24	1894	-32.82
G-B bytes	grid	section 11	beaufort	25	1894	-23.09
G-B bytes	grid	section 11	beaufort	26	1894	-41.79
G-B bytes	grid	section 11	beaufort	27	1894	-40.91
G-B bytes	grid	section 11	beaufort	28	1894	-35.55
G-B bytes	grid	section 12	sub	0	1021	-35.88
G-B bytes	grid	section 12	sub	1	1021	-35.38
G-B bytes	grid	section 12	sub	2	1021	-20.93
G-B bytes	grid	section 12	sub	3	1021	-36.48
G-B bytes	grid	section 12	sub	4	1021	-27.42
G-B bytes	grid	section 12	sub	5	1021	-37.32
G-B bytes	grid	section 12	sub	6	1021	-33.80
G-B bytes	grid	section 12	sub	7	1021	-39.59
G-B bytes	grid	section 12	sub	8	1021	-40.47
G-B bytes	grid	section 12	sub	9	1021	-37.68
G-B bytes	grid	section 12	sub	10	1021	-34.44
G-B bytes	grid	section 12	sub	11	1021	-45.52
G-B bytes	grid	section 12	sub	12	1021	-28.48
G-B bytes	grid	section 12	sub	13	1021	-39.32
G-B bytes	grid	section 12	sub	14	1021	-38.57
G-B bytes	grid	section 12	sub	15	1021	-37.66
G-B bytes	grid	section 12	sub	16	1021	-38.19
G-B bytes	grid	section 12	sub	17	1021	-22.91
G-B bytes	grid	section 12	sub	18	1021	-30.55
G-B bytes	grid	section 12	sub	19	1021	-34.73
G-B bytes	grid	section 12	sub	20	1021	-27.53
G-B bytes	grid	section 12	sub	21	1021	-39.76
G-B bytes	grid	section 12	sub	22	1021	-29.82
G-B bytes	grid	section 12	sub	23	1021	-35.02
G-B bytes	grid	section 12	sub	24	1021	-36.17
G-B bytes	grid	section 12	sub	25	1021	-35.93
G-B bytes	grid	section 12	sub	26	1021	-38.93
G-B bytes	grid	section 12	sub	27	1021	-35.46
G-B bytes	grid	section 12	sub	28	1021	-34.32
G-B bytes	grid	section 12	add	0	1021	-42.08
G-B bytes	grid	section 12	add	1	1021	-40.82
G-B bytes	grid	section 12	add	2	1021	-36.11
G-B bytes	grid	section 12	add	3	1021	-30.97
G-B bytes	grid	section 12	add	4	1021	-33.60
G-B bytes	grid	section 12	add	5	1021	-33.09
G-B bytes	grid	section 12	add	6	1021	-36.08
G-B bytes	grid	section 12	add	7	1021	-40.35
G-B bytes	grid	section 12	add	8	1021	-37.92
G-B bytes	grid	section 12	add	9	1021	-41.56
G-B bytes	grid	section 12	add	10	1021	-34.70
G-B bytes	grid	section 12	add	11	1021	-39.44
G-B bytes	grid	section 12	add	12	1021	-32.41
G-B bytes	grid	section 12	add	13	1021	-33.08
G-B bytes	grid	section 12	add	14	1021	-42.32
G-B bytes	grid	section 12	add	15	1021	-41.88
G-B bytes	grid	section 12	add	16	1021	-37.38
G-B bytes	grid	section 12	add	17	1021	-37.45
G-B bytes	grid	section 12	add	18	1021	-37.52
G-B bytes	grid	section 12	add	19	1021	-26.26
G-B bytes	grid	section 12	add	20	1021	-44.21
G-B bytes	grid	section 12	add	21	1021	-41.00
G-B bytes	grid	section 12	add	22	1021	-41.71
G-B bytes	grid	section 12	add	23	1021	-34.52
G-B bytes	grid	section 12	add	24	1021	-40.32
G-B bytes	grid	section 12	add	25	1021	-36.33
G-B bytes	grid	section 12	add	26	1021	-29.51
G-B bytes	grid	section 12	add	27	1021	-36.32
G-B bytes	grid	section 12	add	28	1021	-35.31
G-B bytes	grid	section 12	beaufort	0	1021	-20.65
G-B bytes	grid	section 12	beaufort	1	1021	-36.80
G-B bytes	grid	section 12	beaufort	2	1021	-31.72
G-B bytes	grid	section 12	beaufort	3	1021	-27.27
G-B bytes	grid	section 12	beaufort	4	1021	-37.83
G-B bytes	grid	section 12	beaufort	5	1021	-33.12
G-B bytes	grid	section 12	beaufort	6	1021	-34.80
G-B bytes	grid	section 12	beaufort	7	1021	-42.34
G-B bytes	grid	section 12	beaufort	8	1021	-34.64
G-B bytes	grid	section 12	beaufort	9	1021	-34.26
G-B bytes	grid	section 12	beaufort	10	1021	-40.20
G-B bytes	grid	section 12	beaufort	11	1021	-38.51
G-B bytes	grid	section 12	beaufort	12	1021	-36.57
G-B bytes	grid	section 12	beaufort	13	1021	-41.12
G-B bytes	grid	section 12	beaufort	14	1021	-37.81
G-B bytes	grid	section 12	beaufort	15	1021	-30.98
G-B bytes	grid	section 12	beaufort	16	1021	-29.28
G-B bytes	grid	section 12	beaufort	17	1021	-28.86
G-B bytes	grid	section 12	beaufort	18	1021	-41.42
G-B bytes	grid	section 12	beaufort	19	1021	-35.28
G-B bytes	grid	section 12	beaufort	20	1021	-33.63
G-B bytes	grid	section 12	beaufort	21	1021	-31.46
G-B bytes	grid	section 12	beaufort	22	1021	-41.53
G-B bytes	grid	section 12	beaufort	23	1021	-41.05
G-B bytes	grid	section 12	beaufort	24	1021	-32.74
G-B bytes	grid	section 12	beaufort	25	1021	-35.28
G-B bytes	grid	section 12	beaufort	26	1021	-35.01
G-B bytes	grid	section 12	beaufort	27	1021	-35.35
G-B bytes	grid	section 12	beaufort	28	1021	-32.65
G-B bytes	grid	section 13	sub	0	1524	-29.78
G-B bytes	grid	section 13	sub	1	1524	-42.38
G-B bytes	grid	section 13	sub	2	1524	-37.69
G-B bytes	grid	section 13	sub	3	1524	-38.04
G-B bytes	grid	section 13	sub	4	1524	-32.79
G-B bytes	grid	section 13	sub	5	1524	-28.13
G-B bytes	grid	section 13	sub	6	1524	-33.46
G-B bytes	grid	section 13	sub	7	1524	-32.59
G-B bytes	grid	section 13	sub	8	1524	-39.49
G-B bytes	grid	section 13	sub	9	1524	-46.68
G-B bytes	grid	section 13	sub	10	1524	-45.15
G-B bytes	grid	section 13	sub	11	1524	-22.99
G-B bytes	grid	section 13	sub	12	1524	-34.45
G-B bytes	grid	section 13	sub	13	1524	-43.02
G-B bytes	grid	section 13	sub	14	1524	-40.10
G-B bytes	grid	section 13	sub	15	1524	-43.38
G-B bytes	grid	section 13	sub	16	1524	-37.98
G-B bytes	grid	section 13	sub	17	1524	-38.38
G-B bytes	grid	section 13	sub	18	1524	-32.35
G-B bytes	grid	section 13	sub	19	1524	-24.55
G-B bytes	grid	section 13	sub	20	1524	-32.65
G-B bytes	grid	section 13	sub	21	1524	-43.82
G-B bytes	grid	section 13	sub	22	1524	-46.72
G-B bytes	grid	section 13	sub	23	1524	-44.19
G-B bytes	grid	section 13	sub	24	1524	-44.18
G-B bytes	grid	section 13	sub	25	1524	-35.02
G-B bytes	grid	section 13	sub	26	1524	-41.65
G-B bytes	grid	section 13	sub	27	1524	-40.32
G-B bytes	grid	section 13	sub	28	1524	-29.16
G-B bytes	grid	section 13	add	0	1524	-27.65
G-B bytes	grid	section 13	add	1	1524	-36.90
G-B bytes	grid	section 13	add	2	1524	-36.87
G-B bytes	grid	section 13	add	3	1524	-38.94
G-B bytes	grid	section 13	add	4	1524	-44.52
G-B bytes	grid	section 13	add	5	1524	-28.64
G-B bytes	grid	section 13	add	6	1524	-41.15
G-B bytes	grid	section 13	add	7	1524	-38.66
G-B bytes	grid	section 13	add	8	1524	-33.67
G-B bytes	grid	section 13	add	9	1524	-34.62
G-B bytes	grid	section 13	add	10	1524	-35.81
G-B bytes	grid	section 13	add	11	1524	-37.21
G-B bytes	grid	section 13	add	12	1524	-27.78
G-B bytes	grid	section 13	add	13	1524	-39.99
G-B bytes	grid	section 13	add	14	1524	-32.27
G-B bytes	grid	section 13	add	15	1524	-39.57
G-B bytes	grid	section 13	add	16	1524	-42.24
G-B bytes	grid	section 13	add	17	1524	-32.28
G-B bytes	grid	section 13	add	18	1524	-35.75
G-B bytes	grid	section 13	add	19	1524	-40.04
G-B bytes	grid	section 13	add	20	1524	-36.80
G-B bytes	grid	section 13	add	21	1524	-45.96
G-B bytes	grid	section 13	add	22	1524	-46.91
G-B bytes	grid	section 13	add	23	1524	-35.99
G-B bytes	grid	section 13	add	24	1524	-34.98
G-B bytes	grid	section 13	add	25	1524	-35.32
G-B bytes	grid	section 13	add	26	1524	-32.78
G-B bytes	grid	section 13	add	27	1524	-39.78
G-B bytes	grid	section 13	add	28	1524	-36.40
G-B bytes	grid	section 13	beaufort	0	1524	-37.29
G-B bytes	grid	section 13	beaufort	1	1524	-29.78
G-B bytes	grid	section 13	beaufort	2	1524	-43.19
G-B bytes	grid	section 13	beaufort	3	1524	-33.26
G-B bytes	grid	section 13	beaufort	4	1524	-34.71
G-B bytes	grid	section 13	beaufort	5	1524	-41.39
G-B bytes	grid	section 13	beaufort	6	1524	-40.62
G-B bytes	grid	section 13	beaufort	7	1524	-48.95
G-B bytes	grid	section 13	beaufort	8	1524	-42.68
G-B bytes	grid	section 13	beaufort	9	1524	-26.06
G-B bytes	grid	section 13	beaufort	10	1524	-31.13
G-B bytes	grid	section 13	beaufort	11	1524	-38.65
G-B bytes	grid	section 13	beaufort	12	1524	-40.16
G-B bytes	grid	section 13	beaufort	13	1524	-35.29
G-B bytes	grid	section 13	beaufort	14	1524	-40.76
G-B bytes	grid	section 13	beaufort	15	1524	-36.54
G-B bytes	grid	section 13	beaufort	16	1524	-29.24
G-B bytes	grid	section 13	beaufort	17	1524	-33.20
G-B bytes	grid	section 13	beaufort	18	1524	-30.46
G-B bytes	grid	section 13	beaufort	19	1524	-40.98
G-B bytes	grid	section 13	beaufort	20	1524	-42.26
G-B bytes	grid	section 13	beaufort	21	1524	-37.50
G-B bytes	grid	section 13	beaufort	22	1524	-50.34
G-B bytes	grid	section 13	beaufort	23	1524	-29.99
G-B bytes	grid	section 13	beaufort	24	1524	-26.41
G-B bytes	grid	section 13	beaufort	25	1524	-36.38
G-B bytes	grid	section 13	beaufort	26	1524	-44.67
G-B bytes	grid	section 13	beaufort	27	1524	-41.44
G-B bytes	grid	section 13	beaufort	28	1524	-43.86
G-B bytes	grid	section 14	sub	0	1589	-25.91
G-B bytes	grid	section 14	sub	1	1589	-31.24
G-B bytes	grid	section 14	sub	2	1589	-32.36
G-B bytes	grid	section 14	sub	3	1589	-30.18
G-B bytes	grid	section 14	sub	4	1589	-29.47
G-B bytes	grid	section 14	sub	5	1589	-36.97
G-B bytes	grid	section 14	sub	6	1589	-37.88
G-B bytes	grid	section 14	sub	7	1589	-43.55
G-B bytes	grid	section 14	sub	8	1589	-24.79
G-B bytes	grid	section 14	sub	9	1589	-27.63
G-B bytes	grid	section 14	sub	10	1589	-41.30
G-B bytes	grid	section 14	sub	11	1589	-27.95
G-B bytes	grid	section 14	sub	12	1589	-32.92
G-B bytes	grid	section 14	sub	13	1589	-43.72
G-B bytes	grid	section 14	sub	14	1589	-39.88
G-B bytes	grid	section 14	sub	15	1589	-29.40
G-B bytes	grid	section 14	sub	16	1589	-32.26
G-B bytes	grid	section 14	sub	17	1589	-28.67
G-B bytes	grid	section 14	sub	18	1589	-40.78
G-B bytes	grid	section 14	sub	19	1589	-40.98
G-B bytes	grid	section 14	sub	20	1589	-40.66
G-B bytes	grid	section 14	sub	21	1589	-31.87
G-B bytes	grid	section 14	sub	22	1589	-39.27
G-B bytes	grid	section 14	sub	23	1589	-25.04
G-B bytes	grid	section 14	sub	24	1589	-33.82
G-B bytes	grid	section 14	sub	25	1589	-30.99
G-B bytes	grid	section 14	sub	26	1589	-41.45
G-B bytes	grid	section 14	sub	27	1589	-43.40
G-B bytes	grid	section 14	sub	28	1589	-34.07
G-B bytes	grid	section 14	add	0	1589	-29.23
G-B bytes	grid	section 14	add	1	1589	-33.68
G-B bytes	grid	section 14	add	2	1589	-37.17
G-B bytes	grid	section 14	add	3	1589	-30.48
G-B bytes	grid	section 14	add	4	1589	-41.79
G-B bytes	grid	section 14	add	5	1589	-39.28
G-B bytes	grid	section 14	add	6	1589	-44.37
G-B bytes	grid	section 14	add	7	1589	-35.94
G-B bytes	grid	section 14	add	8	1589	-43.25
G-B bytes	grid	section 14	add	9	1589	-26.03
G-B bytes	grid	section 14	add	10	1589	-29.02
G-B bytes	grid	section 14	add	11	1589	-37.04
G-B bytes	grid	section 14	add	12	1589	-39.02
G-B bytes	grid	section 14	add	13	1589	-28.06
G-B bytes	grid	section 14	add	14	1589	-38.34
G-B bytes	grid	section 14	add	15	1589	-28.11
G-B bytes	grid	section 14	add	16	1589	-40.27
G-B bytes	grid	section 14	add	17	1589	-31.79
G-B bytes	grid	section 14	add	18	1589	-38.00
G-B bytes	grid	section 14	add	19	1589	-48.83
G-B bytes	grid	section 14	add	20	1589	-44.44
G-B bytes	grid	section 14	add	21	1589	-33.26
G-B bytes	grid	section 14	add	22	1589	-34.70
G-B bytes	grid	section 14	add	23	1589	-32.40
G-B bytes	grid	section 14	add	24	1589	-37.62
G-B bytes	grid	section 14	add	25	1589	-36.17
G-B bytes	grid	section 14	add	26	1589	-33.37
G-B bytes	grid	section 14	add	27	1589	-33.72
G-B bytes	grid	section 14	add	28	1589	-33.25
G-B bytes	grid	section 14	beaufort	0	1589	-31.32
G-B bytes	grid	section 14	beaufort	1	1589	-36.99
G-B bytes	grid	section 14	beaufort	2	1589	-40.60
G-B bytes	grid	section 14	beaufort	3	1589	-45.75
G-B bytes	grid	section 14	beaufort	4	1589	-42.17
G-B bytes	grid	section 14	beaufort	5	1589	-33.49
G-B bytes	grid	section 14	beaufort	6	1589	-30.61
G-B bytes	grid	section 14	beaufort	7	1589	-23.73
G-B bytes	grid	section 14	beaufort	8	1589	-43.71
G-B bytes	grid	section 14	beaufort	9	1589	-31.34
G-B bytes	grid	section 14	beaufort	10	1589	-36.63
G-B bytes	grid	section 14	beaufort	11	1589	-36.39
G-B bytes	grid	section 14	beaufort	12	1589	-32.96
G-B bytes	grid	section 14	beaufort	13	1589	-29.43
G-B bytes	grid	section 14	beaufort	14	1589	-28.68
G-B bytes	grid	section 14	beaufort	15	1589	-32.60
G-B bytes	grid	section 14	beaufort	16	1589	-29.52
G-B bytes	grid	section 14	beaufort	17	1589	-38.70
G-B bytes	grid	section 14	beaufort	18	1589	-37.55
G-B bytes	grid	section 14	beaufort	19	1589	-31.34
G-B bytes	grid	section 14	beaufort	20	1589	-29.68
G-B bytes	grid	section 14	beaufort	21	1589	-27.17
G-B bytes	grid	section 14	beaufort	22	1589	-28.79
G-B bytes	grid	section 14	beaufort	23	1589	-47.19
G-B bytes	grid	section 14	beaufort	24	1589	-33.41
G-B bytes	grid	section 14	beaufort	25	1589	-27.64
G-B bytes	grid	section 14	beaufort	26	1589	-31.45
G-B bytes	grid	section 14	beaufort	27	1589	-30.45
G-B bytes	grid	section 14	beaufort	28	1589	-34.31
G-B bytes	grid	section 15	sub	0	3316	-37.57
G-B bytes	grid	section 15	sub	1	3316	-37.59
G-B bytes	grid	section 15	sub	2	3316	-44.91
G-B bytes	grid	section 15	sub	3	3316	-17.88
G-B bytes	grid	section 15	sub	4	3316	-29.97
G-B bytes	grid	section 15	sub	5	3316	-33.17
G-B bytes	grid	section 15	sub	6	3316	-31.77
G-B bytes	grid	section 15	sub	7	3316	-35.16
G-B bytes	grid	section 15	sub	8	3316	-34.02
G-B bytes	grid	section 15	sub	9	3316	-26.47
G-B bytes	grid	section 15	sub	10	3316	-30.52
G-B bytes	grid	section 15	sub	11	3316	-33.89
G-B bytes	grid	section 15	sub	12	3316	-34.71
G-B bytes	grid	section 15	sub	13	3316	-48.28
G-B bytes	grid	section 15	sub	14	3316	-48.83
G-B bytes	grid	section 15	sub	15	3316	-36.40
G-B bytes	grid	section 15	sub	16	3316	-39.93
G-B bytes	grid	section 15	sub	17	3316	-38.19
G-B bytes	grid	section 15	sub	18	3316	-40.06
G-B bytes	grid	section 15	sub	19	3316	-37.14
G-B bytes	grid	section 15	sub	20	3316	-31.63
G-B bytes	grid	section 15	sub	21	3316	-30.66
G-B bytes	grid	section 15	sub	22	3316	-34.16
G-B bytes	grid	section 15	sub	23	3316	-34.47
G-B bytes	grid	section 15	sub	24	3316	-36.07
G-B bytes	grid	section 15	sub	25	3316	-39.85
G-B bytes	grid	section 15	sub	26	3316	-30.21
G-B bytes	grid	section 15	sub	27	3316	-28.13
G-B bytes	grid	section 15	sub	28	3316	-46.54
G-B bytes	grid	section 15	add	0	3316	-30.27
G-B bytes	grid	section 15	add	1	3316	-30.60
G-B bytes	grid	section 15	add	2	3316	-37.02
G-B bytes	grid	section 15	add	3	3316	-43.86
G-B bytes	grid	section 15	add	4	3316	-42.31
G-B bytes	grid	section 15	add	5	3316	-43.00
G-B bytes	grid	section 15	add	6	3316	-38.91
G-B bytes	grid	section 15	add	7	3316	-38.72
G-B bytes	grid	section 15	add	8	3316	-30.93
G-B bytes	grid	section 15	add	9	3316	-47.38
G-B bytes	grid	section 15	add	10	3316	-44.93
G-B bytes	grid	section 15	add	11	3316	-33.28
G-B bytes	grid	section 15	add	12	3316	-37.10
G-B bytes	grid	section 15	add	13	3316	-46.40
G-B bytes	grid	section 15	add	14	3316	-20.21
G-B bytes	grid	section 15	add	15	3316	-39.69
G-B bytes	grid	section 15	add	16	3316	-26.66
G-B bytes	grid	section 15	add	17	3316	-36.51
G-B bytes	grid	section 15	add	18	3316	-38.88
G-B bytes	grid	section 15	add	19	3316	-43.59
G-B bytes	grid	section 15	add	20	3316	-37.08
G-B bytes	grid	section 15	add	21	3316	-37.75
G-B bytes	grid	section 15	add	22	3316	-26.54
G-B bytes	grid	section 15	add	23	3316	-36.21
G-B bytes	grid	section 15	add	24	3316	-41.05
G-B bytes	grid	section 15	add	25	3316	-38.96
G-B bytes	grid	section 15	add	26	3316	-31.05
G-B bytes	grid	section 15	add	27	3316	-41.41
G-B bytes	grid	section 15	add	28	3316	-31.50
G-B bytes	grid	section 15	beaufort	0	3316	-38.61
G-B bytes	grid	section 15	beaufort	1	3316	-35.02
G-B bytes	grid	section 15	beaufort	2	3316	-35.24
G-B bytes	grid	section 15	beaufort	3	3316	-45.35
G-B bytes	grid	section 15	beaufort	4	3316	-32.79
G-B bytes	grid	section 15	beaufort	5	3316	-36.21
G-B bytes	grid	section 15	beaufort	6	3316	-44.91
G-B bytes	grid	section 15	beaufort	7	3316	-39.60
G-B bytes	grid	section 15	beaufort	8	3316	-31.58
G-B bytes	grid	section 15	beaufort	9	3316	-45.20
G-B bytes	grid	section 15	beaufort	10	3316	-30.45
G-B bytes	grid	section 15	beaufort	11	3316	-42.66
G-B bytes	grid	section 15	beaufort	12	3316	-36.94
G-B bytes	grid	section 15	beaufort	13	3316	-33.99
G-B bytes	grid	section 15	beaufort	14	3316	-32.18
G-B bytes	grid	section 15	beaufort	15	3316	-37.26
G-B bytes	grid	section 15	beaufort	16	3316	-45.01
G-B bytes	grid	section 15	beaufort	17	3316	-38.72
G-B bytes	grid	section 15	beaufort	18	3316	-36.04
G-B bytes	grid	section 15	beaufort	19	3316	-37.83
G-B bytes	grid	section 15	beaufort	20	3316	-37.75
G-B bytes	grid	section 15	beaufort	21	3316	-42.59
G-B bytes	grid	section 15	beaufort	22	3316	-37.44
G-B bytes	grid	section 15	beaufort	23	3316	-40.93
G-B bytes	grid	section 15	beaufort	24	3316	-39.47
G-B bytes	grid	section 15	beaufort	25	3316	-38.40
G-B bytes	grid	section 15	beaufort	26	3316	-38.00
G-B bytes	grid	section 15	beaufort	27	3316	-38.76
G-B bytes	grid	section 15	beaufort	28	3316	-29.80
G-B bytes	grid	LP2 continuous	sub	0	12956	-44.46
G-B bytes	grid	LP2 continuous	sub	1	12956	-28.50
G-B bytes	grid	LP2 continuous	sub	2	12956	-34.61
G-B bytes	grid	LP2 continuous	sub	3	12956	-37.09
G-B bytes	grid	LP2 continuous	sub	4	12956	-44.30
G-B bytes	grid	LP2 continuous	sub	5	12956	-37.05
G-B bytes	grid	LP2 continuous	sub	6	12956	-36.60
G-B bytes	grid	LP2 continuous	sub	7	12956	-23.99
G-B bytes	grid	LP2 continuous	sub	8	12956	-36.91
G-B bytes	grid	LP2 continuous	sub	9	12956	-49.92
G-B bytes	grid	LP2 continuous	sub	10	12956	-36.99
G-B bytes	grid	LP2 continuous	sub	11	12956	-45.01
G-B bytes	grid	LP2 continuous	sub	12	12956	-32.61
G-B bytes	grid	LP2 continuous	sub	13	12956	-43.35
G-B bytes	grid	LP2 continuous	sub	14	12956	-46.03
G-B bytes	grid	LP2 continuous	sub	15	12956	-36.28
G-B bytes	grid	LP2 continuous	sub	16	12956	-31.64
G-B bytes	grid	LP2 continuous	sub	17	12956	-42.76
G-B bytes	grid	LP2 continuous	sub	18	12956	-28.69
G-B bytes	grid	LP2 continuous	sub	19	12956	-43.08
G-B bytes	grid	LP2 continuous	sub	20	12956	-16.28
G-B bytes	grid	LP2 continuous	sub	21	12956	-26.86
G-B bytes	grid	LP2 continuous	sub	22	12956	-39.87
G-B bytes	grid	LP2 continuous	sub	23	12956	-39.89
G-B bytes	grid	LP2 continuous	sub	24	12956	-39.38
G-B bytes	grid	LP2 continuous	sub	25	12956	-50.10
G-B bytes	grid	LP2 continuous	sub	26	12956	-32.71
G-B bytes	grid	LP2 continuous	sub	27	12956	-37.83
G-B bytes	grid	LP2 continuous	sub	28	12956	-38.66
G-B bytes	grid	LP2 continuous	add	0	12956	-31.13
G-B bytes	grid	LP2 continuous	add	1	12956	-31.80
G-B bytes	grid	LP2 continuous	add	2	12956	-37.64
G-B bytes	grid	LP2 continuous	add	3	12956	-43.33
G-B bytes	grid	LP2 continuous	add	4	12956	-37.73
G-B bytes	grid	LP2 continuous	add	5	12956	-39.05
G-B bytes	grid	LP2 continuous	add	6	12956	-36.68
G-B bytes	grid	LP2 continuous	add	7	12956	-37.08
G-B bytes	grid	LP2 continuous	add	8	12956	-24.84
G-B bytes	grid	LP2 continuous	add	9	12956	-16.84
G-B bytes	grid	LP2 continuous	add	10	12956	-37.59
G-B bytes	grid	LP2 continuous	add	11	12956	-46.36
G-B bytes	grid	LP2 continuous	add	12	12956	-38.35
G-B bytes	grid	LP2 continuous	add	13	12956	-36.51
G-B bytes	grid	LP2 continuous	add	14	12956	-42.28
G-B bytes	grid	LP2 continuous	add	15	12956	-32.58
G-B bytes	grid	LP2 continuous	add	16	12956	-41.41
G-B bytes	grid	LP2 continuous	add	17	12956	-33.05
G-B bytes	grid	LP2 continuous	add	18	12956	-30.10
G-B bytes	grid	LP2 continuous	add	19	12956	-46.10
G-B bytes	grid	LP2 continuous	add	20	12956	-41.85
G-B bytes	grid	LP2 continuous	add	21	12956	-42.04
G-B bytes	grid	LP2 continuous	add	22	12956	-40.94
G-B bytes	grid	LP2 continuous	add	23	12956	-25.37
G-B bytes	grid	LP2 continuous	add	24	12956	-23.76
G-B bytes	grid	LP2 continuous	add	25	12956	-46.62
G-B bytes	grid	LP2 continuous	add	26	12956	-53.42
G-B bytes	grid	LP2 continuous	add	27	12956	-41.10
G-B bytes	grid	LP2 continuous	add	28	12956	-42.54
G-B bytes	grid	LP2 continuous	beaufort	0	12956	-43.08
G-B bytes	grid	LP2 continuous	beaufort	1	12956	-41.70
G-B bytes	grid	LP2 continuous	beaufort	2	12956	-34.24
G-B bytes	grid	LP2 continuous	beaufort	3	12956	-45.02
G-B bytes	grid	LP2 continuous	beaufort	4	12956	-26.58
G-B bytes	grid	LP2 continuous	beaufort	5	12956	-36.75
G-B bytes	grid	LP2 continuous	beaufort	6	12956	-37.39
G-B bytes	grid	LP2 continuous	beaufort	7	12956	-31.88
G-B bytes	grid	LP2 continuous	beaufort	8	12956	-43.16
G-B bytes	grid	LP2 continuous	beaufort	9	12956	-26.79
G-B bytes	grid	LP2 continuous	beaufort	10	12956	-25.45
G-B bytes	grid	LP2 continuous	beaufort	11	12956	-25.71
G-B bytes	grid	LP2 continuous	beaufort	12	12956	-33.78
G-B bytes	grid	LP2 continuous	beaufort	13	12956	-39.95
G-B bytes	grid	LP2 continuous	beaufort	14	12956	-38.23
G-B bytes	grid	LP2 continuous	beaufort	15	12956	-43.18
G-B bytes	grid	LP2 continuous	beaufort	16	12956	-43.50
G-B bytes	grid	LP2 continuous	beaufort	17	12956	-32.05
G-B bytes	grid	LP2 continuous	beaufort	18	12956	-43.39
G-B bytes	grid	LP2 continuous	beaufort	19	12956	-35.51
G-B bytes	grid	LP2 continuous	beaufort	20	12956	-39.50
G-B bytes	grid	LP2 continuous	beaufort	21	12956	-37.96
G-B bytes	grid	LP2 continuous	beaufort	22	12956	-32.97
G-B bytes	grid	LP2 continuous	beaufort	23	12956	-37.31
G-B bytes	grid	LP2 continuous	beaufort	24	12956	-35.63
G-B bytes	grid	LP2 continuous	beaufort	25	12956	-29.28
G-B bytes	grid	LP2 continuous	beaufort	26	12956	-36.28
G-B bytes	grid	LP2 continuous	beaufort	27	12956	-37.91
G-B bytes	grid	LP2 continuous	beaufort	28	12956	-40.57
G-B bytes	grid	after the grid	sub	0	842	-24.74
G-B bytes	grid	after the grid	sub	1	842	-40.27
G-B bytes	grid	after the grid	sub	2	842	-39.64
G-B bytes	grid	after the grid	sub	3	842	-45.96
G-B bytes	grid	after the grid	sub	4	842	-34.39
G-B bytes	grid	after the grid	sub	5	842	-36.77
G-B bytes	grid	after the grid	sub	6	842	-41.19
G-B bytes	grid	after the grid	sub	7	842	-35.11
G-B bytes	grid	after the grid	sub	8	842	-42.43
G-B bytes	grid	after the grid	sub	9	842	-36.94
G-B bytes	grid	after the grid	sub	10	842	-29.68
G-B bytes	grid	after the grid	sub	11	842	-34.76
G-B bytes	grid	after the grid	sub	12	842	-33.81
G-B bytes	grid	after the grid	sub	13	842	-24.80
G-B bytes	grid	after the grid	sub	14	842	-34.49
G-B bytes	grid	after the grid	sub	15	842	-39.07
G-B bytes	grid	after the grid	sub	16	842	-34.09
G-B bytes	grid	after the grid	sub	17	842	-33.93
G-B bytes	grid	after the grid	sub	18	842	-39.93
G-B bytes	grid	after the grid	sub	19	842	-34.01
G-B bytes	grid	after the grid	sub	20	842	-35.63
G-B bytes	grid	after the grid	sub	21	842	-31.30
G-B bytes	grid	after the grid	sub	22	842	-37.64
G-B bytes	grid	after the grid	sub	23	842	-34.46
G-B bytes	grid	after the grid	sub	24	842	-34.26
G-B bytes	grid	after the grid	sub	25	842	-42.49
G-B bytes	grid	after the grid	sub	26	842	-33.97
G-B bytes	grid	after the grid	sub	27	842	-39.72
G-B bytes	grid	after the grid	sub	28	842	-23.47
G-B bytes	grid	after the grid	add	0	842	-38.00
G-B bytes	grid	after the grid	add	1	842	-38.79
G-B bytes	grid	after the grid	add	2	842	-40.94
G-B bytes	grid	after the grid	add	3	842	-39.89
G-B bytes	grid	after the grid	add	4	842	-32.44
G-B bytes	grid	after the grid	add	5	842	-39.39
G-B bytes	grid	after the grid	add	6	842	-39.11
G-B bytes	grid	after the grid	add	7	842	-47.21
G-B bytes	grid	after the grid	add	8	842	-45.46
G-B bytes	grid	after the grid	add	9	842	-32.54
G-B bytes	grid	after the grid	add	10	842	-37.61
G-B bytes	grid	after the grid	add	11	842	-29.67
G-B bytes	grid	after the grid	add	12	842	-35.72
G-B bytes	grid	after the grid	add	13	842	-39.78
G-B bytes	grid	after the grid	add	14	842	-40.28
G-B bytes	grid	after the grid	add	15	842	-42.52
G-B bytes	grid	after the grid	add	16	842	-47.80
G-B bytes	grid	after the grid	add	17	842	-38.11
G-B bytes	grid	after the grid	add	18	842	-33.60
G-B bytes	grid	after the grid	add	19	842	-40.16
G-B bytes	grid	after the grid	add	20	842	-28.09
G-B bytes	grid	after the grid	add	21	842	-46.06
G-B bytes	grid	after the grid	add	22	842	-39.83
G-B bytes	grid	after the grid	add	23	842	-30.44
G-B bytes	grid	after the grid	add	24	842	-33.60
G-B bytes	grid	after the grid	add	25	842	-26.13
G-B bytes	grid	after the grid	add	26	842	-19.63
G-B bytes	grid	after the grid	add	27	842	-30.48
G-B bytes	grid	after the grid	add	28	842	-41.74
G-B bytes	grid	after the grid	beaufort	0	842	-45.29
G-B bytes	grid	after the grid	beaufort	1	842	-32.53
G-B bytes	grid	after the grid	beaufort	2	842	-37.93
G-B bytes	grid	after the grid	beaufort	3	842	-39.84
G-B bytes	grid	after the grid	beaufort	4	842	-26.33
G-B bytes	grid	after the grid	beaufort	5	842	-38.80
G-B bytes	grid	after the grid	beaufort	6	842	-35.85
G-B bytes	grid	after the grid	beaufort	7	842	-35.42
G-B bytes	grid	after the grid	beaufort	8	842	-44.66
G-B bytes	grid	after the grid	beaufort	9	842	-37.13
G-B bytes	grid	after the grid	beaufort	10	842	-39.26
G-B bytes	grid	after the grid	beaufort	11	842	-33.49
G-B bytes	grid	after the grid	beaufort	12	842	-30.26
G-B bytes	grid	after the grid	beaufort	13	842	-39.44
G-B bytes	grid	after the grid	beaufort	14	842	-42.81
G-B bytes	grid	after the grid	beaufort	15	842	-33.50
G-B bytes	grid	after the grid	beaufort	16	842	-37.45
G-B bytes	grid	after the grid	beaufort	17	842	-32.05
G-B bytes	grid	after the grid	beaufort	18	842	-36.02
G-B bytes	grid	after the grid	beaufort	19	842	-45.01
G-B bytes	grid	after the grid	beaufort	20	842	-36.73
G-B bytes	grid	after the grid	beaufort	21	842	-46.43
G-B bytes	grid	after the grid	beaufort	22	842	-39.66
G-B bytes	grid	after the grid	beaufort	23	842	-40.12
G-B bytes	grid	after the grid	beaufort	24	842	-34.94
G-B bytes	grid	after the grid	beaufort	25	842	-34.42
G-B bytes	grid	after the grid	beaufort	26	842	-26.77
G-B bytes	grid	after the grid	beaufort	27	842	-32.19
G-B bytes	grid	after the grid	beaufort	28	842	-42.51
G-B bytes	grid	ending at the grid	sub	0	256	-29.53
G-B bytes	grid	ending at the grid	sub	1	256	-35.10
G-B bytes	grid	ending at the grid	sub	2	256	-32.80
G-B bytes	grid	ending at the grid	sub	3	256	-31.05
G-B bytes	grid	ending at the grid	sub	4	256	-34.69
G-B bytes	grid	ending at the grid	sub	5	256	-45.05
G-B bytes	grid	ending at the grid	sub	6	256	-42.22
G-B bytes	grid	ending at the grid	sub	7	256	-32.06
G-B bytes	grid	ending at the grid	sub	8	256	-34.61
G-B bytes	grid	ending at the grid	sub	9	256	-29.60
G-B bytes	grid	ending at the grid	sub	10	256	-33.80
G-B bytes	grid	ending at the grid	sub	11	256	-38.01
G-B bytes	grid	ending at the grid	sub	12	256	-39.38
G-B bytes	grid	ending at the grid	sub	13	256	-41.18
G-B bytes	grid	ending at the grid	sub	14	256	-36.99
G-B bytes	grid	ending at the grid	sub	15	256	-26.09
G-B bytes	grid	ending at the grid	sub	16	256	-24.69
G-B bytes	grid	ending at the grid	sub	17	256	-32.67
G-B bytes	grid	ending at the grid	sub	18	256	-39.31
G-B bytes	grid	ending at the grid	sub	19	256	-47.81
G-B bytes	grid	ending at the grid	sub	20	256	-40.25
G-B bytes	grid	ending at the grid	sub	21	256	-41.79
G-B bytes	grid	ending at the grid	sub	22	256	-34.92
G-B bytes	grid	ending at the grid	sub	23	256	-29.04
G-B bytes	grid	ending at the grid	sub	24	256	-28.08
G-B bytes	grid	ending at the grid	sub	25	256	-30.26
G-B bytes	grid	ending at the grid	sub	26	256	-38.20
G-B bytes	grid	ending at the grid	sub	27	256	-43.19
G-B bytes	grid	ending at the grid	sub	28	256	-29.01
G-B bytes	grid	ending at the grid	add	0	256	-38.60
G-B bytes	grid	ending at the grid	add	1	256	-32.47
G-B bytes	grid	ending at the grid	add	2	256	-42.15
G-B bytes	grid	ending at the grid	add	3	256	-33.03
G-B bytes	grid	ending at the grid	add	4	256	-25.64
G-B bytes	grid	ending at the grid	add	5	256	-39.38
G-B bytes	grid	ending at the grid	add	6	256	-38.65
G-B bytes	grid	ending at the grid	add	7	256	-39.73
G-B bytes	grid	ending at the grid	add	8	256	-37.54
G-B bytes	grid	ending at the grid	add	9	256	-37.86
G-B bytes	grid	ending at the grid	add	10	256	-34.59
G-B bytes	grid	ending at the grid	add	11	256	-37.64
G-B bytes	grid	ending at the grid	add	12	256	-31.49
G-B bytes	grid	ending at the grid	add	13	256	-48.75
G-B bytes	grid	ending at the grid	add	14	256	-37.51
G-B bytes	grid	ending at the grid	add	15	256	-31.73
G-B bytes	grid	ending at the grid	add	16	256	-31.69
G-B bytes	grid	ending at the grid	add	17	256	-38.63
G-B bytes	grid	ending at the grid	add	18	256	-28.77
G-B bytes	grid	ending at the grid	add	19	256	-27.96
G-B bytes	grid	ending at the grid	add	20	256	-39.07
G-B bytes	grid	ending at the grid	add	21	256	-31.79
G-B bytes	grid	ending at the grid	add	22	256	-30.00
G-B bytes	grid	ending at the grid	add	23	256	-35.85
G-B bytes	grid	ending at the grid	add	24	256	-31.87
G-B bytes	grid	ending at the grid	add	25	256	-39.32
G-B bytes	grid	ending at the grid	add	26	256	-32.03
G-B bytes	grid	ending at the grid	add	27	256	-30.05
G-B bytes	grid	ending at the grid	add	28	256	-50.26
G-B bytes	grid	ending at the grid	beaufort	0	256	-32.51
G-B bytes	grid	ending at the grid	beaufort	1	256	-37.00
G-B bytes	grid	ending at the grid	beaufort	2	256	-33.99
G-B bytes	grid	ending at the grid	beaufort	3	256	-29.24
G-B bytes	grid	ending at the grid	beaufort	4	256	-41.75
G-B bytes	grid	ending at the grid	beaufort	5	256	-15.56
G-B bytes	grid	ending at the grid	beaufort	6	256	-26.93
G-B bytes	grid	ending at the grid	beaufort	7	256	-25.47
G-B bytes	grid	ending at the grid	beaufort	8	256	-31.04
G-B bytes	grid	ending at the grid	beaufort	9	256	-41.20
G-B bytes	grid	ending at the grid	beaufort	10	256	-43.94
G-B bytes	grid	ending at the grid	beaufort	11	256	-45.44
G-B bytes	grid	ending at the grid	beaufort	12	256	-34.47
G-B bytes	grid	ending at the grid	beaufort	13	256	-24.99
G-B bytes	grid	ending at the grid	beaufort	14	256	-31.88
G-B bytes	grid	ending at the grid	beaufort	15	256	-37.10
G-B bytes	grid	ending at the grid	beaufort	16	256	-44.04
G-B bytes	grid	ending at the grid	beaufort	17	256	-32.14
G-B bytes	grid	ending at the grid	beaufort	18	256	-32.25
G-B bytes	grid	ending at the grid	beaufort	19	256	-38.42
G-B bytes	grid	ending at the grid	beaufort	20	256	-37.28
G-B bytes	grid	ending at the grid	beaufort	21	256	-27.69
G-B bytes	grid	ending at the grid	beaufort	22	256	-39.03
G-B bytes	grid	ending at the grid	beaufort	23	256	-39.44
G-B bytes	grid	ending at the grid	beaufort	24	256	-35.63
G-B bytes	grid	ending at the grid	beaufort	25	256	-40.95
G-B bytes	grid	ending at the grid	beaufort	26	256	-42.18
G-B bytes	grid	ending at the grid	beaufort	27	256	-34.05
G-B bytes	grid	ending at the grid	beaufort	28	256	-41.40
G-5 5-bit groups	grid	section 7	sub	0	729	-56.71
G-5 5-bit groups	grid	section 7	sub	1	729	-55.98
G-5 5-bit groups	grid	section 7	sub	2	729	-49.01
G-5 5-bit groups	grid	section 7	sub	3	729	-53.58
G-5 5-bit groups	grid	section 7	sub	4	729	-44.49
G-5 5-bit groups	grid	section 7	sub	5	729	-47.93
G-5 5-bit groups	grid	section 7	sub	6	729	-42.18
G-5 5-bit groups	grid	section 7	sub	7	729	-47.24
G-5 5-bit groups	grid	section 7	sub	8	729	-61.77
G-5 5-bit groups	grid	section 7	sub	9	729	-59.00
G-5 5-bit groups	grid	section 7	sub	10	729	-60.41
G-5 5-bit groups	grid	section 7	sub	11	729	-55.09
G-5 5-bit groups	grid	section 7	sub	12	729	-52.22
G-5 5-bit groups	grid	section 7	sub	13	729	-60.09
G-5 5-bit groups	grid	section 7	sub	14	729	-54.69
G-5 5-bit groups	grid	section 7	sub	15	729	-52.53
G-5 5-bit groups	grid	section 7	sub	16	729	-63.98
G-5 5-bit groups	grid	section 7	sub	17	729	-61.60
G-5 5-bit groups	grid	section 7	sub	18	729	-41.97
G-5 5-bit groups	grid	section 7	sub	19	729	-53.87
G-5 5-bit groups	grid	section 7	sub	20	729	-50.70
G-5 5-bit groups	grid	section 7	sub	21	729	-53.97
G-5 5-bit groups	grid	section 7	sub	22	729	-53.33
G-5 5-bit groups	grid	section 7	sub	23	729	-66.15
G-5 5-bit groups	grid	section 7	sub	24	729	-55.57
G-5 5-bit groups	grid	section 7	sub	25	729	-63.99
G-5 5-bit groups	grid	section 7	sub	26	729	-64.89
G-5 5-bit groups	grid	section 7	sub	27	729	-51.08
G-5 5-bit groups	grid	section 7	sub	28	729	-66.69
G-5 5-bit groups	grid	section 7	add	0	729	-50.38
G-5 5-bit groups	grid	section 7	add	1	729	-48.79
G-5 5-bit groups	grid	section 7	add	2	729	-60.12
G-5 5-bit groups	grid	section 7	add	3	729	-51.80
G-5 5-bit groups	grid	section 7	add	4	729	-57.20
G-5 5-bit groups	grid	section 7	add	5	729	-61.48
G-5 5-bit groups	grid	section 7	add	6	729	-64.08
G-5 5-bit groups	grid	section 7	add	7	729	-61.48
G-5 5-bit groups	grid	section 7	add	8	729	-47.44
G-5 5-bit groups	grid	section 7	add	9	729	-45.14
G-5 5-bit groups	grid	section 7	add	10	729	-60.46
G-5 5-bit groups	grid	section 7	add	11	729	-59.90
G-5 5-bit groups	grid	section 7	add	12	729	-52.85
G-5 5-bit groups	grid	section 7	add	13	729	-54.20
G-5 5-bit groups	grid	section 7	add	14	729	-57.41
G-5 5-bit groups	grid	section 7	add	15	729	-56.36
G-5 5-bit groups	grid	section 7	add	16	729	-58.78
G-5 5-bit groups	grid	section 7	add	17	729	-47.43
G-5 5-bit groups	grid	section 7	add	18	729	-59.13
G-5 5-bit groups	grid	section 7	add	19	729	-55.96
G-5 5-bit groups	grid	section 7	add	20	729	-62.70
G-5 5-bit groups	grid	section 7	add	21	729	-61.39
G-5 5-bit groups	grid	section 7	add	22	729	-58.19
G-5 5-bit groups	grid	section 7	add	23	729	-48.35
G-5 5-bit groups	grid	section 7	add	24	729	-49.59
G-5 5-bit groups	grid	section 7	add	25	729	-58.60
G-5 5-bit groups	grid	section 7	add	26	729	-51.35
G-5 5-bit groups	grid	section 7	add	27	729	-55.42
G-5 5-bit groups	grid	section 7	add	28	729	-71.96
G-5 5-bit groups	grid	section 7	beaufort	0	729	-52.58
G-5 5-bit groups	grid	section 7	beaufort	1	729	-62.88
G-5 5-bit groups	grid	section 7	beaufort	2	729	-40.20
G-5 5-bit groups	grid	section 7	beaufort	3	729	-70.56
G-5 5-bit groups	grid	section 7	beaufort	4	729	-59.62
G-5 5-bit groups	grid	section 7	beaufort	5	729	-55.52
G-5 5-bit groups	grid	section 7	beaufort	6	729	-57.11
G-5 5-bit groups	grid	section 7	beaufort	7	729	-60.14
G-5 5-bit groups	grid	section 7	beaufort	8	729	-43.74
G-5 5-bit groups	grid	section 7	beaufort	9	729	-28.20
G-5 5-bit groups	grid	section 7	beaufort	10	729	-40.80
G-5 5-bit groups	grid	section 7	beaufort	11	729	-52.28
G-5 5-bit groups	grid	section 7	beaufort	12	729	-57.43
G-5 5-bit groups	grid	section 7	beaufort	13	729	-47.18
G-5 5-bit groups	grid	section 7	beaufort	14	729	-52.13
G-5 5-bit groups	grid	section 7	beaufort	15	729	-64.01
G-5 5-bit groups	grid	section 7	beaufort	16	729	-49.15
G-5 5-bit groups	grid	section 7	beaufort	17	729	-57.13
G-5 5-bit groups	grid	section 7	beaufort	18	729	-63.46
G-5 5-bit groups	grid	section 7	beaufort	19	729	-51.95
G-5 5-bit groups	grid	section 7	beaufort	20	729	-65.26
G-5 5-bit groups	grid	section 7	beaufort	21	729	-65.80
G-5 5-bit groups	grid	section 7	beaufort	22	729	-54.44
G-5 5-bit groups	grid	section 7	beaufort	23	729	-48.48
G-5 5-bit groups	grid	section 7	beaufort	24	729	-48.73
G-5 5-bit groups	grid	section 7	beaufort	25	729	-50.72
G-5 5-bit groups	grid	section 7	beaufort	26	729	-53.81
G-5 5-bit groups	grid	section 7	beaufort	27	729	-64.28
G-5 5-bit groups	grid	section 7	beaufort	28	729	-43.76
G-5 5-bit groups	grid	section 8	sub	0	1145	-51.83
G-5 5-bit groups	grid	section 8	sub	1	1145	-59.70
G-5 5-bit groups	grid	section 8	sub	2	1145	-49.42
G-5 5-bit groups	grid	section 8	sub	3	1145	-54.20
G-5 5-bit groups	grid	section 8	sub	4	1145	-57.35
G-5 5-bit groups	grid	section 8	sub	5	1145	-46.60
G-5 5-bit groups	grid	section 8	sub	6	1145	-53.70
G-5 5-bit groups	grid	section 8	sub	7	1145	-71.70
G-5 5-bit groups	grid	section 8	sub	8	1145	-63.07
G-5 5-bit groups	grid	section 8	sub	9	1145	-61.68
G-5 5-bit groups	grid	section 8	sub	10	1145	-53.81
G-5 5-bit groups	grid	section 8	sub	11	1145	-40.18
G-5 5-bit groups	grid	section 8	sub	12	1145	-51.67
G-5 5-bit groups	grid	section 8	sub	13	1145	-55.45
G-5 5-bit groups	grid	section 8	sub	14	1145	-66.29
G-5 5-bit groups	grid	section 8	sub	15	1145	-56.73
G-5 5-bit groups	grid	section 8	sub	16	1145	-54.79
G-5 5-bit groups	grid	section 8	sub	17	1145	-50.68
G-5 5-bit groups	grid	section 8	sub	18	1145	-53.47
G-5 5-bit groups	grid	section 8	sub	19	1145	-61.41
G-5 5-bit groups	grid	section 8	sub	20	1145	-60.30
G-5 5-bit groups	grid	section 8	sub	21	1145	-53.93
G-5 5-bit groups	grid	section 8	sub	22	1145	-65.87
G-5 5-bit groups	grid	section 8	sub	23	1145	-61.31
G-5 5-bit groups	grid	section 8	sub	24	1145	-49.96
G-5 5-bit groups	grid	section 8	sub	25	1145	-49.12
G-5 5-bit groups	grid	section 8	sub	26	1145	-53.89
G-5 5-bit groups	grid	section 8	sub	27	1145	-48.49
G-5 5-bit groups	grid	section 8	sub	28	1145	-64.18
G-5 5-bit groups	grid	section 8	add	0	1145	-55.56
G-5 5-bit groups	grid	section 8	add	1	1145	-65.04
G-5 5-bit groups	grid	section 8	add	2	1145	-62.37
G-5 5-bit groups	grid	section 8	add	3	1145	-46.43
G-5 5-bit groups	grid	section 8	add	4	1145	-52.88
G-5 5-bit groups	grid	section 8	add	5	1145	-64.42
G-5 5-bit groups	grid	section 8	add	6	1145	-52.67
G-5 5-bit groups	grid	section 8	add	7	1145	-59.09
G-5 5-bit groups	grid	section 8	add	8	1145	-55.68
G-5 5-bit groups	grid	section 8	add	9	1145	-53.34
G-5 5-bit groups	grid	section 8	add	10	1145	-61.71
G-5 5-bit groups	grid	section 8	add	11	1145	-45.66
G-5 5-bit groups	grid	section 8	add	12	1145	-60.53
G-5 5-bit groups	grid	section 8	add	13	1145	-52.70
G-5 5-bit groups	grid	section 8	add	14	1145	-66.75
G-5 5-bit groups	grid	section 8	add	15	1145	-65.59
G-5 5-bit groups	grid	section 8	add	16	1145	-45.23
G-5 5-bit groups	grid	section 8	add	17	1145	-40.62
G-5 5-bit groups	grid	section 8	add	18	1145	-56.74
G-5 5-bit groups	grid	section 8	add	19	1145	-56.29
G-5 5-bit groups	grid	section 8	add	20	1145	-68.01
G-5 5-bit groups	grid	section 8	add	21	1145	-62.10
G-5 5-bit groups	grid	section 8	add	22	1145	-50.82
G-5 5-bit groups	grid	section 8	add	23	1145	-58.60
G-5 5-bit groups	grid	section 8	add	24	1145	-61.72
G-5 5-bit groups	grid	section 8	add	25	1145	-44.24
G-5 5-bit groups	grid	section 8	add	26	1145	-53.34
G-5 5-bit groups	grid	section 8	add	27	1145	-57.28
G-5 5-bit groups	grid	section 8	add	28	1145	-43.33
G-5 5-bit groups	grid	section 8	beaufort	0	1145	-45.84
G-5 5-bit groups	grid	section 8	beaufort	1	1145	-52.08
G-5 5-bit groups	grid	section 8	beaufort	2	1145	-47.69
G-5 5-bit groups	grid	section 8	beaufort	3	1145	-70.36
G-5 5-bit groups	grid	section 8	beaufort	4	1145	-67.27
G-5 5-bit groups	grid	section 8	beaufort	5	1145	-62.32
G-5 5-bit groups	grid	section 8	beaufort	6	1145	-65.87
G-5 5-bit groups	grid	section 8	beaufort	7	1145	-62.29
G-5 5-bit groups	grid	section 8	beaufort	8	1145	-51.24
G-5 5-bit groups	grid	section 8	beaufort	9	1145	-43.49
G-5 5-bit groups	grid	section 8	beaufort	10	1145	-54.54
G-5 5-bit groups	grid	section 8	beaufort	11	1145	-59.53
G-5 5-bit groups	grid	section 8	beaufort	12	1145	-68.47
G-5 5-bit groups	grid	section 8	beaufort	13	1145	-60.87
G-5 5-bit groups	grid	section 8	beaufort	14	1145	-63.77
G-5 5-bit groups	grid	section 8	beaufort	15	1145	-38.17
G-5 5-bit groups	grid	section 8	beaufort	16	1145	-42.04
G-5 5-bit groups	grid	section 8	beaufort	17	1145	-60.55
G-5 5-bit groups	grid	section 8	beaufort	18	1145	-49.49
G-5 5-bit groups	grid	section 8	beaufort	19	1145	-53.54
G-5 5-bit groups	grid	section 8	beaufort	20	1145	-57.21
G-5 5-bit groups	grid	section 8	beaufort	21	1145	-59.69
G-5 5-bit groups	grid	section 8	beaufort	22	1145	-58.92
G-5 5-bit groups	grid	section 8	beaufort	23	1145	-49.24
G-5 5-bit groups	grid	section 8	beaufort	24	1145	-48.14
G-5 5-bit groups	grid	section 8	beaufort	25	1145	-63.94
G-5 5-bit groups	grid	section 8	beaufort	26	1145	-66.52
G-5 5-bit groups	grid	section 8	beaufort	27	1145	-48.81
G-5 5-bit groups	grid	section 8	beaufort	28	1145	-58.83
G-5 5-bit groups	grid	section 9	sub	0	1729	-52.70
G-5 5-bit groups	grid	section 9	sub	1	1729	-47.77
G-5 5-bit groups	grid	section 9	sub	2	1729	-68.69
G-5 5-bit groups	grid	section 9	sub	3	1729	-64.31
G-5 5-bit groups	grid	section 9	sub	4	1729	-56.82
G-5 5-bit groups	grid	section 9	sub	5	1729	-54.55
G-5 5-bit groups	grid	section 9	sub	6	1729	-62.61
G-5 5-bit groups	grid	section 9	sub	7	1729	-73.11
G-5 5-bit groups	grid	section 9	sub	8	1729	-55.10
G-5 5-bit groups	grid	section 9	sub	9	1729	-63.98
G-5 5-bit groups	grid	section 9	sub	10	1729	-51.22
G-5 5-bit groups	grid	section 9	sub	11	1729	-53.30
G-5 5-bit groups	grid	section 9	sub	12	1729	-54.85
G-5 5-bit groups	grid	section 9	sub	13	1729	-50.22
G-5 5-bit groups	grid	section 9	sub	14	1729	-54.16
G-5 5-bit groups	grid	section 9	sub	15	1729	-55.01
G-5 5-bit groups	grid	section 9	sub	16	1729	-61.70
G-5 5-bit groups	grid	section 9	sub	17	1729	-73.07
G-5 5-bit groups	grid	section 9	sub	18	1729	-57.92
G-5 5-bit groups	grid	section 9	sub	19	1729	-56.76
G-5 5-bit groups	grid	section 9	sub	20	1729	-53.29
G-5 5-bit groups	grid	section 9	sub	21	1729	-63.70
G-5 5-bit groups	grid	section 9	sub	22	1729	-61.08
G-5 5-bit groups	grid	section 9	sub	23	1729	-61.50
G-5 5-bit groups	grid	section 9	sub	24	1729	-60.28
G-5 5-bit groups	grid	section 9	sub	25	1729	-55.85
G-5 5-bit groups	grid	section 9	sub	26	1729	-44.07
G-5 5-bit groups	grid	section 9	sub	27	1729	-60.80
G-5 5-bit groups	grid	section 9	sub	28	1729	-55.28
G-5 5-bit groups	grid	section 9	add	0	1729	-65.11
G-5 5-bit groups	grid	section 9	add	1	1729	-48.61
G-5 5-bit groups	grid	section 9	add	2	1729	-62.98
G-5 5-bit groups	grid	section 9	add	3	1729	-62.76
G-5 5-bit groups	grid	section 9	add	4	1729	-67.06
G-5 5-bit groups	grid	section 9	add	5	1729	-54.76
G-5 5-bit groups	grid	section 9	add	6	1729	-55.44
G-5 5-bit groups	grid	section 9	add	7	1729	-61.73
G-5 5-bit groups	grid	section 9	add	8	1729	-66.67
G-5 5-bit groups	grid	section 9	add	9	1729	-61.64
G-5 5-bit groups	grid	section 9	add	10	1729	-47.66
G-5 5-bit groups	grid	section 9	add	11	1729	-47.91
G-5 5-bit groups	grid	section 9	add	12	1729	-51.23
G-5 5-bit groups	grid	section 9	add	13	1729	-58.07
G-5 5-bit groups	grid	section 9	add	14	1729	-42.83
G-5 5-bit groups	grid	section 9	add	15	1729	-61.26
G-5 5-bit groups	grid	section 9	add	16	1729	-50.82
G-5 5-bit groups	grid	section 9	add	17	1729	-65.60
G-5 5-bit groups	grid	section 9	add	18	1729	-70.78
G-5 5-bit groups	grid	section 9	add	19	1729	-63.12
G-5 5-bit groups	grid	section 9	add	20	1729	-39.78
G-5 5-bit groups	grid	section 9	add	21	1729	-61.01
G-5 5-bit groups	grid	section 9	add	22	1729	-57.64
G-5 5-bit groups	grid	section 9	add	23	1729	-67.87
G-5 5-bit groups	grid	section 9	add	24	1729	-59.02
G-5 5-bit groups	grid	section 9	add	25	1729	-48.95
G-5 5-bit groups	grid	section 9	add	26	1729	-47.70
G-5 5-bit groups	grid	section 9	add	27	1729	-53.34
G-5 5-bit groups	grid	section 9	add	28	1729	-51.66
G-5 5-bit groups	grid	section 9	beaufort	0	1729	-57.91
G-5 5-bit groups	grid	section 9	beaufort	1	1729	-55.06
G-5 5-bit groups	grid	section 9	beaufort	2	1729	-52.66
G-5 5-bit groups	grid	section 9	beaufort	3	1729	-61.23
G-5 5-bit groups	grid	section 9	beaufort	4	1729	-48.82
G-5 5-bit groups	grid	section 9	beaufort	5	1729	-58.25
G-5 5-bit groups	grid	section 9	beaufort	6	1729	-63.88
G-5 5-bit groups	grid	section 9	beaufort	7	1729	-57.06
G-5 5-bit groups	grid	section 9	beaufort	8	1729	-51.67
G-5 5-bit groups	grid	section 9	beaufort	9	1729	-50.05
G-5 5-bit groups	grid	section 9	beaufort	10	1729	-56.64
G-5 5-bit groups	grid	section 9	beaufort	11	1729	-61.98
G-5 5-bit groups	grid	section 9	beaufort	12	1729	-53.12
G-5 5-bit groups	grid	section 9	beaufort	13	1729	-50.37
G-5 5-bit groups	grid	section 9	beaufort	14	1729	-54.21
G-5 5-bit groups	grid	section 9	beaufort	15	1729	-51.20
G-5 5-bit groups	grid	section 9	beaufort	16	1729	-59.44
G-5 5-bit groups	grid	section 9	beaufort	17	1729	-56.22
G-5 5-bit groups	grid	section 9	beaufort	18	1729	-49.90
G-5 5-bit groups	grid	section 9	beaufort	19	1729	-51.38
G-5 5-bit groups	grid	section 9	beaufort	20	1729	-66.81
G-5 5-bit groups	grid	section 9	beaufort	21	1729	-59.44
G-5 5-bit groups	grid	section 9	beaufort	22	1729	-54.60
G-5 5-bit groups	grid	section 9	beaufort	23	1729	-60.71
G-5 5-bit groups	grid	section 9	beaufort	24	1729	-68.11
G-5 5-bit groups	grid	section 9	beaufort	25	1729	-68.23
G-5 5-bit groups	grid	section 9	beaufort	26	1729	-44.06
G-5 5-bit groups	grid	section 9	beaufort	27	1729	-60.96
G-5 5-bit groups	grid	section 9	beaufort	28	1729	-46.68
G-5 5-bit groups	grid	section 10	sub	0	9	-2.10
G-5 5-bit groups	grid	section 10	sub	1	9	-2.07
G-5 5-bit groups	grid	section 10	sub	2	9	-3.09
G-5 5-bit groups	grid	section 10	sub	3	9	-2.35
G-5 5-bit groups	grid	section 10	sub	4	9	-1.37
G-5 5-bit groups	grid	section 10	sub	5	9	-2.40
G-5 5-bit groups	grid	section 10	sub	6	9	3.08
G-5 5-bit groups	grid	section 10	sub	7	9	-0.97
G-5 5-bit groups	grid	section 10	sub	8	9	-5.21
G-5 5-bit groups	grid	section 10	sub	9	9	-2.87
G-5 5-bit groups	grid	section 10	sub	10	9	-4.01
G-5 5-bit groups	grid	section 10	sub	11	9	-4.67
G-5 5-bit groups	grid	section 10	sub	12	9	0.70
G-5 5-bit groups	grid	section 10	sub	13	9	-3.59
G-5 5-bit groups	grid	section 10	sub	14	9	-0.85
G-5 5-bit groups	grid	section 10	sub	15	9	-0.08
G-5 5-bit groups	grid	section 10	sub	16	9	-3.34
G-5 5-bit groups	grid	section 10	sub	17	9	-2.63
G-5 5-bit groups	grid	section 10	sub	18	9	-2.00
G-5 5-bit groups	grid	section 10	sub	19	9	-4.99
G-5 5-bit groups	grid	section 10	sub	20	9	3.17
G-5 5-bit groups	grid	section 10	sub	21	9	-3.52
G-5 5-bit groups	grid	section 10	sub	22	9	-5.34
G-5 5-bit groups	grid	section 10	sub	23	9	-1.68
G-5 5-bit groups	grid	section 10	sub	24	9	-1.58
G-5 5-bit groups	grid	section 10	sub	25	9	-2.86
G-5 5-bit groups	grid	section 10	sub	26	9	-0.34
G-5 5-bit groups	grid	section 10	sub	27	9	-1.29
G-5 5-bit groups	grid	section 10	sub	28	9	0.10
G-5 5-bit groups	grid	section 10	add	0	9	0.45
G-5 5-bit groups	grid	section 10	add	1	9	-5.40
G-5 5-bit groups	grid	section 10	add	2	9	-2.90
G-5 5-bit groups	grid	section 10	add	3	9	-4.71
G-5 5-bit groups	grid	section 10	add	4	9	-2.73
G-5 5-bit groups	grid	section 10	add	5	9	-1.69
G-5 5-bit groups	grid	section 10	add	6	9	-3.97
G-5 5-bit groups	grid	section 10	add	7	9	-0.03
G-5 5-bit groups	grid	section 10	add	8	9	4.83
G-5 5-bit groups	grid	section 10	add	9	9	-3.03
G-5 5-bit groups	grid	section 10	add	10	9	-0.96
G-5 5-bit groups	grid	section 10	add	11	9	-4.78
G-5 5-bit groups	grid	section 10	add	12	9	-2.16
G-5 5-bit groups	grid	section 10	add	13	9	-1.83
G-5 5-bit groups	grid	section 10	add	14	9	1.75
G-5 5-bit groups	grid	section 10	add	15	9	-3.98
G-5 5-bit groups	grid	section 10	add	16	9	-1.95
G-5 5-bit groups	grid	section 10	add	17	9	-2.98
G-5 5-bit groups	grid	section 10	add	18	9	-4.51
G-5 5-bit groups	grid	section 10	add	19	9	-2.48
G-5 5-bit groups	grid	section 10	add	20	9	1.02
G-5 5-bit groups	grid	section 10	add	21	9	-0.07
G-5 5-bit groups	grid	section 10	add	22	9	3.76
G-5 5-bit groups	grid	section 10	add	23	9	2.62
G-5 5-bit groups	grid	section 10	add	24	9	-2.96
G-5 5-bit groups	grid	section 10	add	25	9	-6.40
G-5 5-bit groups	grid	section 10	add	26	9	-4.79
G-5 5-bit groups	grid	section 10	add	27	9	-3.36
G-5 5-bit groups	grid	section 10	add	28	9	-0.24
G-5 5-bit groups	grid	section 10	beaufort	0	9	-5.30
G-5 5-bit groups	grid	section 10	beaufort	1	9	-0.99
G-5 5-bit groups	grid	section 10	beaufort	2	9	-1.58
G-5 5-bit groups	grid	section 10	beaufort	3	9	-3.01
G-5 5-bit groups	grid	section 10	beaufort	4	9	-1.42
G-5 5-bit groups	grid	section 10	beaufort	5	9	-4.58
G-5 5-bit groups	grid	section 10	beaufort	6	9	-3.48
G-5 5-bit groups	grid	section 10	beaufort	7	9	-1.53
G-5 5-bit groups	grid	section 10	beaufort	8	9	-1.80
G-5 5-bit groups	grid	section 10	beaufort	9	9	-1.57
G-5 5-bit groups	grid	section 10	beaufort	10	9	0.14
G-5 5-bit groups	grid	section 10	beaufort	11	9	0.34
G-5 5-bit groups	grid	section 10	beaufort	12	9	-0.41
G-5 5-bit groups	grid	section 10	beaufort	13	9	-1.58
G-5 5-bit groups	grid	section 10	beaufort	14	9	-2.66
G-5 5-bit groups	grid	section 10	beaufort	15	9	-5.39
G-5 5-bit groups	grid	section 10	beaufort	16	9	-1.02
G-5 5-bit groups	grid	section 10	beaufort	17	9	-1.69
G-5 5-bit groups	grid	section 10	beaufort	18	9	-3.26
G-5 5-bit groups	grid	section 10	beaufort	19	9	1.45
G-5 5-bit groups	grid	section 10	beaufort	20	9	-3.22
G-5 5-bit groups	grid	section 10	beaufort	21	9	-3.58
G-5 5-bit groups	grid	section 10	beaufort	22	9	-1.73
G-5 5-bit groups	grid	section 10	beaufort	23	9	-3.49
G-5 5-bit groups	grid	section 10	beaufort	24	9	1.03
G-5 5-bit groups	grid	section 10	beaufort	25	9	1.60
G-5 5-bit groups	grid	section 10	beaufort	26	9	-6.09
G-5 5-bit groups	grid	section 10	beaufort	27	9	-0.89
G-5 5-bit groups	grid	section 10	beaufort	28	9	-2.71
G-5 5-bit groups	grid	section 11	sub	0	1894	-66.67
G-5 5-bit groups	grid	section 11	sub	1	1894	-55.47
G-5 5-bit groups	grid	section 11	sub	2	1894	-79.09
G-5 5-bit groups	grid	section 11	sub	3	1894	-63.69
G-5 5-bit groups	grid	section 11	sub	4	1894	-66.04
G-5 5-bit groups	grid	section 11	sub	5	1894	-64.38
G-5 5-bit groups	grid	section 11	sub	6	1894	-49.02
G-5 5-bit groups	grid	section 11	sub	7	1894	-38.81
G-5 5-bit groups	grid	section 11	sub	8	1894	-55.95
G-5 5-bit groups	grid	section 11	sub	9	1894	-56.27
G-5 5-bit groups	grid	section 11	sub	10	1894	-55.14
G-5 5-bit groups	grid	section 11	sub	11	1894	-54.73
G-5 5-bit groups	grid	section 11	sub	12	1894	-59.05
G-5 5-bit groups	grid	section 11	sub	13	1894	-60.69
G-5 5-bit groups	grid	section 11	sub	14	1894	-64.63
G-5 5-bit groups	grid	section 11	sub	15	1894	-60.36
G-5 5-bit groups	grid	section 11	sub	16	1894	-49.91
G-5 5-bit groups	grid	section 11	sub	17	1894	-69.87
G-5 5-bit groups	grid	section 11	sub	18	1894	-60.97
G-5 5-bit groups	grid	section 11	sub	19	1894	-48.95
G-5 5-bit groups	grid	section 11	sub	20	1894	-54.19
G-5 5-bit groups	grid	section 11	sub	21	1894	-50.28
G-5 5-bit groups	grid	section 11	sub	22	1894	-55.85
G-5 5-bit groups	grid	section 11	sub	23	1894	-68.63
G-5 5-bit groups	grid	section 11	sub	24	1894	-49.94
G-5 5-bit groups	grid	section 11	sub	25	1894	-54.31
G-5 5-bit groups	grid	section 11	sub	26	1894	-68.05
G-5 5-bit groups	grid	section 11	sub	27	1894	-54.19
G-5 5-bit groups	grid	section 11	sub	28	1894	-43.01
G-5 5-bit groups	grid	section 11	add	0	1894	-58.83
G-5 5-bit groups	grid	section 11	add	1	1894	-50.46
G-5 5-bit groups	grid	section 11	add	2	1894	-56.57
G-5 5-bit groups	grid	section 11	add	3	1894	-49.46
G-5 5-bit groups	grid	section 11	add	4	1894	-56.67
G-5 5-bit groups	grid	section 11	add	5	1894	-65.72
G-5 5-bit groups	grid	section 11	add	6	1894	-60.24
G-5 5-bit groups	grid	section 11	add	7	1894	-62.56
G-5 5-bit groups	grid	section 11	add	8	1894	-61.63
G-5 5-bit groups	grid	section 11	add	9	1894	-49.22
G-5 5-bit groups	grid	section 11	add	10	1894	-62.49
G-5 5-bit groups	grid	section 11	add	11	1894	-61.04
G-5 5-bit groups	grid	section 11	add	12	1894	-45.98
G-5 5-bit groups	grid	section 11	add	13	1894	-48.64
G-5 5-bit groups	grid	section 11	add	14	1894	-59.16
G-5 5-bit groups	grid	section 11	add	15	1894	-46.79
G-5 5-bit groups	grid	section 11	add	16	1894	-51.39
G-5 5-bit groups	grid	section 11	add	17	1894	-49.60
G-5 5-bit groups	grid	section 11	add	18	1894	-57.48
G-5 5-bit groups	grid	section 11	add	19	1894	-60.52
G-5 5-bit groups	grid	section 11	add	20	1894	-67.15
G-5 5-bit groups	grid	section 11	add	21	1894	-58.91
G-5 5-bit groups	grid	section 11	add	22	1894	-64.82
G-5 5-bit groups	grid	section 11	add	23	1894	-55.90
G-5 5-bit groups	grid	section 11	add	24	1894	-51.07
G-5 5-bit groups	grid	section 11	add	25	1894	-62.81
G-5 5-bit groups	grid	section 11	add	26	1894	-58.51
G-5 5-bit groups	grid	section 11	add	27	1894	-52.10
G-5 5-bit groups	grid	section 11	add	28	1894	-61.45
G-5 5-bit groups	grid	section 11	beaufort	0	1894	-56.02
G-5 5-bit groups	grid	section 11	beaufort	1	1894	-68.41
G-5 5-bit groups	grid	section 11	beaufort	2	1894	-48.87
G-5 5-bit groups	grid	section 11	beaufort	3	1894	-51.37
G-5 5-bit groups	grid	section 11	beaufort	4	1894	-51.51
G-5 5-bit groups	grid	section 11	beaufort	5	1894	-60.11
G-5 5-bit groups	grid	section 11	beaufort	6	1894	-62.42
G-5 5-bit groups	grid	section 11	beaufort	7	1894	-67.70
G-5 5-bit groups	grid	section 11	beaufort	8	1894	-56.22
G-5 5-bit groups	grid	section 11	beaufort	9	1894	-68.66
G-5 5-bit groups	grid	section 11	beaufort	10	1894	-52.99
G-5 5-bit groups	grid	section 11	beaufort	11	1894	-52.59
G-5 5-bit groups	grid	section 11	beaufort	12	1894	-51.00
G-5 5-bit groups	grid	section 11	beaufort	13	1894	-62.78
G-5 5-bit groups	grid	section 11	beaufort	14	1894	-59.46
G-5 5-bit groups	grid	section 11	beaufort	15	1894	-61.18
G-5 5-bit groups	grid	section 11	beaufort	16	1894	-51.23
G-5 5-bit groups	grid	section 11	beaufort	17	1894	-55.91
G-5 5-bit groups	grid	section 11	beaufort	18	1894	-57.15
G-5 5-bit groups	grid	section 11	beaufort	19	1894	-47.96
G-5 5-bit groups	grid	section 11	beaufort	20	1894	-57.38
G-5 5-bit groups	grid	section 11	beaufort	21	1894	-68.71
G-5 5-bit groups	grid	section 11	beaufort	22	1894	-64.86
G-5 5-bit groups	grid	section 11	beaufort	23	1894	-57.98
G-5 5-bit groups	grid	section 11	beaufort	24	1894	-56.75
G-5 5-bit groups	grid	section 11	beaufort	25	1894	-61.82
G-5 5-bit groups	grid	section 11	beaufort	26	1894	-53.89
G-5 5-bit groups	grid	section 11	beaufort	27	1894	-61.26
G-5 5-bit groups	grid	section 11	beaufort	28	1894	-62.89
G-5 5-bit groups	grid	section 12	sub	0	1021	-38.94
G-5 5-bit groups	grid	section 12	sub	1	1021	-61.78
G-5 5-bit groups	grid	section 12	sub	2	1021	-58.83
G-5 5-bit groups	grid	section 12	sub	3	1021	-42.62
G-5 5-bit groups	grid	section 12	sub	4	1021	-47.91
G-5 5-bit groups	grid	section 12	sub	5	1021	-54.29
G-5 5-bit groups	grid	section 12	sub	6	1021	-52.60
G-5 5-bit groups	grid	section 12	sub	7	1021	-51.01
G-5 5-bit groups	grid	section 12	sub	8	1021	-58.88
G-5 5-bit groups	grid	section 12	sub	9	1021	-72.06
G-5 5-bit groups	grid	section 12	sub	10	1021	-65.26
G-5 5-bit groups	grid	section 12	sub	11	1021	-61.29
G-5 5-bit groups	grid	section 12	sub	12	1021	-65.69
G-5 5-bit groups	grid	section 12	sub	13	1021	-64.24
G-5 5-bit groups	grid	section 12	sub	14	1021	-48.79
G-5 5-bit groups	grid	section 12	sub	15	1021	-57.55
G-5 5-bit groups	grid	section 12	sub	16	1021	-61.54
G-5 5-bit groups	grid	section 12	sub	17	1021	-62.28
G-5 5-bit groups	grid	section 12	sub	18	1021	-61.15
G-5 5-bit groups	grid	section 12	sub	19	1021	-49.82
G-5 5-bit groups	grid	section 12	sub	20	1021	-58.55
G-5 5-bit groups	grid	section 12	sub	21	1021	-59.06
G-5 5-bit groups	grid	section 12	sub	22	1021	-55.71
G-5 5-bit groups	grid	section 12	sub	23	1021	-59.01
G-5 5-bit groups	grid	section 12	sub	24	1021	-67.87
G-5 5-bit groups	grid	section 12	sub	25	1021	-65.05
G-5 5-bit groups	grid	section 12	sub	26	1021	-63.29
G-5 5-bit groups	grid	section 12	sub	27	1021	-57.81
G-5 5-bit groups	grid	section 12	sub	28	1021	-63.28
G-5 5-bit groups	grid	section 12	add	0	1021	-50.39
G-5 5-bit groups	grid	section 12	add	1	1021	-52.93
G-5 5-bit groups	grid	section 12	add	2	1021	-61.37
G-5 5-bit groups	grid	section 12	add	3	1021	-51.58
G-5 5-bit groups	grid	section 12	add	4	1021	-56.51
G-5 5-bit groups	grid	section 12	add	5	1021	-55.10
G-5 5-bit groups	grid	section 12	add	6	1021	-58.11
G-5 5-bit groups	grid	section 12	add	7	1021	-58.40
G-5 5-bit groups	grid	section 12	add	8	1021	-43.42
G-5 5-bit groups	grid	section 12	add	9	1021	-56.90
G-5 5-bit groups	grid	section 12	add	10	1021	-66.26
G-5 5-bit groups	grid	section 12	add	11	1021	-54.36
G-5 5-bit groups	grid	section 12	add	12	1021	-57.98
G-5 5-bit groups	grid	section 12	add	13	1021	-56.92
G-5 5-bit groups	grid	section 12	add	14	1021	-58.94
G-5 5-bit groups	grid	section 12	add	15	1021	-60.01
G-5 5-bit groups	grid	section 12	add	16	1021	-49.50
G-5 5-bit groups	grid	section 12	add	17	1021	-60.02
G-5 5-bit groups	grid	section 12	add	18	1021	-56.91
G-5 5-bit groups	grid	section 12	add	19	1021	-50.79
G-5 5-bit groups	grid	section 12	add	20	1021	-60.44
G-5 5-bit groups	grid	section 12	add	21	1021	-61.52
G-5 5-bit groups	grid	section 12	add	22	1021	-43.91
G-5 5-bit groups	grid	section 12	add	23	1021	-50.90
G-5 5-bit groups	grid	section 12	add	24	1021	-68.25
G-5 5-bit groups	grid	section 12	add	25	1021	-49.82
G-5 5-bit groups	grid	section 12	add	26	1021	-52.52
G-5 5-bit groups	grid	section 12	add	27	1021	-57.98
G-5 5-bit groups	grid	section 12	add	28	1021	-46.66
G-5 5-bit groups	grid	section 12	beaufort	0	1021	-59.14
G-5 5-bit groups	grid	section 12	beaufort	1	1021	-60.43
G-5 5-bit groups	grid	section 12	beaufort	2	1021	-62.86
G-5 5-bit groups	grid	section 12	beaufort	3	1021	-64.35
G-5 5-bit groups	grid	section 12	beaufort	4	1021	-54.43
G-5 5-bit groups	grid	section 12	beaufort	5	1021	-65.55
G-5 5-bit groups	grid	section 12	beaufort	6	1021	-60.16
G-5 5-bit groups	grid	section 12	beaufort	7	1021	-63.86
G-5 5-bit groups	grid	section 12	beaufort	8	1021	-59.67
G-5 5-bit groups	grid	section 12	beaufort	9	1021	-40.71
G-5 5-bit groups	grid	section 12	beaufort	10	1021	-41.71
G-5 5-bit groups	grid	section 12	beaufort	11	1021	-58.35
G-5 5-bit groups	grid	section 12	beaufort	12	1021	-61.80
G-5 5-bit groups	grid	section 12	beaufort	13	1021	-47.37
G-5 5-bit groups	grid	section 12	beaufort	14	1021	-59.73
G-5 5-bit groups	grid	section 12	beaufort	15	1021	-47.95
G-5 5-bit groups	grid	section 12	beaufort	16	1021	-67.90
G-5 5-bit groups	grid	section 12	beaufort	17	1021	-59.20
G-5 5-bit groups	grid	section 12	beaufort	18	1021	-62.50
G-5 5-bit groups	grid	section 12	beaufort	19	1021	-54.03
G-5 5-bit groups	grid	section 12	beaufort	20	1021	-62.28
G-5 5-bit groups	grid	section 12	beaufort	21	1021	-65.38
G-5 5-bit groups	grid	section 12	beaufort	22	1021	-71.18
G-5 5-bit groups	grid	section 12	beaufort	23	1021	-49.27
G-5 5-bit groups	grid	section 12	beaufort	24	1021	-60.96
G-5 5-bit groups	grid	section 12	beaufort	25	1021	-58.00
G-5 5-bit groups	grid	section 12	beaufort	26	1021	-57.01
G-5 5-bit groups	grid	section 12	beaufort	27	1021	-62.69
G-5 5-bit groups	grid	section 12	beaufort	28	1021	-53.05
G-5 5-bit groups	grid	section 13	sub	0	1524	-56.10
G-5 5-bit groups	grid	section 13	sub	1	1524	-76.60
G-5 5-bit groups	grid	section 13	sub	2	1524	-57.10
G-5 5-bit groups	grid	section 13	sub	3	1524	-52.36
G-5 5-bit groups	grid	section 13	sub	4	1524	-68.29
G-5 5-bit groups	grid	section 13	sub	5	1524	-47.73
G-5 5-bit groups	grid	section 13	sub	6	1524	-58.12
G-5 5-bit groups	grid	section 13	sub	7	1524	-55.63
G-5 5-bit groups	grid	section 13	sub	8	1524	-49.18
G-5 5-bit groups	grid	section 13	sub	9	1524	-52.29
G-5 5-bit groups	grid	section 13	sub	10	1524	-47.71
G-5 5-bit groups	grid	section 13	sub	11	1524	-63.27
G-5 5-bit groups	grid	section 13	sub	12	1524	-49.19
G-5 5-bit groups	grid	section 13	sub	13	1524	-39.82
G-5 5-bit groups	grid	section 13	sub	14	1524	-63.56
G-5 5-bit groups	grid	section 13	sub	15	1524	-64.14
G-5 5-bit groups	grid	section 13	sub	16	1524	-62.29
G-5 5-bit groups	grid	section 13	sub	17	1524	-54.39
G-5 5-bit groups	grid	section 13	sub	18	1524	-57.76
G-5 5-bit groups	grid	section 13	sub	19	1524	-45.27
G-5 5-bit groups	grid	section 13	sub	20	1524	-43.17
G-5 5-bit groups	grid	section 13	sub	21	1524	-50.01
G-5 5-bit groups	grid	section 13	sub	22	1524	-57.74
G-5 5-bit groups	grid	section 13	sub	23	1524	-57.91
G-5 5-bit groups	grid	section 13	sub	24	1524	-64.02
G-5 5-bit groups	grid	section 13	sub	25	1524	-52.27
G-5 5-bit groups	grid	section 13	sub	26	1524	-49.14
G-5 5-bit groups	grid	section 13	sub	27	1524	-52.82
G-5 5-bit groups	grid	section 13	sub	28	1524	-51.24
G-5 5-bit groups	grid	section 13	add	0	1524	-59.55
G-5 5-bit groups	grid	section 13	add	1	1524	-43.74
G-5 5-bit groups	grid	section 13	add	2	1524	-48.10
G-5 5-bit groups	grid	section 13	add	3	1524	-63.14
G-5 5-bit groups	grid	section 13	add	4	1524	-70.04
G-5 5-bit groups	grid	section 13	add	5	1524	-43.86
G-5 5-bit groups	grid	section 13	add	6	1524	-55.81
G-5 5-bit groups	grid	section 13	add	7	1524	-65.07
G-5 5-bit groups	grid	section 13	add	8	1524	-49.39
G-5 5-bit groups	grid	section 13	add	9	1524	-56.43
G-5 5-bit groups	grid	section 13	add	10	1524	-55.67
G-5 5-bit groups	grid	section 13	add	11	1524	-54.30
G-5 5-bit groups	grid	section 13	add	12	1524	-63.09
G-5 5-bit groups	grid	section 13	add	13	1524	-59.91
G-5 5-bit groups	grid	section 13	add	14	1524	-49.67
G-5 5-bit groups	grid	section 13	add	15	1524	-57.04
G-5 5-bit groups	grid	section 13	add	16	1524	-48.20
G-5 5-bit groups	grid	section 13	add	17	1524	-55.90
G-5 5-bit groups	grid	section 13	add	18	1524	-62.78
G-5 5-bit groups	grid	section 13	add	19	1524	-55.26
G-5 5-bit groups	grid	section 13	add	20	1524	-61.84
G-5 5-bit groups	grid	section 13	add	21	1524	-53.48
G-5 5-bit groups	grid	section 13	add	22	1524	-60.38
G-5 5-bit groups	grid	section 13	add	23	1524	-67.83
G-5 5-bit groups	grid	section 13	add	24	1524	-50.55
G-5 5-bit groups	grid	section 13	add	25	1524	-63.32
G-5 5-bit groups	grid	section 13	add	26	1524	-51.60
G-5 5-bit groups	grid	section 13	add	27	1524	-65.62
G-5 5-bit groups	grid	section 13	add	28	1524	-60.88
G-5 5-bit groups	grid	section 13	beaufort	0	1524	-57.93
G-5 5-bit groups	grid	section 13	beaufort	1	1524	-48.07
G-5 5-bit groups	grid	section 13	beaufort	2	1524	-55.42
G-5 5-bit groups	grid	section 13	beaufort	3	1524	-53.74
G-5 5-bit groups	grid	section 13	beaufort	4	1524	-58.99
G-5 5-bit groups	grid	section 13	beaufort	5	1524	-50.28
G-5 5-bit groups	grid	section 13	beaufort	6	1524	-67.45
G-5 5-bit groups	grid	section 13	beaufort	7	1524	-60.82
G-5 5-bit groups	grid	section 13	beaufort	8	1524	-63.77
G-5 5-bit groups	grid	section 13	beaufort	9	1524	-53.06
G-5 5-bit groups	grid	section 13	beaufort	10	1524	-45.34
G-5 5-bit groups	grid	section 13	beaufort	11	1524	-51.62
G-5 5-bit groups	grid	section 13	beaufort	12	1524	-59.11
G-5 5-bit groups	grid	section 13	beaufort	13	1524	-58.94
G-5 5-bit groups	grid	section 13	beaufort	14	1524	-52.49
G-5 5-bit groups	grid	section 13	beaufort	15	1524	-43.48
G-5 5-bit groups	grid	section 13	beaufort	16	1524	-55.84
G-5 5-bit groups	grid	section 13	beaufort	17	1524	-38.35
G-5 5-bit groups	grid	section 13	beaufort	18	1524	-60.88
G-5 5-bit groups	grid	section 13	beaufort	19	1524	-59.92
G-5 5-bit groups	grid	section 13	beaufort	20	1524	-57.67
G-5 5-bit groups	grid	section 13	beaufort	21	1524	-55.68
G-5 5-bit groups	grid	section 13	beaufort	22	1524	-60.83
G-5 5-bit groups	grid	section 13	beaufort	23	1524	-44.62
G-5 5-bit groups	grid	section 13	beaufort	24	1524	-55.51
G-5 5-bit groups	grid	section 13	beaufort	25	1524	-48.94
G-5 5-bit groups	grid	section 13	beaufort	26	1524	-44.25
G-5 5-bit groups	grid	section 13	beaufort	27	1524	-55.74
G-5 5-bit groups	grid	section 13	beaufort	28	1524	-63.36
G-5 5-bit groups	grid	section 14	sub	0	1589	-57.96
G-5 5-bit groups	grid	section 14	sub	1	1589	-60.46
G-5 5-bit groups	grid	section 14	sub	2	1589	-50.87
G-5 5-bit groups	grid	section 14	sub	3	1589	-64.63
G-5 5-bit groups	grid	section 14	sub	4	1589	-58.38
G-5 5-bit groups	grid	section 14	sub	5	1589	-53.98
G-5 5-bit groups	grid	section 14	sub	6	1589	-58.05
G-5 5-bit groups	grid	section 14	sub	7	1589	-53.00
G-5 5-bit groups	grid	section 14	sub	8	1589	-57.57
G-5 5-bit groups	grid	section 14	sub	9	1589	-52.60
G-5 5-bit groups	grid	section 14	sub	10	1589	-60.28
G-5 5-bit groups	grid	section 14	sub	11	1589	-64.71
G-5 5-bit groups	grid	section 14	sub	12	1589	-56.14
G-5 5-bit groups	grid	section 14	sub	13	1589	-56.07
G-5 5-bit groups	grid	section 14	sub	14	1589	-67.56
G-5 5-bit groups	grid	section 14	sub	15	1589	-53.65
G-5 5-bit groups	grid	section 14	sub	16	1589	-58.12
G-5 5-bit groups	grid	section 14	sub	17	1589	-62.11
G-5 5-bit groups	grid	section 14	sub	18	1589	-58.42
G-5 5-bit groups	grid	section 14	sub	19	1589	-51.33
G-5 5-bit groups	grid	section 14	sub	20	1589	-61.70
G-5 5-bit groups	grid	section 14	sub	21	1589	-55.09
G-5 5-bit groups	grid	section 14	sub	22	1589	-55.79
G-5 5-bit groups	grid	section 14	sub	23	1589	-46.89
G-5 5-bit groups	grid	section 14	sub	24	1589	-55.55
G-5 5-bit groups	grid	section 14	sub	25	1589	-48.84
G-5 5-bit groups	grid	section 14	sub	26	1589	-45.72
G-5 5-bit groups	grid	section 14	sub	27	1589	-52.41
G-5 5-bit groups	grid	section 14	sub	28	1589	-60.53
G-5 5-bit groups	grid	section 14	add	0	1589	-45.29
G-5 5-bit groups	grid	section 14	add	1	1589	-42.13
G-5 5-bit groups	grid	section 14	add	2	1589	-66.77
G-5 5-bit groups	grid	section 14	add	3	1589	-56.84
G-5 5-bit groups	grid	section 14	add	4	1589	-62.66
G-5 5-bit groups	grid	section 14	add	5	1589	-64.73
G-5 5-bit groups	grid	section 14	add	6	1589	-63.14
G-5 5-bit groups	grid	section 14	add	7	1589	-51.02
G-5 5-bit groups	grid	section 14	add	8	1589	-64.38
G-5 5-bit groups	grid	section 14	add	9	1589	-61.44
G-5 5-bit groups	grid	section 14	add	10	1589	-61.73
G-5 5-bit groups	grid	section 14	add	11	1589	-60.66
G-5 5-bit groups	grid	section 14	add	12	1589	-56.90
G-5 5-bit groups	grid	section 14	add	13	1589	-35.05
G-5 5-bit groups	grid	section 14	add	14	1589	-49.28
G-5 5-bit groups	grid	section 14	add	15	1589	-59.29
G-5 5-bit groups	grid	section 14	add	16	1589	-53.12
G-5 5-bit groups	grid	section 14	add	17	1589	-48.41
G-5 5-bit groups	grid	section 14	add	18	1589	-60.27
G-5 5-bit groups	grid	section 14	add	19	1589	-61.95
G-5 5-bit groups	grid	section 14	add	20	1589	-66.38
G-5 5-bit groups	grid	section 14	add	21	1589	-60.22
G-5 5-bit groups	grid	section 14	add	22	1589	-57.81
G-5 5-bit groups	grid	section 14	add	23	1589	-64.06
G-5 5-bit groups	grid	section 14	add	24	1589	-59.80
G-5 5-bit groups	grid	section 14	add	25	1589	-46.04
G-5 5-bit groups	grid	section 14	add	26	1589	-62.55
G-5 5-bit groups	grid	section 14	add	27	1589	-44.24
G-5 5-bit groups	grid	section 14	add	28	1589	-61.31
G-5 5-bit groups	grid	section 14	beaufort	0	1589	-48.63
G-5 5-bit groups	grid	section 14	beaufort	1	1589	-53.62
G-5 5-bit groups	grid	section 14	beaufort	2	1589	-55.70
G-5 5-bit groups	grid	section 14	beaufort	3	1589	-52.68
G-5 5-bit groups	grid	section 14	beaufort	4	1589	-56.55
G-5 5-bit groups	grid	section 14	beaufort	5	1589	-53.62
G-5 5-bit groups	grid	section 14	beaufort	6	1589	-57.49
G-5 5-bit groups	grid	section 14	beaufort	7	1589	-63.24
G-5 5-bit groups	grid	section 14	beaufort	8	1589	-64.50
G-5 5-bit groups	grid	section 14	beaufort	9	1589	-52.54
G-5 5-bit groups	grid	section 14	beaufort	10	1589	-58.98
G-5 5-bit groups	grid	section 14	beaufort	11	1589	-51.72
G-5 5-bit groups	grid	section 14	beaufort	12	1589	-59.93
G-5 5-bit groups	grid	section 14	beaufort	13	1589	-65.31
G-5 5-bit groups	grid	section 14	beaufort	14	1589	-59.23
G-5 5-bit groups	grid	section 14	beaufort	15	1589	-48.81
G-5 5-bit groups	grid	section 14	beaufort	16	1589	-64.12
G-5 5-bit groups	grid	section 14	beaufort	17	1589	-58.23
G-5 5-bit groups	grid	section 14	beaufort	18	1589	-58.41
G-5 5-bit groups	grid	section 14	beaufort	19	1589	-61.82
G-5 5-bit groups	grid	section 14	beaufort	20	1589	-55.74
G-5 5-bit groups	grid	section 14	beaufort	21	1589	-62.36
G-5 5-bit groups	grid	section 14	beaufort	22	1589	-50.06
G-5 5-bit groups	grid	section 14	beaufort	23	1589	-55.58
G-5 5-bit groups	grid	section 14	beaufort	24	1589	-40.78
G-5 5-bit groups	grid	section 14	beaufort	25	1589	-62.78
G-5 5-bit groups	grid	section 14	beaufort	26	1589	-49.75
G-5 5-bit groups	grid	section 14	beaufort	27	1589	-60.96
G-5 5-bit groups	grid	section 14	beaufort	28	1589	-51.47
G-5 5-bit groups	grid	section 15	sub	0	3316	-56.80
G-5 5-bit groups	grid	section 15	sub	1	3316	-53.81
G-5 5-bit groups	grid	section 15	sub	2	3316	-50.85
G-5 5-bit groups	grid	section 15	sub	3	3316	-52.41
G-5 5-bit groups	grid	section 15	sub	4	3316	-63.09
G-5 5-bit groups	grid	section 15	sub	5	3316	-45.35
G-5 5-bit groups	grid	section 15	sub	6	3316	-53.15
G-5 5-bit groups	grid	section 15	sub	7	3316	-64.09
G-5 5-bit groups	grid	section 15	sub	8	3316	-53.88
G-5 5-bit groups	grid	section 15	sub	9	3316	-63.54
G-5 5-bit groups	grid	section 15	sub	10	3316	-56.51
G-5 5-bit groups	grid	section 15	sub	11	3316	-59.50
G-5 5-bit groups	grid	section 15	sub	12	3316	-57.55
G-5 5-bit groups	grid	section 15	sub	13	3316	-61.75
G-5 5-bit groups	grid	section 15	sub	14	3316	-51.58
G-5 5-bit groups	grid	section 15	sub	15	3316	-60.51
G-5 5-bit groups	grid	section 15	sub	16	3316	-58.85
G-5 5-bit groups	grid	section 15	sub	17	3316	-55.86
G-5 5-bit groups	grid	section 15	sub	18	3316	-62.32
G-5 5-bit groups	grid	section 15	sub	19	3316	-48.01
G-5 5-bit groups	grid	section 15	sub	20	3316	-58.38
G-5 5-bit groups	grid	section 15	sub	21	3316	-66.35
G-5 5-bit groups	grid	section 15	sub	22	3316	-50.72
G-5 5-bit groups	grid	section 15	sub	23	3316	-44.45
G-5 5-bit groups	grid	section 15	sub	24	3316	-47.76
G-5 5-bit groups	grid	section 15	sub	25	3316	-49.03
G-5 5-bit groups	grid	section 15	sub	26	3316	-59.16
G-5 5-bit groups	grid	section 15	sub	27	3316	-59.81
G-5 5-bit groups	grid	section 15	sub	28	3316	-52.27
G-5 5-bit groups	grid	section 15	add	0	3316	-55.20
G-5 5-bit groups	grid	section 15	add	1	3316	-60.32
G-5 5-bit groups	grid	section 15	add	2	3316	-68.08
G-5 5-bit groups	grid	section 15	add	3	3316	-64.99
G-5 5-bit groups	grid	section 15	add	4	3316	-60.48
G-5 5-bit groups	grid	section 15	add	5	3316	-58.53
G-5 5-bit groups	grid	section 15	add	6	3316	-59.10
G-5 5-bit groups	grid	section 15	add	7	3316	-57.31
G-5 5-bit groups	grid	section 15	add	8	3316	-48.75
G-5 5-bit groups	grid	section 15	add	9	3316	-49.43
G-5 5-bit groups	grid	section 15	add	10	3316	-58.30
G-5 5-bit groups	grid	section 15	add	11	3316	-46.54
G-5 5-bit groups	grid	section 15	add	12	3316	-54.55
G-5 5-bit groups	grid	section 15	add	13	3316	-61.56
G-5 5-bit groups	grid	section 15	add	14	3316	-49.13
G-5 5-bit groups	grid	section 15	add	15	3316	-64.01
G-5 5-bit groups	grid	section 15	add	16	3316	-62.42
G-5 5-bit groups	grid	section 15	add	17	3316	-69.73
G-5 5-bit groups	grid	section 15	add	18	3316	-64.53
G-5 5-bit groups	grid	section 15	add	19	3316	-60.80
G-5 5-bit groups	grid	section 15	add	20	3316	-66.39
G-5 5-bit groups	grid	section 15	add	21	3316	-54.59
G-5 5-bit groups	grid	section 15	add	22	3316	-58.24
G-5 5-bit groups	grid	section 15	add	23	3316	-53.46
G-5 5-bit groups	grid	section 15	add	24	3316	-39.80
G-5 5-bit groups	grid	section 15	add	25	3316	-49.83
G-5 5-bit groups	grid	section 15	add	26	3316	-55.88
G-5 5-bit groups	grid	section 15	add	27	3316	-59.92
G-5 5-bit groups	grid	section 15	add	28	3316	-47.13
G-5 5-bit groups	grid	section 15	beaufort	0	3316	-58.54
G-5 5-bit groups	grid	section 15	beaufort	1	3316	-56.01
G-5 5-bit groups	grid	section 15	beaufort	2	3316	-63.83
G-5 5-bit groups	grid	section 15	beaufort	3	3316	-43.60
G-5 5-bit groups	grid	section 15	beaufort	4	3316	-56.37
G-5 5-bit groups	grid	section 15	beaufort	5	3316	-61.10
G-5 5-bit groups	grid	section 15	beaufort	6	3316	-53.34
G-5 5-bit groups	grid	section 15	beaufort	7	3316	-66.41
G-5 5-bit groups	grid	section 15	beaufort	8	3316	-51.20
G-5 5-bit groups	grid	section 15	beaufort	9	3316	-51.27
G-5 5-bit groups	grid	section 15	beaufort	10	3316	-54.34
G-5 5-bit groups	grid	section 15	beaufort	11	3316	-54.90
G-5 5-bit groups	grid	section 15	beaufort	12	3316	-43.25
G-5 5-bit groups	grid	section 15	beaufort	13	3316	-50.52
G-5 5-bit groups	grid	section 15	beaufort	14	3316	-59.50
G-5 5-bit groups	grid	section 15	beaufort	15	3316	-54.75
G-5 5-bit groups	grid	section 15	beaufort	16	3316	-62.55
G-5 5-bit groups	grid	section 15	beaufort	17	3316	-66.94
G-5 5-bit groups	grid	section 15	beaufort	18	3316	-51.53
G-5 5-bit groups	grid	section 15	beaufort	19	3316	-67.57
G-5 5-bit groups	grid	section 15	beaufort	20	3316	-65.34
G-5 5-bit groups	grid	section 15	beaufort	21	3316	-60.67
G-5 5-bit groups	grid	section 15	beaufort	22	3316	-57.32
G-5 5-bit groups	grid	section 15	beaufort	23	3316	-58.68
G-5 5-bit groups	grid	section 15	beaufort	24	3316	-54.35
G-5 5-bit groups	grid	section 15	beaufort	25	3316	-62.09
G-5 5-bit groups	grid	section 15	beaufort	26	3316	-51.29
G-5 5-bit groups	grid	section 15	beaufort	27	3316	-44.88
G-5 5-bit groups	grid	section 15	beaufort	28	3316	-59.28
G-5 5-bit groups	grid	LP2 continuous	sub	0	12956	-56.71
G-5 5-bit groups	grid	LP2 continuous	sub	1	12956	-55.98
G-5 5-bit groups	grid	LP2 continuous	sub	2	12956	-49.01
G-5 5-bit groups	grid	LP2 continuous	sub	3	12956	-53.58
G-5 5-bit groups	grid	LP2 continuous	sub	4	12956	-44.49
G-5 5-bit groups	grid	LP2 continuous	sub	5	12956	-47.93
G-5 5-bit groups	grid	LP2 continuous	sub	6	12956	-42.18
G-5 5-bit groups	grid	LP2 continuous	sub	7	12956	-47.24
G-5 5-bit groups	grid	LP2 continuous	sub	8	12956	-61.77
G-5 5-bit groups	grid	LP2 continuous	sub	9	12956	-59.00
G-5 5-bit groups	grid	LP2 continuous	sub	10	12956	-60.41
G-5 5-bit groups	grid	LP2 continuous	sub	11	12956	-55.09
G-5 5-bit groups	grid	LP2 continuous	sub	12	12956	-52.22
G-5 5-bit groups	grid	LP2 continuous	sub	13	12956	-60.09
G-5 5-bit groups	grid	LP2 continuous	sub	14	12956	-54.69
G-5 5-bit groups	grid	LP2 continuous	sub	15	12956	-52.53
G-5 5-bit groups	grid	LP2 continuous	sub	16	12956	-63.98
G-5 5-bit groups	grid	LP2 continuous	sub	17	12956	-61.60
G-5 5-bit groups	grid	LP2 continuous	sub	18	12956	-41.97
G-5 5-bit groups	grid	LP2 continuous	sub	19	12956	-53.87
G-5 5-bit groups	grid	LP2 continuous	sub	20	12956	-50.70
G-5 5-bit groups	grid	LP2 continuous	sub	21	12956	-53.97
G-5 5-bit groups	grid	LP2 continuous	sub	22	12956	-53.33
G-5 5-bit groups	grid	LP2 continuous	sub	23	12956	-66.15
G-5 5-bit groups	grid	LP2 continuous	sub	24	12956	-55.57
G-5 5-bit groups	grid	LP2 continuous	sub	25	12956	-63.99
G-5 5-bit groups	grid	LP2 continuous	sub	26	12956	-64.89
G-5 5-bit groups	grid	LP2 continuous	sub	27	12956	-51.08
G-5 5-bit groups	grid	LP2 continuous	sub	28	12956	-66.69
G-5 5-bit groups	grid	LP2 continuous	add	0	12956	-50.38
G-5 5-bit groups	grid	LP2 continuous	add	1	12956	-48.79
G-5 5-bit groups	grid	LP2 continuous	add	2	12956	-60.12
G-5 5-bit groups	grid	LP2 continuous	add	3	12956	-51.80
G-5 5-bit groups	grid	LP2 continuous	add	4	12956	-57.20
G-5 5-bit groups	grid	LP2 continuous	add	5	12956	-61.48
G-5 5-bit groups	grid	LP2 continuous	add	6	12956	-64.08
G-5 5-bit groups	grid	LP2 continuous	add	7	12956	-61.48
G-5 5-bit groups	grid	LP2 continuous	add	8	12956	-47.44
G-5 5-bit groups	grid	LP2 continuous	add	9	12956	-45.14
G-5 5-bit groups	grid	LP2 continuous	add	10	12956	-60.46
G-5 5-bit groups	grid	LP2 continuous	add	11	12956	-59.90
G-5 5-bit groups	grid	LP2 continuous	add	12	12956	-52.85
G-5 5-bit groups	grid	LP2 continuous	add	13	12956	-54.20
G-5 5-bit groups	grid	LP2 continuous	add	14	12956	-57.41
G-5 5-bit groups	grid	LP2 continuous	add	15	12956	-56.36
G-5 5-bit groups	grid	LP2 continuous	add	16	12956	-58.78
G-5 5-bit groups	grid	LP2 continuous	add	17	12956	-47.43
G-5 5-bit groups	grid	LP2 continuous	add	18	12956	-59.13
G-5 5-bit groups	grid	LP2 continuous	add	19	12956	-55.96
G-5 5-bit groups	grid	LP2 continuous	add	20	12956	-62.70
G-5 5-bit groups	grid	LP2 continuous	add	21	12956	-61.39
G-5 5-bit groups	grid	LP2 continuous	add	22	12956	-58.19
G-5 5-bit groups	grid	LP2 continuous	add	23	12956	-48.35
G-5 5-bit groups	grid	LP2 continuous	add	24	12956	-49.59
G-5 5-bit groups	grid	LP2 continuous	add	25	12956	-58.60
G-5 5-bit groups	grid	LP2 continuous	add	26	12956	-51.35
G-5 5-bit groups	grid	LP2 continuous	add	27	12956	-55.42
G-5 5-bit groups	grid	LP2 continuous	add	28	12956	-71.96
G-5 5-bit groups	grid	LP2 continuous	beaufort	0	12956	-52.58
G-5 5-bit groups	grid	LP2 continuous	beaufort	1	12956	-62.88
G-5 5-bit groups	grid	LP2 continuous	beaufort	2	12956	-40.20
G-5 5-bit groups	grid	LP2 continuous	beaufort	3	12956	-70.56
G-5 5-bit groups	grid	LP2 continuous	beaufort	4	12956	-59.62
G-5 5-bit groups	grid	LP2 continuous	beaufort	5	12956	-55.52
G-5 5-bit groups	grid	LP2 continuous	beaufort	6	12956	-57.11
G-5 5-bit groups	grid	LP2 continuous	beaufort	7	12956	-60.14
G-5 5-bit groups	grid	LP2 continuous	beaufort	8	12956	-43.74
G-5 5-bit groups	grid	LP2 continuous	beaufort	9	12956	-28.20
G-5 5-bit groups	grid	LP2 continuous	beaufort	10	12956	-40.80
G-5 5-bit groups	grid	LP2 continuous	beaufort	11	12956	-52.28
G-5 5-bit groups	grid	LP2 continuous	beaufort	12	12956	-57.43
G-5 5-bit groups	grid	LP2 continuous	beaufort	13	12956	-47.18
G-5 5-bit groups	grid	LP2 continuous	beaufort	14	12956	-52.13
G-5 5-bit groups	grid	LP2 continuous	beaufort	15	12956	-64.01
G-5 5-bit groups	grid	LP2 continuous	beaufort	16	12956	-49.15
G-5 5-bit groups	grid	LP2 continuous	beaufort	17	12956	-57.13
G-5 5-bit groups	grid	LP2 continuous	beaufort	18	12956	-63.46
G-5 5-bit groups	grid	LP2 continuous	beaufort	19	12956	-51.95
G-5 5-bit groups	grid	LP2 continuous	beaufort	20	12956	-65.26
G-5 5-bit groups	grid	LP2 continuous	beaufort	21	12956	-65.80
G-5 5-bit groups	grid	LP2 continuous	beaufort	22	12956	-54.44
G-5 5-bit groups	grid	LP2 continuous	beaufort	23	12956	-48.48
G-5 5-bit groups	grid	LP2 continuous	beaufort	24	12956	-48.73
G-5 5-bit groups	grid	LP2 continuous	beaufort	25	12956	-50.72
G-5 5-bit groups	grid	LP2 continuous	beaufort	26	12956	-53.81
G-5 5-bit groups	grid	LP2 continuous	beaufort	27	12956	-64.28
G-5 5-bit groups	grid	LP2 continuous	beaufort	28	12956	-43.76
G-5 5-bit groups	grid	after the grid	sub	0	842	-62.67
G-5 5-bit groups	grid	after the grid	sub	1	842	-50.71
G-5 5-bit groups	grid	after the grid	sub	2	842	-56.71
G-5 5-bit groups	grid	after the grid	sub	3	842	-61.15
G-5 5-bit groups	grid	after the grid	sub	4	842	-50.14
G-5 5-bit groups	grid	after the grid	sub	5	842	-64.36
G-5 5-bit groups	grid	after the grid	sub	6	842	-62.42
G-5 5-bit groups	grid	after the grid	sub	7	842	-48.97
G-5 5-bit groups	grid	after the grid	sub	8	842	-39.17
G-5 5-bit groups	grid	after the grid	sub	9	842	-58.40
G-5 5-bit groups	grid	after the grid	sub	10	842	-53.82
G-5 5-bit groups	grid	after the grid	sub	11	842	-52.49
G-5 5-bit groups	grid	after the grid	sub	12	842	-48.06
G-5 5-bit groups	grid	after the grid	sub	13	842	-56.93
G-5 5-bit groups	grid	after the grid	sub	14	842	-58.89
G-5 5-bit groups	grid	after the grid	sub	15	842	-64.39
G-5 5-bit groups	grid	after the grid	sub	16	842	-54.67
G-5 5-bit groups	grid	after the grid	sub	17	842	-61.69
G-5 5-bit groups	grid	after the grid	sub	18	842	-63.00
G-5 5-bit groups	grid	after the grid	sub	19	842	-52.02
G-5 5-bit groups	grid	after the grid	sub	20	842	-66.14
G-5 5-bit groups	grid	after the grid	sub	21	842	-53.21
G-5 5-bit groups	grid	after the grid	sub	22	842	-46.04
G-5 5-bit groups	grid	after the grid	sub	23	842	-53.50
G-5 5-bit groups	grid	after the grid	sub	24	842	-54.56
G-5 5-bit groups	grid	after the grid	sub	25	842	-62.34
G-5 5-bit groups	grid	after the grid	sub	26	842	-56.23
G-5 5-bit groups	grid	after the grid	sub	27	842	-40.15
G-5 5-bit groups	grid	after the grid	sub	28	842	-60.19
G-5 5-bit groups	grid	after the grid	add	0	842	-47.49
G-5 5-bit groups	grid	after the grid	add	1	842	-62.51
G-5 5-bit groups	grid	after the grid	add	2	842	-48.47
G-5 5-bit groups	grid	after the grid	add	3	842	-51.40
G-5 5-bit groups	grid	after the grid	add	4	842	-47.82
G-5 5-bit groups	grid	after the grid	add	5	842	-49.28
G-5 5-bit groups	grid	after the grid	add	6	842	-40.54
G-5 5-bit groups	grid	after the grid	add	7	842	-47.86
G-5 5-bit groups	grid	after the grid	add	8	842	-60.98
G-5 5-bit groups	grid	after the grid	add	9	842	-50.07
G-5 5-bit groups	grid	after the grid	add	10	842	-61.17
G-5 5-bit groups	grid	after the grid	add	11	842	-61.22
G-5 5-bit groups	grid	after the grid	add	12	842	-41.20
G-5 5-bit groups	grid	after the grid	add	13	842	-69.00
G-5 5-bit groups	grid	after the grid	add	14	842	-62.17
G-5 5-bit groups	grid	after the grid	add	15	842	-53.93
G-5 5-bit groups	grid	after the grid	add	16	842	-49.67
G-5 5-bit groups	grid	after the grid	add	17	842	-45.89
G-5 5-bit groups	grid	after the grid	add	18	842	-57.05
G-5 5-bit groups	grid	after the grid	add	19	842	-48.41
G-5 5-bit groups	grid	after the grid	add	20	842	-50.24
G-5 5-bit groups	grid	after the grid	add	21	842	-45.70
G-5 5-bit groups	grid	after the grid	add	22	842	-53.10
G-5 5-bit groups	grid	after the grid	add	23	842	-66.89
G-5 5-bit groups	grid	after the grid	add	24	842	-56.17
G-5 5-bit groups	grid	after the grid	add	25	842	-63.78
G-5 5-bit groups	grid	after the grid	add	26	842	-49.27
G-5 5-bit groups	grid	after the grid	add	27	842	-55.81
G-5 5-bit groups	grid	after the grid	add	28	842	-61.12
G-5 5-bit groups	grid	after the grid	beaufort	0	842	-56.20
G-5 5-bit groups	grid	after the grid	beaufort	1	842	-58.18
G-5 5-bit groups	grid	after the grid	beaufort	2	842	-38.69
G-5 5-bit groups	grid	after the grid	beaufort	3	842	-52.25
G-5 5-bit groups	grid	after the grid	beaufort	4	842	-63.25
G-5 5-bit groups	grid	after the grid	beaufort	5	842	-52.89
G-5 5-bit groups	grid	after the grid	beaufort	6	842	-58.84
G-5 5-bit groups	grid	after the grid	beaufort	7	842	-58.08
G-5 5-bit groups	grid	after the grid	beaufort	8	842	-55.94
G-5 5-bit groups	grid	after the grid	beaufort	9	842	-44.10
G-5 5-bit groups	grid	after the grid	beaufort	10	842	-66.76
G-5 5-bit groups	grid	after the grid	beaufort	11	842	-62.00
G-5 5-bit groups	grid	after the grid	beaufort	12	842	-52.23
G-5 5-bit groups	grid	after the grid	beaufort	13	842	-59.87
G-5 5-bit groups	grid	after the grid	beaufort	14	842	-55.44
G-5 5-bit groups	grid	after the grid	beaufort	15	842	-54.99
G-5 5-bit groups	grid	after the grid	beaufort	16	842	-59.80
G-5 5-bit groups	grid	after the grid	beaufort	17	842	-55.48
G-5 5-bit groups	grid	after the grid	beaufort	18	842	-54.63
G-5 5-bit groups	grid	after the grid	beaufort	19	842	-56.74
G-5 5-bit groups	grid	after the grid	beaufort	20	842	-56.14
G-5 5-bit groups	grid	after the grid	beaufort	21	842	-58.12
G-5 5-bit groups	grid	after the grid	beaufort	22	842	-56.24
G-5 5-bit groups	grid	after the grid	beaufort	23	842	-44.75
G-5 5-bit groups	grid	after the grid	beaufort	24	842	-57.66
G-5 5-bit groups	grid	after the grid	beaufort	25	842	-66.79
G-5 5-bit groups	grid	after the grid	beaufort	26	842	-46.63
G-5 5-bit groups	grid	after the grid	beaufort	27	842	-53.64
G-5 5-bit groups	grid	after the grid	beaufort	28	842	-60.86
G-5 5-bit groups	grid	ending at the grid	sub	0	409	-50.22
G-5 5-bit groups	grid	ending at the grid	sub	1	409	-52.82
G-5 5-bit groups	grid	ending at the grid	sub	2	409	-48.67
G-5 5-bit groups	grid	ending at the grid	sub	3	409	-54.71
G-5 5-bit groups	grid	ending at the grid	sub	4	409	-51.76
G-5 5-bit groups	grid	ending at the grid	sub	5	409	-66.56
G-5 5-bit groups	grid	ending at the grid	sub	6	409	-57.65
G-5 5-bit groups	grid	ending at the grid	sub	7	409	-33.57
G-5 5-bit groups	grid	ending at the grid	sub	8	409	-59.35
G-5 5-bit groups	grid	ending at the grid	sub	9	409	-50.31
G-5 5-bit groups	grid	ending at the grid	sub	10	409	-48.36
G-5 5-bit groups	grid	ending at the grid	sub	11	409	-56.41
G-5 5-bit groups	grid	ending at the grid	sub	12	409	-72.21
G-5 5-bit groups	grid	ending at the grid	sub	13	409	-40.08
G-5 5-bit groups	grid	ending at the grid	sub	14	409	-49.93
G-5 5-bit groups	grid	ending at the grid	sub	15	409	-56.71
G-5 5-bit groups	grid	ending at the grid	sub	16	409	-53.91
G-5 5-bit groups	grid	ending at the grid	sub	17	409	-50.83
G-5 5-bit groups	grid	ending at the grid	sub	18	409	-60.79
G-5 5-bit groups	grid	ending at the grid	sub	19	409	-63.49
G-5 5-bit groups	grid	ending at the grid	sub	20	409	-56.57
G-5 5-bit groups	grid	ending at the grid	sub	21	409	-59.47
G-5 5-bit groups	grid	ending at the grid	sub	22	409	-37.31
G-5 5-bit groups	grid	ending at the grid	sub	23	409	-48.76
G-5 5-bit groups	grid	ending at the grid	sub	24	409	-61.06
G-5 5-bit groups	grid	ending at the grid	sub	25	409	-49.52
G-5 5-bit groups	grid	ending at the grid	sub	26	409	-65.41
G-5 5-bit groups	grid	ending at the grid	sub	27	409	-53.46
G-5 5-bit groups	grid	ending at the grid	sub	28	409	-51.70
G-5 5-bit groups	grid	ending at the grid	add	0	409	-64.21
G-5 5-bit groups	grid	ending at the grid	add	1	409	-59.63
G-5 5-bit groups	grid	ending at the grid	add	2	409	-55.26
G-5 5-bit groups	grid	ending at the grid	add	3	409	-45.64
G-5 5-bit groups	grid	ending at the grid	add	4	409	-59.89
G-5 5-bit groups	grid	ending at the grid	add	5	409	-45.98
G-5 5-bit groups	grid	ending at the grid	add	6	409	-51.11
G-5 5-bit groups	grid	ending at the grid	add	7	409	-49.51
G-5 5-bit groups	grid	ending at the grid	add	8	409	-50.52
G-5 5-bit groups	grid	ending at the grid	add	9	409	-66.83
G-5 5-bit groups	grid	ending at the grid	add	10	409	-57.05
G-5 5-bit groups	grid	ending at the grid	add	11	409	-61.98
G-5 5-bit groups	grid	ending at the grid	add	12	409	-64.92
G-5 5-bit groups	grid	ending at the grid	add	13	409	-47.25
G-5 5-bit groups	grid	ending at the grid	add	14	409	-54.19
G-5 5-bit groups	grid	ending at the grid	add	15	409	-53.92
G-5 5-bit groups	grid	ending at the grid	add	16	409	-56.47
G-5 5-bit groups	grid	ending at the grid	add	17	409	-66.03
G-5 5-bit groups	grid	ending at the grid	add	18	409	-60.37
G-5 5-bit groups	grid	ending at the grid	add	19	409	-53.48
G-5 5-bit groups	grid	ending at the grid	add	20	409	-58.14
G-5 5-bit groups	grid	ending at the grid	add	21	409	-43.95
G-5 5-bit groups	grid	ending at the grid	add	22	409	-54.23
G-5 5-bit groups	grid	ending at the grid	add	23	409	-69.49
G-5 5-bit groups	grid	ending at the grid	add	24	409	-61.20
G-5 5-bit groups	grid	ending at the grid	add	25	409	-59.71
G-5 5-bit groups	grid	ending at the grid	add	26	409	-52.90
G-5 5-bit groups	grid	ending at the grid	add	27	409	-64.59
G-5 5-bit groups	grid	ending at the grid	add	28	409	-54.55
G-5 5-bit groups	grid	ending at the grid	beaufort	0	409	-51.52
G-5 5-bit groups	grid	ending at the grid	beaufort	1	409	-64.50
G-5 5-bit groups	grid	ending at the grid	beaufort	2	409	-55.12
G-5 5-bit groups	grid	ending at the grid	beaufort	3	409	-46.02
G-5 5-bit groups	grid	ending at the grid	beaufort	4	409	-55.22
G-5 5-bit groups	grid	ending at the grid	beaufort	5	409	-50.21
G-5 5-bit groups	grid	ending at the grid	beaufort	6	409	-33.84
G-5 5-bit groups	grid	ending at the grid	beaufort	7	409	-60.69
G-5 5-bit groups	grid	ending at the grid	beaufort	8	409	-44.63
G-5 5-bit groups	grid	ending at the grid	beaufort	9	409	-52.79
G-5 5-bit groups	grid	ending at the grid	beaufort	10	409	-57.95
G-5 5-bit groups	grid	ending at the grid	beaufort	11	409	-45.89
G-5 5-bit groups	grid	ending at the grid	beaufort	12	409	-58.68
G-5 5-bit groups	grid	ending at the grid	beaufort	13	409	-48.12
G-5 5-bit groups	grid	ending at the grid	beaufort	14	409	-59.78
G-5 5-bit groups	grid	ending at the grid	beaufort	15	409	-56.97
G-5 5-bit groups	grid	ending at the grid	beaufort	16	409	-56.36
G-5 5-bit groups	grid	ending at the grid	beaufort	17	409	-46.41
G-5 5-bit groups	grid	ending at the grid	beaufort	18	409	-44.73
G-5 5-bit groups	grid	ending at the grid	beaufort	19	409	-60.12
G-5 5-bit groups	grid	ending at the grid	beaufort	20	409	-53.31
G-5 5-bit groups	grid	ending at the grid	beaufort	21	409	-37.06
G-5 5-bit groups	grid	ending at the grid	beaufort	22	409	-61.26
G-5 5-bit groups	grid	ending at the grid	beaufort	23	409	-53.87
G-5 5-bit groups	grid	ending at the grid	beaufort	24	409	-57.46
G-5 5-bit groups	grid	ending at the grid	beaufort	25	409	-48.69
G-5 5-bit groups	grid	ending at the grid	beaufort	26	409	-48.32
G-5 5-bit groups	grid	ending at the grid	beaufort	27	409	-49.04
G-5 5-bit groups	grid	ending at the grid	beaufort	28	409	-68.04
G-D base-60 digits	grid	section 7	sub	0	729	-81.80
G-D base-60 digits	grid	section 7	sub	1	729	-67.28
G-D base-60 digits	grid	section 7	sub	2	729	-62.14
G-D base-60 digits	grid	section 7	sub	3	729	-70.62
G-D base-60 digits	grid	section 7	sub	4	729	-75.14
G-D base-60 digits	grid	section 7	sub	5	729	-81.75
G-D base-60 digits	grid	section 7	sub	6	729	-80.43
G-D base-60 digits	grid	section 7	sub	7	729	-83.74
G-D base-60 digits	grid	section 7	sub	8	729	-76.61
G-D base-60 digits	grid	section 7	sub	9	729	-69.98
G-D base-60 digits	grid	section 7	sub	10	729	-66.33
G-D base-60 digits	grid	section 7	sub	11	729	-68.38
G-D base-60 digits	grid	section 7	sub	12	729	-77.98
G-D base-60 digits	grid	section 7	sub	13	729	-78.76
G-D base-60 digits	grid	section 7	sub	14	729	-80.71
G-D base-60 digits	grid	section 7	sub	15	729	-80.70
G-D base-60 digits	grid	section 7	sub	16	729	-70.89
G-D base-60 digits	grid	section 7	sub	17	729	-72.59
G-D base-60 digits	grid	section 7	sub	18	729	-61.91
G-D base-60 digits	grid	section 7	sub	19	729	-80.64
G-D base-60 digits	grid	section 7	sub	20	729	-73.74
G-D base-60 digits	grid	section 7	sub	21	729	-85.35
G-D base-60 digits	grid	section 7	sub	22	729	-83.40
G-D base-60 digits	grid	section 7	sub	23	729	-65.59
G-D base-60 digits	grid	section 7	sub	24	729	-65.29
G-D base-60 digits	grid	section 7	sub	25	729	-72.67
G-D base-60 digits	grid	section 7	sub	26	729	-73.66
G-D base-60 digits	grid	section 7	sub	27	729	-82.68
G-D base-60 digits	grid	section 7	sub	28	729	-86.98
G-D base-60 digits	grid	section 7	add	0	729	-76.65
G-D base-60 digits	grid	section 7	add	1	729	-72.23
G-D base-60 digits	grid	section 7	add	2	729	-65.50
G-D base-60 digits	grid	section 7	add	3	729	-64.44
G-D base-60 digits	grid	section 7	add	4	729	-77.13
G-D base-60 digits	grid	section 7	add	5	729	-86.94
G-D base-60 digits	grid	section 7	add	6	729	-61.77
G-D base-60 digits	grid	section 7	add	7	729	-57.97
G-D base-60 digits	grid	section 7	add	8	729	-72.97
G-D base-60 digits	grid	section 7	add	9	729	-59.26
G-D base-60 digits	grid	section 7	add	10	729	-72.30
G-D base-60 digits	grid	section 7	add	11	729	-68.46
G-D base-60 digits	grid	section 7	add	12	729	-75.30
G-D base-60 digits	grid	section 7	add	13	729	-84.62
G-D base-60 digits	grid	section 7	add	14	729	-75.23
G-D base-60 digits	grid	section 7	add	15	729	-70.85
G-D base-60 digits	grid	section 7	add	16	729	-72.34
G-D base-60 digits	grid	section 7	add	17	729	-61.57
G-D base-60 digits	grid	section 7	add	18	729	-71.42
G-D base-60 digits	grid	section 7	add	19	729	-81.70
G-D base-60 digits	grid	section 7	add	20	729	-73.90
G-D base-60 digits	grid	section 7	add	21	729	-61.83
G-D base-60 digits	grid	section 7	add	22	729	-68.72
G-D base-60 digits	grid	section 7	add	23	729	-70.75
G-D base-60 digits	grid	section 7	add	24	729	-63.92
G-D base-60 digits	grid	section 7	add	25	729	-77.51
G-D base-60 digits	grid	section 7	add	26	729	-89.61
G-D base-60 digits	grid	section 7	add	27	729	-80.89
G-D base-60 digits	grid	section 7	add	28	729	-70.55
G-D base-60 digits	grid	section 7	beaufort	0	729	-68.32
G-D base-60 digits	grid	section 7	beaufort	1	729	-56.61
G-D base-60 digits	grid	section 7	beaufort	2	729	-77.79
G-D base-60 digits	grid	section 7	beaufort	3	729	-81.65
G-D base-60 digits	grid	section 7	beaufort	4	729	-78.08
G-D base-60 digits	grid	section 7	beaufort	5	729	-82.42
G-D base-60 digits	grid	section 7	beaufort	6	729	-67.57
G-D base-60 digits	grid	section 7	beaufort	7	729	-62.01
G-D base-60 digits	grid	section 7	beaufort	8	729	-68.94
G-D base-60 digits	grid	section 7	beaufort	9	729	-70.29
G-D base-60 digits	grid	section 7	beaufort	10	729	-86.09
G-D base-60 digits	grid	section 7	beaufort	11	729	-83.63
G-D base-60 digits	grid	section 7	beaufort	12	729	-76.53
G-D base-60 digits	grid	section 7	beaufort	13	729	-71.31
G-D base-60 digits	grid	section 7	beaufort	14	729	-62.68
G-D base-60 digits	grid	section 7	beaufort	15	729	-68.00
G-D base-60 digits	grid	section 7	beaufort	16	729	-66.91
G-D base-60 digits	grid	section 7	beaufort	17	729	-66.67
G-D base-60 digits	grid	section 7	beaufort	18	729	-88.65
G-D base-60 digits	grid	section 7	beaufort	19	729	-82.80
G-D base-60 digits	grid	section 7	beaufort	20	729	-70.26
G-D base-60 digits	grid	section 7	beaufort	21	729	-80.82
G-D base-60 digits	grid	section 7	beaufort	22	729	-70.26
G-D base-60 digits	grid	section 7	beaufort	23	729	-77.67
G-D base-60 digits	grid	section 7	beaufort	24	729	-90.48
G-D base-60 digits	grid	section 7	beaufort	25	729	-74.72
G-D base-60 digits	grid	section 7	beaufort	26	729	-80.25
G-D base-60 digits	grid	section 7	beaufort	27	729	-66.37
G-D base-60 digits	grid	section 7	beaufort	28	729	-60.82
G-D base-60 digits	grid	section 8	sub	0	1145	-77.34
G-D base-60 digits	grid	section 8	sub	1	1145	-71.23
G-D base-60 digits	grid	section 8	sub	2	1145	-65.18
G-D base-60 digits	grid	section 8	sub	3	1145	-82.35
G-D base-60 digits	grid	section 8	sub	4	1145	-79.75
G-D base-60 digits	grid	section 8	sub	5	1145	-86.14
G-D base-60 digits	grid	section 8	sub	6	1145	-84.29
G-D base-60 digits	grid	section 8	sub	7	1145	-60.22
G-D base-60 digits	grid	section 8	sub	8	1145	-70.44
G-D base-60 digits	grid	section 8	sub	9	1145	-58.62
G-D base-60 digits	grid	section 8	sub	10	1145	-65.48
G-D base-60 digits	grid	section 8	sub	11	1145	-78.36
G-D base-60 digits	grid	section 8	sub	12	1145	-84.96
G-D base-60 digits	grid	section 8	sub	13	1145	-84.31
G-D base-60 digits	grid	section 8	sub	14	1145	-72.03
G-D base-60 digits	grid	section 8	sub	15	1145	-55.71
G-D base-60 digits	grid	section 8	sub	16	1145	-66.40
G-D base-60 digits	grid	section 8	sub	17	1145	-68.62
G-D base-60 digits	grid	section 8	sub	18	1145	-83.57
G-D base-60 digits	grid	section 8	sub	19	1145	-80.52
G-D base-60 digits	grid	section 8	sub	20	1145	-87.38
G-D base-60 digits	grid	section 8	sub	21	1145	-78.45
G-D base-60 digits	grid	section 8	sub	22	1145	-72.16
G-D base-60 digits	grid	section 8	sub	23	1145	-71.73
G-D base-60 digits	grid	section 8	sub	24	1145	-71.33
G-D base-60 digits	grid	section 8	sub	25	1145	-69.04
G-D base-60 digits	grid	section 8	sub	26	1145	-85.57
G-D base-60 digits	grid	section 8	sub	27	1145	-78.82
G-D base-60 digits	grid	section 8	sub	28	1145	-66.00
G-D base-60 digits	grid	section 8	add	0	1145	-68.16
G-D base-60 digits	grid	section 8	add	1	1145	-65.20
G-D base-60 digits	grid	section 8	add	2	1145	-59.12
G-D base-60 digits	grid	section 8	add	3	1145	-67.76
G-D base-60 digits	grid	section 8	add	4	1145	-63.40
G-D base-60 digits	grid	section 8	add	5	1145	-62.09
G-D base-60 digits	grid	section 8	add	6	1145	-93.20
G-D base-60 digits	grid	section 8	add	7	1145	-85.38
G-D base-60 digits	grid	section 8	add	8	1145	-76.26
G-D base-60 digits	grid	section 8	add	9	1145	-69.33
G-D base-60 digits	grid	section 8	add	10	1145	-55.06
G-D base-60 digits	grid	section 8	add	11	1145	-66.33
G-D base-60 digits	grid	section 8	add	12	1145	-88.64
G-D base-60 digits	grid	section 8	add	13	1145	-77.53
G-D base-60 digits	grid	section 8	add	14	1145	-75.51
G-D base-60 digits	grid	section 8	add	15	1145	-64.24
G-D base-60 digits	grid	section 8	add	16	1145	-60.93
G-D base-60 digits	grid	section 8	add	17	1145	-62.65
G-D base-60 digits	grid	section 8	add	18	1145	-66.91
G-D base-60 digits	grid	section 8	add	19	1145	-78.47
G-D base-60 digits	grid	section 8	add	20	1145	-93.39
G-D base-60 digits	grid	section 8	add	21	1145	-84.02
G-D base-60 digits	grid	section 8	add	22	1145	-72.37
G-D base-60 digits	grid	section 8	add	23	1145	-67.63
G-D base-60 digits	grid	section 8	add	24	1145	-74.75
G-D base-60 digits	grid	section 8	add	25	1145	-54.86
G-D base-60 digits	grid	section 8	add	26	1145	-74.61
G-D base-60 digits	grid	section 8	add	27	1145	-72.21
G-D base-60 digits	grid	section 8	add	28	1145	-77.38
G-D base-60 digits	grid	section 8	beaufort	0	1145	-80.29
G-D base-60 digits	grid	section 8	beaufort	1	1145	-75.25
G-D base-60 digits	grid	section 8	beaufort	2	1145	-81.29
G-D base-60 digits	grid	section 8	beaufort	3	1145	-70.16
G-D base-60 digits	grid	section 8	beaufort	4	1145	-85.30
G-D base-60 digits	grid	section 8	beaufort	5	1145	-62.61
G-D base-60 digits	grid	section 8	beaufort	6	1145	-64.33
G-D base-60 digits	grid	section 8	beaufort	7	1145	-57.53
G-D base-60 digits	grid	section 8	beaufort	8	1145	-77.18
G-D base-60 digits	grid	section 8	beaufort	9	1145	-80.22
G-D base-60 digits	grid	section 8	beaufort	10	1145	-92.97
G-D base-60 digits	grid	section 8	beaufort	11	1145	-83.70
G-D base-60 digits	grid	section 8	beaufort	12	1145	-61.95
G-D base-60 digits	grid	section 8	beaufort	13	1145	-66.57
G-D base-60 digits	grid	section 8	beaufort	14	1145	-63.55
G-D base-60 digits	grid	section 8	beaufort	15	1145	-75.39
G-D base-60 digits	grid	section 8	beaufort	16	1145	-81.94
G-D base-60 digits	grid	section 8	beaufort	17	1145	-69.37
G-D base-60 digits	grid	section 8	beaufort	18	1145	-69.46
G-D base-60 digits	grid	section 8	beaufort	19	1145	-60.07
G-D base-60 digits	grid	section 8	beaufort	20	1145	-57.81
G-D base-60 digits	grid	section 8	beaufort	21	1145	-50.24
G-D base-60 digits	grid	section 8	beaufort	22	1145	-63.94
G-D base-60 digits	grid	section 8	beaufort	23	1145	-75.44
G-D base-60 digits	grid	section 8	beaufort	24	1145	-81.19
G-D base-60 digits	grid	section 8	beaufort	25	1145	-77.89
G-D base-60 digits	grid	section 8	beaufort	26	1145	-78.49
G-D base-60 digits	grid	section 8	beaufort	27	1145	-69.09
G-D base-60 digits	grid	section 8	beaufort	28	1145	-71.32
G-D base-60 digits	grid	section 9	sub	0	1729	-76.59
G-D base-60 digits	grid	section 9	sub	1	1729	-75.44
G-D base-60 digits	grid	section 9	sub	2	1729	-74.56
G-D base-60 digits	grid	section 9	sub	3	1729	-64.48
G-D base-60 digits	grid	section 9	sub	4	1729	-80.82
G-D base-60 digits	grid	section 9	sub	5	1729	-70.75
G-D base-60 digits	grid	section 9	sub	6	1729	-80.71
G-D base-60 digits	grid	section 9	sub	7	1729	-69.04
G-D base-60 digits	grid	section 9	sub	8	1729	-67.61
G-D base-60 digits	grid	section 9	sub	9	1729	-59.73
G-D base-60 digits	grid	section 9	sub	10	1729	-61.91
G-D base-60 digits	grid	section 9	sub	11	1729	-76.22
G-D base-60 digits	grid	section 9	sub	12	1729	-89.96
G-D base-60 digits	grid	section 9	sub	13	1729	-83.32
G-D base-60 digits	grid	section 9	sub	14	1729	-78.89
G-D base-60 digits	grid	section 9	sub	15	1729	-78.57
G-D base-60 digits	grid	section 9	sub	16	1729	-60.76
G-D base-60 digits	grid	section 9	sub	17	1729	-73.30
G-D base-60 digits	grid	section 9	sub	18	1729	-78.14
G-D base-60 digits	grid	section 9	sub	19	1729	-75.46
G-D base-60 digits	grid	section 9	sub	20	1729	-71.42
G-D base-60 digits	grid	section 9	sub	21	1729	-78.41
G-D base-60 digits	grid	section 9	sub	22	1729	-51.71
G-D base-60 digits	grid	section 9	sub	23	1729	-67.20
G-D base-60 digits	grid	section 9	sub	24	1729	-57.28
G-D base-60 digits	grid	section 9	sub	25	1729	-79.42
G-D base-60 digits	grid	section 9	sub	26	1729	-73.82
G-D base-60 digits	grid	section 9	sub	27	1729	-83.75
G-D base-60 digits	grid	section 9	sub	28	1729	-89.27
G-D base-60 digits	grid	section 9	add	0	1729	-65.57
G-D base-60 digits	grid	section 9	add	1	1729	-82.59
G-D base-60 digits	grid	section 9	add	2	1729	-83.99
G-D base-60 digits	grid	section 9	add	3	1729	-75.11
G-D base-60 digits	grid	section 9	add	4	1729	-69.49
G-D base-60 digits	grid	section 9	add	5	1729	-77.91
G-D base-60 digits	grid	section 9	add	6	1729	-77.46
G-D base-60 digits	grid	section 9	add	7	1729	-68.65
G-D base-60 digits	grid	section 9	add	8	1729	-86.56
G-D base-60 digits	grid	section 9	add	9	1729	-80.90
G-D base-60 digits	grid	section 9	add	10	1729	-66.18
G-D base-60 digits	grid	section 9	add	11	1729	-78.80
G-D base-60 digits	grid	section 9	add	12	1729	-68.85
G-D base-60 digits	grid	section 9	add	13	1729	-70.86
G-D base-60 digits	grid	section 9	add	14	1729	-60.57
G-D base-60 digits	grid	section 9	add	15	1729	-67.83
G-D base-60 digits	grid	section 9	add	16	1729	-74.35
G-D base-60 digits	grid	section 9	add	17	1729	-73.80
G-D base-60 digits	grid	section 9	add	18	1729	-78.42
G-D base-60 digits	grid	section 9	add	19	1729	-70.61
G-D base-60 digits	grid	section 9	add	20	1729	-66.54
G-D base-60 digits	grid	section 9	add	21	1729	-70.67
G-D base-60 digits	grid	section 9	add	22	1729	-63.54
G-D base-60 digits	grid	section 9	add	23	1729	-70.37
G-D base-60 digits	grid	section 9	add	24	1729	-78.89
G-D base-60 digits	grid	section 9	add	25	1729	-79.59
G-D base-60 digits	grid	section 9	add	26	1729	-77.83
G-D base-60 digits	grid	section 9	add	27	1729	-76.24
G-D base-60 digits	grid	section 9	add	28	1729	-60.02
G-D base-60 digits	grid	section 9	beaufort	0	1729	-52.37
G-D base-60 digits	grid	section 9	beaufort	1	1729	-65.44
G-D base-60 digits	grid	section 9	beaufort	2	1729	-73.73
G-D base-60 digits	grid	section 9	beaufort	3	1729	-77.74
G-D base-60 digits	grid	section 9	beaufort	4	1729	-69.26
G-D base-60 digits	grid	section 9	beaufort	5	1729	-70.11
G-D base-60 digits	grid	section 9	beaufort	6	1729	-56.83
G-D base-60 digits	grid	section 9	beaufort	7	1729	-73.03
G-D base-60 digits	grid	section 9	beaufort	8	1729	-76.00
G-D base-60 digits	grid	section 9	beaufort	9	1729	-79.70
G-D base-60 digits	grid	section 9	beaufort	10	1729	-78.35
G-D base-60 digits	grid	section 9	beaufort	11	1729	-68.90
G-D base-60 digits	grid	section 9	beaufort	12	1729	-78.95
G-D base-60 digits	grid	section 9	beaufort	13	1729	-69.19
G-D base-60 digits	grid	section 9	beaufort	14	1729	-62.52
G-D base-60 digits	grid	section 9	beaufort	15	1729	-70.32
G-D base-60 digits	grid	section 9	beaufort	16	1729	-72.38
G-D base-60 digits	grid	section 9	beaufort	17	1729	-77.50
G-D base-60 digits	grid	section 9	beaufort	18	1729	-79.27
G-D base-60 digits	grid	section 9	beaufort	19	1729	-73.77
G-D base-60 digits	grid	section 9	beaufort	20	1729	-70.22
G-D base-60 digits	grid	section 9	beaufort	21	1729	-59.90
G-D base-60 digits	grid	section 9	beaufort	22	1729	-85.53
G-D base-60 digits	grid	section 9	beaufort	23	1729	-70.74
G-D base-60 digits	grid	section 9	beaufort	24	1729	-91.41
G-D base-60 digits	grid	section 9	beaufort	25	1729	-83.80
G-D base-60 digits	grid	section 9	beaufort	26	1729	-64.36
G-D base-60 digits	grid	section 9	beaufort	27	1729	-67.43
G-D base-60 digits	grid	section 9	beaufort	28	1729	-59.58
G-D base-60 digits	grid	section 10	sub	0	9	-1.66
G-D base-60 digits	grid	section 10	sub	1	9	-4.05
G-D base-60 digits	grid	section 10	sub	2	9	-0.59
G-D base-60 digits	grid	section 10	sub	3	9	-1.54
G-D base-60 digits	grid	section 10	sub	4	9	-6.31
G-D base-60 digits	grid	section 10	sub	5	9	-4.65
G-D base-60 digits	grid	section 10	sub	6	9	-1.63
G-D base-60 digits	grid	section 10	sub	7	9	2.21
G-D base-60 digits	grid	section 10	sub	8	9	0.88
G-D base-60 digits	grid	section 10	sub	9	9	-5.02
G-D base-60 digits	grid	section 10	sub	10	9	-3.15
G-D base-60 digits	grid	section 10	sub	11	9	-1.74
G-D base-60 digits	grid	section 10	sub	12	9	-3.30
G-D base-60 digits	grid	section 10	sub	13	9	1.22
G-D base-60 digits	grid	section 10	sub	14	9	-6.98
G-D base-60 digits	grid	section 10	sub	15	9	-4.07
G-D base-60 digits	grid	section 10	sub	16	9	0.45
G-D base-60 digits	grid	section 10	sub	17	9	-0.65
G-D base-60 digits	grid	section 10	sub	18	9	-1.83
G-D base-60 digits	grid	section 10	sub	19	9	-0.71
G-D base-60 digits	grid	section 10	sub	20	9	-2.01
G-D base-60 digits	grid	section 10	sub	21	9	0.45
G-D base-60 digits	grid	section 10	sub	22	9	-0.84
G-D base-60 digits	grid	section 10	sub	23	9	-3.08
G-D base-60 digits	grid	section 10	sub	24	9	-3.76
G-D base-60 digits	grid	section 10	sub	25	9	-5.36
G-D base-60 digits	grid	section 10	sub	26	9	-2.84
G-D base-60 digits	grid	section 10	sub	27	9	-4.22
G-D base-60 digits	grid	section 10	sub	28	9	-3.00
G-D base-60 digits	grid	section 10	add	0	9	-1.26
G-D base-60 digits	grid	section 10	add	1	9	-0.57
G-D base-60 digits	grid	section 10	add	2	9	-2.93
G-D base-60 digits	grid	section 10	add	3	9	-2.31
G-D base-60 digits	grid	section 10	add	4	9	-2.08
G-D base-60 digits	grid	section 10	add	5	9	-1.50
G-D base-60 digits	grid	section 10	add	6	9	1.55
G-D base-60 digits	grid	section 10	add	7	9	1.98
G-D base-60 digits	grid	section 10	add	8	9	-2.49
G-D base-60 digits	grid	section 10	add	9	9	-1.93
G-D base-60 digits	grid	section 10	add	10	9	-3.71
G-D base-60 digits	grid	section 10	add	11	9	-5.04
G-D base-60 digits	grid	section 10	add	12	9	-2.60
G-D base-60 digits	grid	section 10	add	13	9	-1.07
G-D base-60 digits	grid	section 10	add	14	9	-2.26
G-D base-60 digits	grid	section 10	add	15	9	0.27
G-D base-60 digits	grid	section 10	add	16	9	-3.31
G-D base-60 digits	grid	section 10	add	17	9	-1.59
G-D base-60 digits	grid	section 10	add	18	9	-4.83
G-D base-60 digits	grid	section 10	add	19	9	-2.80
G-D base-60 digits	grid	section 10	add	20	9	-1.10
G-D base-60 digits	grid	section 10	add	21	9	3.20
G-D base-60 digits	grid	section 10	add	22	9	-2.58
G-D base-60 digits	grid	section 10	add	23	9	-1.97
G-D base-60 digits	grid	section 10	add	24	9	-2.92
G-D base-60 digits	grid	section 10	add	25	9	-4.97
G-D base-60 digits	grid	section 10	add	26	9	-3.67
G-D base-60 digits	grid	section 10	add	27	9	-2.63
G-D base-60 digits	grid	section 10	add	28	9	-5.69
G-D base-60 digits	grid	section 10	beaufort	0	9	-3.70
G-D base-60 digits	grid	section 10	beaufort	1	9	-0.83
G-D base-60 digits	grid	section 10	beaufort	2	9	-1.59
G-D base-60 digits	grid	section 10	beaufort	3	9	-3.31
G-D base-60 digits	grid	section 10	beaufort	4	9	-1.55
G-D base-60 digits	grid	section 10	beaufort	5	9	-1.04
G-D base-60 digits	grid	section 10	beaufort	6	9	-2.13
G-D base-60 digits	grid	section 10	beaufort	7	9	-1.56
G-D base-60 digits	grid	section 10	beaufort	8	9	-6.05
G-D base-60 digits	grid	section 10	beaufort	9	9	-6.86
G-D base-60 digits	grid	section 10	beaufort	10	9	-3.01
G-D base-60 digits	grid	section 10	beaufort	11	9	-2.23
G-D base-60 digits	grid	section 10	beaufort	12	9	1.62
G-D base-60 digits	grid	section 10	beaufort	13	9	-1.37
G-D base-60 digits	grid	section 10	beaufort	14	9	-3.59
G-D base-60 digits	grid	section 10	beaufort	15	9	-2.42
G-D base-60 digits	grid	section 10	beaufort	16	9	-2.57
G-D base-60 digits	grid	section 10	beaufort	17	9	0.86
G-D base-60 digits	grid	section 10	beaufort	18	9	-4.48
G-D base-60 digits	grid	section 10	beaufort	19	9	-8.71
G-D base-60 digits	grid	section 10	beaufort	20	9	-0.43
G-D base-60 digits	grid	section 10	beaufort	21	9	-1.64
G-D base-60 digits	grid	section 10	beaufort	22	9	-4.00
G-D base-60 digits	grid	section 10	beaufort	23	9	-1.67
G-D base-60 digits	grid	section 10	beaufort	24	9	-3.43
G-D base-60 digits	grid	section 10	beaufort	25	9	0.53
G-D base-60 digits	grid	section 10	beaufort	26	9	2.03
G-D base-60 digits	grid	section 10	beaufort	27	9	-0.49
G-D base-60 digits	grid	section 10	beaufort	28	9	-3.38
G-D base-60 digits	grid	section 11	sub	0	1894	-72.87
G-D base-60 digits	grid	section 11	sub	1	1894	-71.41
G-D base-60 digits	grid	section 11	sub	2	1894	-73.17
G-D base-60 digits	grid	section 11	sub	3	1894	-82.10
G-D base-60 digits	grid	section 11	sub	4	1894	-79.72
G-D base-60 digits	grid	section 11	sub	5	1894	-66.11
G-D base-60 digits	grid	section 11	sub	6	1894	-69.52
G-D base-60 digits	grid	section 11	sub	7	1894	-81.46
G-D base-60 digits	grid	section 11	sub	8	1894	-70.40
G-D base-60 digits	grid	section 11	sub	9	1894	-79.29
G-D base-60 digits	grid	section 11	sub	10	1894	-81.60
G-D base-60 digits	grid	section 11	sub	11	1894	-67.44
G-D base-60 digits	grid	section 11	sub	12	1894	-61.06
G-D base-60 digits	grid	section 11	sub	13	1894	-74.78
G-D base-60 digits	grid	section 11	sub	14	1894	-75.85
G-D base-60 digits	grid	section 11	sub	15	1894	-83.48
G-D base-60 digits	grid	section 11	sub	16	1894	-74.55
G-D base-60 digits	grid	section 11	sub	17	1894	-59.00
G-D base-60 digits	grid	section 11	sub	18	1894	-77.68
G-D base-60 digits	grid	section 11	sub	19	1894	-64.58
G-D base-60 digits	grid	section 11	sub	20	1894	-67.29
G-D base-60 digits	grid	section 11	sub	21	1894	-69.01
G-D base-60 digits	grid	section 11	sub	22	1894	-73.86
G-D base-60 digits	grid	section 11	sub	23	1894	-68.15
G-D base-60 digits	grid	section 11	sub	24	1894	-73.79
G-D base-60 digits	grid	section 11	sub	25	1894	-67.03
G-D base-60 digits	grid	section 11	sub	26	1894	-70.65
G-D base-60 digits	grid	section 11	sub	27	1894	-68.73
G-D base-60 digits	grid	section 11	sub	28	1894	-79.67
G-D base-60 digits	grid	section 11	add	0	1894	-66.53
G-D base-60 digits	grid	section 11	add	1	1894	-80.98
G-D base-60 digits	grid	section 11	add	2	1894	-65.48
G-D base-60 digits	grid	section 11	add	3	1894	-77.36
G-D base-60 digits	grid	section 11	add	4	1894	-66.42
G-D base-60 digits	grid	section 11	add	5	1894	-69.61
G-D base-60 digits	grid	section 11	add	6	1894	-63.57
G-D base-60 digits	grid	section 11	add	7	1894	-84.83
G-D base-60 digits	grid	section 11	add	8	1894	-72.22
G-D base-60 digits	grid	section 11	add	9	1894	-75.06
G-D base-60 digits	grid	section 11	add	10	1894	-62.26
G-D base-60 digits	grid	section 11	add	11	1894	-70.46
G-D base-60 digits	grid	section 11	add	12	1894	-71.63
G-D base-60 digits	grid	section 11	add	13	1894	-63.91
G-D base-60 digits	grid	section 11	add	14	1894	-67.21
G-D base-60 digits	grid	section 11	add	15	1894	-67.44
G-D base-60 digits	grid	section 11	add	16	1894	-80.18
G-D base-60 digits	grid	section 11	add	17	1894	-69.43
G-D base-60 digits	grid	section 11	add	18	1894	-76.61
G-D base-60 digits	grid	section 11	add	19	1894	-63.26
G-D base-60 digits	grid	section 11	add	20	1894	-69.36
G-D base-60 digits	grid	section 11	add	21	1894	-77.78
G-D base-60 digits	grid	section 11	add	22	1894	-85.99
G-D base-60 digits	grid	section 11	add	23	1894	-82.96
G-D base-60 digits	grid	section 11	add	24	1894	-88.31
G-D base-60 digits	grid	section 11	add	25	1894	-56.44
G-D base-60 digits	grid	section 11	add	26	1894	-66.15
G-D base-60 digits	grid	section 11	add	27	1894	-82.76
G-D base-60 digits	grid	section 11	add	28	1894	-63.47
G-D base-60 digits	grid	section 11	beaufort	0	1894	-67.02
G-D base-60 digits	grid	section 11	beaufort	1	1894	-64.22
G-D base-60 digits	grid	section 11	beaufort	2	1894	-64.31
G-D base-60 digits	grid	section 11	beaufort	3	1894	-75.28
G-D base-60 digits	grid	section 11	beaufort	4	1894	-81.47
G-D base-60 digits	grid	section 11	beaufort	5	1894	-65.79
G-D base-60 digits	grid	section 11	beaufort	6	1894	-72.90
G-D base-60 digits	grid	section 11	beaufort	7	1894	-77.52
G-D base-60 digits	grid	section 11	beaufort	8	1894	-80.11
G-D base-60 digits	grid	section 11	beaufort	9	1894	-87.78
G-D base-60 digits	grid	section 11	beaufort	10	1894	-75.34
G-D base-60 digits	grid	section 11	beaufort	11	1894	-61.19
G-D base-60 digits	grid	section 11	beaufort	12	1894	-78.16
G-D base-60 digits	grid	section 11	beaufort	13	1894	-83.18
G-D base-60 digits	grid	section 11	beaufort	14	1894	-68.17
G-D base-60 digits	grid	section 11	beaufort	15	1894	-66.65
G-D base-60 digits	grid	section 11	beaufort	16	1894	-61.07
G-D base-60 digits	grid	section 11	beaufort	17	1894	-68.70
G-D base-60 digits	grid	section 11	beaufort	18	1894	-58.80
G-D base-60 digits	grid	section 11	beaufort	19	1894	-68.78
G-D base-60 digits	grid	section 11	beaufort	20	1894	-81.81
G-D base-60 digits	grid	section 11	beaufort	21	1894	-80.94
G-D base-60 digits	grid	section 11	beaufort	22	1894	-73.97
G-D base-60 digits	grid	section 11	beaufort	23	1894	-79.92
G-D base-60 digits	grid	section 11	beaufort	24	1894	-79.49
G-D base-60 digits	grid	section 11	beaufort	25	1894	-79.97
G-D base-60 digits	grid	section 11	beaufort	26	1894	-78.97
G-D base-60 digits	grid	section 11	beaufort	27	1894	-63.34
G-D base-60 digits	grid	section 11	beaufort	28	1894	-68.35
G-D base-60 digits	grid	section 12	sub	0	1021	-78.27
G-D base-60 digits	grid	section 12	sub	1	1021	-76.26
G-D base-60 digits	grid	section 12	sub	2	1021	-82.85
G-D base-60 digits	grid	section 12	sub	3	1021	-73.18
G-D base-60 digits	grid	section 12	sub	4	1021	-59.91
G-D base-60 digits	grid	section 12	sub	5	1021	-79.13
G-D base-60 digits	grid	section 12	sub	6	1021	-75.34
G-D base-60 digits	grid	section 12	sub	7	1021	-73.86
G-D base-60 digits	grid	section 12	sub	8	1021	-82.51
G-D base-60 digits	grid	section 12	sub	9	1021	-74.67
G-D base-60 digits	grid	section 12	sub	10	1021	-59.81
G-D base-60 digits	grid	section 12	sub	11	1021	-87.58
G-D base-60 digits	grid	section 12	sub	12	1021	-74.41
G-D base-60 digits	grid	section 12	sub	13	1021	-76.24
G-D base-60 digits	grid	section 12	sub	14	1021	-56.22
G-D base-60 digits	grid	section 12	sub	15	1021	-76.37
G-D base-60 digits	grid	section 12	sub	16	1021	-65.19
G-D base-60 digits	grid	section 12	sub	17	1021	-78.89
G-D base-60 digits	grid	section 12	sub	18	1021	-55.57
G-D base-60 digits	grid	section 12	sub	19	1021	-62.34
G-D base-60 digits	grid	section 12	sub	20	1021	-70.35
G-D base-60 digits	grid	section 12	sub	21	1021	-82.33
G-D base-60 digits	grid	section 12	sub	22	1021	-87.41
G-D base-60 digits	grid	section 12	sub	23	1021	-68.82
G-D base-60 digits	grid	section 12	sub	24	1021	-57.90
G-D base-60 digits	grid	section 12	sub	25	1021	-64.62
G-D base-60 digits	grid	section 12	sub	26	1021	-75.57
G-D base-60 digits	grid	section 12	sub	27	1021	-73.91
G-D base-60 digits	grid	section 12	sub	28	1021	-66.11
G-D base-60 digits	grid	section 12	add	0	1021	-65.16
G-D base-60 digits	grid	section 12	add	1	1021	-61.44
G-D base-60 digits	grid	section 12	add	2	1021	-63.93
G-D base-60 digits	grid	section 12	add	3	1021	-86.54
G-D base-60 digits	grid	section 12	add	4	1021	-76.24
G-D base-60 digits	grid	section 12	add	5	1021	-69.32
G-D base-60 digits	grid	section 12	add	6	1021	-64.75
G-D base-60 digits	grid	section 12	add	7	1021	-76.27
G-D base-60 digits	grid	section 12	add	8	1021	-65.98
G-D base-60 digits	grid	section 12	add	9	1021	-74.53
G-D base-60 digits	grid	section 12	add	10	1021	-67.38
G-D base-60 digits	grid	section 12	add	11	1021	-77.05
G-D base-60 digits	grid	section 12	add	12	1021	-74.54
G-D base-60 digits	grid	section 12	add	13	1021	-68.36
G-D base-60 digits	grid	section 12	add	14	1021	-70.54
G-D base-60 digits	grid	section 12	add	15	1021	-66.11
G-D base-60 digits	grid	section 12	add	16	1021	-76.38
G-D base-60 digits	grid	section 12	add	17	1021	-68.08
G-D base-60 digits	grid	section 12	add	18	1021	-81.49
G-D base-60 digits	grid	section 12	add	19	1021	-74.51
G-D base-60 digits	grid	section 12	add	20	1021	-78.02
G-D base-60 digits	grid	section 12	add	21	1021	-73.86
G-D base-60 digits	grid	section 12	add	22	1021	-75.50
G-D base-60 digits	grid	section 12	add	23	1021	-77.76
G-D base-60 digits	grid	section 12	add	24	1021	-83.44
G-D base-60 digits	grid	section 12	add	25	1021	-85.51
G-D base-60 digits	grid	section 12	add	26	1021	-68.40
G-D base-60 digits	grid	section 12	add	27	1021	-60.87
G-D base-60 digits	grid	section 12	add	28	1021	-75.41
G-D base-60 digits	grid	section 12	beaufort	0	1021	-64.11
G-D base-60 digits	grid	section 12	beaufort	1	1021	-59.29
G-D base-60 digits	grid	section 12	beaufort	2	1021	-73.63
G-D base-60 digits	grid	section 12	beaufort	3	1021	-63.49
G-D base-60 digits	grid	section 12	beaufort	4	1021	-70.80
G-D base-60 digits	grid	section 12	beaufort	5	1021	-67.33
G-D base-60 digits	grid	section 12	beaufort	6	1021	-69.05
G-D base-60 digits	grid	section 12	beaufort	7	1021	-71.47
G-D base-60 digits	grid	section 12	beaufort	8	1021	-64.75
G-D base-60 digits	grid	section 12	beaufort	9	1021	-67.24
G-D base-60 digits	grid	section 12	beaufort	10	1021	-82.74
G-D base-60 digits	grid	section 12	beaufort	11	1021	-81.09
G-D base-60 digits	grid	section 12	beaufort	12	1021	-78.65
G-D base-60 digits	grid	section 12	beaufort	13	1021	-82.24
G-D base-60 digits	grid	section 12	beaufort	14	1021	-53.42
G-D base-60 digits	grid	section 12	beaufort	15	1021	-73.60
G-D base-60 digits	grid	section 12	beaufort	16	1021	-71.63
G-D base-60 digits	grid	section 12	beaufort	17	1021	-82.04
G-D base-60 digits	grid	section 12	beaufort	18	1021	-77.95
G-D base-60 digits	grid	section 12	beaufort	19	1021	-82.49
G-D base-60 digits	grid	section 12	beaufort	20	1021	-71.33
G-D base-60 digits	grid	section 12	beaufort	21	1021	-76.09
G-D base-60 digits	grid	section 12	beaufort	22	1021	-61.42
G-D base-60 digits	grid	section 12	beaufort	23	1021	-69.18
G-D base-60 digits	grid	section 12	beaufort	24	1021	-70.29
G-D base-60 digits	grid	section 12	beaufort	25	1021	-85.73
G-D base-60 digits	grid	section 12	beaufort	26	1021	-83.99
G-D base-60 digits	grid	section 12	beaufort	27	1021	-75.16
G-D base-60 digits	grid	section 12	beaufort	28	1021	-65.96
G-D base-60 digits	grid	section 13	sub	0	1524	-69.03
G-D base-60 digits	grid	section 13	sub	1	1524	-54.60
G-D base-60 digits	grid	section 13	sub	2	1524	-72.41
G-D base-60 digits	grid	section 13	sub	3	1524	-67.06
G-D base-60 digits	grid	section 13	sub	4	1524	-77.69
G-D base-60 digits	grid	section 13	sub	5	1524	-82.16
G-D base-60 digits	grid	section 13	sub	6	1524	-72.78
G-D base-60 digits	grid	section 13	sub	7	1524	-67.07
G-D base-60 digits	grid	section 13	sub	8	1524	-78.76
G-D base-60 digits	grid	section 13	sub	9	1524	-65.68
G-D base-60 digits	grid	section 13	sub	10	1524	-81.58
G-D base-60 digits	grid	section 13	sub	11	1524	-59.94
G-D base-60 digits	grid	section 13	sub	12	1524	-76.04
G-D base-60 digits	grid	section 13	sub	13	1524	-67.22
G-D base-60 digits	grid	section 13	sub	14	1524	-71.16
G-D base-60 digits	grid	section 13	sub	15	1524	-65.05
G-D base-60 digits	grid	section 13	sub	16	1524	-73.71
G-D base-60 digits	grid	section 13	sub	17	1524	-62.11
G-D base-60 digits	grid	section 13	sub	18	1524	-71.62
G-D base-60 digits	grid	section 13	sub	19	1524	-71.63
G-D base-60 digits	grid	section 13	sub	20	1524	-85.23
G-D base-60 digits	grid	section 13	sub	21	1524	-85.24
G-D base-60 digits	grid	section 13	sub	22	1524	-66.37
G-D base-60 digits	grid	section 13	sub	23	1524	-81.70
G-D base-60 digits	grid	section 13	sub	24	1524	-68.06
G-D base-60 digits	grid	section 13	sub	25	1524	-73.87
G-D base-60 digits	grid	section 13	sub	26	1524	-62.82
G-D base-60 digits	grid	section 13	sub	27	1524	-80.15
G-D base-60 digits	grid	section 13	sub	28	1524	-73.08
G-D base-60 digits	grid	section 13	add	0	1524	-89.49
G-D base-60 digits	grid	section 13	add	1	1524	-76.38
G-D base-60 digits	grid	section 13	add	2	1524	-74.69
G-D base-60 digits	grid	section 13	add	3	1524	-72.51
G-D base-60 digits	grid	section 13	add	4	1524	-64.78
G-D base-60 digits	grid	section 13	add	5	1524	-65.35
G-D base-60 digits	grid	section 13	add	6	1524	-71.77
G-D base-60 digits	grid	section 13	add	7	1524	-65.83
G-D base-60 digits	grid	section 13	add	8	1524	-76.06
G-D base-60 digits	grid	section 13	add	9	1524	-63.92
G-D base-60 digits	grid	section 13	add	10	1524	-69.86
G-D base-60 digits	grid	section 13	add	11	1524	-63.12
G-D base-60 digits	grid	section 13	add	12	1524	-71.70
G-D base-60 digits	grid	section 13	add	13	1524	-47.26
G-D base-60 digits	grid	section 13	add	14	1524	-72.30
G-D base-60 digits	grid	section 13	add	15	1524	-64.19
G-D base-60 digits	grid	section 13	add	16	1524	-74.76
G-D base-60 digits	grid	section 13	add	17	1524	-67.22
G-D base-60 digits	grid	section 13	add	18	1524	-73.96
G-D base-60 digits	grid	section 13	add	19	1524	-67.20
G-D base-60 digits	grid	section 13	add	20	1524	-69.39
G-D base-60 digits	grid	section 13	add	21	1524	-89.52
G-D base-60 digits	grid	section 13	add	22	1524	-82.14
G-D base-60 digits	grid	section 13	add	23	1524	-72.35
G-D base-60 digits	grid	section 13	add	24	1524	-70.60
G-D base-60 digits	grid	section 13	add	25	1524	-79.29
G-D base-60 digits	grid	section 13	add	26	1524	-65.82
G-D base-60 digits	grid	section 13	add	27	1524	-67.60
G-D base-60 digits	grid	section 13	add	28	1524	-61.69
G-D base-60 digits	grid	section 13	beaufort	0	1524	-71.26
G-D base-60 digits	grid	section 13	beaufort	1	1524	-59.64
G-D base-60 digits	grid	section 13	beaufort	2	1524	-73.64
G-D base-60 digits	grid	section 13	beaufort	3	1524	-56.08
G-D base-60 digits	grid	section 13	beaufort	4	1524	-74.27
G-D base-60 digits	grid	section 13	beaufort	5	1524	-74.02
G-D base-60 digits	grid	section 13	beaufort	6	1524	-73.33
G-D base-60 digits	grid	section 13	beaufort	7	1524	-70.95
G-D base-60 digits	grid	section 13	beaufort	8	1524	-65.36
G-D base-60 digits	grid	section 13	beaufort	9	1524	-74.49
G-D base-60 digits	grid	section 13	beaufort	10	1524	-84.03
G-D base-60 digits	grid	section 13	beaufort	11	1524	-75.15
G-D base-60 digits	grid	section 13	beaufort	12	1524	-72.13
G-D base-60 digits	grid	section 13	beaufort	13	1524	-64.17
G-D base-60 digits	grid	section 13	beaufort	14	1524	-65.35
G-D base-60 digits	grid	section 13	beaufort	15	1524	-70.30
G-D base-60 digits	grid	section 13	beaufort	16	1524	-73.67
G-D base-60 digits	grid	section 13	beaufort	17	1524	-68.15
G-D base-60 digits	grid	section 13	beaufort	18	1524	-59.20
G-D base-60 digits	grid	section 13	beaufort	19	1524	-70.79
G-D base-60 digits	grid	section 13	beaufort	20	1524	-80.56
G-D base-60 digits	grid	section 13	beaufort	21	1524	-68.63
G-D base-60 digits	grid	section 13	beaufort	22	1524	-60.86
G-D base-60 digits	grid	section 13	beaufort	23	1524	-67.68
G-D base-60 digits	grid	section 13	beaufort	24	1524	-71.78
G-D base-60 digits	grid	section 13	beaufort	25	1524	-71.72
G-D base-60 digits	grid	section 13	beaufort	26	1524	-74.29
G-D base-60 digits	grid	section 13	beaufort	27	1524	-66.66
G-D base-60 digits	grid	section 13	beaufort	28	1524	-72.33
G-D base-60 digits	grid	section 14	sub	0	1589	-61.29
G-D base-60 digits	grid	section 14	sub	1	1589	-70.27
G-D base-60 digits	grid	section 14	sub	2	1589	-63.88
G-D base-60 digits	grid	section 14	sub	3	1589	-70.15
G-D base-60 digits	grid	section 14	sub	4	1589	-65.16
G-D base-60 digits	grid	section 14	sub	5	1589	-72.58
G-D base-60 digits	grid	section 14	sub	6	1589	-72.27
G-D base-60 digits	grid	section 14	sub	7	1589	-69.34
G-D base-60 digits	grid	section 14	sub	8	1589	-59.27
G-D base-60 digits	grid	section 14	sub	9	1589	-66.91
G-D base-60 digits	grid	section 14	sub	10	1589	-86.01
G-D base-60 digits	grid	section 14	sub	11	1589	-65.23
G-D base-60 digits	grid	section 14	sub	12	1589	-72.69
G-D base-60 digits	grid	section 14	sub	13	1589	-74.46
G-D base-60 digits	grid	section 14	sub	14	1589	-62.14
G-D base-60 digits	grid	section 14	sub	15	1589	-73.16
G-D base-60 digits	grid	section 14	sub	16	1589	-73.20
G-D base-60 digits	grid	section 14	sub	17	1589	-67.11
G-D base-60 digits	grid	section 14	sub	18	1589	-72.51
G-D base-60 digits	grid	section 14	sub	19	1589	-54.86
G-D base-60 digits	grid	section 14	sub	20	1589	-77.21
G-D base-60 digits	grid	section 14	sub	21	1589	-64.43
G-D base-60 digits	grid	section 14	sub	22	1589	-75.01
G-D base-60 digits	grid	section 14	sub	23	1589	-70.89
G-D base-60 digits	grid	section 14	sub	24	1589	-87.04
G-D base-60 digits	grid	section 14	sub	25	1589	-78.89
G-D base-60 digits	grid	section 14	sub	26	1589	-81.05
G-D base-60 digits	grid	section 14	sub	27	1589	-85.00
G-D base-60 digits	grid	section 14	sub	28	1589	-76.70
G-D base-60 digits	grid	section 14	add	0	1589	-81.73
G-D base-60 digits	grid	section 14	add	1	1589	-54.75
G-D base-60 digits	grid	section 14	add	2	1589	-75.79
G-D base-60 digits	grid	section 14	add	3	1589	-85.40
G-D base-60 digits	grid	section 14	add	4	1589	-85.86
G-D base-60 digits	grid	section 14	add	5	1589	-74.34
G-D base-60 digits	grid	section 14	add	6	1589	-73.28
G-D base-60 digits	grid	section 14	add	7	1589	-54.26
G-D base-60 digits	grid	section 14	add	8	1589	-64.11
G-D base-60 digits	grid	section 14	add	9	1589	-59.54
G-D base-60 digits	grid	section 14	add	10	1589	-72.39
G-D base-60 digits	grid	section 14	add	11	1589	-75.04
G-D base-60 digits	grid	section 14	add	12	1589	-70.71
G-D base-60 digits	grid	section 14	add	13	1589	-55.62
G-D base-60 digits	grid	section 14	add	14	1589	-60.19
G-D base-60 digits	grid	section 14	add	15	1589	-65.11
G-D base-60 digits	grid	section 14	add	16	1589	-77.58
G-D base-60 digits	grid	section 14	add	17	1589	-76.51
G-D base-60 digits	grid	section 14	add	18	1589	-77.41
G-D base-60 digits	grid	section 14	add	19	1589	-75.41
G-D base-60 digits	grid	section 14	add	20	1589	-65.25
G-D base-60 digits	grid	section 14	add	21	1589	-73.97
G-D base-60 digits	grid	section 14	add	22	1589	-59.14
G-D base-60 digits	grid	section 14	add	23	1589	-68.04
G-D base-60 digits	grid	section 14	add	24	1589	-65.17
G-D base-60 digits	grid	section 14	add	25	1589	-77.69
G-D base-60 digits	grid	section 14	add	26	1589	-78.30
G-D base-60 digits	grid	section 14	add	27	1589	-75.79
G-D base-60 digits	grid	section 14	add	28	1589	-73.22
G-D base-60 digits	grid	section 14	beaufort	0	1589	-77.55
G-D base-60 digits	grid	section 14	beaufort	1	1589	-79.59
G-D base-60 digits	grid	section 14	beaufort	2	1589	-88.69
G-D base-60 digits	grid	section 14	beaufort	3	1589	-72.04
G-D base-60 digits	grid	section 14	beaufort	4	1589	-83.91
G-D base-60 digits	grid	section 14	beaufort	5	1589	-86.42
G-D base-60 digits	grid	section 14	beaufort	6	1589	-75.46
G-D base-60 digits	grid	section 14	beaufort	7	1589	-64.35
G-D base-60 digits	grid	section 14	beaufort	8	1589	-77.39
G-D base-60 digits	grid	section 14	beaufort	9	1589	-70.67
G-D base-60 digits	grid	section 14	beaufort	10	1589	-64.01
G-D base-60 digits	grid	section 14	beaufort	11	1589	-72.54
G-D base-60 digits	grid	section 14	beaufort	12	1589	-64.85
G-D base-60 digits	grid	section 14	beaufort	13	1589	-76.69
G-D base-60 digits	grid	section 14	beaufort	14	1589	-75.92
G-D base-60 digits	grid	section 14	beaufort	15	1589	-64.38
G-D base-60 digits	grid	section 14	beaufort	16	1589	-79.63
G-D base-60 digits	grid	section 14	beaufort	17	1589	-68.46
G-D base-60 digits	grid	section 14	beaufort	18	1589	-72.68
G-D base-60 digits	grid	section 14	beaufort	19	1589	-76.42
G-D base-60 digits	grid	section 14	beaufort	20	1589	-79.12
G-D base-60 digits	grid	section 14	beaufort	21	1589	-73.54
G-D base-60 digits	grid	section 14	beaufort	22	1589	-72.94
G-D base-60 digits	grid	section 14	beaufort	23	1589	-67.90
G-D base-60 digits	grid	section 14	beaufort	24	1589	-69.26
G-D base-60 digits	grid	section 14	beaufort	25	1589	-61.17
G-D base-60 digits	grid	section 14	beaufort	26	1589	-66.91
G-D base-60 digits	grid	section 14	beaufort	27	1589	-61.93
G-D base-60 digits	grid	section 14	beaufort	28	1589	-79.42
G-D base-60 digits	grid	section 15	sub	0	3316	-65.66
G-D base-60 digits	grid	section 15	sub	1	3316	-75.94
G-D base-60 digits	grid	section 15	sub	2	3316	-78.65
G-D base-60 digits	grid	section 15	sub	3	3316	-78.88
G-D base-60 digits	grid	section 15	sub	4	3316	-89.48
G-D base-60 digits	grid	section 15	sub	5	3316	-80.86
G-D base-60 digits	grid	section 15	sub	6	3316	-65.26
G-D base-60 digits	grid	section 15	sub	7	3316	-78.41
G-D base-60 digits	grid	section 15	sub	8	3316	-71.88
G-D base-60 digits	grid	section 15	sub	9	3316	-68.12
G-D base-60 digits	grid	section 15	sub	10	3316	-62.94
G-D base-60 digits	grid	section 15	sub	11	3316	-59.97
G-D base-60 digits	grid	section 15	sub	12	3316	-67.89
G-D base-60 digits	grid	section 15	sub	13	3316	-70.33
G-D base-60 digits	grid	section 15	sub	14	3316	-60.52
G-D base-60 digits	grid	section 15	sub	15	3316	-78.16
G-D base-60 digits	grid	section 15	sub	16	3316	-67.84
G-D base-60 digits	grid	section 15	sub	17	3316	-76.42
G-D base-60 digits	grid	section 15	sub	18	3316	-78.24
G-D base-60 digits	grid	section 15	sub	19	3316	-80.16
G-D base-60 digits	grid	section 15	sub	20	3316	-88.75
G-D base-60 digits	grid	section 15	sub	21	3316	-73.79
G-D base-60 digits	grid	section 15	sub	22	3316	-74.24
G-D base-60 digits	grid	section 15	sub	23	3316	-60.28
G-D base-60 digits	grid	section 15	sub	24	3316	-67.00
G-D base-60 digits	grid	section 15	sub	25	3316	-67.50
G-D base-60 digits	grid	section 15	sub	26	3316	-75.78
G-D base-60 digits	grid	section 15	sub	27	3316	-74.60
G-D base-60 digits	grid	section 15	sub	28	3316	-81.06
G-D base-60 digits	grid	section 15	add	0	3316	-81.52
G-D base-60 digits	grid	section 15	add	1	3316	-67.41
G-D base-60 digits	grid	section 15	add	2	3316	-78.80
G-D base-60 digits	grid	section 15	add	3	3316	-80.28
G-D base-60 digits	grid	section 15	add	4	3316	-70.27
G-D base-60 digits	grid	section 15	add	5	3316	-67.31
G-D base-60 digits	grid	section 15	add	6	3316	-85.31
G-D base-60 digits	grid	section 15	add	7	3316	-65.20
G-D base-60 digits	grid	section 15	add	8	3316	-99.66
G-D base-60 digits	grid	section 15	add	9	3316	-87.72
G-D base-60 digits	grid	section 15	add	10	3316	-73.20
G-D base-60 digits	grid	section 15	add	11	3316	-82.85
G-D base-60 digits	grid	section 15	add	12	3316	-63.19
G-D base-60 digits	grid	section 15	add	13	3316	-58.73
G-D base-60 digits	grid	section 15	add	14	3316	-81.92
G-D base-60 digits	grid	section 15	add	15	3316	-73.03
G-D base-60 digits	grid	section 15	add	16	3316	-81.56
G-D base-60 digits	grid	section 15	add	17	3316	-67.36
G-D base-60 digits	grid	section 15	add	18	3316	-72.45
G-D base-60 digits	grid	section 15	add	19	3316	-62.73
G-D base-60 digits	grid	section 15	add	20	3316	-66.27
G-D base-60 digits	grid	section 15	add	21	3316	-73.25
G-D base-60 digits	grid	section 15	add	22	3316	-74.72
G-D base-60 digits	grid	section 15	add	23	3316	-87.07
G-D base-60 digits	grid	section 15	add	24	3316	-77.27
G-D base-60 digits	grid	section 15	add	25	3316	-68.30
G-D base-60 digits	grid	section 15	add	26	3316	-81.53
G-D base-60 digits	grid	section 15	add	27	3316	-64.04
G-D base-60 digits	grid	section 15	add	28	3316	-57.43
G-D base-60 digits	grid	section 15	beaufort	0	3316	-76.19
G-D base-60 digits	grid	section 15	beaufort	1	3316	-82.38
G-D base-60 digits	grid	section 15	beaufort	2	3316	-75.78
G-D base-60 digits	grid	section 15	beaufort	3	3316	-72.42
G-D base-60 digits	grid	section 15	beaufort	4	3316	-52.89
G-D base-60 digits	grid	section 15	beaufort	5	3316	-70.77
G-D base-60 digits	grid	section 15	beaufort	6	3316	-58.67
G-D base-60 digits	grid	section 15	beaufort	7	3316	-69.22
G-D base-60 digits	grid	section 15	beaufort	8	3316	-76.56
G-D base-60 digits	grid	section 15	beaufort	9	3316	-79.57
G-D base-60 digits	grid	section 15	beaufort	10	3316	-75.55
G-D base-60 digits	grid	section 15	beaufort	11	3316	-75.74
G-D base-60 digits	grid	section 15	beaufort	12	3316	-84.89
G-D base-60 digits	grid	section 15	beaufort	13	3316	-78.19
G-D base-60 digits	grid	section 15	beaufort	14	3316	-81.57
G-D base-60 digits	grid	section 15	beaufort	15	3316	-74.50
G-D base-60 digits	grid	section 15	beaufort	16	3316	-68.24
G-D base-60 digits	grid	section 15	beaufort	17	3316	-80.58
G-D base-60 digits	grid	section 15	beaufort	18	3316	-68.12
G-D base-60 digits	grid	section 15	beaufort	19	3316	-64.23
G-D base-60 digits	grid	section 15	beaufort	20	3316	-56.89
G-D base-60 digits	grid	section 15	beaufort	21	3316	-59.07
G-D base-60 digits	grid	section 15	beaufort	22	3316	-72.92
G-D base-60 digits	grid	section 15	beaufort	23	3316	-64.62
G-D base-60 digits	grid	section 15	beaufort	24	3316	-76.66
G-D base-60 digits	grid	section 15	beaufort	25	3316	-80.60
G-D base-60 digits	grid	section 15	beaufort	26	3316	-75.65
G-D base-60 digits	grid	section 15	beaufort	27	3316	-78.20
G-D base-60 digits	grid	section 15	beaufort	28	3316	-65.26
G-D base-60 digits	grid	LP2 continuous	sub	0	12956	-81.80
G-D base-60 digits	grid	LP2 continuous	sub	1	12956	-67.28
G-D base-60 digits	grid	LP2 continuous	sub	2	12956	-62.14
G-D base-60 digits	grid	LP2 continuous	sub	3	12956	-70.62
G-D base-60 digits	grid	LP2 continuous	sub	4	12956	-75.14
G-D base-60 digits	grid	LP2 continuous	sub	5	12956	-81.75
G-D base-60 digits	grid	LP2 continuous	sub	6	12956	-80.43
G-D base-60 digits	grid	LP2 continuous	sub	7	12956	-83.74
G-D base-60 digits	grid	LP2 continuous	sub	8	12956	-76.61
G-D base-60 digits	grid	LP2 continuous	sub	9	12956	-69.98
G-D base-60 digits	grid	LP2 continuous	sub	10	12956	-66.33
G-D base-60 digits	grid	LP2 continuous	sub	11	12956	-68.38
G-D base-60 digits	grid	LP2 continuous	sub	12	12956	-77.98
G-D base-60 digits	grid	LP2 continuous	sub	13	12956	-78.76
G-D base-60 digits	grid	LP2 continuous	sub	14	12956	-80.71
G-D base-60 digits	grid	LP2 continuous	sub	15	12956	-80.70
G-D base-60 digits	grid	LP2 continuous	sub	16	12956	-70.89
G-D base-60 digits	grid	LP2 continuous	sub	17	12956	-72.59
G-D base-60 digits	grid	LP2 continuous	sub	18	12956	-61.91
G-D base-60 digits	grid	LP2 continuous	sub	19	12956	-80.64
G-D base-60 digits	grid	LP2 continuous	sub	20	12956	-73.74
G-D base-60 digits	grid	LP2 continuous	sub	21	12956	-85.35
G-D base-60 digits	grid	LP2 continuous	sub	22	12956	-83.40
G-D base-60 digits	grid	LP2 continuous	sub	23	12956	-65.59
G-D base-60 digits	grid	LP2 continuous	sub	24	12956	-65.29
G-D base-60 digits	grid	LP2 continuous	sub	25	12956	-72.67
G-D base-60 digits	grid	LP2 continuous	sub	26	12956	-73.66
G-D base-60 digits	grid	LP2 continuous	sub	27	12956	-82.68
G-D base-60 digits	grid	LP2 continuous	sub	28	12956	-86.98
G-D base-60 digits	grid	LP2 continuous	add	0	12956	-76.65
G-D base-60 digits	grid	LP2 continuous	add	1	12956	-72.23
G-D base-60 digits	grid	LP2 continuous	add	2	12956	-65.50
G-D base-60 digits	grid	LP2 continuous	add	3	12956	-64.44
G-D base-60 digits	grid	LP2 continuous	add	4	12956	-77.13
G-D base-60 digits	grid	LP2 continuous	add	5	12956	-86.94
G-D base-60 digits	grid	LP2 continuous	add	6	12956	-61.77
G-D base-60 digits	grid	LP2 continuous	add	7	12956	-57.97
G-D base-60 digits	grid	LP2 continuous	add	8	12956	-72.97
G-D base-60 digits	grid	LP2 continuous	add	9	12956	-59.26
G-D base-60 digits	grid	LP2 continuous	add	10	12956	-72.30
G-D base-60 digits	grid	LP2 continuous	add	11	12956	-68.46
G-D base-60 digits	grid	LP2 continuous	add	12	12956	-75.30
G-D base-60 digits	grid	LP2 continuous	add	13	12956	-84.62
G-D base-60 digits	grid	LP2 continuous	add	14	12956	-75.23
G-D base-60 digits	grid	LP2 continuous	add	15	12956	-70.85
G-D base-60 digits	grid	LP2 continuous	add	16	12956	-72.34
G-D base-60 digits	grid	LP2 continuous	add	17	12956	-61.57
G-D base-60 digits	grid	LP2 continuous	add	18	12956	-71.42
G-D base-60 digits	grid	LP2 continuous	add	19	12956	-81.70
G-D base-60 digits	grid	LP2 continuous	add	20	12956	-73.90
G-D base-60 digits	grid	LP2 continuous	add	21	12956	-61.83
G-D base-60 digits	grid	LP2 continuous	add	22	12956	-68.72
G-D base-60 digits	grid	LP2 continuous	add	23	12956	-70.75
G-D base-60 digits	grid	LP2 continuous	add	24	12956	-63.92
G-D base-60 digits	grid	LP2 continuous	add	25	12956	-77.51
G-D base-60 digits	grid	LP2 continuous	add	26	12956	-89.61
G-D base-60 digits	grid	LP2 continuous	add	27	12956	-80.89
G-D base-60 digits	grid	LP2 continuous	add	28	12956	-70.55
G-D base-60 digits	grid	LP2 continuous	beaufort	0	12956	-68.32
G-D base-60 digits	grid	LP2 continuous	beaufort	1	12956	-56.61
G-D base-60 digits	grid	LP2 continuous	beaufort	2	12956	-77.79
G-D base-60 digits	grid	LP2 continuous	beaufort	3	12956	-81.65
G-D base-60 digits	grid	LP2 continuous	beaufort	4	12956	-78.08
G-D base-60 digits	grid	LP2 continuous	beaufort	5	12956	-82.42
G-D base-60 digits	grid	LP2 continuous	beaufort	6	12956	-67.57
G-D base-60 digits	grid	LP2 continuous	beaufort	7	12956	-62.01
G-D base-60 digits	grid	LP2 continuous	beaufort	8	12956	-68.94
G-D base-60 digits	grid	LP2 continuous	beaufort	9	12956	-70.29
G-D base-60 digits	grid	LP2 continuous	beaufort	10	12956	-86.09
G-D base-60 digits	grid	LP2 continuous	beaufort	11	12956	-83.63
G-D base-60 digits	grid	LP2 continuous	beaufort	12	12956	-76.53
G-D base-60 digits	grid	LP2 continuous	beaufort	13	12956	-71.31
G-D base-60 digits	grid	LP2 continuous	beaufort	14	12956	-62.68
G-D base-60 digits	grid	LP2 continuous	beaufort	15	12956	-68.00
G-D base-60 digits	grid	LP2 continuous	beaufort	16	12956	-66.91
G-D base-60 digits	grid	LP2 continuous	beaufort	17	12956	-66.67
G-D base-60 digits	grid	LP2 continuous	beaufort	18	12956	-88.65
G-D base-60 digits	grid	LP2 continuous	beaufort	19	12956	-82.80
G-D base-60 digits	grid	LP2 continuous	beaufort	20	12956	-70.26
G-D base-60 digits	grid	LP2 continuous	beaufort	21	12956	-80.82
G-D base-60 digits	grid	LP2 continuous	beaufort	22	12956	-70.26
G-D base-60 digits	grid	LP2 continuous	beaufort	23	12956	-77.67
G-D base-60 digits	grid	LP2 continuous	beaufort	24	12956	-90.48
G-D base-60 digits	grid	LP2 continuous	beaufort	25	12956	-74.72
G-D base-60 digits	grid	LP2 continuous	beaufort	26	12956	-80.25
G-D base-60 digits	grid	LP2 continuous	beaufort	27	12956	-66.37
G-D base-60 digits	grid	LP2 continuous	beaufort	28	12956	-60.82
G-D base-60 digits	grid	after the grid	sub	0	842	-69.02
G-D base-60 digits	grid	after the grid	sub	1	842	-67.80
G-D base-60 digits	grid	after the grid	sub	2	842	-76.67
G-D base-60 digits	grid	after the grid	sub	3	842	-78.90
G-D base-60 digits	grid	after the grid	sub	4	842	-85.21
G-D base-60 digits	grid	after the grid	sub	5	842	-62.88
G-D base-60 digits	grid	after the grid	sub	6	842	-72.33
G-D base-60 digits	grid	after the grid	sub	7	842	-67.18
G-D base-60 digits	grid	after the grid	sub	8	842	-70.43
G-D base-60 digits	grid	after the grid	sub	9	842	-86.95
G-D base-60 digits	grid	after the grid	sub	10	842	-82.43
G-D base-60 digits	grid	after the grid	sub	11	842	-84.64
G-D base-60 digits	grid	after the grid	sub	12	842	-81.73
G-D base-60 digits	grid	after the grid	sub	13	842	-74.11
G-D base-60 digits	grid	after the grid	sub	14	842	-71.51
G-D base-60 digits	grid	after the grid	sub	15	842	-67.39
G-D base-60 digits	grid	after the grid	sub	16	842	-81.41
G-D base-60 digits	grid	after the grid	sub	17	842	-75.19
G-D base-60 digits	grid	after the grid	sub	18	842	-69.50
G-D base-60 digits	grid	after the grid	sub	19	842	-65.70
G-D base-60 digits	grid	after the grid	sub	20	842	-69.63
G-D base-60 digits	grid	after the grid	sub	21	842	-59.33
G-D base-60 digits	grid	after the grid	sub	22	842	-60.11
G-D base-60 digits	grid	after the grid	sub	23	842	-74.35
G-D base-60 digits	grid	after the grid	sub	24	842	-69.48
G-D base-60 digits	grid	after the grid	sub	25	842	-78.50
G-D base-60 digits	grid	after the grid	sub	26	842	-79.19
G-D base-60 digits	grid	after the grid	sub	27	842	-70.90
G-D base-60 digits	grid	after the grid	sub	28	842	-79.86
G-D base-60 digits	grid	after the grid	add	0	842	-71.51
G-D base-60 digits	grid	after the grid	add	1	842	-77.13
G-D base-60 digits	grid	after the grid	add	2	842	-74.24
G-D base-60 digits	grid	after the grid	add	3	842	-76.16
G-D base-60 digits	grid	after the grid	add	4	842	-55.53
G-D base-60 digits	grid	after the grid	add	5	842	-74.70
G-D base-60 digits	grid	after the grid	add	6	842	-79.94
G-D base-60 digits	grid	after the grid	add	7	842	-78.86
G-D base-60 digits	grid	after the grid	add	8	842	-67.34
G-D base-60 digits	grid	after the grid	add	9	842	-77.51
G-D base-60 digits	grid	after the grid	add	10	842	-74.74
G-D base-60 digits	grid	after the grid	add	11	842	-87.21
G-D base-60 digits	grid	after the grid	add	12	842	-61.79
G-D base-60 digits	grid	after the grid	add	13	842	-63.00
G-D base-60 digits	grid	after the grid	add	14	842	-63.85
G-D base-60 digits	grid	after the grid	add	15	842	-64.97
G-D base-60 digits	grid	after the grid	add	16	842	-73.84
G-D base-60 digits	grid	after the grid	add	17	842	-78.57
G-D base-60 digits	grid	after the grid	add	18	842	-69.34
G-D base-60 digits	grid	after the grid	add	19	842	-62.17
G-D base-60 digits	grid	after the grid	add	20	842	-75.53
G-D base-60 digits	grid	after the grid	add	21	842	-76.18
G-D base-60 digits	grid	after the grid	add	22	842	-78.48
G-D base-60 digits	grid	after the grid	add	23	842	-76.61
G-D base-60 digits	grid	after the grid	add	24	842	-89.00
G-D base-60 digits	grid	after the grid	add	25	842	-57.00
G-D base-60 digits	grid	after the grid	add	26	842	-72.24
G-D base-60 digits	grid	after the grid	add	27	842	-66.13
G-D base-60 digits	grid	after the grid	add	28	842	-77.28
G-D base-60 digits	grid	after the grid	beaufort	0	842	-75.77
G-D base-60 digits	grid	after the grid	beaufort	1	842	-71.18
G-D base-60 digits	grid	after the grid	beaufort	2	842	-70.85
G-D base-60 digits	grid	after the grid	beaufort	3	842	-75.52
G-D base-60 digits	grid	after the grid	beaufort	4	842	-76.06
G-D base-60 digits	grid	after the grid	beaufort	5	842	-66.07
G-D base-60 digits	grid	after the grid	beaufort	6	842	-78.60
G-D base-60 digits	grid	after the grid	beaufort	7	842	-70.17
G-D base-60 digits	grid	after the grid	beaufort	8	842	-79.66
G-D base-60 digits	grid	after the grid	beaufort	9	842	-72.11
G-D base-60 digits	grid	after the grid	beaufort	10	842	-69.26
G-D base-60 digits	grid	after the grid	beaufort	11	842	-74.02
G-D base-60 digits	grid	after the grid	beaufort	12	842	-66.70
G-D base-60 digits	grid	after the grid	beaufort	13	842	-80.46
G-D base-60 digits	grid	after the grid	beaufort	14	842	-72.04
G-D base-60 digits	grid	after the grid	beaufort	15	842	-69.93
G-D base-60 digits	grid	after the grid	beaufort	16	842	-86.73
G-D base-60 digits	grid	after the grid	beaufort	17	842	-72.06
G-D base-60 digits	grid	after the grid	beaufort	18	842	-68.85
G-D base-60 digits	grid	after the grid	beaufort	19	842	-77.17
G-D base-60 digits	grid	after the grid	beaufort	20	842	-78.86
G-D base-60 digits	grid	after the grid	beaufort	21	842	-73.47
G-D base-60 digits	grid	after the grid	beaufort	22	842	-74.47
G-D base-60 digits	grid	after the grid	beaufort	23	842	-77.90
G-D base-60 digits	grid	after the grid	beaufort	24	842	-81.40
G-D base-60 digits	grid	after the grid	beaufort	25	842	-71.88
G-D base-60 digits	grid	after the grid	beaufort	26	842	-76.16
G-D base-60 digits	grid	after the grid	beaufort	27	842	-83.77
G-D base-60 digits	grid	after the grid	beaufort	28	842	-68.96
G-D base-60 digits	grid	ending at the grid	sub	0	512	-69.71
G-D base-60 digits	grid	ending at the grid	sub	1	512	-69.76
G-D base-60 digits	grid	ending at the grid	sub	2	512	-74.20
G-D base-60 digits	grid	ending at the grid	sub	3	512	-71.52
G-D base-60 digits	grid	ending at the grid	sub	4	512	-79.01
G-D base-60 digits	grid	ending at the grid	sub	5	512	-73.66
G-D base-60 digits	grid	ending at the grid	sub	6	512	-54.87
G-D base-60 digits	grid	ending at the grid	sub	7	512	-71.76
G-D base-60 digits	grid	ending at the grid	sub	8	512	-63.47
G-D base-60 digits	grid	ending at the grid	sub	9	512	-71.52
G-D base-60 digits	grid	ending at the grid	sub	10	512	-83.40
G-D base-60 digits	grid	ending at the grid	sub	11	512	-78.09
G-D base-60 digits	grid	ending at the grid	sub	12	512	-71.81
G-D base-60 digits	grid	ending at the grid	sub	13	512	-76.45
G-D base-60 digits	grid	ending at the grid	sub	14	512	-71.52
G-D base-60 digits	grid	ending at the grid	sub	15	512	-78.93
G-D base-60 digits	grid	ending at the grid	sub	16	512	-79.88
G-D base-60 digits	grid	ending at the grid	sub	17	512	-80.62
G-D base-60 digits	grid	ending at the grid	sub	18	512	-70.25
G-D base-60 digits	grid	ending at the grid	sub	19	512	-78.02
G-D base-60 digits	grid	ending at the grid	sub	20	512	-63.44
G-D base-60 digits	grid	ending at the grid	sub	21	512	-62.78
G-D base-60 digits	grid	ending at the grid	sub	22	512	-70.51
G-D base-60 digits	grid	ending at the grid	sub	23	512	-67.14
G-D base-60 digits	grid	ending at the grid	sub	24	512	-68.29
G-D base-60 digits	grid	ending at the grid	sub	25	512	-74.66
G-D base-60 digits	grid	ending at the grid	sub	26	512	-86.10
G-D base-60 digits	grid	ending at the grid	sub	27	512	-78.08
G-D base-60 digits	grid	ending at the grid	sub	28	512	-73.92
G-D base-60 digits	grid	ending at the grid	add	0	512	-84.87
G-D base-60 digits	grid	ending at the grid	add	1	512	-74.61
G-D base-60 digits	grid	ending at the grid	add	2	512	-71.35
G-D base-60 digits	grid	ending at the grid	add	3	512	-74.31
G-D base-60 digits	grid	ending at the grid	add	4	512	-71.65
G-D base-60 digits	grid	ending at the grid	add	5	512	-63.28
G-D base-60 digits	grid	ending at the grid	add	6	512	-56.86
G-D base-60 digits	grid	ending at the grid	add	7	512	-64.23
G-D base-60 digits	grid	ending at the grid	add	8	512	-79.90
G-D base-60 digits	grid	ending at the grid	add	9	512	-75.18
G-D base-60 digits	grid	ending at the grid	add	10	512	-60.23
G-D base-60 digits	grid	ending at the grid	add	11	512	-72.59
G-D base-60 digits	grid	ending at the grid	add	12	512	-64.74
G-D base-60 digits	grid	ending at the grid	add	13	512	-83.25
G-D base-60 digits	grid	ending at the grid	add	14	512	-62.03
G-D base-60 digits	grid	ending at the grid	add	15	512	-79.56
G-D base-60 digits	grid	ending at the grid	add	16	512	-78.03
G-D base-60 digits	grid	ending at the grid	add	17	512	-75.54
G-D base-60 digits	grid	ending at the grid	add	18	512	-77.75
G-D base-60 digits	grid	ending at the grid	add	19	512	-66.58
G-D base-60 digits	grid	ending at the grid	add	20	512	-74.61
G-D base-60 digits	grid	ending at the grid	add	21	512	-64.48
G-D base-60 digits	grid	ending at the grid	add	22	512	-71.62
G-D base-60 digits	grid	ending at the grid	add	23	512	-76.88
G-D base-60 digits	grid	ending at the grid	add	24	512	-72.52
G-D base-60 digits	grid	ending at the grid	add	25	512	-72.67
G-D base-60 digits	grid	ending at the grid	add	26	512	-52.04
G-D base-60 digits	grid	ending at the grid	add	27	512	-74.79
G-D base-60 digits	grid	ending at the grid	add	28	512	-75.01
G-D base-60 digits	grid	ending at the grid	beaufort	0	512	-72.00
G-D base-60 digits	grid	ending at the grid	beaufort	1	512	-81.66
G-D base-60 digits	grid	ending at the grid	beaufort	2	512	-75.65
G-D base-60 digits	grid	ending at the grid	beaufort	3	512	-78.29
G-D base-60 digits	grid	ending at the grid	beaufort	4	512	-68.90
G-D base-60 digits	grid	ending at the grid	beaufort	5	512	-63.76
G-D base-60 digits	grid	ending at the grid	beaufort	6	512	-70.26
G-D base-60 digits	grid	ending at the grid	beaufort	7	512	-77.22
G-D base-60 digits	grid	ending at the grid	beaufort	8	512	-88.16
G-D base-60 digits	grid	ending at the grid	beaufort	9	512	-84.69
G-D base-60 digits	grid	ending at the grid	beaufort	10	512	-64.78
G-D base-60 digits	grid	ending at the grid	beaufort	11	512	-57.18
G-D base-60 digits	grid	ending at the grid	beaufort	12	512	-79.63
G-D base-60 digits	grid	ending at the grid	beaufort	13	512	-73.77
G-D base-60 digits	grid	ending at the grid	beaufort	14	512	-90.37
G-D base-60 digits	grid	ending at the grid	beaufort	15	512	-71.22
G-D base-60 digits	grid	ending at the grid	beaufort	16	512	-71.62
G-D base-60 digits	grid	ending at the grid	beaufort	17	512	-75.09
G-D base-60 digits	grid	ending at the grid	beaufort	18	512	-69.39
G-D base-60 digits	grid	ending at the grid	beaufort	19	512	-65.53
G-D base-60 digits	grid	ending at the grid	beaufort	20	512	-72.93
G-D base-60 digits	grid	ending at the grid	beaufort	21	512	-78.55
G-D base-60 digits	grid	ending at the grid	beaufort	22	512	-83.78
G-D base-60 digits	grid	ending at the grid	beaufort	23	512	-85.51
G-D base-60 digits	grid	ending at the grid	beaufort	24	512	-75.10
G-D base-60 digits	grid	ending at the grid	beaufort	25	512	-71.08
G-D base-60 digits	grid	ending at the grid	beaufort	26	512	-60.54
G-D base-60 digits	grid	ending at the grid	beaufort	27	512	-72.77
G-D base-60 digits	grid	ending at the grid	beaufort	28	512	-77.16
